[     346ms] [ERROR] Failed to load resource: the server responded with a status of 404 (Not Found) @ http://localhost:3000/logo.svg:0
[    1428ms] [INFO] %cDownload the React DevTools for a better development experience: https://react.dev/link/react-devtools font-weight:bold @ webpack-internal:///(app-pages-browser)/../../node_modules/.pnpm/next@16.1.7_@babel+core@7.29.7_@playwright+test@1.60.0_react-dom@19.2.7_react@19.2.7/node_modules/next/dist/next-devtools/shared/forward-logs-shared.js:27
[    1618ms] [LOG] [HMR] connected @ webpack-internal:///(app-pages-browser)/../../node_modules/.pnpm/next@16.1.7_@babel+core@7.29.7_@playwright+test@1.60.0_react-dom@19.2.7_react@19.2.7/node_modules/next/dist/next-devtools/shared/forward-logs-shared.js:27
[    1634ms] [WARNING] ../../libs/modules/user/data-access/src/index.ts
export 'ResultInfo' (reexported as 'ResultInfo') was not found in './lib/user.api' (possible exports: deleteUser, getRoleOptions, getTdOptions, getUserDetail, getUserList, resetUserPassword, saveUser, updateUser, updateUserStatus) @ webpack-internal:///(app-pages-browser)/../../node_modules/.pnpm/next@16.1.7_@babel+core@7.29.7_@playwright+test@1.60.0_react-dom@19.2.7_react@19.2.7/node_modules/next/dist/next-devtools/shared/forward-logs-shared.js:27
[   40390ms] [LOG] [Fast Refresh] rebuilding @ webpack-internal:///(app-pages-browser)/../../node_modules/.pnpm/next@16.1.7_@babel+core@7.29.7_@playwright+test@1.60.0_react-dom@19.2.7_react@19.2.7/node_modules/next/dist/next-devtools/shared/forward-logs-shared.js:27
[   41707ms] [WARNING] ../../libs/modules/user/data-access/src/index.ts
export 'ResultInfo' (reexported as 'ResultInfo') was not found in './lib/user.api' (possible exports: deleteUser, getRoleOptions, getTdOptions, getUserDetail, getUserList, resetUserPassword, saveUser, updateUser, updateUserStatus)

Import trace for requested module:
../../libs/modules/user/data-access/src/index.ts
../../libs/modules/user/feature/src/lib/user-list-page.tsx
../../libs/modules/user/feature/src/index.ts
../../libs/shared/util-config/src/lib/module-registry.ts @ webpack-internal:///(app-pages-browser)/../../node_modules/.pnpm/next@16.1.7_@babel+core@7.29.7_@playwright+test@1.60.0_react-dom@19.2.7_react@19.2.7/node_modules/next/dist/next-devtools/shared/forward-logs-shared.js:27
[   41761ms] [LOG] [Fast Refresh] done in 1370ms @ webpack-internal:///(app-pages-browser)/../../node_modules/.pnpm/next@16.1.7_@babel+core@7.29.7_@playwright+test@1.60.0_react-dom@19.2.7_react@19.2.7/node_modules/next/dist/next-devtools/shared/forward-logs-shared.js:27
[  100712ms] [LOG] [Fast Refresh] rebuilding @ webpack-internal:///(app-pages-browser)/../../node_modules/.pnpm/next@16.1.7_@babel+core@7.29.7_@playwright+test@1.60.0_react-dom@19.2.7_react@19.2.7/node_modules/next/dist/next-devtools/shared/forward-logs-shared.js:27
[  102087ms] [WARNING] ../../libs/modules/user/data-access/src/index.ts
export 'ResultInfo' (reexported as 'ResultInfo') was not found in './lib/user.api' (possible exports: deleteUser, getRoleOptions, getTdOptions, getUserDetail, getUserList, resetUserPassword, saveUser, updateUser, updateUserStatus)

Import trace for requested module:
../../libs/modules/user/data-access/src/index.ts
../../libs/modules/user/feature/src/lib/user-list-page.tsx
../../libs/modules/user/feature/src/index.ts
../../libs/shared/util-config/src/lib/module-registry.ts @ webpack-internal:///(app-pages-browser)/../../node_modules/.pnpm/next@16.1.7_@babel+core@7.29.7_@playwright+test@1.60.0_react-dom@19.2.7_react@19.2.7/node_modules/next/dist/next-devtools/shared/forward-logs-shared.js:27
[  102148ms] [LOG] [Fast Refresh] done in 1436ms @ webpack-internal:///(app-pages-browser)/../../node_modules/.pnpm/next@16.1.7_@babel+core@7.29.7_@playwright+test@1.60.0_react-dom@19.2.7_react@19.2.7/node_modules/next/dist/next-devtools/shared/forward-logs-shared.js:27
[  109263ms] [LOG] [Fast Refresh] rebuilding @ webpack-internal:///(app-pages-browser)/../../node_modules/.pnpm/next@16.1.7_@babel+core@7.29.7_@playwright+test@1.60.0_react-dom@19.2.7_react@19.2.7/node_modules/next/dist/next-devtools/shared/forward-logs-shared.js:27
[  113774ms] [WARNING] ../../libs/modules/user/data-access/src/index.ts
export 'ResultInfo' (reexported as 'ResultInfo') was not found in './lib/user.api' (possible exports: deleteUser, getRoleOptions, getTdOptions, getUserDetail, getUserList, resetUserPassword, saveUser, updateUser, updateUserStatus)

Import trace for requested module:
../../libs/modules/user/data-access/src/index.ts
../../libs/modules/user/feature/src/lib/user-list-page.tsx
../../libs/modules/user/feature/src/index.ts
../../libs/shared/util-config/src/lib/module-registry.ts @ webpack-internal:///(app-pages-browser)/../../node_modules/.pnpm/next@16.1.7_@babel+core@7.29.7_@playwright+test@1.60.0_react-dom@19.2.7_react@19.2.7/node_modules/next/dist/next-devtools/shared/forward-logs-shared.js:27
[  113910ms] [LOG] [Fast Refresh] done in 4646ms @ webpack-internal:///(app-pages-browser)/../../node_modules/.pnpm/next@16.1.7_@babel+core@7.29.7_@playwright+test@1.60.0_react-dom@19.2.7_react@19.2.7/node_modules/next/dist/next-devtools/shared/forward-logs-shared.js:27
[  161025ms] [LOG] [Fast Refresh] rebuilding @ webpack-internal:///(app-pages-browser)/../../node_modules/.pnpm/next@16.1.7_@babel+core@7.29.7_@playwright+test@1.60.0_react-dom@19.2.7_react@19.2.7/node_modules/next/dist/next-devtools/shared/forward-logs-shared.js:27
[  163283ms] [WARNING] ../../libs/modules/user/data-access/src/index.ts
export 'ResultInfo' (reexported as 'ResultInfo') was not found in './lib/user.api' (possible exports: deleteUser, getRoleOptions, getTdOptions, getUserDetail, getUserList, resetUserPassword, saveUser, updateUser, updateUserStatus)

Import trace for requested module:
../../libs/modules/user/data-access/src/index.ts
../../libs/modules/user/feature/src/lib/user-list-page.tsx
../../libs/modules/user/feature/src/index.ts
../../libs/shared/util-config/src/lib/module-registry.ts @ webpack-internal:///(app-pages-browser)/../../node_modules/.pnpm/next@16.1.7_@babel+core@7.29.7_@playwright+test@1.60.0_react-dom@19.2.7_react@19.2.7/node_modules/next/dist/next-devtools/shared/forward-logs-shared.js:27
[  163330ms] [LOG] [Fast Refresh] done in 2305ms @ webpack-internal:///(app-pages-browser)/../../node_modules/.pnpm/next@16.1.7_@babel+core@7.29.7_@playwright+test@1.60.0_react-dom@19.2.7_react@19.2.7/node_modules/next/dist/next-devtools/shared/forward-logs-shared.js:27
[  221314ms] [LOG] [Fast Refresh] rebuilding @ webpack-internal:///(app-pages-browser)/../../node_modules/.pnpm/next@16.1.7_@babel+core@7.29.7_@playwright+test@1.60.0_react-dom@19.2.7_react@19.2.7/node_modules/next/dist/next-devtools/shared/forward-logs-shared.js:27
[  222697ms] [WARNING] ../../libs/modules/user/data-access/src/index.ts
export 'ResultInfo' (reexported as 'ResultInfo') was not found in './lib/user.api' (possible exports: deleteUser, getRoleOptions, getTdOptions, getUserDetail, getUserList, resetUserPassword, saveUser, updateUser, updateUserStatus)

Import trace for requested module:
../../libs/modules/user/data-access/src/index.ts
../../libs/modules/user/feature/src/lib/user-list-page.tsx
../../libs/modules/user/feature/src/index.ts
../../libs/shared/util-config/src/lib/module-registry.ts @ webpack-internal:///(app-pages-browser)/../../node_modules/.pnpm/next@16.1.7_@babel+core@7.29.7_@playwright+test@1.60.0_react-dom@19.2.7_react@19.2.7/node_modules/next/dist/next-devtools/shared/forward-logs-shared.js:27
[  222756ms] [LOG] [Fast Refresh] done in 1443ms @ webpack-internal:///(app-pages-browser)/../../node_modules/.pnpm/next@16.1.7_@babel+core@7.29.7_@playwright+test@1.60.0_react-dom@19.2.7_react@19.2.7/node_modules/next/dist/next-devtools/shared/forward-logs-shared.js:27
[  281709ms] [LOG] [Fast Refresh] rebuilding @ webpack-internal:///(app-pages-browser)/../../node_modules/.pnpm/next@16.1.7_@babel+core@7.29.7_@playwright+test@1.60.0_react-dom@19.2.7_react@19.2.7/node_modules/next/dist/next-devtools/shared/forward-logs-shared.js:27
[  283535ms] [WARNING] ../../libs/modules/user/data-access/src/index.ts
export 'ResultInfo' (reexported as 'ResultInfo') was not found in './lib/user.api' (possible exports: deleteUser, getRoleOptions, getTdOptions, getUserDetail, getUserList, resetUserPassword, saveUser, updateUser, updateUserStatus)

Import trace for requested module:
../../libs/modules/user/data-access/src/index.ts
../../libs/modules/user/feature/src/lib/user-list-page.tsx
../../libs/modules/user/feature/src/index.ts
../../libs/shared/util-config/src/lib/module-registry.ts @ webpack-internal:///(app-pages-browser)/../../node_modules/.pnpm/next@16.1.7_@babel+core@7.29.7_@playwright+test@1.60.0_react-dom@19.2.7_react@19.2.7/node_modules/next/dist/next-devtools/shared/forward-logs-shared.js:27
[  283588ms] [LOG] [Fast Refresh] done in 1879ms @ webpack-internal:///(app-pages-browser)/../../node_modules/.pnpm/next@16.1.7_@babel+core@7.29.7_@playwright+test@1.60.0_react-dom@19.2.7_react@19.2.7/node_modules/next/dist/next-devtools/shared/forward-logs-shared.js:27
[  342034ms] [LOG] [Fast Refresh] rebuilding @ webpack-internal:///(app-pages-browser)/../../node_modules/.pnpm/next@16.1.7_@babel+core@7.29.7_@playwright+test@1.60.0_react-dom@19.2.7_react@19.2.7/node_modules/next/dist/next-devtools/shared/forward-logs-shared.js:27
[  343484ms] [WARNING] ../../libs/modules/user/data-access/src/index.ts
export 'ResultInfo' (reexported as 'ResultInfo') was not found in './lib/user.api' (possible exports: deleteUser, getRoleOptions, getTdOptions, getUserDetail, getUserList, resetUserPassword, saveUser, updateUser, updateUserStatus)

Import trace for requested module:
../../libs/modules/user/data-access/src/index.ts
../../libs/modules/user/feature/src/lib/user-list-page.tsx
../../libs/modules/user/feature/src/index.ts
../../libs/shared/util-config/src/lib/module-registry.ts @ webpack-internal:///(app-pages-browser)/../../node_modules/.pnpm/next@16.1.7_@babel+core@7.29.7_@playwright+test@1.60.0_react-dom@19.2.7_react@19.2.7/node_modules/next/dist/next-devtools/shared/forward-logs-shared.js:27
[  343535ms] [LOG] [Fast Refresh] done in 1501ms @ webpack-internal:///(app-pages-browser)/../../node_modules/.pnpm/next@16.1.7_@babel+core@7.29.7_@playwright+test@1.60.0_react-dom@19.2.7_react@19.2.7/node_modules/next/dist/next-devtools/shared/forward-logs-shared.js:27
[  349693ms] [LOG] [Fast Refresh] rebuilding @ webpack-internal:///(app-pages-browser)/../../node_modules/.pnpm/next@16.1.7_@babel+core@7.29.7_@playwright+test@1.60.0_react-dom@19.2.7_react@19.2.7/node_modules/next/dist/next-devtools/shared/forward-logs-shared.js:27
[  356783ms] [WARNING] ../../libs/modules/user/data-access/src/index.ts
export 'ResultInfo' (reexported as 'ResultInfo') was not found in './lib/user.api' (possible exports: deleteUser, getRoleOptions, getTdOptions, getUserDetail, getUserList, resetUserPassword, saveUser, updateUser, updateUserStatus)

Import trace for requested module:
../../libs/modules/user/data-access/src/index.ts
../../libs/modules/user/feature/src/lib/user-list-page.tsx
../../libs/modules/user/feature/src/index.ts
../../libs/shared/util-config/src/lib/module-registry.ts @ webpack-internal:///(app-pages-browser)/../../node_modules/.pnpm/next@16.1.7_@babel+core@7.29.7_@playwright+test@1.60.0_react-dom@19.2.7_react@19.2.7/node_modules/next/dist/next-devtools/shared/forward-logs-shared.js:27
[  356818ms] [LOG] [Fast Refresh] done in 7126ms @ webpack-internal:///(app-pages-browser)/../../node_modules/.pnpm/next@16.1.7_@babel+core@7.29.7_@playwright+test@1.60.0_react-dom@19.2.7_react@19.2.7/node_modules/next/dist/next-devtools/shared/forward-logs-shared.js:27
[  402379ms] [LOG] [Fast Refresh] rebuilding @ webpack-internal:///(app-pages-browser)/../../node_modules/.pnpm/next@16.1.7_@babel+core@7.29.7_@playwright+test@1.60.0_react-dom@19.2.7_react@19.2.7/node_modules/next/dist/next-devtools/shared/forward-logs-shared.js:27
[  404818ms] [WARNING] ../../libs/modules/user/data-access/src/index.ts
export 'ResultInfo' (reexported as 'ResultInfo') was not found in './lib/user.api' (possible exports: deleteUser, getRoleOptions, getTdOptions, getUserDetail, getUserList, resetUserPassword, saveUser, updateUser, updateUserStatus)

Import trace for requested module:
../../libs/modules/user/data-access/src/index.ts
../../libs/modules/user/feature/src/lib/user-list-page.tsx
../../libs/modules/user/feature/src/index.ts
../../libs/shared/util-config/src/lib/module-registry.ts @ webpack-internal:///(app-pages-browser)/../../node_modules/.pnpm/next@16.1.7_@babel+core@7.29.7_@playwright+test@1.60.0_react-dom@19.2.7_react@19.2.7/node_modules/next/dist/next-devtools/shared/forward-logs-shared.js:27
[  404877ms] [LOG] [Fast Refresh] done in 2497ms @ webpack-internal:///(app-pages-browser)/../../node_modules/.pnpm/next@16.1.7_@babel+core@7.29.7_@playwright+test@1.60.0_react-dom@19.2.7_react@19.2.7/node_modules/next/dist/next-devtools/shared/forward-logs-shared.js:27
[  417410ms] [LOG] [Fast Refresh] rebuilding @ webpack-internal:///(app-pages-browser)/../../node_modules/.pnpm/next@16.1.7_@babel+core@7.29.7_@playwright+test@1.60.0_react-dom@19.2.7_react@19.2.7/node_modules/next/dist/next-devtools/shared/forward-logs-shared.js:27
[  419634ms] [WARNING] ../../libs/modules/user/data-access/src/index.ts
export 'ResultInfo' (reexported as 'ResultInfo') was not found in './lib/user.api' (possible exports: deleteUser, getRoleOptions, getTdOptions, getUserDetail, getUserList, resetUserPassword, saveUser, updateUser, updateUserStatus)

Import trace for requested module:
../../libs/modules/user/data-access/src/index.ts
../../libs/modules/user/feature/src/lib/user-list-page.tsx
../../libs/modules/user/feature/src/index.ts
../../libs/shared/util-config/src/lib/module-registry.ts @ webpack-internal:///(app-pages-browser)/../../node_modules/.pnpm/next@16.1.7_@babel+core@7.29.7_@playwright+test@1.60.0_react-dom@19.2.7_react@19.2.7/node_modules/next/dist/next-devtools/shared/forward-logs-shared.js:27
[  419681ms] [LOG] [Fast Refresh] done in 2271ms @ webpack-internal:///(app-pages-browser)/../../node_modules/.pnpm/next@16.1.7_@babel+core@7.29.7_@playwright+test@1.60.0_react-dom@19.2.7_react@19.2.7/node_modules/next/dist/next-devtools/shared/forward-logs-shared.js:27
[  419780ms] [LOG] [Fast Refresh] rebuilding @ webpack-internal:///(app-pages-browser)/../../node_modules/.pnpm/next@16.1.7_@babel+core@7.29.7_@playwright+test@1.60.0_react-dom@19.2.7_react@19.2.7/node_modules/next/dist/next-devtools/shared/forward-logs-shared.js:27
[  423458ms] [WARNING] ../../libs/modules/user/data-access/src/index.ts
export 'ResultInfo' (reexported as 'ResultInfo') was not found in './lib/user.api' (possible exports: deleteUser, getRoleOptions, getTdOptions, getUserDetail, getUserList, resetUserPassword, saveUser, updateUser, updateUserStatus)

Import trace for requested module:
../../libs/modules/user/data-access/src/index.ts
../../libs/modules/user/feature/src/lib/user-list-page.tsx
../../libs/modules/user/feature/src/index.ts
../../libs/shared/util-config/src/lib/module-registry.ts @ webpack-internal:///(app-pages-browser)/../../node_modules/.pnpm/next@16.1.7_@babel+core@7.29.7_@playwright+test@1.60.0_react-dom@19.2.7_react@19.2.7/node_modules/next/dist/next-devtools/shared/forward-logs-shared.js:27
[  423458ms] [LOG] [Fast Refresh] done in 3678ms @ webpack-internal:///(app-pages-browser)/../../node_modules/.pnpm/next@16.1.7_@babel+core@7.29.7_@playwright+test@1.60.0_react-dom@19.2.7_react@19.2.7/node_modules/next/dist/next-devtools/shared/forward-logs-shared.js:27
[  444796ms] [LOG] [Fast Refresh] rebuilding @ webpack-internal:///(app-pages-browser)/../../node_modules/.pnpm/next@16.1.7_@babel+core@7.29.7_@playwright+test@1.60.0_react-dom@19.2.7_react@19.2.7/node_modules/next/dist/next-devtools/shared/forward-logs-shared.js:27
[  448506ms] [WARNING] ../../libs/modules/user/data-access/src/index.ts
export 'ResultInfo' (reexported as 'ResultInfo') was not found in './lib/user.api' (possible exports: deleteUser, getRoleOptions, getTdOptions, getUserDetail, getUserList, resetUserPassword, saveUser, updateUser, updateUserStatus)

Import trace for requested module:
../../libs/modules/user/data-access/src/index.ts
../../libs/modules/user/feature/src/lib/user-list-page.tsx
../../libs/modules/user/feature/src/index.ts
../../libs/shared/util-config/src/lib/module-registry.ts @ webpack-internal:///(app-pages-browser)/../../node_modules/.pnpm/next@16.1.7_@babel+core@7.29.7_@playwright+test@1.60.0_react-dom@19.2.7_react@19.2.7/node_modules/next/dist/next-devtools/shared/forward-logs-shared.js:27
[  448547ms] [LOG] [Fast Refresh] done in 3752ms @ webpack-internal:///(app-pages-browser)/../../node_modules/.pnpm/next@16.1.7_@babel+core@7.29.7_@playwright+test@1.60.0_react-dom@19.2.7_react@19.2.7/node_modules/next/dist/next-devtools/shared/forward-logs-shared.js:27
[  462702ms] [LOG] [Fast Refresh] rebuilding @ webpack-internal:///(app-pages-browser)/../../node_modules/.pnpm/next@16.1.7_@babel+core@7.29.7_@playwright+test@1.60.0_react-dom@19.2.7_react@19.2.7/node_modules/next/dist/next-devtools/shared/forward-logs-shared.js:27
[  463927ms] [WARNING] ../../libs/modules/user/data-access/src/index.ts
export 'ResultInfo' (reexported as 'ResultInfo') was not found in './lib/user.api' (possible exports: deleteUser, getRoleOptions, getTdOptions, getUserDetail, getUserList, resetUserPassword, saveUser, updateUser, updateUserStatus)

Import trace for requested module:
../../libs/modules/user/data-access/src/index.ts
../../libs/modules/user/feature/src/lib/user-list-page.tsx
../../libs/modules/user/feature/src/index.ts
../../libs/shared/util-config/src/lib/module-registry.ts @ webpack-internal:///(app-pages-browser)/../../node_modules/.pnpm/next@16.1.7_@babel+core@7.29.7_@playwright+test@1.60.0_react-dom@19.2.7_react@19.2.7/node_modules/next/dist/next-devtools/shared/forward-logs-shared.js:27
[  463983ms] [LOG] [Fast Refresh] done in 1280ms @ webpack-internal:///(app-pages-browser)/../../node_modules/.pnpm/next@16.1.7_@babel+core@7.29.7_@playwright+test@1.60.0_react-dom@19.2.7_react@19.2.7/node_modules/next/dist/next-devtools/shared/forward-logs-shared.js:27
[  474007ms] [LOG] [Fast Refresh] rebuilding @ webpack-internal:///(app-pages-browser)/../../node_modules/.pnpm/next@16.1.7_@babel+core@7.29.7_@playwright+test@1.60.0_react-dom@19.2.7_react@19.2.7/node_modules/next/dist/next-devtools/shared/forward-logs-shared.js:27
[  478226ms] [WARNING] ../../libs/modules/user/data-access/src/index.ts
export 'ResultInfo' (reexported as 'ResultInfo') was not found in './lib/user.api' (possible exports: deleteUser, getRoleOptions, getTdOptions, getUserDetail, getUserList, resetUserPassword, saveUser, updateUser, updateUserStatus)

Import trace for requested module:
../../libs/modules/user/data-access/src/index.ts
../../libs/modules/user/feature/src/lib/user-list-page.tsx
../../libs/modules/user/feature/src/index.ts
../../libs/shared/util-config/src/lib/module-registry.ts @ webpack-internal:///(app-pages-browser)/../../node_modules/.pnpm/next@16.1.7_@babel+core@7.29.7_@playwright+test@1.60.0_react-dom@19.2.7_react@19.2.7/node_modules/next/dist/next-devtools/shared/forward-logs-shared.js:27
[  478267ms] [LOG] [Fast Refresh] done in 4261ms @ webpack-internal:///(app-pages-browser)/../../node_modules/.pnpm/next@16.1.7_@babel+core@7.29.7_@playwright+test@1.60.0_react-dom@19.2.7_react@19.2.7/node_modules/next/dist/next-devtools/shared/forward-logs-shared.js:27
[  484060ms] [LOG] [Fast Refresh] rebuilding @ webpack-internal:///(app-pages-browser)/../../node_modules/.pnpm/next@16.1.7_@babel+core@7.29.7_@playwright+test@1.60.0_react-dom@19.2.7_react@19.2.7/node_modules/next/dist/next-devtools/shared/forward-logs-shared.js:27
[  487078ms] [WARNING] ../../libs/modules/user/data-access/src/index.ts
export 'ResultInfo' (reexported as 'ResultInfo') was not found in './lib/user.api' (possible exports: deleteUser, getRoleOptions, getTdOptions, getUserDetail, getUserList, resetUserPassword, saveUser, updateUser, updateUserStatus)

Import trace for requested module:
../../libs/modules/user/data-access/src/index.ts
../../libs/modules/user/feature/src/lib/user-list-page.tsx
../../libs/modules/user/feature/src/index.ts
../../libs/shared/util-config/src/lib/module-registry.ts @ webpack-internal:///(app-pages-browser)/../../node_modules/.pnpm/next@16.1.7_@babel+core@7.29.7_@playwright+test@1.60.0_react-dom@19.2.7_react@19.2.7/node_modules/next/dist/next-devtools/shared/forward-logs-shared.js:27
[  487118ms] [LOG] [Fast Refresh] done in 3058ms @ webpack-internal:///(app-pages-browser)/../../node_modules/.pnpm/next@16.1.7_@babel+core@7.29.7_@playwright+test@1.60.0_react-dom@19.2.7_react@19.2.7/node_modules/next/dist/next-devtools/shared/forward-logs-shared.js:27
[  523010ms] [LOG] [Fast Refresh] rebuilding @ webpack-internal:///(app-pages-browser)/../../node_modules/.pnpm/next@16.1.7_@babel+core@7.29.7_@playwright+test@1.60.0_react-dom@19.2.7_react@19.2.7/node_modules/next/dist/next-devtools/shared/forward-logs-shared.js:27
[  525995ms] [WARNING] ../../libs/modules/user/data-access/src/index.ts
export 'ResultInfo' (reexported as 'ResultInfo') was not found in './lib/user.api' (possible exports: deleteUser, getRoleOptions, getTdOptions, getUserDetail, getUserList, resetUserPassword, saveUser, updateUser, updateUserStatus)

Import trace for requested module:
../../libs/modules/user/data-access/src/index.ts
../../libs/modules/user/feature/src/lib/user-list-page.tsx
../../libs/modules/user/feature/src/index.ts
../../libs/shared/util-config/src/lib/module-registry.ts @ webpack-internal:///(app-pages-browser)/../../node_modules/.pnpm/next@16.1.7_@babel+core@7.29.7_@playwright+test@1.60.0_react-dom@19.2.7_react@19.2.7/node_modules/next/dist/next-devtools/shared/forward-logs-shared.js:27
[  526041ms] [LOG] [Fast Refresh] done in 3031ms @ webpack-internal:///(app-pages-browser)/../../node_modules/.pnpm/next@16.1.7_@babel+core@7.29.7_@playwright+test@1.60.0_react-dom@19.2.7_react@19.2.7/node_modules/next/dist/next-devtools/shared/forward-logs-shared.js:27
[  546006ms] [LOG] [Fast Refresh] rebuilding @ webpack-internal:///(app-pages-browser)/../../node_modules/.pnpm/next@16.1.7_@babel+core@7.29.7_@playwright+test@1.60.0_react-dom@19.2.7_react@19.2.7/node_modules/next/dist/next-devtools/shared/forward-logs-shared.js:27
[  549114ms] [WARNING] ../../libs/modules/user/data-access/src/index.ts
export 'ResultInfo' (reexported as 'ResultInfo') was not found in './lib/user.api' (possible exports: deleteUser, getRoleOptions, getTdOptions, getUserDetail, getUserList, resetUserPassword, saveUser, updateUser, updateUserStatus)

Import trace for requested module:
../../libs/modules/user/data-access/src/index.ts
../../libs/modules/user/feature/src/lib/user-list-page.tsx
../../libs/modules/user/feature/src/index.ts
../../libs/shared/util-config/src/lib/module-registry.ts @ webpack-internal:///(app-pages-browser)/../../node_modules/.pnpm/next@16.1.7_@babel+core@7.29.7_@playwright+test@1.60.0_react-dom@19.2.7_react@19.2.7/node_modules/next/dist/next-devtools/shared/forward-logs-shared.js:27
[  549805ms] [LOG] [Fast Refresh] done in 3798ms @ webpack-internal:///(app-pages-browser)/../../node_modules/.pnpm/next@16.1.7_@babel+core@7.29.7_@playwright+test@1.60.0_react-dom@19.2.7_react@19.2.7/node_modules/next/dist/next-devtools/shared/forward-logs-shared.js:27
[  553327ms] [LOG] [Fast Refresh] rebuilding @ webpack-internal:///(app-pages-browser)/../../node_modules/.pnpm/next@16.1.7_@babel+core@7.29.7_@playwright+test@1.60.0_react-dom@19.2.7_react@19.2.7/node_modules/next/dist/next-devtools/shared/forward-logs-shared.js:27
[  558011ms] [WARNING] ../../libs/modules/user/data-access/src/index.ts
export 'ResultInfo' (reexported as 'ResultInfo') was not found in './lib/user.api' (possible exports: deleteUser, getRoleOptions, getTdOptions, getUserDetail, getUserList, resetUserPassword, saveUser, updateUser, updateUserStatus)

Import trace for requested module:
../../libs/modules/user/data-access/src/index.ts
../../libs/modules/user/feature/src/lib/user-list-page.tsx
../../libs/modules/user/feature/src/index.ts
../../libs/shared/util-config/src/lib/module-registry.ts @ webpack-internal:///(app-pages-browser)/../../node_modules/.pnpm/next@16.1.7_@babel+core@7.29.7_@playwright+test@1.60.0_react-dom@19.2.7_react@19.2.7/node_modules/next/dist/next-devtools/shared/forward-logs-shared.js:27
[  558055ms] [LOG] [Fast Refresh] done in 4729ms @ webpack-internal:///(app-pages-browser)/../../node_modules/.pnpm/next@16.1.7_@babel+core@7.29.7_@playwright+test@1.60.0_react-dom@19.2.7_react@19.2.7/node_modules/next/dist/next-devtools/shared/forward-logs-shared.js:27
[  558142ms] [LOG] [Fast Refresh] rebuilding @ webpack-internal:///(app-pages-browser)/../../node_modules/.pnpm/next@16.1.7_@babel+core@7.29.7_@playwright+test@1.60.0_react-dom@19.2.7_react@19.2.7/node_modules/next/dist/next-devtools/shared/forward-logs-shared.js:27
[  560872ms] [WARNING] ../../libs/modules/user/data-access/src/index.ts
export 'ResultInfo' (reexported as 'ResultInfo') was not found in './lib/user.api' (possible exports: deleteUser, getRoleOptions, getTdOptions, getUserDetail, getUserList, resetUserPassword, saveUser, updateUser, updateUserStatus)

Import trace for requested module:
../../libs/modules/user/data-access/src/index.ts
../../libs/modules/user/feature/src/lib/user-list-page.tsx
../../libs/modules/user/feature/src/index.ts
../../libs/shared/util-config/src/lib/module-registry.ts @ webpack-internal:///(app-pages-browser)/../../node_modules/.pnpm/next@16.1.7_@babel+core@7.29.7_@playwright+test@1.60.0_react-dom@19.2.7_react@19.2.7/node_modules/next/dist/next-devtools/shared/forward-logs-shared.js:27
[  560872ms] [LOG] [Fast Refresh] done in 2730ms @ webpack-internal:///(app-pages-browser)/../../node_modules/.pnpm/next@16.1.7_@babel+core@7.29.7_@playwright+test@1.60.0_react-dom@19.2.7_react@19.2.7/node_modules/next/dist/next-devtools/shared/forward-logs-shared.js:27
[  583326ms] [LOG] [Fast Refresh] rebuilding @ webpack-internal:///(app-pages-browser)/../../node_modules/.pnpm/next@16.1.7_@babel+core@7.29.7_@playwright+test@1.60.0_react-dom@19.2.7_react@19.2.7/node_modules/next/dist/next-devtools/shared/forward-logs-shared.js:27
[  584476ms] [WARNING] ../../libs/modules/user/data-access/src/index.ts
export 'ResultInfo' (reexported as 'ResultInfo') was not found in './lib/user.api' (possible exports: deleteUser, getRoleOptions, getTdOptions, getUserDetail, getUserList, resetUserPassword, saveUser, updateUser, updateUserStatus)

Import trace for requested module:
../../libs/modules/user/data-access/src/index.ts
../../libs/modules/user/feature/src/lib/user-list-page.tsx
../../libs/modules/user/feature/src/index.ts
../../libs/shared/util-config/src/lib/module-registry.ts @ webpack-internal:///(app-pages-browser)/../../node_modules/.pnpm/next@16.1.7_@babel+core@7.29.7_@playwright+test@1.60.0_react-dom@19.2.7_react@19.2.7/node_modules/next/dist/next-devtools/shared/forward-logs-shared.js:27
[  584552ms] [LOG] [Fast Refresh] done in 1226ms @ webpack-internal:///(app-pages-browser)/../../node_modules/.pnpm/next@16.1.7_@babel+core@7.29.7_@playwright+test@1.60.0_react-dom@19.2.7_react@19.2.7/node_modules/next/dist/next-devtools/shared/forward-logs-shared.js:27
[  609142ms] [LOG] [Fast Refresh] rebuilding @ webpack-internal:///(app-pages-browser)/../../node_modules/.pnpm/next@16.1.7_@babel+core@7.29.7_@playwright+test@1.60.0_react-dom@19.2.7_react@19.2.7/node_modules/next/dist/next-devtools/shared/forward-logs-shared.js:27
[  610675ms] [WARNING] ../../libs/modules/user/data-access/src/index.ts
export 'ResultInfo' (reexported as 'ResultInfo') was not found in './lib/user.api' (possible exports: deleteUser, getRoleOptions, getTdOptions, getUserDetail, getUserList, resetUserPassword, saveUser, updateUser, updateUserStatus)

Import trace for requested module:
../../libs/modules/user/data-access/src/index.ts
../../libs/modules/user/feature/src/lib/user-list-page.tsx
../../libs/modules/user/feature/src/index.ts
../../libs/shared/util-config/src/lib/module-registry.ts @ webpack-internal:///(app-pages-browser)/../../node_modules/.pnpm/next@16.1.7_@babel+core@7.29.7_@playwright+test@1.60.0_react-dom@19.2.7_react@19.2.7/node_modules/next/dist/next-devtools/shared/forward-logs-shared.js:27
[  610719ms] [LOG] [Fast Refresh] rebuilding @ webpack-internal:///(app-pages-browser)/../../node_modules/.pnpm/next@16.1.7_@babel+core@7.29.7_@playwright+test@1.60.0_react-dom@19.2.7_react@19.2.7/node_modules/next/dist/next-devtools/shared/forward-logs-shared.js:27
[  610757ms] [LOG] [Fast Refresh] done in 38ms @ webpack-internal:///(app-pages-browser)/../../node_modules/.pnpm/next@16.1.7_@babel+core@7.29.7_@playwright+test@1.60.0_react-dom@19.2.7_react@19.2.7/node_modules/next/dist/next-devtools/shared/forward-logs-shared.js:27
[  620267ms] [WARNING] ../../libs/modules/user/data-access/src/index.ts
export 'ResultInfo' (reexported as 'ResultInfo') was not found in './lib/user.api' (possible exports: deleteUser, getRoleOptions, getTdOptions, getUserDetail, getUserList, resetUserPassword, saveUser, updateUser, updateUserStatus)

Import trace for requested module:
../../libs/modules/user/data-access/src/index.ts
../../libs/modules/user/feature/src/lib/user-list-page.tsx
../../libs/modules/user/feature/src/index.ts
../../libs/shared/util-config/src/lib/module-registry.ts @ webpack-internal:///(app-pages-browser)/../../node_modules/.pnpm/next@16.1.7_@babel+core@7.29.7_@playwright+test@1.60.0_react-dom@19.2.7_react@19.2.7/node_modules/next/dist/next-devtools/shared/forward-logs-shared.js:27
[  620289ms] [LOG] [Fast Refresh] rebuilding @ webpack-internal:///(app-pages-browser)/../../node_modules/.pnpm/next@16.1.7_@babel+core@7.29.7_@playwright+test@1.60.0_react-dom@19.2.7_react@19.2.7/node_modules/next/dist/next-devtools/shared/forward-logs-shared.js:27
[  620340ms] [LOG] [Fast Refresh] done in 52ms @ webpack-internal:///(app-pages-browser)/../../node_modules/.pnpm/next@16.1.7_@babel+core@7.29.7_@playwright+test@1.60.0_react-dom@19.2.7_react@19.2.7/node_modules/next/dist/next-devtools/shared/forward-logs-shared.js:27
[  645830ms] [WARNING] ../../libs/modules/user/data-access/src/index.ts
export 'ResultInfo' (reexported as 'ResultInfo') was not found in './lib/user.api' (possible exports: deleteUser, getRoleOptions, getTdOptions, getUserDetail, getUserList, resetUserPassword, saveUser, updateUser, updateUserStatus)

Import trace for requested module:
../../libs/modules/user/data-access/src/index.ts
../../libs/modules/user/feature/src/lib/user-list-page.tsx
../../libs/modules/user/feature/src/index.ts
../../libs/shared/util-config/src/lib/module-registry.ts @ webpack-internal:///(app-pages-browser)/../../node_modules/.pnpm/next@16.1.7_@babel+core@7.29.7_@playwright+test@1.60.0_react-dom@19.2.7_react@19.2.7/node_modules/next/dist/next-devtools/shared/forward-logs-shared.js:27
[  645885ms] [LOG] [Fast Refresh] done in 25596ms @ webpack-internal:///(app-pages-browser)/../../node_modules/.pnpm/next@16.1.7_@babel+core@7.29.7_@playwright+test@1.60.0_react-dom@19.2.7_react@19.2.7/node_modules/next/dist/next-devtools/shared/forward-logs-shared.js:27
[  645984ms] [LOG] [Fast Refresh] rebuilding @ webpack-internal:///(app-pages-browser)/../../node_modules/.pnpm/next@16.1.7_@babel+core@7.29.7_@playwright+test@1.60.0_react-dom@19.2.7_react@19.2.7/node_modules/next/dist/next-devtools/shared/forward-logs-shared.js:27
[  650369ms] [WARNING] ../../libs/modules/user/data-access/src/index.ts
export 'ResultInfo' (reexported as 'ResultInfo') was not found in './lib/user.api' (possible exports: deleteUser, getRoleOptions, getTdOptions, getUserDetail, getUserList, resetUserPassword, saveUser, updateUser, updateUserStatus)

Import trace for requested module:
../../libs/modules/user/data-access/src/index.ts
../../libs/modules/user/feature/src/lib/user-list-page.tsx
../../libs/modules/user/feature/src/index.ts
../../libs/shared/util-config/src/lib/module-registry.ts @ webpack-internal:///(app-pages-browser)/../../node_modules/.pnpm/next@16.1.7_@babel+core@7.29.7_@playwright+test@1.60.0_react-dom@19.2.7_react@19.2.7/node_modules/next/dist/next-devtools/shared/forward-logs-shared.js:27
[  651761ms] [LOG] [Fast Refresh] done in 5777ms @ webpack-internal:///(app-pages-browser)/../../node_modules/.pnpm/next@16.1.7_@babel+core@7.29.7_@playwright+test@1.60.0_react-dom@19.2.7_react@19.2.7/node_modules/next/dist/next-devtools/shared/forward-logs-shared.js:27
[  654490ms] [ERROR] Failed to load resource: the server responded with a status of 404 (Not Found) @ http://localhost:3000/logo.svg:0
[  655966ms] [INFO] %cDownload the React DevTools for a better development experience: https://react.dev/link/react-devtools font-weight:bold @ webpack-internal:///(app-pages-browser)/../../node_modules/.pnpm/next@16.1.7_@babel+core@7.29.7_@playwright+test@1.60.0_react-dom@19.2.7_react@19.2.7/node_modules/next/dist/next-devtools/shared/forward-logs-shared.js:27
[  656501ms] [LOG] [HMR] connected @ webpack-internal:///(app-pages-browser)/../../node_modules/.pnpm/next@16.1.7_@babel+core@7.29.7_@playwright+test@1.60.0_react-dom@19.2.7_react@19.2.7/node_modules/next/dist/next-devtools/shared/forward-logs-shared.js:27
[  656529ms] [WARNING] ../../libs/modules/user/data-access/src/index.ts
export 'ResultInfo' (reexported as 'ResultInfo') was not found in './lib/user.api' (possible exports: deleteUser, getRoleOptions, getTdOptions, getUserDetail, getUserList, resetUserPassword, saveUser, updateUser, updateUserStatus) @ webpack-internal:///(app-pages-browser)/../../node_modules/.pnpm/next@16.1.7_@babel+core@7.29.7_@playwright+test@1.60.0_react-dom@19.2.7_react@19.2.7/node_modules/next/dist/next-devtools/shared/forward-logs-shared.js:27
[  667350ms] [LOG] [Fast Refresh] rebuilding @ webpack-internal:///(app-pages-browser)/../../node_modules/.pnpm/next@16.1.7_@babel+core@7.29.7_@playwright+test@1.60.0_react-dom@19.2.7_react@19.2.7/node_modules/next/dist/next-devtools/shared/forward-logs-shared.js:27
[  668740ms] [WARNING] ../../libs/modules/user/data-access/src/index.ts
export 'ResultInfo' (reexported as 'ResultInfo') was not found in './lib/user.api' (possible exports: deleteUser, getRoleOptions, getTdOptions, getUserDetail, getUserList, resetUserPassword, saveUser, updateUser, updateUserStatus)

Import trace for requested module:
../../libs/modules/user/data-access/src/index.ts
../../libs/modules/user/feature/src/lib/user-list-page.tsx
../../libs/modules/user/feature/src/index.ts
../../libs/shared/util-config/src/lib/module-registry.ts @ webpack-internal:///(app-pages-browser)/../../node_modules/.pnpm/next@16.1.7_@babel+core@7.29.7_@playwright+test@1.60.0_react-dom@19.2.7_react@19.2.7/node_modules/next/dist/next-devtools/shared/forward-logs-shared.js:27
[  668783ms] [LOG] [Fast Refresh] done in 1433ms @ webpack-internal:///(app-pages-browser)/../../node_modules/.pnpm/next@16.1.7_@babel+core@7.29.7_@playwright+test@1.60.0_react-dom@19.2.7_react@19.2.7/node_modules/next/dist/next-devtools/shared/forward-logs-shared.js:27
[  701190ms] [LOG] [Fast Refresh] rebuilding @ webpack-internal:///(app-pages-browser)/../../node_modules/.pnpm/next@16.1.7_@babel+core@7.29.7_@playwright+test@1.60.0_react-dom@19.2.7_react@19.2.7/node_modules/next/dist/next-devtools/shared/forward-logs-shared.js:27
[  702697ms] [WARNING] ../../libs/modules/user/data-access/src/index.ts
export 'ResultInfo' (reexported as 'ResultInfo') was not found in './lib/user.api' (possible exports: deleteUser, getRoleOptions, getTdOptions, getUserDetail, getUserList, resetUserPassword, saveUser, updateUser, updateUserStatus)

Import trace for requested module:
../../libs/modules/user/data-access/src/index.ts
../../libs/modules/user/feature/src/lib/user-list-page.tsx
../../libs/modules/user/feature/src/index.ts
../../libs/shared/util-config/src/lib/module-registry.ts @ webpack-internal:///(app-pages-browser)/../../node_modules/.pnpm/next@16.1.7_@babel+core@7.29.7_@playwright+test@1.60.0_react-dom@19.2.7_react@19.2.7/node_modules/next/dist/next-devtools/shared/forward-logs-shared.js:27
[  702723ms] [LOG] [Fast Refresh] rebuilding @ webpack-internal:///(app-pages-browser)/../../node_modules/.pnpm/next@16.1.7_@babel+core@7.29.7_@playwright+test@1.60.0_react-dom@19.2.7_react@19.2.7/node_modules/next/dist/next-devtools/shared/forward-logs-shared.js:27
[  702776ms] [LOG] [Fast Refresh] done in 53ms @ webpack-internal:///(app-pages-browser)/../../node_modules/.pnpm/next@16.1.7_@babel+core@7.29.7_@playwright+test@1.60.0_react-dom@19.2.7_react@19.2.7/node_modules/next/dist/next-devtools/shared/forward-logs-shared.js:27
[  710147ms] [WARNING] ../../libs/modules/user/data-access/src/index.ts
export 'ResultInfo' (reexported as 'ResultInfo') was not found in './lib/user.api' (possible exports: deleteUser, getRoleOptions, getTdOptions, getUserDetail, getUserList, resetUserPassword, saveUser, updateUser, updateUserStatus)

Import trace for requested module:
../../libs/modules/user/data-access/src/index.ts
../../libs/modules/user/feature/src/lib/user-list-page.tsx
../../libs/modules/user/feature/src/index.ts
../../libs/shared/util-config/src/lib/module-registry.ts @ webpack-internal:///(app-pages-browser)/../../node_modules/.pnpm/next@16.1.7_@babel+core@7.29.7_@playwright+test@1.60.0_react-dom@19.2.7_react@19.2.7/node_modules/next/dist/next-devtools/shared/forward-logs-shared.js:27
[  710220ms] [LOG] [Fast Refresh] done in 7497ms @ webpack-internal:///(app-pages-browser)/../../node_modules/.pnpm/next@16.1.7_@babel+core@7.29.7_@playwright+test@1.60.0_react-dom@19.2.7_react@19.2.7/node_modules/next/dist/next-devtools/shared/forward-logs-shared.js:27
[  764327ms] [LOG] [Fast Refresh] rebuilding @ webpack-internal:///(app-pages-browser)/../../node_modules/.pnpm/next@16.1.7_@babel+core@7.29.7_@playwright+test@1.60.0_react-dom@19.2.7_react@19.2.7/node_modules/next/dist/next-devtools/shared/forward-logs-shared.js:27
[  769294ms] [WARNING] ../../libs/modules/user/data-access/src/index.ts
export 'ResultInfo' (reexported as 'ResultInfo') was not found in './lib/user.api' (possible exports: deleteUser, getRoleOptions, getTdOptions, getUserDetail, getUserList, resetUserPassword, saveUser, updateUser, updateUserStatus)

Import trace for requested module:
../../libs/modules/user/data-access/src/index.ts
../../libs/modules/user/feature/src/lib/user-list-page.tsx
../../libs/modules/user/feature/src/index.ts
../../libs/shared/util-config/src/lib/module-registry.ts @ webpack-internal:///(app-pages-browser)/../../node_modules/.pnpm/next@16.1.7_@babel+core@7.29.7_@playwright+test@1.60.0_react-dom@19.2.7_react@19.2.7/node_modules/next/dist/next-devtools/shared/forward-logs-shared.js:27
[  769789ms] [LOG] [Fast Refresh] done in 5462ms @ webpack-internal:///(app-pages-browser)/../../node_modules/.pnpm/next@16.1.7_@babel+core@7.29.7_@playwright+test@1.60.0_react-dom@19.2.7_react@19.2.7/node_modules/next/dist/next-devtools/shared/forward-logs-shared.js:27
[  824729ms] [LOG] [Fast Refresh] rebuilding @ webpack-internal:///(app-pages-browser)/../../node_modules/.pnpm/next@16.1.7_@babel+core@7.29.7_@playwright+test@1.60.0_react-dom@19.2.7_react@19.2.7/node_modules/next/dist/next-devtools/shared/forward-logs-shared.js:27
[  826609ms] [WARNING] ../../libs/modules/user/data-access/src/index.ts
export 'ResultInfo' (reexported as 'ResultInfo') was not found in './lib/user.api' (possible exports: deleteUser, getRoleOptions, getTdOptions, getUserDetail, getUserList, resetUserPassword, saveUser, updateUser, updateUserStatus)

Import trace for requested module:
../../libs/modules/user/data-access/src/index.ts
../../libs/modules/user/feature/src/lib/user-list-page.tsx
../../libs/modules/user/feature/src/index.ts
../../libs/shared/util-config/src/lib/module-registry.ts @ webpack-internal:///(app-pages-browser)/../../node_modules/.pnpm/next@16.1.7_@babel+core@7.29.7_@playwright+test@1.60.0_react-dom@19.2.7_react@19.2.7/node_modules/next/dist/next-devtools/shared/forward-logs-shared.js:27
[  826677ms] [LOG] [Fast Refresh] done in 1947ms @ webpack-internal:///(app-pages-browser)/../../node_modules/.pnpm/next@16.1.7_@babel+core@7.29.7_@playwright+test@1.60.0_react-dom@19.2.7_react@19.2.7/node_modules/next/dist/next-devtools/shared/forward-logs-shared.js:27
[  885071ms] [LOG] [Fast Refresh] rebuilding @ webpack-internal:///(app-pages-browser)/../../node_modules/.pnpm/next@16.1.7_@babel+core@7.29.7_@playwright+test@1.60.0_react-dom@19.2.7_react@19.2.7/node_modules/next/dist/next-devtools/shared/forward-logs-shared.js:27
[  886758ms] [WARNING] ../../libs/modules/user/data-access/src/index.ts
export 'ResultInfo' (reexported as 'ResultInfo') was not found in './lib/user.api' (possible exports: deleteUser, getRoleOptions, getTdOptions, getUserDetail, getUserList, resetUserPassword, saveUser, updateUser, updateUserStatus)

Import trace for requested module:
../../libs/modules/user/data-access/src/index.ts
../../libs/modules/user/feature/src/lib/user-list-page.tsx
../../libs/modules/user/feature/src/index.ts
../../libs/shared/util-config/src/lib/module-registry.ts @ webpack-internal:///(app-pages-browser)/../../node_modules/.pnpm/next@16.1.7_@babel+core@7.29.7_@playwright+test@1.60.0_react-dom@19.2.7_react@19.2.7/node_modules/next/dist/next-devtools/shared/forward-logs-shared.js:27
[  886822ms] [LOG] [Fast Refresh] done in 1751ms @ webpack-internal:///(app-pages-browser)/../../node_modules/.pnpm/next@16.1.7_@babel+core@7.29.7_@playwright+test@1.60.0_react-dom@19.2.7_react@19.2.7/node_modules/next/dist/next-devtools/shared/forward-logs-shared.js:27
[  945417ms] [LOG] [Fast Refresh] rebuilding @ webpack-internal:///(app-pages-browser)/../../node_modules/.pnpm/next@16.1.7_@babel+core@7.29.7_@playwright+test@1.60.0_react-dom@19.2.7_react@19.2.7/node_modules/next/dist/next-devtools/shared/forward-logs-shared.js:27
[  947991ms] [WARNING] ../../libs/modules/user/data-access/src/index.ts
export 'ResultInfo' (reexported as 'ResultInfo') was not found in './lib/user.api' (possible exports: deleteUser, getRoleOptions, getTdOptions, getUserDetail, getUserList, resetUserPassword, saveUser, updateUser, updateUserStatus)

Import trace for requested module:
../../libs/modules/user/data-access/src/index.ts
../../libs/modules/user/feature/src/lib/user-list-page.tsx
../../libs/modules/user/feature/src/index.ts
../../libs/shared/util-config/src/lib/module-registry.ts @ webpack-internal:///(app-pages-browser)/../../node_modules/.pnpm/next@16.1.7_@babel+core@7.29.7_@playwright+test@1.60.0_react-dom@19.2.7_react@19.2.7/node_modules/next/dist/next-devtools/shared/forward-logs-shared.js:27
[  948040ms] [LOG] [Fast Refresh] done in 2623ms @ webpack-internal:///(app-pages-browser)/../../node_modules/.pnpm/next@16.1.7_@babel+core@7.29.7_@playwright+test@1.60.0_react-dom@19.2.7_react@19.2.7/node_modules/next/dist/next-devtools/shared/forward-logs-shared.js:27
[  973511ms] [LOG] [Fast Refresh] rebuilding @ webpack-internal:///(app-pages-browser)/../../node_modules/.pnpm/next@16.1.7_@babel+core@7.29.7_@playwright+test@1.60.0_react-dom@19.2.7_react@19.2.7/node_modules/next/dist/next-devtools/shared/forward-logs-shared.js:27
[  975286ms] [WARNING] ../../libs/modules/user/data-access/src/index.ts
export 'ResultInfo' (reexported as 'ResultInfo') was not found in './lib/user.api' (possible exports: deleteUser, getRoleOptions, getTdOptions, getUserDetail, getUserList, resetUserPassword, saveUser, updateUser, updateUserStatus)

Import trace for requested module:
../../libs/modules/user/data-access/src/index.ts
../../libs/modules/user/feature/src/lib/user-list-page.tsx
../../libs/modules/user/feature/src/index.ts
../../libs/shared/util-config/src/lib/module-registry.ts @ webpack-internal:///(app-pages-browser)/../../node_modules/.pnpm/next@16.1.7_@babel+core@7.29.7_@playwright+test@1.60.0_react-dom@19.2.7_react@19.2.7/node_modules/next/dist/next-devtools/shared/forward-logs-shared.js:27
[  975334ms] [LOG] [Fast Refresh] done in 1822ms @ webpack-internal:///(app-pages-browser)/../../node_modules/.pnpm/next@16.1.7_@babel+core@7.29.7_@playwright+test@1.60.0_react-dom@19.2.7_react@19.2.7/node_modules/next/dist/next-devtools/shared/forward-logs-shared.js:27
[  975630ms] [LOG] [Fast Refresh] rebuilding @ webpack-internal:///(app-pages-browser)/../../node_modules/.pnpm/next@16.1.7_@babel+core@7.29.7_@playwright+test@1.60.0_react-dom@19.2.7_react@19.2.7/node_modules/next/dist/next-devtools/shared/forward-logs-shared.js:27
[  977314ms] [WARNING] ../../libs/modules/user/data-access/src/index.ts
export 'ResultInfo' (reexported as 'ResultInfo') was not found in './lib/user.api' (possible exports: deleteUser, getRoleOptions, getTdOptions, getUserDetail, getUserList, resetUserPassword, saveUser, updateUser, updateUserStatus)

Import trace for requested module:
../../libs/modules/user/data-access/src/index.ts
../../libs/modules/user/feature/src/lib/user-list-page.tsx
../../libs/modules/user/feature/src/index.ts
../../libs/shared/util-config/src/lib/module-registry.ts @ webpack-internal:///(app-pages-browser)/../../node_modules/.pnpm/next@16.1.7_@babel+core@7.29.7_@playwright+test@1.60.0_react-dom@19.2.7_react@19.2.7/node_modules/next/dist/next-devtools/shared/forward-logs-shared.js:27
[  977372ms] [LOG] [Fast Refresh] done in 1742ms @ webpack-internal:///(app-pages-browser)/../../node_modules/.pnpm/next@16.1.7_@babel+core@7.29.7_@playwright+test@1.60.0_react-dom@19.2.7_react@19.2.7/node_modules/next/dist/next-devtools/shared/forward-logs-shared.js:27
[ 1005749ms] [LOG] [Fast Refresh] rebuilding @ webpack-internal:///(app-pages-browser)/../../node_modules/.pnpm/next@16.1.7_@babel+core@7.29.7_@playwright+test@1.60.0_react-dom@19.2.7_react@19.2.7/node_modules/next/dist/next-devtools/shared/forward-logs-shared.js:27
[ 1007273ms] [WARNING] ../../libs/modules/user/data-access/src/index.ts
export 'ResultInfo' (reexported as 'ResultInfo') was not found in './lib/user.api' (possible exports: deleteUser, getRoleOptions, getTdOptions, getUserDetail, getUserList, resetUserPassword, saveUser, updateUser, updateUserStatus)

Import trace for requested module:
../../libs/modules/user/data-access/src/index.ts
../../libs/modules/user/feature/src/lib/user-list-page.tsx
../../libs/modules/user/feature/src/index.ts
../../libs/shared/util-config/src/lib/module-registry.ts @ webpack-internal:///(app-pages-browser)/../../node_modules/.pnpm/next@16.1.7_@babel+core@7.29.7_@playwright+test@1.60.0_react-dom@19.2.7_react@19.2.7/node_modules/next/dist/next-devtools/shared/forward-logs-shared.js:27
[ 1008027ms] [LOG] [Fast Refresh] done in 2279ms @ webpack-internal:///(app-pages-browser)/../../node_modules/.pnpm/next@16.1.7_@babel+core@7.29.7_@playwright+test@1.60.0_react-dom@19.2.7_react@19.2.7/node_modules/next/dist/next-devtools/shared/forward-logs-shared.js:27
[ 1066098ms] [LOG] [Fast Refresh] rebuilding @ webpack-internal:///(app-pages-browser)/../../node_modules/.pnpm/next@16.1.7_@babel+core@7.29.7_@playwright+test@1.60.0_react-dom@19.2.7_react@19.2.7/node_modules/next/dist/next-devtools/shared/forward-logs-shared.js:27
[ 1067380ms] [WARNING] ../../libs/modules/user/data-access/src/index.ts
export 'ResultInfo' (reexported as 'ResultInfo') was not found in './lib/user.api' (possible exports: deleteUser, getRoleOptions, getTdOptions, getUserDetail, getUserList, resetUserPassword, saveUser, updateUser, updateUserStatus)

Import trace for requested module:
../../libs/modules/user/data-access/src/index.ts
../../libs/modules/user/feature/src/lib/user-list-page.tsx
../../libs/modules/user/feature/src/index.ts
../../libs/shared/util-config/src/lib/module-registry.ts @ webpack-internal:///(app-pages-browser)/../../node_modules/.pnpm/next@16.1.7_@babel+core@7.29.7_@playwright+test@1.60.0_react-dom@19.2.7_react@19.2.7/node_modules/next/dist/next-devtools/shared/forward-logs-shared.js:27
[ 1067430ms] [LOG] [Fast Refresh] done in 1332ms @ webpack-internal:///(app-pages-browser)/../../node_modules/.pnpm/next@16.1.7_@babel+core@7.29.7_@playwright+test@1.60.0_react-dom@19.2.7_react@19.2.7/node_modules/next/dist/next-devtools/shared/forward-logs-shared.js:27
[ 1126442ms] [LOG] [Fast Refresh] rebuilding @ webpack-internal:///(app-pages-browser)/../../node_modules/.pnpm/next@16.1.7_@babel+core@7.29.7_@playwright+test@1.60.0_react-dom@19.2.7_react@19.2.7/node_modules/next/dist/next-devtools/shared/forward-logs-shared.js:27
[ 1127711ms] [WARNING] ../../libs/modules/user/data-access/src/index.ts
export 'ResultInfo' (reexported as 'ResultInfo') was not found in './lib/user.api' (possible exports: deleteUser, getRoleOptions, getTdOptions, getUserDetail, getUserList, resetUserPassword, saveUser, updateUser, updateUserStatus)

Import trace for requested module:
../../libs/modules/user/data-access/src/index.ts
../../libs/modules/user/feature/src/lib/user-list-page.tsx
../../libs/modules/user/feature/src/index.ts
../../libs/shared/util-config/src/lib/module-registry.ts @ webpack-internal:///(app-pages-browser)/../../node_modules/.pnpm/next@16.1.7_@babel+core@7.29.7_@playwright+test@1.60.0_react-dom@19.2.7_react@19.2.7/node_modules/next/dist/next-devtools/shared/forward-logs-shared.js:27
[ 1127754ms] [LOG] [Fast Refresh] done in 1312ms @ webpack-internal:///(app-pages-browser)/../../node_modules/.pnpm/next@16.1.7_@babel+core@7.29.7_@playwright+test@1.60.0_react-dom@19.2.7_react@19.2.7/node_modules/next/dist/next-devtools/shared/forward-logs-shared.js:27
[ 1186894ms] [LOG] [Fast Refresh] rebuilding @ webpack-internal:///(app-pages-browser)/../../node_modules/.pnpm/next@16.1.7_@babel+core@7.29.7_@playwright+test@1.60.0_react-dom@19.2.7_react@19.2.7/node_modules/next/dist/next-devtools/shared/forward-logs-shared.js:27
[ 1189235ms] [WARNING] ../../libs/modules/user/data-access/src/index.ts
export 'ResultInfo' (reexported as 'ResultInfo') was not found in './lib/user.api' (possible exports: deleteUser, getRoleOptions, getTdOptions, getUserDetail, getUserList, resetUserPassword, saveUser, updateUser, updateUserStatus)

Import trace for requested module:
../../libs/modules/user/data-access/src/index.ts
../../libs/modules/user/feature/src/lib/user-list-page.tsx
../../libs/modules/user/feature/src/index.ts
../../libs/shared/util-config/src/lib/module-registry.ts @ webpack-internal:///(app-pages-browser)/../../node_modules/.pnpm/next@16.1.7_@babel+core@7.29.7_@playwright+test@1.60.0_react-dom@19.2.7_react@19.2.7/node_modules/next/dist/next-devtools/shared/forward-logs-shared.js:27
[ 1189285ms] [LOG] [Fast Refresh] done in 2391ms @ webpack-internal:///(app-pages-browser)/../../node_modules/.pnpm/next@16.1.7_@babel+core@7.29.7_@playwright+test@1.60.0_react-dom@19.2.7_react@19.2.7/node_modules/next/dist/next-devtools/shared/forward-logs-shared.js:27
[ 1215942ms] [LOG] [Fast Refresh] rebuilding @ webpack-internal:///(app-pages-browser)/../../node_modules/.pnpm/next@16.1.7_@babel+core@7.29.7_@playwright+test@1.60.0_react-dom@19.2.7_react@19.2.7/node_modules/next/dist/next-devtools/shared/forward-logs-shared.js:27
[ 1217595ms] [WARNING] ../../libs/modules/user/data-access/src/index.ts
export 'ResultInfo' (reexported as 'ResultInfo') was not found in './lib/user.api' (possible exports: deleteUser, getRoleOptions, getTdOptions, getUserDetail, getUserList, resetUserPassword, saveUser, updateUser, updateUserStatus)

Import trace for requested module:
../../libs/modules/user/data-access/src/index.ts
../../libs/modules/user/feature/src/lib/user-list-page.tsx
../../libs/modules/user/feature/src/index.ts
../../libs/shared/util-config/src/lib/module-registry.ts @ webpack-internal:///(app-pages-browser)/../../node_modules/.pnpm/next@16.1.7_@babel+core@7.29.7_@playwright+test@1.60.0_react-dom@19.2.7_react@19.2.7/node_modules/next/dist/next-devtools/shared/forward-logs-shared.js:27
[ 1217643ms] [LOG] [Fast Refresh] done in 1701ms @ webpack-internal:///(app-pages-browser)/../../node_modules/.pnpm/next@16.1.7_@babel+core@7.29.7_@playwright+test@1.60.0_react-dom@19.2.7_react@19.2.7/node_modules/next/dist/next-devtools/shared/forward-logs-shared.js:27
[ 1220492ms] [LOG] [Fast Refresh] rebuilding @ webpack-internal:///(app-pages-browser)/../../node_modules/.pnpm/next@16.1.7_@babel+core@7.29.7_@playwright+test@1.60.0_react-dom@19.2.7_react@19.2.7/node_modules/next/dist/next-devtools/shared/forward-logs-shared.js:27
[ 1221734ms] [WARNING] ../../libs/modules/user/data-access/src/index.ts
export 'ResultInfo' (reexported as 'ResultInfo') was not found in './lib/user.api' (possible exports: deleteUser, getRoleOptions, getTdOptions, getUserDetail, getUserList, resetUserPassword, saveUser, updateUser, updateUserStatus)

Import trace for requested module:
../../libs/modules/user/data-access/src/index.ts
../../libs/modules/user/feature/src/lib/user-list-page.tsx
../../libs/modules/user/feature/src/index.ts
../../libs/shared/util-config/src/lib/module-registry.ts @ webpack-internal:///(app-pages-browser)/../../node_modules/.pnpm/next@16.1.7_@babel+core@7.29.7_@playwright+test@1.60.0_react-dom@19.2.7_react@19.2.7/node_modules/next/dist/next-devtools/shared/forward-logs-shared.js:27
[ 1221789ms] [LOG] [Fast Refresh] done in 1297ms @ webpack-internal:///(app-pages-browser)/../../node_modules/.pnpm/next@16.1.7_@babel+core@7.29.7_@playwright+test@1.60.0_react-dom@19.2.7_react@19.2.7/node_modules/next/dist/next-devtools/shared/forward-logs-shared.js:27
[ 1247426ms] [LOG] [Fast Refresh] rebuilding @ webpack-internal:///(app-pages-browser)/../../node_modules/.pnpm/next@16.1.7_@babel+core@7.29.7_@playwright+test@1.60.0_react-dom@19.2.7_react@19.2.7/node_modules/next/dist/next-devtools/shared/forward-logs-shared.js:27
[ 1249304ms] [WARNING] ../../libs/modules/user/data-access/src/index.ts
export 'ResultInfo' (reexported as 'ResultInfo') was not found in './lib/user.api' (possible exports: deleteUser, getRoleOptions, getTdOptions, getUserDetail, getUserList, resetUserPassword, saveUser, updateUser, updateUserStatus)

Import trace for requested module:
../../libs/modules/user/data-access/src/index.ts
../../libs/modules/user/feature/src/lib/user-list-page.tsx
../../libs/modules/user/feature/src/index.ts
../../libs/shared/util-config/src/lib/module-registry.ts @ webpack-internal:///(app-pages-browser)/../../node_modules/.pnpm/next@16.1.7_@babel+core@7.29.7_@playwright+test@1.60.0_react-dom@19.2.7_react@19.2.7/node_modules/next/dist/next-devtools/shared/forward-logs-shared.js:27
[ 1249345ms] [LOG] [Fast Refresh] done in 1920ms @ webpack-internal:///(app-pages-browser)/../../node_modules/.pnpm/next@16.1.7_@babel+core@7.29.7_@playwright+test@1.60.0_react-dom@19.2.7_react@19.2.7/node_modules/next/dist/next-devtools/shared/forward-logs-shared.js:27
[ 1307933ms] [LOG] [Fast Refresh] rebuilding @ webpack-internal:///(app-pages-browser)/../../node_modules/.pnpm/next@16.1.7_@babel+core@7.29.7_@playwright+test@1.60.0_react-dom@19.2.7_react@19.2.7/node_modules/next/dist/next-devtools/shared/forward-logs-shared.js:27
[ 1309085ms] [WARNING] ../../libs/modules/user/data-access/src/index.ts
export 'ResultInfo' (reexported as 'ResultInfo') was not found in './lib/user.api' (possible exports: deleteUser, getRoleOptions, getTdOptions, getUserDetail, getUserList, resetUserPassword, saveUser, updateUser, updateUserStatus)

Import trace for requested module:
../../libs/modules/user/data-access/src/index.ts
../../libs/modules/user/feature/src/lib/user-list-page.tsx
../../libs/modules/user/feature/src/index.ts
../../libs/shared/util-config/src/lib/module-registry.ts @ webpack-internal:///(app-pages-browser)/../../node_modules/.pnpm/next@16.1.7_@babel+core@7.29.7_@playwright+test@1.60.0_react-dom@19.2.7_react@19.2.7/node_modules/next/dist/next-devtools/shared/forward-logs-shared.js:27
[ 1309119ms] [LOG] [Fast Refresh] done in 1186ms @ webpack-internal:///(app-pages-browser)/../../node_modules/.pnpm/next@16.1.7_@babel+core@7.29.7_@playwright+test@1.60.0_react-dom@19.2.7_react@19.2.7/node_modules/next/dist/next-devtools/shared/forward-logs-shared.js:27
[ 1368466ms] [LOG] [Fast Refresh] rebuilding @ webpack-internal:///(app-pages-browser)/../../node_modules/.pnpm/next@16.1.7_@babel+core@7.29.7_@playwright+test@1.60.0_react-dom@19.2.7_react@19.2.7/node_modules/next/dist/next-devtools/shared/forward-logs-shared.js:27
[ 1369510ms] [WARNING] ../../libs/modules/user/data-access/src/index.ts
export 'ResultInfo' (reexported as 'ResultInfo') was not found in './lib/user.api' (possible exports: deleteUser, getRoleOptions, getTdOptions, getUserDetail, getUserList, resetUserPassword, saveUser, updateUser, updateUserStatus)

Import trace for requested module:
../../libs/modules/user/data-access/src/index.ts
../../libs/modules/user/feature/src/lib/user-list-page.tsx
../../libs/modules/user/feature/src/index.ts
../../libs/shared/util-config/src/lib/module-registry.ts @ webpack-internal:///(app-pages-browser)/../../node_modules/.pnpm/next@16.1.7_@babel+core@7.29.7_@playwright+test@1.60.0_react-dom@19.2.7_react@19.2.7/node_modules/next/dist/next-devtools/shared/forward-logs-shared.js:27
[ 1369548ms] [LOG] [Fast Refresh] done in 1082ms @ webpack-internal:///(app-pages-browser)/../../node_modules/.pnpm/next@16.1.7_@babel+core@7.29.7_@playwright+test@1.60.0_react-dom@19.2.7_react@19.2.7/node_modules/next/dist/next-devtools/shared/forward-logs-shared.js:27
[ 1428989ms] [LOG] [Fast Refresh] rebuilding @ webpack-internal:///(app-pages-browser)/../../node_modules/.pnpm/next@16.1.7_@babel+core@7.29.7_@playwright+test@1.60.0_react-dom@19.2.7_react@19.2.7/node_modules/next/dist/next-devtools/shared/forward-logs-shared.js:27
[ 1431032ms] [WARNING] ../../libs/modules/user/data-access/src/index.ts
export 'ResultInfo' (reexported as 'ResultInfo') was not found in './lib/user.api' (possible exports: deleteUser, getRoleOptions, getTdOptions, getUserDetail, getUserList, resetUserPassword, saveUser, updateUser, updateUserStatus)

Import trace for requested module:
../../libs/modules/user/data-access/src/index.ts
../../libs/modules/user/feature/src/lib/user-list-page.tsx
../../libs/modules/user/feature/src/index.ts
../../libs/shared/util-config/src/lib/module-registry.ts @ webpack-internal:///(app-pages-browser)/../../node_modules/.pnpm/next@16.1.7_@babel+core@7.29.7_@playwright+test@1.60.0_react-dom@19.2.7_react@19.2.7/node_modules/next/dist/next-devtools/shared/forward-logs-shared.js:27
[ 1431066ms] [LOG] [Fast Refresh] done in 2077ms @ webpack-internal:///(app-pages-browser)/../../node_modules/.pnpm/next@16.1.7_@babel+core@7.29.7_@playwright+test@1.60.0_react-dom@19.2.7_react@19.2.7/node_modules/next/dist/next-devtools/shared/forward-logs-shared.js:27
[ 1489519ms] [LOG] [Fast Refresh] rebuilding @ webpack-internal:///(app-pages-browser)/../../node_modules/.pnpm/next@16.1.7_@babel+core@7.29.7_@playwright+test@1.60.0_react-dom@19.2.7_react@19.2.7/node_modules/next/dist/next-devtools/shared/forward-logs-shared.js:27
[ 1490590ms] [WARNING] ../../libs/modules/user/data-access/src/index.ts
export 'ResultInfo' (reexported as 'ResultInfo') was not found in './lib/user.api' (possible exports: deleteUser, getRoleOptions, getTdOptions, getUserDetail, getUserList, resetUserPassword, saveUser, updateUser, updateUserStatus)

Import trace for requested module:
../../libs/modules/user/data-access/src/index.ts
../../libs/modules/user/feature/src/lib/user-list-page.tsx
../../libs/modules/user/feature/src/index.ts
../../libs/shared/util-config/src/lib/module-registry.ts @ webpack-internal:///(app-pages-browser)/../../node_modules/.pnpm/next@16.1.7_@babel+core@7.29.7_@playwright+test@1.60.0_react-dom@19.2.7_react@19.2.7/node_modules/next/dist/next-devtools/shared/forward-logs-shared.js:27
[ 1490624ms] [LOG] [Fast Refresh] done in 1104ms @ webpack-internal:///(app-pages-browser)/../../node_modules/.pnpm/next@16.1.7_@babel+core@7.29.7_@playwright+test@1.60.0_react-dom@19.2.7_react@19.2.7/node_modules/next/dist/next-devtools/shared/forward-logs-shared.js:27
[ 1549856ms] [LOG] [Fast Refresh] rebuilding @ webpack-internal:///(app-pages-browser)/../../node_modules/.pnpm/next@16.1.7_@babel+core@7.29.7_@playwright+test@1.60.0_react-dom@19.2.7_react@19.2.7/node_modules/next/dist/next-devtools/shared/forward-logs-shared.js:27
[ 1550956ms] [WARNING] ../../libs/modules/user/data-access/src/index.ts
export 'ResultInfo' (reexported as 'ResultInfo') was not found in './lib/user.api' (possible exports: deleteUser, getRoleOptions, getTdOptions, getUserDetail, getUserList, resetUserPassword, saveUser, updateUser, updateUserStatus)

Import trace for requested module:
../../libs/modules/user/data-access/src/index.ts
../../libs/modules/user/feature/src/lib/user-list-page.tsx
../../libs/modules/user/feature/src/index.ts
../../libs/shared/util-config/src/lib/module-registry.ts @ webpack-internal:///(app-pages-browser)/../../node_modules/.pnpm/next@16.1.7_@babel+core@7.29.7_@playwright+test@1.60.0_react-dom@19.2.7_react@19.2.7/node_modules/next/dist/next-devtools/shared/forward-logs-shared.js:27
[ 1550993ms] [LOG] [Fast Refresh] done in 1137ms @ webpack-internal:///(app-pages-browser)/../../node_modules/.pnpm/next@16.1.7_@babel+core@7.29.7_@playwright+test@1.60.0_react-dom@19.2.7_react@19.2.7/node_modules/next/dist/next-devtools/shared/forward-logs-shared.js:27
[ 1571160ms] [LOG] [Fast Refresh] rebuilding @ webpack-internal:///(app-pages-browser)/../../node_modules/.pnpm/next@16.1.7_@babel+core@7.29.7_@playwright+test@1.60.0_react-dom@19.2.7_react@19.2.7/node_modules/next/dist/next-devtools/shared/forward-logs-shared.js:27
[ 1577638ms] [WARNING] ../../libs/modules/user/data-access/src/index.ts
export 'ResultInfo' (reexported as 'ResultInfo') was not found in './lib/user.api' (possible exports: deleteUser, getRoleOptions, getTdOptions, getUserDetail, getUserList, resetUserPassword, saveUser, updateUser, updateUserStatus)

Import trace for requested module:
../../libs/modules/user/data-access/src/index.ts
../../libs/modules/user/feature/src/lib/user-list-page.tsx
../../libs/modules/user/feature/src/index.ts
../../libs/shared/util-config/src/lib/module-registry.ts @ webpack-internal:///(app-pages-browser)/../../node_modules/.pnpm/next@16.1.7_@babel+core@7.29.7_@playwright+test@1.60.0_react-dom@19.2.7_react@19.2.7/node_modules/next/dist/next-devtools/shared/forward-logs-shared.js:27
[ 1577686ms] [LOG] [Fast Refresh] done in 6527ms @ webpack-internal:///(app-pages-browser)/../../node_modules/.pnpm/next@16.1.7_@babel+core@7.29.7_@playwright+test@1.60.0_react-dom@19.2.7_react@19.2.7/node_modules/next/dist/next-devtools/shared/forward-logs-shared.js:27
[ 1610166ms] [LOG] [Fast Refresh] rebuilding @ webpack-internal:///(app-pages-browser)/../../node_modules/.pnpm/next@16.1.7_@babel+core@7.29.7_@playwright+test@1.60.0_react-dom@19.2.7_react@19.2.7/node_modules/next/dist/next-devtools/shared/forward-logs-shared.js:27
[ 1611760ms] [WARNING] ../../libs/modules/user/data-access/src/index.ts
export 'ResultInfo' (reexported as 'ResultInfo') was not found in './lib/user.api' (possible exports: deleteUser, getRoleOptions, getTdOptions, getUserDetail, getUserList, resetUserPassword, saveUser, updateUser, updateUserStatus)

Import trace for requested module:
../../libs/modules/user/data-access/src/index.ts
../../libs/modules/user/feature/src/lib/user-list-page.tsx
../../libs/modules/user/feature/src/index.ts
../../libs/shared/util-config/src/lib/module-registry.ts @ webpack-internal:///(app-pages-browser)/../../node_modules/.pnpm/next@16.1.7_@babel+core@7.29.7_@playwright+test@1.60.0_react-dom@19.2.7_react@19.2.7/node_modules/next/dist/next-devtools/shared/forward-logs-shared.js:27
[ 1611819ms] [LOG] [Fast Refresh] done in 1653ms @ webpack-internal:///(app-pages-browser)/../../node_modules/.pnpm/next@16.1.7_@babel+core@7.29.7_@playwright+test@1.60.0_react-dom@19.2.7_react@19.2.7/node_modules/next/dist/next-devtools/shared/forward-logs-shared.js:27
[ 1670512ms] [LOG] [Fast Refresh] rebuilding @ webpack-internal:///(app-pages-browser)/../../node_modules/.pnpm/next@16.1.7_@babel+core@7.29.7_@playwright+test@1.60.0_react-dom@19.2.7_react@19.2.7/node_modules/next/dist/next-devtools/shared/forward-logs-shared.js:27
[ 1672022ms] [WARNING] ../../libs/modules/user/data-access/src/index.ts
export 'ResultInfo' (reexported as 'ResultInfo') was not found in './lib/user.api' (possible exports: deleteUser, getRoleOptions, getTdOptions, getUserDetail, getUserList, resetUserPassword, saveUser, updateUser, updateUserStatus)

Import trace for requested module:
../../libs/modules/user/data-access/src/index.ts
../../libs/modules/user/feature/src/lib/user-list-page.tsx
../../libs/modules/user/feature/src/index.ts
../../libs/shared/util-config/src/lib/module-registry.ts @ webpack-internal:///(app-pages-browser)/../../node_modules/.pnpm/next@16.1.7_@babel+core@7.29.7_@playwright+test@1.60.0_react-dom@19.2.7_react@19.2.7/node_modules/next/dist/next-devtools/shared/forward-logs-shared.js:27
[ 1672070ms] [LOG] [Fast Refresh] done in 1558ms @ webpack-internal:///(app-pages-browser)/../../node_modules/.pnpm/next@16.1.7_@babel+core@7.29.7_@playwright+test@1.60.0_react-dom@19.2.7_react@19.2.7/node_modules/next/dist/next-devtools/shared/forward-logs-shared.js:27
[ 1730884ms] [LOG] [Fast Refresh] rebuilding @ webpack-internal:///(app-pages-browser)/../../node_modules/.pnpm/next@16.1.7_@babel+core@7.29.7_@playwright+test@1.60.0_react-dom@19.2.7_react@19.2.7/node_modules/next/dist/next-devtools/shared/forward-logs-shared.js:27
[ 1732123ms] [WARNING] ../../libs/modules/user/data-access/src/index.ts
export 'ResultInfo' (reexported as 'ResultInfo') was not found in './lib/user.api' (possible exports: deleteUser, getRoleOptions, getTdOptions, getUserDetail, getUserList, resetUserPassword, saveUser, updateUser, updateUserStatus)

Import trace for requested module:
../../libs/modules/user/data-access/src/index.ts
../../libs/modules/user/feature/src/lib/user-list-page.tsx
../../libs/modules/user/feature/src/index.ts
../../libs/shared/util-config/src/lib/module-registry.ts @ webpack-internal:///(app-pages-browser)/../../node_modules/.pnpm/next@16.1.7_@babel+core@7.29.7_@playwright+test@1.60.0_react-dom@19.2.7_react@19.2.7/node_modules/next/dist/next-devtools/shared/forward-logs-shared.js:27
[ 1732176ms] [LOG] [Fast Refresh] done in 1291ms @ webpack-internal:///(app-pages-browser)/../../node_modules/.pnpm/next@16.1.7_@babel+core@7.29.7_@playwright+test@1.60.0_react-dom@19.2.7_react@19.2.7/node_modules/next/dist/next-devtools/shared/forward-logs-shared.js:27
[ 1791219ms] [LOG] [Fast Refresh] rebuilding @ webpack-internal:///(app-pages-browser)/../../node_modules/.pnpm/next@16.1.7_@babel+core@7.29.7_@playwright+test@1.60.0_react-dom@19.2.7_react@19.2.7/node_modules/next/dist/next-devtools/shared/forward-logs-shared.js:27
[ 1793694ms] [WARNING] ../../libs/modules/user/data-access/src/index.ts
export 'ResultInfo' (reexported as 'ResultInfo') was not found in './lib/user.api' (possible exports: deleteUser, getRoleOptions, getTdOptions, getUserDetail, getUserList, resetUserPassword, saveUser, updateUser, updateUserStatus)

Import trace for requested module:
../../libs/modules/user/data-access/src/index.ts
../../libs/modules/user/feature/src/lib/user-list-page.tsx
../../libs/modules/user/feature/src/index.ts
../../libs/shared/util-config/src/lib/module-registry.ts @ webpack-internal:///(app-pages-browser)/../../node_modules/.pnpm/next@16.1.7_@babel+core@7.29.7_@playwright+test@1.60.0_react-dom@19.2.7_react@19.2.7/node_modules/next/dist/next-devtools/shared/forward-logs-shared.js:27
[ 1793746ms] [LOG] [Fast Refresh] done in 2526ms @ webpack-internal:///(app-pages-browser)/../../node_modules/.pnpm/next@16.1.7_@babel+core@7.29.7_@playwright+test@1.60.0_react-dom@19.2.7_react@19.2.7/node_modules/next/dist/next-devtools/shared/forward-logs-shared.js:27
[ 1831610ms] [LOG] [Fast Refresh] rebuilding @ webpack-internal:///(app-pages-browser)/../../node_modules/.pnpm/next@16.1.7_@babel+core@7.29.7_@playwright+test@1.60.0_react-dom@19.2.7_react@19.2.7/node_modules/next/dist/next-devtools/shared/forward-logs-shared.js:27
[ 1836994ms] [WARNING] ../../libs/modules/user/data-access/src/index.ts
export 'ResultInfo' (reexported as 'ResultInfo') was not found in './lib/user.api' (possible exports: deleteUser, getRoleOptions, getTdOptions, getUserDetail, getUserList, resetUserPassword, saveUser, updateUser, updateUserStatus)

Import trace for requested module:
../../libs/modules/user/data-access/src/index.ts
../../libs/modules/user/feature/src/lib/user-list-page.tsx
../../libs/modules/user/feature/src/index.ts
../../libs/shared/util-config/src/lib/module-registry.ts @ webpack-internal:///(app-pages-browser)/../../node_modules/.pnpm/next@16.1.7_@babel+core@7.29.7_@playwright+test@1.60.0_react-dom@19.2.7_react@19.2.7/node_modules/next/dist/next-devtools/shared/forward-logs-shared.js:27
[ 1837290ms] [LOG] [Fast Refresh] done in 5680ms @ webpack-internal:///(app-pages-browser)/../../node_modules/.pnpm/next@16.1.7_@babel+core@7.29.7_@playwright+test@1.60.0_react-dom@19.2.7_react@19.2.7/node_modules/next/dist/next-devtools/shared/forward-logs-shared.js:27
[ 1850462ms] [LOG] [Fast Refresh] rebuilding @ webpack-internal:///(app-pages-browser)/../../node_modules/.pnpm/next@16.1.7_@babel+core@7.29.7_@playwright+test@1.60.0_react-dom@19.2.7_react@19.2.7/node_modules/next/dist/next-devtools/shared/forward-logs-shared.js:27
[ 1854104ms] [WARNING] ../../libs/modules/user/data-access/src/index.ts
export 'ResultInfo' (reexported as 'ResultInfo') was not found in './lib/user.api' (possible exports: deleteUser, getRoleOptions, getTdOptions, getUserDetail, getUserList, resetUserPassword, saveUser, updateUser, updateUserStatus)

Import trace for requested module:
../../libs/modules/user/data-access/src/index.ts
../../libs/modules/user/feature/src/lib/user-list-page.tsx
../../libs/modules/user/feature/src/index.ts
../../libs/shared/util-config/src/lib/module-registry.ts @ webpack-internal:///(app-pages-browser)/../../node_modules/.pnpm/next@16.1.7_@babel+core@7.29.7_@playwright+test@1.60.0_react-dom@19.2.7_react@19.2.7/node_modules/next/dist/next-devtools/shared/forward-logs-shared.js:27
[ 1854338ms] [LOG] [Fast Refresh] done in 3876ms @ webpack-internal:///(app-pages-browser)/../../node_modules/.pnpm/next@16.1.7_@babel+core@7.29.7_@playwright+test@1.60.0_react-dom@19.2.7_react@19.2.7/node_modules/next/dist/next-devtools/shared/forward-logs-shared.js:27
[ 1972320ms] [LOG] [Fast Refresh] rebuilding @ webpack-internal:///(app-pages-browser)/../../node_modules/.pnpm/next@16.1.7_@babel+core@7.29.7_@playwright+test@1.60.0_react-dom@19.2.7_react@19.2.7/node_modules/next/dist/next-devtools/shared/forward-logs-shared.js:27
[ 1975335ms] [WARNING] ../../libs/modules/user/data-access/src/index.ts
export 'ResultInfo' (reexported as 'ResultInfo') was not found in './lib/user.api' (possible exports: deleteUser, getRoleOptions, getTdOptions, getUserDetail, getUserList, resetUserPassword, saveUser, updateUser, updateUserStatus)

Import trace for requested module:
../../libs/modules/user/data-access/src/index.ts
../../libs/modules/user/feature/src/lib/user-list-page.tsx
../../libs/modules/user/feature/src/index.ts
../../libs/shared/util-config/src/lib/module-registry.ts @ webpack-internal:///(app-pages-browser)/../../node_modules/.pnpm/next@16.1.7_@babel+core@7.29.7_@playwright+test@1.60.0_react-dom@19.2.7_react@19.2.7/node_modules/next/dist/next-devtools/shared/forward-logs-shared.js:27
[ 1975389ms] [LOG] [Fast Refresh] done in 3070ms @ webpack-internal:///(app-pages-browser)/../../node_modules/.pnpm/next@16.1.7_@babel+core@7.29.7_@playwright+test@1.60.0_react-dom@19.2.7_react@19.2.7/node_modules/next/dist/next-devtools/shared/forward-logs-shared.js:27
[ 2021626ms] [LOG] [Fast Refresh] rebuilding @ webpack-internal:///(app-pages-browser)/../../node_modules/.pnpm/next@16.1.7_@babel+core@7.29.7_@playwright+test@1.60.0_react-dom@19.2.7_react@19.2.7/node_modules/next/dist/next-devtools/shared/forward-logs-shared.js:27
[ 2029019ms] [WARNING] ../../libs/modules/user/data-access/src/index.ts
export 'ResultInfo' (reexported as 'ResultInfo') was not found in './lib/user.api' (possible exports: deleteUser, getRoleOptions, getTdOptions, getUserDetail, getUserList, resetUserPassword, saveUser, updateUser, updateUserStatus)

Import trace for requested module:
../../libs/modules/user/data-access/src/index.ts
../../libs/modules/user/feature/src/lib/user-list-page.tsx
../../libs/modules/user/feature/src/index.ts
../../libs/shared/util-config/src/lib/module-registry.ts @ webpack-internal:///(app-pages-browser)/../../node_modules/.pnpm/next@16.1.7_@babel+core@7.29.7_@playwright+test@1.60.0_react-dom@19.2.7_react@19.2.7/node_modules/next/dist/next-devtools/shared/forward-logs-shared.js:27
[ 2029226ms] [LOG] [Fast Refresh] done in 7600ms @ webpack-internal:///(app-pages-browser)/../../node_modules/.pnpm/next@16.1.7_@babel+core@7.29.7_@playwright+test@1.60.0_react-dom@19.2.7_react@19.2.7/node_modules/next/dist/next-devtools/shared/forward-logs-shared.js:27
[ 2032634ms] [LOG] [Fast Refresh] rebuilding @ webpack-internal:///(app-pages-browser)/../../node_modules/.pnpm/next@16.1.7_@babel+core@7.29.7_@playwright+test@1.60.0_react-dom@19.2.7_react@19.2.7/node_modules/next/dist/next-devtools/shared/forward-logs-shared.js:27
[ 2034212ms] [WARNING] ../../libs/modules/user/data-access/src/index.ts
export 'ResultInfo' (reexported as 'ResultInfo') was not found in './lib/user.api' (possible exports: deleteUser, getRoleOptions, getTdOptions, getUserDetail, getUserList, resetUserPassword, saveUser, updateUser, updateUserStatus)

Import trace for requested module:
../../libs/modules/user/data-access/src/index.ts
../../libs/modules/user/feature/src/lib/user-list-page.tsx
../../libs/modules/user/feature/src/index.ts
../../libs/shared/util-config/src/lib/module-registry.ts @ webpack-internal:///(app-pages-browser)/../../node_modules/.pnpm/next@16.1.7_@babel+core@7.29.7_@playwright+test@1.60.0_react-dom@19.2.7_react@19.2.7/node_modules/next/dist/next-devtools/shared/forward-logs-shared.js:27
[ 2034267ms] [LOG] [Fast Refresh] done in 1632ms @ webpack-internal:///(app-pages-browser)/../../node_modules/.pnpm/next@16.1.7_@babel+core@7.29.7_@playwright+test@1.60.0_react-dom@19.2.7_react@19.2.7/node_modules/next/dist/next-devtools/shared/forward-logs-shared.js:27
[ 2092956ms] [LOG] [Fast Refresh] rebuilding @ webpack-internal:///(app-pages-browser)/../../node_modules/.pnpm/next@16.1.7_@babel+core@7.29.7_@playwright+test@1.60.0_react-dom@19.2.7_react@19.2.7/node_modules/next/dist/next-devtools/shared/forward-logs-shared.js:27
[ 2094535ms] [WARNING] ../../libs/modules/user/data-access/src/index.ts
export 'ResultInfo' (reexported as 'ResultInfo') was not found in './lib/user.api' (possible exports: deleteUser, getRoleOptions, getTdOptions, getUserDetail, getUserList, resetUserPassword, saveUser, updateUser, updateUserStatus)

Import trace for requested module:
../../libs/modules/user/data-access/src/index.ts
../../libs/modules/user/feature/src/lib/user-list-page.tsx
../../libs/modules/user/feature/src/index.ts
../../libs/shared/util-config/src/lib/module-registry.ts @ webpack-internal:///(app-pages-browser)/../../node_modules/.pnpm/next@16.1.7_@babel+core@7.29.7_@playwright+test@1.60.0_react-dom@19.2.7_react@19.2.7/node_modules/next/dist/next-devtools/shared/forward-logs-shared.js:27
[ 2094598ms] [LOG] [Fast Refresh] done in 1643ms @ webpack-internal:///(app-pages-browser)/../../node_modules/.pnpm/next@16.1.7_@babel+core@7.29.7_@playwright+test@1.60.0_react-dom@19.2.7_react@19.2.7/node_modules/next/dist/next-devtools/shared/forward-logs-shared.js:27
[ 2101123ms] [LOG] [Fast Refresh] rebuilding @ webpack-internal:///(app-pages-browser)/../../node_modules/.pnpm/next@16.1.7_@babel+core@7.29.7_@playwright+test@1.60.0_react-dom@19.2.7_react@19.2.7/node_modules/next/dist/next-devtools/shared/forward-logs-shared.js:27
[ 2103259ms] [WARNING] ../../libs/modules/user/data-access/src/index.ts
export 'ResultInfo' (reexported as 'ResultInfo') was not found in './lib/user.api' (possible exports: deleteUser, getRoleOptions, getTdOptions, getUserDetail, getUserList, resetUserPassword, saveUser, updateUser, updateUserStatus)

Import trace for requested module:
../../libs/modules/user/data-access/src/index.ts
../../libs/modules/user/feature/src/lib/user-list-page.tsx
../../libs/modules/user/feature/src/index.ts
../../libs/shared/util-config/src/lib/module-registry.ts @ webpack-internal:///(app-pages-browser)/../../node_modules/.pnpm/next@16.1.7_@babel+core@7.29.7_@playwright+test@1.60.0_react-dom@19.2.7_react@19.2.7/node_modules/next/dist/next-devtools/shared/forward-logs-shared.js:27
[ 2103326ms] [LOG] [Fast Refresh] done in 2202ms @ webpack-internal:///(app-pages-browser)/../../node_modules/.pnpm/next@16.1.7_@babel+core@7.29.7_@playwright+test@1.60.0_react-dom@19.2.7_react@19.2.7/node_modules/next/dist/next-devtools/shared/forward-logs-shared.js:27
[ 2153283ms] [LOG] [Fast Refresh] rebuilding @ webpack-internal:///(app-pages-browser)/../../node_modules/.pnpm/next@16.1.7_@babel+core@7.29.7_@playwright+test@1.60.0_react-dom@19.2.7_react@19.2.7/node_modules/next/dist/next-devtools/shared/forward-logs-shared.js:27
[ 2155865ms] [WARNING] ../../libs/modules/user/data-access/src/index.ts
export 'ResultInfo' (reexported as 'ResultInfo') was not found in './lib/user.api' (possible exports: deleteUser, getRoleOptions, getTdOptions, getUserDetail, getUserList, resetUserPassword, saveUser, updateUser, updateUserStatus)

Import trace for requested module:
../../libs/modules/user/data-access/src/index.ts
../../libs/modules/user/feature/src/lib/user-list-page.tsx
../../libs/modules/user/feature/src/index.ts
../../libs/shared/util-config/src/lib/module-registry.ts @ webpack-internal:///(app-pages-browser)/../../node_modules/.pnpm/next@16.1.7_@babel+core@7.29.7_@playwright+test@1.60.0_react-dom@19.2.7_react@19.2.7/node_modules/next/dist/next-devtools/shared/forward-logs-shared.js:27
[ 2155922ms] [LOG] [Fast Refresh] done in 2638ms @ webpack-internal:///(app-pages-browser)/../../node_modules/.pnpm/next@16.1.7_@babel+core@7.29.7_@playwright+test@1.60.0_react-dom@19.2.7_react@19.2.7/node_modules/next/dist/next-devtools/shared/forward-logs-shared.js:27
[ 2213761ms] [LOG] [Fast Refresh] rebuilding @ webpack-internal:///(app-pages-browser)/../../node_modules/.pnpm/next@16.1.7_@babel+core@7.29.7_@playwright+test@1.60.0_react-dom@19.2.7_react@19.2.7/node_modules/next/dist/next-devtools/shared/forward-logs-shared.js:27
[ 2215104ms] [WARNING] ../../libs/modules/user/data-access/src/index.ts
export 'ResultInfo' (reexported as 'ResultInfo') was not found in './lib/user.api' (possible exports: deleteUser, getRoleOptions, getTdOptions, getUserDetail, getUserList, resetUserPassword, saveUser, updateUser, updateUserStatus)

Import trace for requested module:
../../libs/modules/user/data-access/src/index.ts
../../libs/modules/user/feature/src/lib/user-list-page.tsx
../../libs/modules/user/feature/src/index.ts
../../libs/shared/util-config/src/lib/module-registry.ts @ webpack-internal:///(app-pages-browser)/../../node_modules/.pnpm/next@16.1.7_@babel+core@7.29.7_@playwright+test@1.60.0_react-dom@19.2.7_react@19.2.7/node_modules/next/dist/next-devtools/shared/forward-logs-shared.js:27
[ 2215157ms] [LOG] [Fast Refresh] done in 1396ms @ webpack-internal:///(app-pages-browser)/../../node_modules/.pnpm/next@16.1.7_@babel+core@7.29.7_@playwright+test@1.60.0_react-dom@19.2.7_react@19.2.7/node_modules/next/dist/next-devtools/shared/forward-logs-shared.js:27
[ 2274264ms] [LOG] [Fast Refresh] rebuilding @ webpack-internal:///(app-pages-browser)/../../node_modules/.pnpm/next@16.1.7_@babel+core@7.29.7_@playwright+test@1.60.0_react-dom@19.2.7_react@19.2.7/node_modules/next/dist/next-devtools/shared/forward-logs-shared.js:27
[ 2275642ms] [WARNING] ../../libs/modules/user/data-access/src/index.ts
export 'ResultInfo' (reexported as 'ResultInfo') was not found in './lib/user.api' (possible exports: deleteUser, getRoleOptions, getTdOptions, getUserDetail, getUserList, resetUserPassword, saveUser, updateUser, updateUserStatus)

Import trace for requested module:
../../libs/modules/user/data-access/src/index.ts
../../libs/modules/user/feature/src/lib/user-list-page.tsx
../../libs/modules/user/feature/src/index.ts
../../libs/shared/util-config/src/lib/module-registry.ts @ webpack-internal:///(app-pages-browser)/../../node_modules/.pnpm/next@16.1.7_@babel+core@7.29.7_@playwright+test@1.60.0_react-dom@19.2.7_react@19.2.7/node_modules/next/dist/next-devtools/shared/forward-logs-shared.js:27
[ 2275685ms] [LOG] [Fast Refresh] done in 1421ms @ webpack-internal:///(app-pages-browser)/../../node_modules/.pnpm/next@16.1.7_@babel+core@7.29.7_@playwright+test@1.60.0_react-dom@19.2.7_react@19.2.7/node_modules/next/dist/next-devtools/shared/forward-logs-shared.js:27
[ 2334803ms] [LOG] [Fast Refresh] rebuilding @ webpack-internal:///(app-pages-browser)/../../node_modules/.pnpm/next@16.1.7_@babel+core@7.29.7_@playwright+test@1.60.0_react-dom@19.2.7_react@19.2.7/node_modules/next/dist/next-devtools/shared/forward-logs-shared.js:27
[ 2337297ms] [WARNING] ../../libs/modules/user/data-access/src/index.ts
export 'ResultInfo' (reexported as 'ResultInfo') was not found in './lib/user.api' (possible exports: deleteUser, getRoleOptions, getTdOptions, getUserDetail, getUserList, resetUserPassword, saveUser, updateUser, updateUserStatus)

Import trace for requested module:
../../libs/modules/user/data-access/src/index.ts
../../libs/modules/user/feature/src/lib/user-list-page.tsx
../../libs/modules/user/feature/src/index.ts
../../libs/shared/util-config/src/lib/module-registry.ts @ webpack-internal:///(app-pages-browser)/../../node_modules/.pnpm/next@16.1.7_@babel+core@7.29.7_@playwright+test@1.60.0_react-dom@19.2.7_react@19.2.7/node_modules/next/dist/next-devtools/shared/forward-logs-shared.js:27
[ 2337359ms] [LOG] [Fast Refresh] done in 2556ms @ webpack-internal:///(app-pages-browser)/../../node_modules/.pnpm/next@16.1.7_@babel+core@7.29.7_@playwright+test@1.60.0_react-dom@19.2.7_react@19.2.7/node_modules/next/dist/next-devtools/shared/forward-logs-shared.js:27
[ 2356585ms] [LOG] [Fast Refresh] rebuilding @ webpack-internal:///(app-pages-browser)/../../node_modules/.pnpm/next@16.1.7_@babel+core@7.29.7_@playwright+test@1.60.0_react-dom@19.2.7_react@19.2.7/node_modules/next/dist/next-devtools/shared/forward-logs-shared.js:27
[ 2358716ms] [WARNING] ../../libs/modules/user/data-access/src/index.ts
export 'ResultInfo' (reexported as 'ResultInfo') was not found in './lib/user.api' (possible exports: deleteUser, getRoleOptions, getTdOptions, getUserDetail, getUserList, resetUserPassword, saveUser, updateUser, updateUserStatus)

Import trace for requested module:
../../libs/modules/user/data-access/src/index.ts
../../libs/modules/user/feature/src/lib/user-list-page.tsx
../../libs/modules/user/feature/src/index.ts
../../libs/shared/util-config/src/lib/module-registry.ts @ webpack-internal:///(app-pages-browser)/../../node_modules/.pnpm/next@16.1.7_@babel+core@7.29.7_@playwright+test@1.60.0_react-dom@19.2.7_react@19.2.7/node_modules/next/dist/next-devtools/shared/forward-logs-shared.js:27
[ 2358788ms] [LOG] [Fast Refresh] done in 2203ms @ webpack-internal:///(app-pages-browser)/../../node_modules/.pnpm/next@16.1.7_@babel+core@7.29.7_@playwright+test@1.60.0_react-dom@19.2.7_react@19.2.7/node_modules/next/dist/next-devtools/shared/forward-logs-shared.js:27
[ 2362246ms] [LOG] [Fast Refresh] rebuilding @ webpack-internal:///(app-pages-browser)/../../node_modules/.pnpm/next@16.1.7_@babel+core@7.29.7_@playwright+test@1.60.0_react-dom@19.2.7_react@19.2.7/node_modules/next/dist/next-devtools/shared/forward-logs-shared.js:27
[ 2364063ms] [WARNING] ../../libs/modules/user/data-access/src/index.ts
export 'ResultInfo' (reexported as 'ResultInfo') was not found in './lib/user.api' (possible exports: deleteUser, getRoleOptions, getTdOptions, getUserDetail, getUserList, resetUserPassword, saveUser, updateUser, updateUserStatus)

Import trace for requested module:
../../libs/modules/user/data-access/src/index.ts
../../libs/modules/user/feature/src/lib/user-list-page.tsx
../../libs/modules/user/feature/src/index.ts
../../libs/shared/util-config/src/lib/module-registry.ts @ webpack-internal:///(app-pages-browser)/../../node_modules/.pnpm/next@16.1.7_@babel+core@7.29.7_@playwright+test@1.60.0_react-dom@19.2.7_react@19.2.7/node_modules/next/dist/next-devtools/shared/forward-logs-shared.js:27
[ 2364162ms] [LOG] [Fast Refresh] done in 1916ms @ webpack-internal:///(app-pages-browser)/../../node_modules/.pnpm/next@16.1.7_@babel+core@7.29.7_@playwright+test@1.60.0_react-dom@19.2.7_react@19.2.7/node_modules/next/dist/next-devtools/shared/forward-logs-shared.js:27
[ 2395279ms] [LOG] [Fast Refresh] rebuilding @ webpack-internal:///(app-pages-browser)/../../node_modules/.pnpm/next@16.1.7_@babel+core@7.29.7_@playwright+test@1.60.0_react-dom@19.2.7_react@19.2.7/node_modules/next/dist/next-devtools/shared/forward-logs-shared.js:27
[ 2397715ms] [WARNING] ../../libs/modules/user/data-access/src/index.ts
export 'ResultInfo' (reexported as 'ResultInfo') was not found in './lib/user.api' (possible exports: deleteUser, getRoleOptions, getTdOptions, getUserDetail, getUserList, resetUserPassword, saveUser, updateUser, updateUserStatus)

Import trace for requested module:
../../libs/modules/user/data-access/src/index.ts
../../libs/modules/user/feature/src/lib/user-list-page.tsx
../../libs/modules/user/feature/src/index.ts
../../libs/shared/util-config/src/lib/module-registry.ts @ webpack-internal:///(app-pages-browser)/../../node_modules/.pnpm/next@16.1.7_@babel+core@7.29.7_@playwright+test@1.60.0_react-dom@19.2.7_react@19.2.7/node_modules/next/dist/next-devtools/shared/forward-logs-shared.js:27
[ 2397780ms] [LOG] [Fast Refresh] done in 2501ms @ webpack-internal:///(app-pages-browser)/../../node_modules/.pnpm/next@16.1.7_@babel+core@7.29.7_@playwright+test@1.60.0_react-dom@19.2.7_react@19.2.7/node_modules/next/dist/next-devtools/shared/forward-logs-shared.js:27
[ 2455765ms] [LOG] [Fast Refresh] rebuilding @ webpack-internal:///(app-pages-browser)/../../node_modules/.pnpm/next@16.1.7_@babel+core@7.29.7_@playwright+test@1.60.0_react-dom@19.2.7_react@19.2.7/node_modules/next/dist/next-devtools/shared/forward-logs-shared.js:27
[ 2457220ms] [WARNING] ../../libs/modules/user/data-access/src/index.ts
export 'ResultInfo' (reexported as 'ResultInfo') was not found in './lib/user.api' (possible exports: deleteUser, getRoleOptions, getTdOptions, getUserDetail, getUserList, resetUserPassword, saveUser, updateUser, updateUserStatus)

Import trace for requested module:
../../libs/modules/user/data-access/src/index.ts
../../libs/modules/user/feature/src/lib/user-list-page.tsx
../../libs/modules/user/feature/src/index.ts
../../libs/shared/util-config/src/lib/module-registry.ts @ webpack-internal:///(app-pages-browser)/../../node_modules/.pnpm/next@16.1.7_@babel+core@7.29.7_@playwright+test@1.60.0_react-dom@19.2.7_react@19.2.7/node_modules/next/dist/next-devtools/shared/forward-logs-shared.js:27
[ 2457270ms] [LOG] [Fast Refresh] done in 1506ms @ webpack-internal:///(app-pages-browser)/../../node_modules/.pnpm/next@16.1.7_@babel+core@7.29.7_@playwright+test@1.60.0_react-dom@19.2.7_react@19.2.7/node_modules/next/dist/next-devtools/shared/forward-logs-shared.js:27
[ 2516253ms] [LOG] [Fast Refresh] rebuilding @ webpack-internal:///(app-pages-browser)/../../node_modules/.pnpm/next@16.1.7_@babel+core@7.29.7_@playwright+test@1.60.0_react-dom@19.2.7_react@19.2.7/node_modules/next/dist/next-devtools/shared/forward-logs-shared.js:27
[ 2517617ms] [WARNING] ../../libs/modules/user/data-access/src/index.ts
export 'ResultInfo' (reexported as 'ResultInfo') was not found in './lib/user.api' (possible exports: deleteUser, getRoleOptions, getTdOptions, getUserDetail, getUserList, resetUserPassword, saveUser, updateUser, updateUserStatus)

Import trace for requested module:
../../libs/modules/user/data-access/src/index.ts
../../libs/modules/user/feature/src/lib/user-list-page.tsx
../../libs/modules/user/feature/src/index.ts
../../libs/shared/util-config/src/lib/module-registry.ts @ webpack-internal:///(app-pages-browser)/../../node_modules/.pnpm/next@16.1.7_@babel+core@7.29.7_@playwright+test@1.60.0_react-dom@19.2.7_react@19.2.7/node_modules/next/dist/next-devtools/shared/forward-logs-shared.js:27
[ 2517665ms] [LOG] [Fast Refresh] done in 1412ms @ webpack-internal:///(app-pages-browser)/../../node_modules/.pnpm/next@16.1.7_@babel+core@7.29.7_@playwright+test@1.60.0_react-dom@19.2.7_react@19.2.7/node_modules/next/dist/next-devtools/shared/forward-logs-shared.js:27
[ 2576874ms] [LOG] [Fast Refresh] rebuilding @ webpack-internal:///(app-pages-browser)/../../node_modules/.pnpm/next@16.1.7_@babel+core@7.29.7_@playwright+test@1.60.0_react-dom@19.2.7_react@19.2.7/node_modules/next/dist/next-devtools/shared/forward-logs-shared.js:27
[ 2579626ms] [WARNING] ../../libs/modules/user/data-access/src/index.ts
export 'ResultInfo' (reexported as 'ResultInfo') was not found in './lib/user.api' (possible exports: deleteUser, getRoleOptions, getTdOptions, getUserDetail, getUserList, resetUserPassword, saveUser, updateUser, updateUserStatus)

Import trace for requested module:
../../libs/modules/user/data-access/src/index.ts
../../libs/modules/user/feature/src/lib/user-list-page.tsx
../../libs/modules/user/feature/src/index.ts
../../libs/shared/util-config/src/lib/module-registry.ts @ webpack-internal:///(app-pages-browser)/../../node_modules/.pnpm/next@16.1.7_@babel+core@7.29.7_@playwright+test@1.60.0_react-dom@19.2.7_react@19.2.7/node_modules/next/dist/next-devtools/shared/forward-logs-shared.js:27
[ 2579694ms] [LOG] [Fast Refresh] done in 2819ms @ webpack-internal:///(app-pages-browser)/../../node_modules/.pnpm/next@16.1.7_@babel+core@7.29.7_@playwright+test@1.60.0_react-dom@19.2.7_react@19.2.7/node_modules/next/dist/next-devtools/shared/forward-logs-shared.js:27
[ 2637357ms] [LOG] [Fast Refresh] rebuilding @ webpack-internal:///(app-pages-browser)/../../node_modules/.pnpm/next@16.1.7_@babel+core@7.29.7_@playwright+test@1.60.0_react-dom@19.2.7_react@19.2.7/node_modules/next/dist/next-devtools/shared/forward-logs-shared.js:27
[ 2638823ms] [WARNING] ../../libs/modules/user/data-access/src/index.ts
export 'ResultInfo' (reexported as 'ResultInfo') was not found in './lib/user.api' (possible exports: deleteUser, getRoleOptions, getTdOptions, getUserDetail, getUserList, resetUserPassword, saveUser, updateUser, updateUserStatus)

Import trace for requested module:
../../libs/modules/user/data-access/src/index.ts
../../libs/modules/user/feature/src/lib/user-list-page.tsx
../../libs/modules/user/feature/src/index.ts
../../libs/shared/util-config/src/lib/module-registry.ts @ webpack-internal:///(app-pages-browser)/../../node_modules/.pnpm/next@16.1.7_@babel+core@7.29.7_@playwright+test@1.60.0_react-dom@19.2.7_react@19.2.7/node_modules/next/dist/next-devtools/shared/forward-logs-shared.js:27
[ 2638878ms] [LOG] [Fast Refresh] done in 1521ms @ webpack-internal:///(app-pages-browser)/../../node_modules/.pnpm/next@16.1.7_@babel+core@7.29.7_@playwright+test@1.60.0_react-dom@19.2.7_react@19.2.7/node_modules/next/dist/next-devtools/shared/forward-logs-shared.js:27
[ 2697878ms] [LOG] [Fast Refresh] rebuilding @ webpack-internal:///(app-pages-browser)/../../node_modules/.pnpm/next@16.1.7_@babel+core@7.29.7_@playwright+test@1.60.0_react-dom@19.2.7_react@19.2.7/node_modules/next/dist/next-devtools/shared/forward-logs-shared.js:27
[ 2699271ms] [WARNING] ../../libs/modules/user/data-access/src/index.ts
export 'ResultInfo' (reexported as 'ResultInfo') was not found in './lib/user.api' (possible exports: deleteUser, getRoleOptions, getTdOptions, getUserDetail, getUserList, resetUserPassword, saveUser, updateUser, updateUserStatus)

Import trace for requested module:
../../libs/modules/user/data-access/src/index.ts
../../libs/modules/user/feature/src/lib/user-list-page.tsx
../../libs/modules/user/feature/src/index.ts
../../libs/shared/util-config/src/lib/module-registry.ts @ webpack-internal:///(app-pages-browser)/../../node_modules/.pnpm/next@16.1.7_@babel+core@7.29.7_@playwright+test@1.60.0_react-dom@19.2.7_react@19.2.7/node_modules/next/dist/next-devtools/shared/forward-logs-shared.js:27
[ 2699321ms] [LOG] [Fast Refresh] done in 1443ms @ webpack-internal:///(app-pages-browser)/../../node_modules/.pnpm/next@16.1.7_@babel+core@7.29.7_@playwright+test@1.60.0_react-dom@19.2.7_react@19.2.7/node_modules/next/dist/next-devtools/shared/forward-logs-shared.js:27
[ 2758287ms] [LOG] [Fast Refresh] rebuilding @ webpack-internal:///(app-pages-browser)/../../node_modules/.pnpm/next@16.1.7_@babel+core@7.29.7_@playwright+test@1.60.0_react-dom@19.2.7_react@19.2.7/node_modules/next/dist/next-devtools/shared/forward-logs-shared.js:27
[ 2760878ms] [WARNING] ../../libs/modules/user/data-access/src/index.ts
export 'ResultInfo' (reexported as 'ResultInfo') was not found in './lib/user.api' (possible exports: deleteUser, getRoleOptions, getTdOptions, getUserDetail, getUserList, resetUserPassword, saveUser, updateUser, updateUserStatus)

Import trace for requested module:
../../libs/modules/user/data-access/src/index.ts
../../libs/modules/user/feature/src/lib/user-list-page.tsx
../../libs/modules/user/feature/src/index.ts
../../libs/shared/util-config/src/lib/module-registry.ts @ webpack-internal:///(app-pages-browser)/../../node_modules/.pnpm/next@16.1.7_@babel+core@7.29.7_@playwright+test@1.60.0_react-dom@19.2.7_react@19.2.7/node_modules/next/dist/next-devtools/shared/forward-logs-shared.js:27
[ 2760925ms] [LOG] [Fast Refresh] done in 2637ms @ webpack-internal:///(app-pages-browser)/../../node_modules/.pnpm/next@16.1.7_@babel+core@7.29.7_@playwright+test@1.60.0_react-dom@19.2.7_react@19.2.7/node_modules/next/dist/next-devtools/shared/forward-logs-shared.js:27
[ 2818631ms] [LOG] [Fast Refresh] rebuilding @ webpack-internal:///(app-pages-browser)/../../node_modules/.pnpm/next@16.1.7_@babel+core@7.29.7_@playwright+test@1.60.0_react-dom@19.2.7_react@19.2.7/node_modules/next/dist/next-devtools/shared/forward-logs-shared.js:27
[ 2819982ms] [WARNING] ../../libs/modules/user/data-access/src/index.ts
export 'ResultInfo' (reexported as 'ResultInfo') was not found in './lib/user.api' (possible exports: deleteUser, getRoleOptions, getTdOptions, getUserDetail, getUserList, resetUserPassword, saveUser, updateUser, updateUserStatus)

Import trace for requested module:
../../libs/modules/user/data-access/src/index.ts
../../libs/modules/user/feature/src/lib/user-list-page.tsx
../../libs/modules/user/feature/src/index.ts
../../libs/shared/util-config/src/lib/module-registry.ts @ webpack-internal:///(app-pages-browser)/../../node_modules/.pnpm/next@16.1.7_@babel+core@7.29.7_@playwright+test@1.60.0_react-dom@19.2.7_react@19.2.7/node_modules/next/dist/next-devtools/shared/forward-logs-shared.js:27
[ 2820030ms] [LOG] [Fast Refresh] done in 1399ms @ webpack-internal:///(app-pages-browser)/../../node_modules/.pnpm/next@16.1.7_@babel+core@7.29.7_@playwright+test@1.60.0_react-dom@19.2.7_react@19.2.7/node_modules/next/dist/next-devtools/shared/forward-logs-shared.js:27
[ 2878947ms] [LOG] [Fast Refresh] rebuilding @ webpack-internal:///(app-pages-browser)/../../node_modules/.pnpm/next@16.1.7_@babel+core@7.29.7_@playwright+test@1.60.0_react-dom@19.2.7_react@19.2.7/node_modules/next/dist/next-devtools/shared/forward-logs-shared.js:27
[ 2880268ms] [WARNING] ../../libs/modules/user/data-access/src/index.ts
export 'ResultInfo' (reexported as 'ResultInfo') was not found in './lib/user.api' (possible exports: deleteUser, getRoleOptions, getTdOptions, getUserDetail, getUserList, resetUserPassword, saveUser, updateUser, updateUserStatus)

Import trace for requested module:
../../libs/modules/user/data-access/src/index.ts
../../libs/modules/user/feature/src/lib/user-list-page.tsx
../../libs/modules/user/feature/src/index.ts
../../libs/shared/util-config/src/lib/module-registry.ts @ webpack-internal:///(app-pages-browser)/../../node_modules/.pnpm/next@16.1.7_@babel+core@7.29.7_@playwright+test@1.60.0_react-dom@19.2.7_react@19.2.7/node_modules/next/dist/next-devtools/shared/forward-logs-shared.js:27
[ 2880306ms] [LOG] [Fast Refresh] done in 1360ms @ webpack-internal:///(app-pages-browser)/../../node_modules/.pnpm/next@16.1.7_@babel+core@7.29.7_@playwright+test@1.60.0_react-dom@19.2.7_react@19.2.7/node_modules/next/dist/next-devtools/shared/forward-logs-shared.js:27
[ 2939276ms] [LOG] [Fast Refresh] rebuilding @ webpack-internal:///(app-pages-browser)/../../node_modules/.pnpm/next@16.1.7_@babel+core@7.29.7_@playwright+test@1.60.0_react-dom@19.2.7_react@19.2.7/node_modules/next/dist/next-devtools/shared/forward-logs-shared.js:27
[ 2941749ms] [WARNING] ../../libs/modules/user/data-access/src/index.ts
export 'ResultInfo' (reexported as 'ResultInfo') was not found in './lib/user.api' (possible exports: deleteUser, getRoleOptions, getTdOptions, getUserDetail, getUserList, resetUserPassword, saveUser, updateUser, updateUserStatus)

Import trace for requested module:
../../libs/modules/user/data-access/src/index.ts
../../libs/modules/user/feature/src/lib/user-list-page.tsx
../../libs/modules/user/feature/src/index.ts
../../libs/shared/util-config/src/lib/module-registry.ts @ webpack-internal:///(app-pages-browser)/../../node_modules/.pnpm/next@16.1.7_@babel+core@7.29.7_@playwright+test@1.60.0_react-dom@19.2.7_react@19.2.7/node_modules/next/dist/next-devtools/shared/forward-logs-shared.js:27
[ 2941789ms] [LOG] [Fast Refresh] done in 2513ms @ webpack-internal:///(app-pages-browser)/../../node_modules/.pnpm/next@16.1.7_@babel+core@7.29.7_@playwright+test@1.60.0_react-dom@19.2.7_react@19.2.7/node_modules/next/dist/next-devtools/shared/forward-logs-shared.js:27
[ 2999677ms] [LOG] [Fast Refresh] rebuilding @ webpack-internal:///(app-pages-browser)/../../node_modules/.pnpm/next@16.1.7_@babel+core@7.29.7_@playwright+test@1.60.0_react-dom@19.2.7_react@19.2.7/node_modules/next/dist/next-devtools/shared/forward-logs-shared.js:27
[ 3001297ms] [WARNING] ../../libs/modules/user/data-access/src/index.ts
export 'ResultInfo' (reexported as 'ResultInfo') was not found in './lib/user.api' (possible exports: deleteUser, getRoleOptions, getTdOptions, getUserDetail, getUserList, resetUserPassword, saveUser, updateUser, updateUserStatus)

Import trace for requested module:
../../libs/modules/user/data-access/src/index.ts
../../libs/modules/user/feature/src/lib/user-list-page.tsx
../../libs/modules/user/feature/src/index.ts
../../libs/shared/util-config/src/lib/module-registry.ts @ webpack-internal:///(app-pages-browser)/../../node_modules/.pnpm/next@16.1.7_@babel+core@7.29.7_@playwright+test@1.60.0_react-dom@19.2.7_react@19.2.7/node_modules/next/dist/next-devtools/shared/forward-logs-shared.js:27
[ 3001351ms] [LOG] [Fast Refresh] done in 1674ms @ webpack-internal:///(app-pages-browser)/../../node_modules/.pnpm/next@16.1.7_@babel+core@7.29.7_@playwright+test@1.60.0_react-dom@19.2.7_react@19.2.7/node_modules/next/dist/next-devtools/shared/forward-logs-shared.js:27
[ 3059992ms] [LOG] [Fast Refresh] rebuilding @ webpack-internal:///(app-pages-browser)/../../node_modules/.pnpm/next@16.1.7_@babel+core@7.29.7_@playwright+test@1.60.0_react-dom@19.2.7_react@19.2.7/node_modules/next/dist/next-devtools/shared/forward-logs-shared.js:27
[ 3061250ms] [WARNING] ../../libs/modules/user/data-access/src/index.ts
export 'ResultInfo' (reexported as 'ResultInfo') was not found in './lib/user.api' (possible exports: deleteUser, getRoleOptions, getTdOptions, getUserDetail, getUserList, resetUserPassword, saveUser, updateUser, updateUserStatus)

Import trace for requested module:
../../libs/modules/user/data-access/src/index.ts
../../libs/modules/user/feature/src/lib/user-list-page.tsx
../../libs/modules/user/feature/src/index.ts
../../libs/shared/util-config/src/lib/module-registry.ts @ webpack-internal:///(app-pages-browser)/../../node_modules/.pnpm/next@16.1.7_@babel+core@7.29.7_@playwright+test@1.60.0_react-dom@19.2.7_react@19.2.7/node_modules/next/dist/next-devtools/shared/forward-logs-shared.js:27
[ 3061299ms] [LOG] [Fast Refresh] done in 1306ms @ webpack-internal:///(app-pages-browser)/../../node_modules/.pnpm/next@16.1.7_@babel+core@7.29.7_@playwright+test@1.60.0_react-dom@19.2.7_react@19.2.7/node_modules/next/dist/next-devtools/shared/forward-logs-shared.js:27
[ 3120334ms] [LOG] [Fast Refresh] rebuilding @ webpack-internal:///(app-pages-browser)/../../node_modules/.pnpm/next@16.1.7_@babel+core@7.29.7_@playwright+test@1.60.0_react-dom@19.2.7_react@19.2.7/node_modules/next/dist/next-devtools/shared/forward-logs-shared.js:27
[ 3122818ms] [WARNING] ../../libs/modules/user/data-access/src/index.ts
export 'ResultInfo' (reexported as 'ResultInfo') was not found in './lib/user.api' (possible exports: deleteUser, getRoleOptions, getTdOptions, getUserDetail, getUserList, resetUserPassword, saveUser, updateUser, updateUserStatus)

Import trace for requested module:
../../libs/modules/user/data-access/src/index.ts
../../libs/modules/user/feature/src/lib/user-list-page.tsx
../../libs/modules/user/feature/src/index.ts
../../libs/shared/util-config/src/lib/module-registry.ts @ webpack-internal:///(app-pages-browser)/../../node_modules/.pnpm/next@16.1.7_@babel+core@7.29.7_@playwright+test@1.60.0_react-dom@19.2.7_react@19.2.7/node_modules/next/dist/next-devtools/shared/forward-logs-shared.js:27
[ 3122864ms] [LOG] [Fast Refresh] done in 2531ms @ webpack-internal:///(app-pages-browser)/../../node_modules/.pnpm/next@16.1.7_@babel+core@7.29.7_@playwright+test@1.60.0_react-dom@19.2.7_react@19.2.7/node_modules/next/dist/next-devtools/shared/forward-logs-shared.js:27
[ 3180691ms] [LOG] [Fast Refresh] rebuilding @ webpack-internal:///(app-pages-browser)/../../node_modules/.pnpm/next@16.1.7_@babel+core@7.29.7_@playwright+test@1.60.0_react-dom@19.2.7_react@19.2.7/node_modules/next/dist/next-devtools/shared/forward-logs-shared.js:27
[ 3181979ms] [WARNING] ../../libs/modules/user/data-access/src/index.ts
export 'ResultInfo' (reexported as 'ResultInfo') was not found in './lib/user.api' (possible exports: deleteUser, getRoleOptions, getTdOptions, getUserDetail, getUserList, resetUserPassword, saveUser, updateUser, updateUserStatus)

Import trace for requested module:
../../libs/modules/user/data-access/src/index.ts
../../libs/modules/user/feature/src/lib/user-list-page.tsx
../../libs/modules/user/feature/src/index.ts
../../libs/shared/util-config/src/lib/module-registry.ts @ webpack-internal:///(app-pages-browser)/../../node_modules/.pnpm/next@16.1.7_@babel+core@7.29.7_@playwright+test@1.60.0_react-dom@19.2.7_react@19.2.7/node_modules/next/dist/next-devtools/shared/forward-logs-shared.js:27
[ 3182021ms] [LOG] [Fast Refresh] done in 1329ms @ webpack-internal:///(app-pages-browser)/../../node_modules/.pnpm/next@16.1.7_@babel+core@7.29.7_@playwright+test@1.60.0_react-dom@19.2.7_react@19.2.7/node_modules/next/dist/next-devtools/shared/forward-logs-shared.js:27
[ 3241013ms] [LOG] [Fast Refresh] rebuilding @ webpack-internal:///(app-pages-browser)/../../node_modules/.pnpm/next@16.1.7_@babel+core@7.29.7_@playwright+test@1.60.0_react-dom@19.2.7_react@19.2.7/node_modules/next/dist/next-devtools/shared/forward-logs-shared.js:27
[ 3242257ms] [WARNING] ../../libs/modules/user/data-access/src/index.ts
export 'ResultInfo' (reexported as 'ResultInfo') was not found in './lib/user.api' (possible exports: deleteUser, getRoleOptions, getTdOptions, getUserDetail, getUserList, resetUserPassword, saveUser, updateUser, updateUserStatus)

Import trace for requested module:
../../libs/modules/user/data-access/src/index.ts
../../libs/modules/user/feature/src/lib/user-list-page.tsx
../../libs/modules/user/feature/src/index.ts
../../libs/shared/util-config/src/lib/module-registry.ts @ webpack-internal:///(app-pages-browser)/../../node_modules/.pnpm/next@16.1.7_@babel+core@7.29.7_@playwright+test@1.60.0_react-dom@19.2.7_react@19.2.7/node_modules/next/dist/next-devtools/shared/forward-logs-shared.js:27
[ 3242303ms] [LOG] [Fast Refresh] done in 1290ms @ webpack-internal:///(app-pages-browser)/../../node_modules/.pnpm/next@16.1.7_@babel+core@7.29.7_@playwright+test@1.60.0_react-dom@19.2.7_react@19.2.7/node_modules/next/dist/next-devtools/shared/forward-logs-shared.js:27
[ 3301351ms] [LOG] [Fast Refresh] rebuilding @ webpack-internal:///(app-pages-browser)/../../node_modules/.pnpm/next@16.1.7_@babel+core@7.29.7_@playwright+test@1.60.0_react-dom@19.2.7_react@19.2.7/node_modules/next/dist/next-devtools/shared/forward-logs-shared.js:27
[ 3303643ms] [WARNING] ../../libs/modules/user/data-access/src/index.ts
export 'ResultInfo' (reexported as 'ResultInfo') was not found in './lib/user.api' (possible exports: deleteUser, getRoleOptions, getTdOptions, getUserDetail, getUserList, resetUserPassword, saveUser, updateUser, updateUserStatus)

Import trace for requested module:
../../libs/modules/user/data-access/src/index.ts
../../libs/modules/user/feature/src/lib/user-list-page.tsx
../../libs/modules/user/feature/src/index.ts
../../libs/shared/util-config/src/lib/module-registry.ts @ webpack-internal:///(app-pages-browser)/../../node_modules/.pnpm/next@16.1.7_@babel+core@7.29.7_@playwright+test@1.60.0_react-dom@19.2.7_react@19.2.7/node_modules/next/dist/next-devtools/shared/forward-logs-shared.js:27
[ 3303687ms] [LOG] [Fast Refresh] done in 2336ms @ webpack-internal:///(app-pages-browser)/../../node_modules/.pnpm/next@16.1.7_@babel+core@7.29.7_@playwright+test@1.60.0_react-dom@19.2.7_react@19.2.7/node_modules/next/dist/next-devtools/shared/forward-logs-shared.js:27
[ 3361860ms] [LOG] [Fast Refresh] rebuilding @ webpack-internal:///(app-pages-browser)/../../node_modules/.pnpm/next@16.1.7_@babel+core@7.29.7_@playwright+test@1.60.0_react-dom@19.2.7_react@19.2.7/node_modules/next/dist/next-devtools/shared/forward-logs-shared.js:27
[ 3363164ms] [WARNING] ../../libs/modules/user/data-access/src/index.ts
export 'ResultInfo' (reexported as 'ResultInfo') was not found in './lib/user.api' (possible exports: deleteUser, getRoleOptions, getTdOptions, getUserDetail, getUserList, resetUserPassword, saveUser, updateUser, updateUserStatus)

Import trace for requested module:
../../libs/modules/user/data-access/src/index.ts
../../libs/modules/user/feature/src/lib/user-list-page.tsx
../../libs/modules/user/feature/src/index.ts
../../libs/shared/util-config/src/lib/module-registry.ts @ webpack-internal:///(app-pages-browser)/../../node_modules/.pnpm/next@16.1.7_@babel+core@7.29.7_@playwright+test@1.60.0_react-dom@19.2.7_react@19.2.7/node_modules/next/dist/next-devtools/shared/forward-logs-shared.js:27
[ 3363218ms] [LOG] [Fast Refresh] done in 1357ms @ webpack-internal:///(app-pages-browser)/../../node_modules/.pnpm/next@16.1.7_@babel+core@7.29.7_@playwright+test@1.60.0_react-dom@19.2.7_react@19.2.7/node_modules/next/dist/next-devtools/shared/forward-logs-shared.js:27
[ 3422383ms] [LOG] [Fast Refresh] rebuilding @ webpack-internal:///(app-pages-browser)/../../node_modules/.pnpm/next@16.1.7_@babel+core@7.29.7_@playwright+test@1.60.0_react-dom@19.2.7_react@19.2.7/node_modules/next/dist/next-devtools/shared/forward-logs-shared.js:27
[ 3423625ms] [WARNING] ../../libs/modules/user/data-access/src/index.ts
export 'ResultInfo' (reexported as 'ResultInfo') was not found in './lib/user.api' (possible exports: deleteUser, getRoleOptions, getTdOptions, getUserDetail, getUserList, resetUserPassword, saveUser, updateUser, updateUserStatus)

Import trace for requested module:
../../libs/modules/user/data-access/src/index.ts
../../libs/modules/user/feature/src/lib/user-list-page.tsx
../../libs/modules/user/feature/src/index.ts
../../libs/shared/util-config/src/lib/module-registry.ts @ webpack-internal:///(app-pages-browser)/../../node_modules/.pnpm/next@16.1.7_@babel+core@7.29.7_@playwright+test@1.60.0_react-dom@19.2.7_react@19.2.7/node_modules/next/dist/next-devtools/shared/forward-logs-shared.js:27
[ 3423739ms] [LOG] [Fast Refresh] done in 1355ms @ webpack-internal:///(app-pages-browser)/../../node_modules/.pnpm/next@16.1.7_@babel+core@7.29.7_@playwright+test@1.60.0_react-dom@19.2.7_react@19.2.7/node_modules/next/dist/next-devtools/shared/forward-logs-shared.js:27
[ 3482890ms] [LOG] [Fast Refresh] rebuilding @ webpack-internal:///(app-pages-browser)/../../node_modules/.pnpm/next@16.1.7_@babel+core@7.29.7_@playwright+test@1.60.0_react-dom@19.2.7_react@19.2.7/node_modules/next/dist/next-devtools/shared/forward-logs-shared.js:27
[ 3485345ms] [WARNING] ../../libs/modules/user/data-access/src/index.ts
export 'ResultInfo' (reexported as 'ResultInfo') was not found in './lib/user.api' (possible exports: deleteUser, getRoleOptions, getTdOptions, getUserDetail, getUserList, resetUserPassword, saveUser, updateUser, updateUserStatus)

Import trace for requested module:
../../libs/modules/user/data-access/src/index.ts
../../libs/modules/user/feature/src/lib/user-list-page.tsx
../../libs/modules/user/feature/src/index.ts
../../libs/shared/util-config/src/lib/module-registry.ts @ webpack-internal:///(app-pages-browser)/../../node_modules/.pnpm/next@16.1.7_@babel+core@7.29.7_@playwright+test@1.60.0_react-dom@19.2.7_react@19.2.7/node_modules/next/dist/next-devtools/shared/forward-logs-shared.js:27
[ 3485407ms] [LOG] [Fast Refresh] done in 2517ms @ webpack-internal:///(app-pages-browser)/../../node_modules/.pnpm/next@16.1.7_@babel+core@7.29.7_@playwright+test@1.60.0_react-dom@19.2.7_react@19.2.7/node_modules/next/dist/next-devtools/shared/forward-logs-shared.js:27
[ 3543483ms] [LOG] [Fast Refresh] rebuilding @ webpack-internal:///(app-pages-browser)/../../node_modules/.pnpm/next@16.1.7_@babel+core@7.29.7_@playwright+test@1.60.0_react-dom@19.2.7_react@19.2.7/node_modules/next/dist/next-devtools/shared/forward-logs-shared.js:27
[ 3544770ms] [WARNING] ../../libs/modules/user/data-access/src/index.ts
export 'ResultInfo' (reexported as 'ResultInfo') was not found in './lib/user.api' (possible exports: deleteUser, getRoleOptions, getTdOptions, getUserDetail, getUserList, resetUserPassword, saveUser, updateUser, updateUserStatus)

Import trace for requested module:
../../libs/modules/user/data-access/src/index.ts
../../libs/modules/user/feature/src/lib/user-list-page.tsx
../../libs/modules/user/feature/src/index.ts
../../libs/shared/util-config/src/lib/module-registry.ts @ webpack-internal:///(app-pages-browser)/../../node_modules/.pnpm/next@16.1.7_@babel+core@7.29.7_@playwright+test@1.60.0_react-dom@19.2.7_react@19.2.7/node_modules/next/dist/next-devtools/shared/forward-logs-shared.js:27
[ 3544816ms] [LOG] [Fast Refresh] done in 1334ms @ webpack-internal:///(app-pages-browser)/../../node_modules/.pnpm/next@16.1.7_@babel+core@7.29.7_@playwright+test@1.60.0_react-dom@19.2.7_react@19.2.7/node_modules/next/dist/next-devtools/shared/forward-logs-shared.js:27
[ 3604012ms] [LOG] [Fast Refresh] rebuilding @ webpack-internal:///(app-pages-browser)/../../node_modules/.pnpm/next@16.1.7_@babel+core@7.29.7_@playwright+test@1.60.0_react-dom@19.2.7_react@19.2.7/node_modules/next/dist/next-devtools/shared/forward-logs-shared.js:27
[ 3605290ms] [WARNING] ../../libs/modules/user/data-access/src/index.ts
export 'ResultInfo' (reexported as 'ResultInfo') was not found in './lib/user.api' (possible exports: deleteUser, getRoleOptions, getTdOptions, getUserDetail, getUserList, resetUserPassword, saveUser, updateUser, updateUserStatus)

Import trace for requested module:
../../libs/modules/user/data-access/src/index.ts
../../libs/modules/user/feature/src/lib/user-list-page.tsx
../../libs/modules/user/feature/src/index.ts
../../libs/shared/util-config/src/lib/module-registry.ts @ webpack-internal:///(app-pages-browser)/../../node_modules/.pnpm/next@16.1.7_@babel+core@7.29.7_@playwright+test@1.60.0_react-dom@19.2.7_react@19.2.7/node_modules/next/dist/next-devtools/shared/forward-logs-shared.js:27
[ 3605349ms] [LOG] [Fast Refresh] done in 1337ms @ webpack-internal:///(app-pages-browser)/../../node_modules/.pnpm/next@16.1.7_@babel+core@7.29.7_@playwright+test@1.60.0_react-dom@19.2.7_react@19.2.7/node_modules/next/dist/next-devtools/shared/forward-logs-shared.js:27
[ 3664546ms] [LOG] [Fast Refresh] rebuilding @ webpack-internal:///(app-pages-browser)/../../node_modules/.pnpm/next@16.1.7_@babel+core@7.29.7_@playwright+test@1.60.0_react-dom@19.2.7_react@19.2.7/node_modules/next/dist/next-devtools/shared/forward-logs-shared.js:27
[ 3666958ms] [WARNING] ../../libs/modules/user/data-access/src/index.ts
export 'ResultInfo' (reexported as 'ResultInfo') was not found in './lib/user.api' (possible exports: deleteUser, getRoleOptions, getTdOptions, getUserDetail, getUserList, resetUserPassword, saveUser, updateUser, updateUserStatus)

Import trace for requested module:
../../libs/modules/user/data-access/src/index.ts
../../libs/modules/user/feature/src/lib/user-list-page.tsx
../../libs/modules/user/feature/src/index.ts
../../libs/shared/util-config/src/lib/module-registry.ts @ webpack-internal:///(app-pages-browser)/../../node_modules/.pnpm/next@16.1.7_@babel+core@7.29.7_@playwright+test@1.60.0_react-dom@19.2.7_react@19.2.7/node_modules/next/dist/next-devtools/shared/forward-logs-shared.js:27
[ 3667009ms] [LOG] [Fast Refresh] done in 2463ms @ webpack-internal:///(app-pages-browser)/../../node_modules/.pnpm/next@16.1.7_@babel+core@7.29.7_@playwright+test@1.60.0_react-dom@19.2.7_react@19.2.7/node_modules/next/dist/next-devtools/shared/forward-logs-shared.js:27
[ 3725101ms] [LOG] [Fast Refresh] rebuilding @ webpack-internal:///(app-pages-browser)/../../node_modules/.pnpm/next@16.1.7_@babel+core@7.29.7_@playwright+test@1.60.0_react-dom@19.2.7_react@19.2.7/node_modules/next/dist/next-devtools/shared/forward-logs-shared.js:27
[ 3726431ms] [WARNING] ../../libs/modules/user/data-access/src/index.ts
export 'ResultInfo' (reexported as 'ResultInfo') was not found in './lib/user.api' (possible exports: deleteUser, getRoleOptions, getTdOptions, getUserDetail, getUserList, resetUserPassword, saveUser, updateUser, updateUserStatus)

Import trace for requested module:
../../libs/modules/user/data-access/src/index.ts
../../libs/modules/user/feature/src/lib/user-list-page.tsx
../../libs/modules/user/feature/src/index.ts
../../libs/shared/util-config/src/lib/module-registry.ts @ webpack-internal:///(app-pages-browser)/../../node_modules/.pnpm/next@16.1.7_@babel+core@7.29.7_@playwright+test@1.60.0_react-dom@19.2.7_react@19.2.7/node_modules/next/dist/next-devtools/shared/forward-logs-shared.js:27
[ 3726491ms] [LOG] [Fast Refresh] done in 1389ms @ webpack-internal:///(app-pages-browser)/../../node_modules/.pnpm/next@16.1.7_@babel+core@7.29.7_@playwright+test@1.60.0_react-dom@19.2.7_react@19.2.7/node_modules/next/dist/next-devtools/shared/forward-logs-shared.js:27
[ 3785644ms] [LOG] [Fast Refresh] rebuilding @ webpack-internal:///(app-pages-browser)/../../node_modules/.pnpm/next@16.1.7_@babel+core@7.29.7_@playwright+test@1.60.0_react-dom@19.2.7_react@19.2.7/node_modules/next/dist/next-devtools/shared/forward-logs-shared.js:27
[ 3786886ms] [WARNING] ../../libs/modules/user/data-access/src/index.ts
export 'ResultInfo' (reexported as 'ResultInfo') was not found in './lib/user.api' (possible exports: deleteUser, getRoleOptions, getTdOptions, getUserDetail, getUserList, resetUserPassword, saveUser, updateUser, updateUserStatus)

Import trace for requested module:
../../libs/modules/user/data-access/src/index.ts
../../libs/modules/user/feature/src/lib/user-list-page.tsx
../../libs/modules/user/feature/src/index.ts
../../libs/shared/util-config/src/lib/module-registry.ts @ webpack-internal:///(app-pages-browser)/../../node_modules/.pnpm/next@16.1.7_@babel+core@7.29.7_@playwright+test@1.60.0_react-dom@19.2.7_react@19.2.7/node_modules/next/dist/next-devtools/shared/forward-logs-shared.js:27
[ 3786938ms] [LOG] [Fast Refresh] done in 1293ms @ webpack-internal:///(app-pages-browser)/../../node_modules/.pnpm/next@16.1.7_@babel+core@7.29.7_@playwright+test@1.60.0_react-dom@19.2.7_react@19.2.7/node_modules/next/dist/next-devtools/shared/forward-logs-shared.js:27
[ 3846174ms] [LOG] [Fast Refresh] rebuilding @ webpack-internal:///(app-pages-browser)/../../node_modules/.pnpm/next@16.1.7_@babel+core@7.29.7_@playwright+test@1.60.0_react-dom@19.2.7_react@19.2.7/node_modules/next/dist/next-devtools/shared/forward-logs-shared.js:27
[ 3848507ms] [WARNING] ../../libs/modules/user/data-access/src/index.ts
export 'ResultInfo' (reexported as 'ResultInfo') was not found in './lib/user.api' (possible exports: deleteUser, getRoleOptions, getTdOptions, getUserDetail, getUserList, resetUserPassword, saveUser, updateUser, updateUserStatus)

Import trace for requested module:
../../libs/modules/user/data-access/src/index.ts
../../libs/modules/user/feature/src/lib/user-list-page.tsx
../../libs/modules/user/feature/src/index.ts
../../libs/shared/util-config/src/lib/module-registry.ts @ webpack-internal:///(app-pages-browser)/../../node_modules/.pnpm/next@16.1.7_@babel+core@7.29.7_@playwright+test@1.60.0_react-dom@19.2.7_react@19.2.7/node_modules/next/dist/next-devtools/shared/forward-logs-shared.js:27
[ 3848558ms] [LOG] [Fast Refresh] done in 2384ms @ webpack-internal:///(app-pages-browser)/../../node_modules/.pnpm/next@16.1.7_@babel+core@7.29.7_@playwright+test@1.60.0_react-dom@19.2.7_react@19.2.7/node_modules/next/dist/next-devtools/shared/forward-logs-shared.js:27
[ 3906750ms] [LOG] [Fast Refresh] rebuilding @ webpack-internal:///(app-pages-browser)/../../node_modules/.pnpm/next@16.1.7_@babel+core@7.29.7_@playwright+test@1.60.0_react-dom@19.2.7_react@19.2.7/node_modules/next/dist/next-devtools/shared/forward-logs-shared.js:27
[ 3908062ms] [WARNING] ../../libs/modules/user/data-access/src/index.ts
export 'ResultInfo' (reexported as 'ResultInfo') was not found in './lib/user.api' (possible exports: deleteUser, getRoleOptions, getTdOptions, getUserDetail, getUserList, resetUserPassword, saveUser, updateUser, updateUserStatus)

Import trace for requested module:
../../libs/modules/user/data-access/src/index.ts
../../libs/modules/user/feature/src/lib/user-list-page.tsx
../../libs/modules/user/feature/src/index.ts
../../libs/shared/util-config/src/lib/module-registry.ts @ webpack-internal:///(app-pages-browser)/../../node_modules/.pnpm/next@16.1.7_@babel+core@7.29.7_@playwright+test@1.60.0_react-dom@19.2.7_react@19.2.7/node_modules/next/dist/next-devtools/shared/forward-logs-shared.js:27
[ 3908102ms] [LOG] [Fast Refresh] done in 1353ms @ webpack-internal:///(app-pages-browser)/../../node_modules/.pnpm/next@16.1.7_@babel+core@7.29.7_@playwright+test@1.60.0_react-dom@19.2.7_react@19.2.7/node_modules/next/dist/next-devtools/shared/forward-logs-shared.js:27
[ 3967241ms] [LOG] [Fast Refresh] rebuilding @ webpack-internal:///(app-pages-browser)/../../node_modules/.pnpm/next@16.1.7_@babel+core@7.29.7_@playwright+test@1.60.0_react-dom@19.2.7_react@19.2.7/node_modules/next/dist/next-devtools/shared/forward-logs-shared.js:27
[ 3968442ms] [WARNING] ../../libs/modules/user/data-access/src/index.ts
export 'ResultInfo' (reexported as 'ResultInfo') was not found in './lib/user.api' (possible exports: deleteUser, getRoleOptions, getTdOptions, getUserDetail, getUserList, resetUserPassword, saveUser, updateUser, updateUserStatus)

Import trace for requested module:
../../libs/modules/user/data-access/src/index.ts
../../libs/modules/user/feature/src/lib/user-list-page.tsx
../../libs/modules/user/feature/src/index.ts
../../libs/shared/util-config/src/lib/module-registry.ts @ webpack-internal:///(app-pages-browser)/../../node_modules/.pnpm/next@16.1.7_@babel+core@7.29.7_@playwright+test@1.60.0_react-dom@19.2.7_react@19.2.7/node_modules/next/dist/next-devtools/shared/forward-logs-shared.js:27
[ 3968490ms] [LOG] [Fast Refresh] done in 1249ms @ webpack-internal:///(app-pages-browser)/../../node_modules/.pnpm/next@16.1.7_@babel+core@7.29.7_@playwright+test@1.60.0_react-dom@19.2.7_react@19.2.7/node_modules/next/dist/next-devtools/shared/forward-logs-shared.js:27
[ 4027737ms] [LOG] [Fast Refresh] rebuilding @ webpack-internal:///(app-pages-browser)/../../node_modules/.pnpm/next@16.1.7_@babel+core@7.29.7_@playwright+test@1.60.0_react-dom@19.2.7_react@19.2.7/node_modules/next/dist/next-devtools/shared/forward-logs-shared.js:27
[ 4030098ms] [WARNING] ../../libs/modules/user/data-access/src/index.ts
export 'ResultInfo' (reexported as 'ResultInfo') was not found in './lib/user.api' (possible exports: deleteUser, getRoleOptions, getTdOptions, getUserDetail, getUserList, resetUserPassword, saveUser, updateUser, updateUserStatus)

Import trace for requested module:
../../libs/modules/user/data-access/src/index.ts
../../libs/modules/user/feature/src/lib/user-list-page.tsx
../../libs/modules/user/feature/src/index.ts
../../libs/shared/util-config/src/lib/module-registry.ts @ webpack-internal:///(app-pages-browser)/../../node_modules/.pnpm/next@16.1.7_@babel+core@7.29.7_@playwright+test@1.60.0_react-dom@19.2.7_react@19.2.7/node_modules/next/dist/next-devtools/shared/forward-logs-shared.js:27
[ 4030181ms] [LOG] [Fast Refresh] done in 2443ms @ webpack-internal:///(app-pages-browser)/../../node_modules/.pnpm/next@16.1.7_@babel+core@7.29.7_@playwright+test@1.60.0_react-dom@19.2.7_react@19.2.7/node_modules/next/dist/next-devtools/shared/forward-logs-shared.js:27
[ 4088197ms] [LOG] [Fast Refresh] rebuilding @ webpack-internal:///(app-pages-browser)/../../node_modules/.pnpm/next@16.1.7_@babel+core@7.29.7_@playwright+test@1.60.0_react-dom@19.2.7_react@19.2.7/node_modules/next/dist/next-devtools/shared/forward-logs-shared.js:27
[ 4089523ms] [WARNING] ../../libs/modules/user/data-access/src/index.ts
export 'ResultInfo' (reexported as 'ResultInfo') was not found in './lib/user.api' (possible exports: deleteUser, getRoleOptions, getTdOptions, getUserDetail, getUserList, resetUserPassword, saveUser, updateUser, updateUserStatus)

Import trace for requested module:
../../libs/modules/user/data-access/src/index.ts
../../libs/modules/user/feature/src/lib/user-list-page.tsx
../../libs/modules/user/feature/src/index.ts
../../libs/shared/util-config/src/lib/module-registry.ts @ webpack-internal:///(app-pages-browser)/../../node_modules/.pnpm/next@16.1.7_@babel+core@7.29.7_@playwright+test@1.60.0_react-dom@19.2.7_react@19.2.7/node_modules/next/dist/next-devtools/shared/forward-logs-shared.js:27
[ 4089562ms] [LOG] [Fast Refresh] done in 1365ms @ webpack-internal:///(app-pages-browser)/../../node_modules/.pnpm/next@16.1.7_@babel+core@7.29.7_@playwright+test@1.60.0_react-dom@19.2.7_react@19.2.7/node_modules/next/dist/next-devtools/shared/forward-logs-shared.js:27
[ 4148753ms] [LOG] [Fast Refresh] rebuilding @ webpack-internal:///(app-pages-browser)/../../node_modules/.pnpm/next@16.1.7_@babel+core@7.29.7_@playwright+test@1.60.0_react-dom@19.2.7_react@19.2.7/node_modules/next/dist/next-devtools/shared/forward-logs-shared.js:27
[ 4150016ms] [WARNING] ../../libs/modules/user/data-access/src/index.ts
export 'ResultInfo' (reexported as 'ResultInfo') was not found in './lib/user.api' (possible exports: deleteUser, getRoleOptions, getTdOptions, getUserDetail, getUserList, resetUserPassword, saveUser, updateUser, updateUserStatus)

Import trace for requested module:
../../libs/modules/user/data-access/src/index.ts
../../libs/modules/user/feature/src/lib/user-list-page.tsx
../../libs/modules/user/feature/src/index.ts
../../libs/shared/util-config/src/lib/module-registry.ts @ webpack-internal:///(app-pages-browser)/../../node_modules/.pnpm/next@16.1.7_@babel+core@7.29.7_@playwright+test@1.60.0_react-dom@19.2.7_react@19.2.7/node_modules/next/dist/next-devtools/shared/forward-logs-shared.js:27
[ 4150059ms] [LOG] [Fast Refresh] done in 1306ms @ webpack-internal:///(app-pages-browser)/../../node_modules/.pnpm/next@16.1.7_@babel+core@7.29.7_@playwright+test@1.60.0_react-dom@19.2.7_react@19.2.7/node_modules/next/dist/next-devtools/shared/forward-logs-shared.js:27
[ 4209270ms] [LOG] [Fast Refresh] rebuilding @ webpack-internal:///(app-pages-browser)/../../node_modules/.pnpm/next@16.1.7_@babel+core@7.29.7_@playwright+test@1.60.0_react-dom@19.2.7_react@19.2.7/node_modules/next/dist/next-devtools/shared/forward-logs-shared.js:27
[ 4211584ms] [WARNING] ../../libs/modules/user/data-access/src/index.ts
export 'ResultInfo' (reexported as 'ResultInfo') was not found in './lib/user.api' (possible exports: deleteUser, getRoleOptions, getTdOptions, getUserDetail, getUserList, resetUserPassword, saveUser, updateUser, updateUserStatus)

Import trace for requested module:
../../libs/modules/user/data-access/src/index.ts
../../libs/modules/user/feature/src/lib/user-list-page.tsx
../../libs/modules/user/feature/src/index.ts
../../libs/shared/util-config/src/lib/module-registry.ts @ webpack-internal:///(app-pages-browser)/../../node_modules/.pnpm/next@16.1.7_@babel+core@7.29.7_@playwright+test@1.60.0_react-dom@19.2.7_react@19.2.7/node_modules/next/dist/next-devtools/shared/forward-logs-shared.js:27
[ 4211718ms] [LOG] [Fast Refresh] done in 2448ms @ webpack-internal:///(app-pages-browser)/../../node_modules/.pnpm/next@16.1.7_@babel+core@7.29.7_@playwright+test@1.60.0_react-dom@19.2.7_react@19.2.7/node_modules/next/dist/next-devtools/shared/forward-logs-shared.js:27
[ 4269785ms] [LOG] [Fast Refresh] rebuilding @ webpack-internal:///(app-pages-browser)/../../node_modules/.pnpm/next@16.1.7_@babel+core@7.29.7_@playwright+test@1.60.0_react-dom@19.2.7_react@19.2.7/node_modules/next/dist/next-devtools/shared/forward-logs-shared.js:27
[ 4271100ms] [WARNING] ../../libs/modules/user/data-access/src/index.ts
export 'ResultInfo' (reexported as 'ResultInfo') was not found in './lib/user.api' (possible exports: deleteUser, getRoleOptions, getTdOptions, getUserDetail, getUserList, resetUserPassword, saveUser, updateUser, updateUserStatus)

Import trace for requested module:
../../libs/modules/user/data-access/src/index.ts
../../libs/modules/user/feature/src/lib/user-list-page.tsx
../../libs/modules/user/feature/src/index.ts
../../libs/shared/util-config/src/lib/module-registry.ts @ webpack-internal:///(app-pages-browser)/../../node_modules/.pnpm/next@16.1.7_@babel+core@7.29.7_@playwright+test@1.60.0_react-dom@19.2.7_react@19.2.7/node_modules/next/dist/next-devtools/shared/forward-logs-shared.js:27
[ 4271141ms] [LOG] [Fast Refresh] done in 1357ms @ webpack-internal:///(app-pages-browser)/../../node_modules/.pnpm/next@16.1.7_@babel+core@7.29.7_@playwright+test@1.60.0_react-dom@19.2.7_react@19.2.7/node_modules/next/dist/next-devtools/shared/forward-logs-shared.js:27
[ 4330262ms] [LOG] [Fast Refresh] rebuilding @ webpack-internal:///(app-pages-browser)/../../node_modules/.pnpm/next@16.1.7_@babel+core@7.29.7_@playwright+test@1.60.0_react-dom@19.2.7_react@19.2.7/node_modules/next/dist/next-devtools/shared/forward-logs-shared.js:27
[ 4331330ms] [WARNING] ../../libs/modules/user/data-access/src/index.ts
export 'ResultInfo' (reexported as 'ResultInfo') was not found in './lib/user.api' (possible exports: deleteUser, getRoleOptions, getTdOptions, getUserDetail, getUserList, resetUserPassword, saveUser, updateUser, updateUserStatus)

Import trace for requested module:
../../libs/modules/user/data-access/src/index.ts
../../libs/modules/user/feature/src/lib/user-list-page.tsx
../../libs/modules/user/feature/src/index.ts
../../libs/shared/util-config/src/lib/module-registry.ts @ webpack-internal:///(app-pages-browser)/../../node_modules/.pnpm/next@16.1.7_@babel+core@7.29.7_@playwright+test@1.60.0_react-dom@19.2.7_react@19.2.7/node_modules/next/dist/next-devtools/shared/forward-logs-shared.js:27
[ 4331366ms] [LOG] [Fast Refresh] done in 1104ms @ webpack-internal:///(app-pages-browser)/../../node_modules/.pnpm/next@16.1.7_@babel+core@7.29.7_@playwright+test@1.60.0_react-dom@19.2.7_react@19.2.7/node_modules/next/dist/next-devtools/shared/forward-logs-shared.js:27
[ 4390594ms] [LOG] [Fast Refresh] rebuilding @ webpack-internal:///(app-pages-browser)/../../node_modules/.pnpm/next@16.1.7_@babel+core@7.29.7_@playwright+test@1.60.0_react-dom@19.2.7_react@19.2.7/node_modules/next/dist/next-devtools/shared/forward-logs-shared.js:27
[ 4392787ms] [WARNING] ../../libs/modules/user/data-access/src/index.ts
export 'ResultInfo' (reexported as 'ResultInfo') was not found in './lib/user.api' (possible exports: deleteUser, getRoleOptions, getTdOptions, getUserDetail, getUserList, resetUserPassword, saveUser, updateUser, updateUserStatus)

Import trace for requested module:
../../libs/modules/user/data-access/src/index.ts
../../libs/modules/user/feature/src/lib/user-list-page.tsx
../../libs/modules/user/feature/src/index.ts
../../libs/shared/util-config/src/lib/module-registry.ts @ webpack-internal:///(app-pages-browser)/../../node_modules/.pnpm/next@16.1.7_@babel+core@7.29.7_@playwright+test@1.60.0_react-dom@19.2.7_react@19.2.7/node_modules/next/dist/next-devtools/shared/forward-logs-shared.js:27
[ 4392829ms] [LOG] [Fast Refresh] done in 2235ms @ webpack-internal:///(app-pages-browser)/../../node_modules/.pnpm/next@16.1.7_@babel+core@7.29.7_@playwright+test@1.60.0_react-dom@19.2.7_react@19.2.7/node_modules/next/dist/next-devtools/shared/forward-logs-shared.js:27
[ 4450996ms] [LOG] [Fast Refresh] rebuilding @ webpack-internal:///(app-pages-browser)/../../node_modules/.pnpm/next@16.1.7_@babel+core@7.29.7_@playwright+test@1.60.0_react-dom@19.2.7_react@19.2.7/node_modules/next/dist/next-devtools/shared/forward-logs-shared.js:27
[ 4452340ms] [WARNING] ../../libs/modules/user/data-access/src/index.ts
export 'ResultInfo' (reexported as 'ResultInfo') was not found in './lib/user.api' (possible exports: deleteUser, getRoleOptions, getTdOptions, getUserDetail, getUserList, resetUserPassword, saveUser, updateUser, updateUserStatus)

Import trace for requested module:
../../libs/modules/user/data-access/src/index.ts
../../libs/modules/user/feature/src/lib/user-list-page.tsx
../../libs/modules/user/feature/src/index.ts
../../libs/shared/util-config/src/lib/module-registry.ts @ webpack-internal:///(app-pages-browser)/../../node_modules/.pnpm/next@16.1.7_@babel+core@7.29.7_@playwright+test@1.60.0_react-dom@19.2.7_react@19.2.7/node_modules/next/dist/next-devtools/shared/forward-logs-shared.js:27
[ 4452390ms] [LOG] [Fast Refresh] done in 1395ms @ webpack-internal:///(app-pages-browser)/../../node_modules/.pnpm/next@16.1.7_@babel+core@7.29.7_@playwright+test@1.60.0_react-dom@19.2.7_react@19.2.7/node_modules/next/dist/next-devtools/shared/forward-logs-shared.js:27
[ 4511346ms] [LOG] [Fast Refresh] rebuilding @ webpack-internal:///(app-pages-browser)/../../node_modules/.pnpm/next@16.1.7_@babel+core@7.29.7_@playwright+test@1.60.0_react-dom@19.2.7_react@19.2.7/node_modules/next/dist/next-devtools/shared/forward-logs-shared.js:27
[ 4512636ms] [WARNING] ../../libs/modules/user/data-access/src/index.ts
export 'ResultInfo' (reexported as 'ResultInfo') was not found in './lib/user.api' (possible exports: deleteUser, getRoleOptions, getTdOptions, getUserDetail, getUserList, resetUserPassword, saveUser, updateUser, updateUserStatus)

Import trace for requested module:
../../libs/modules/user/data-access/src/index.ts
../../libs/modules/user/feature/src/lib/user-list-page.tsx
../../libs/modules/user/feature/src/index.ts
../../libs/shared/util-config/src/lib/module-registry.ts @ webpack-internal:///(app-pages-browser)/../../node_modules/.pnpm/next@16.1.7_@babel+core@7.29.7_@playwright+test@1.60.0_react-dom@19.2.7_react@19.2.7/node_modules/next/dist/next-devtools/shared/forward-logs-shared.js:27
[ 4512692ms] [LOG] [Fast Refresh] done in 1347ms @ webpack-internal:///(app-pages-browser)/../../node_modules/.pnpm/next@16.1.7_@babel+core@7.29.7_@playwright+test@1.60.0_react-dom@19.2.7_react@19.2.7/node_modules/next/dist/next-devtools/shared/forward-logs-shared.js:27
[ 4571651ms] [LOG] [Fast Refresh] rebuilding @ webpack-internal:///(app-pages-browser)/../../node_modules/.pnpm/next@16.1.7_@babel+core@7.29.7_@playwright+test@1.60.0_react-dom@19.2.7_react@19.2.7/node_modules/next/dist/next-devtools/shared/forward-logs-shared.js:27
[ 4573986ms] [WARNING] ../../libs/modules/user/data-access/src/index.ts
export 'ResultInfo' (reexported as 'ResultInfo') was not found in './lib/user.api' (possible exports: deleteUser, getRoleOptions, getTdOptions, getUserDetail, getUserList, resetUserPassword, saveUser, updateUser, updateUserStatus)

Import trace for requested module:
../../libs/modules/user/data-access/src/index.ts
../../libs/modules/user/feature/src/lib/user-list-page.tsx
../../libs/modules/user/feature/src/index.ts
../../libs/shared/util-config/src/lib/module-registry.ts @ webpack-internal:///(app-pages-browser)/../../node_modules/.pnpm/next@16.1.7_@babel+core@7.29.7_@playwright+test@1.60.0_react-dom@19.2.7_react@19.2.7/node_modules/next/dist/next-devtools/shared/forward-logs-shared.js:27
[ 4574041ms] [LOG] [Fast Refresh] done in 2391ms @ webpack-internal:///(app-pages-browser)/../../node_modules/.pnpm/next@16.1.7_@babel+core@7.29.7_@playwright+test@1.60.0_react-dom@19.2.7_react@19.2.7/node_modules/next/dist/next-devtools/shared/forward-logs-shared.js:27
[ 4631992ms] [LOG] [Fast Refresh] rebuilding @ webpack-internal:///(app-pages-browser)/../../node_modules/.pnpm/next@16.1.7_@babel+core@7.29.7_@playwright+test@1.60.0_react-dom@19.2.7_react@19.2.7/node_modules/next/dist/next-devtools/shared/forward-logs-shared.js:27
[ 4633303ms] [WARNING] ../../libs/modules/user/data-access/src/index.ts
export 'ResultInfo' (reexported as 'ResultInfo') was not found in './lib/user.api' (possible exports: deleteUser, getRoleOptions, getTdOptions, getUserDetail, getUserList, resetUserPassword, saveUser, updateUser, updateUserStatus)

Import trace for requested module:
../../libs/modules/user/data-access/src/index.ts
../../libs/modules/user/feature/src/lib/user-list-page.tsx
../../libs/modules/user/feature/src/index.ts
../../libs/shared/util-config/src/lib/module-registry.ts @ webpack-internal:///(app-pages-browser)/../../node_modules/.pnpm/next@16.1.7_@babel+core@7.29.7_@playwright+test@1.60.0_react-dom@19.2.7_react@19.2.7/node_modules/next/dist/next-devtools/shared/forward-logs-shared.js:27
[ 4633339ms] [LOG] [Fast Refresh] done in 1347ms @ webpack-internal:///(app-pages-browser)/../../node_modules/.pnpm/next@16.1.7_@babel+core@7.29.7_@playwright+test@1.60.0_react-dom@19.2.7_react@19.2.7/node_modules/next/dist/next-devtools/shared/forward-logs-shared.js:27
[ 4692304ms] [LOG] [Fast Refresh] rebuilding @ webpack-internal:///(app-pages-browser)/../../node_modules/.pnpm/next@16.1.7_@babel+core@7.29.7_@playwright+test@1.60.0_react-dom@19.2.7_react@19.2.7/node_modules/next/dist/next-devtools/shared/forward-logs-shared.js:27
[ 4693553ms] [WARNING] ../../libs/modules/user/data-access/src/index.ts
export 'ResultInfo' (reexported as 'ResultInfo') was not found in './lib/user.api' (possible exports: deleteUser, getRoleOptions, getTdOptions, getUserDetail, getUserList, resetUserPassword, saveUser, updateUser, updateUserStatus)

Import trace for requested module:
../../libs/modules/user/data-access/src/index.ts
../../libs/modules/user/feature/src/lib/user-list-page.tsx
../../libs/modules/user/feature/src/index.ts
../../libs/shared/util-config/src/lib/module-registry.ts @ webpack-internal:///(app-pages-browser)/../../node_modules/.pnpm/next@16.1.7_@babel+core@7.29.7_@playwright+test@1.60.0_react-dom@19.2.7_react@19.2.7/node_modules/next/dist/next-devtools/shared/forward-logs-shared.js:27
[ 4693596ms] [LOG] [Fast Refresh] done in 1291ms @ webpack-internal:///(app-pages-browser)/../../node_modules/.pnpm/next@16.1.7_@babel+core@7.29.7_@playwright+test@1.60.0_react-dom@19.2.7_react@19.2.7/node_modules/next/dist/next-devtools/shared/forward-logs-shared.js:27
[ 4752661ms] [LOG] [Fast Refresh] rebuilding @ webpack-internal:///(app-pages-browser)/../../node_modules/.pnpm/next@16.1.7_@babel+core@7.29.7_@playwright+test@1.60.0_react-dom@19.2.7_react@19.2.7/node_modules/next/dist/next-devtools/shared/forward-logs-shared.js:27
[ 4755026ms] [WARNING] ../../libs/modules/user/data-access/src/index.ts
export 'ResultInfo' (reexported as 'ResultInfo') was not found in './lib/user.api' (possible exports: deleteUser, getRoleOptions, getTdOptions, getUserDetail, getUserList, resetUserPassword, saveUser, updateUser, updateUserStatus)

Import trace for requested module:
../../libs/modules/user/data-access/src/index.ts
../../libs/modules/user/feature/src/lib/user-list-page.tsx
../../libs/modules/user/feature/src/index.ts
../../libs/shared/util-config/src/lib/module-registry.ts @ webpack-internal:///(app-pages-browser)/../../node_modules/.pnpm/next@16.1.7_@babel+core@7.29.7_@playwright+test@1.60.0_react-dom@19.2.7_react@19.2.7/node_modules/next/dist/next-devtools/shared/forward-logs-shared.js:27
[ 4755068ms] [LOG] [Fast Refresh] done in 2408ms @ webpack-internal:///(app-pages-browser)/../../node_modules/.pnpm/next@16.1.7_@babel+core@7.29.7_@playwright+test@1.60.0_react-dom@19.2.7_react@19.2.7/node_modules/next/dist/next-devtools/shared/forward-logs-shared.js:27
[ 4813036ms] [LOG] [Fast Refresh] rebuilding @ webpack-internal:///(app-pages-browser)/../../node_modules/.pnpm/next@16.1.7_@babel+core@7.29.7_@playwright+test@1.60.0_react-dom@19.2.7_react@19.2.7/node_modules/next/dist/next-devtools/shared/forward-logs-shared.js:27
[ 4814560ms] [WARNING] ../../libs/modules/user/data-access/src/index.ts
export 'ResultInfo' (reexported as 'ResultInfo') was not found in './lib/user.api' (possible exports: deleteUser, getRoleOptions, getTdOptions, getUserDetail, getUserList, resetUserPassword, saveUser, updateUser, updateUserStatus)

Import trace for requested module:
../../libs/modules/user/data-access/src/index.ts
../../libs/modules/user/feature/src/lib/user-list-page.tsx
../../libs/modules/user/feature/src/index.ts
../../libs/shared/util-config/src/lib/module-registry.ts @ webpack-internal:///(app-pages-browser)/../../node_modules/.pnpm/next@16.1.7_@babel+core@7.29.7_@playwright+test@1.60.0_react-dom@19.2.7_react@19.2.7/node_modules/next/dist/next-devtools/shared/forward-logs-shared.js:27
[ 4814614ms] [LOG] [Fast Refresh] done in 1578ms @ webpack-internal:///(app-pages-browser)/../../node_modules/.pnpm/next@16.1.7_@babel+core@7.29.7_@playwright+test@1.60.0_react-dom@19.2.7_react@19.2.7/node_modules/next/dist/next-devtools/shared/forward-logs-shared.js:27
[ 4873428ms] [LOG] [Fast Refresh] rebuilding @ webpack-internal:///(app-pages-browser)/../../node_modules/.pnpm/next@16.1.7_@babel+core@7.29.7_@playwright+test@1.60.0_react-dom@19.2.7_react@19.2.7/node_modules/next/dist/next-devtools/shared/forward-logs-shared.js:27
[ 4874930ms] [WARNING] ../../libs/modules/user/data-access/src/index.ts
export 'ResultInfo' (reexported as 'ResultInfo') was not found in './lib/user.api' (possible exports: deleteUser, getRoleOptions, getTdOptions, getUserDetail, getUserList, resetUserPassword, saveUser, updateUser, updateUserStatus)

Import trace for requested module:
../../libs/modules/user/data-access/src/index.ts
../../libs/modules/user/feature/src/lib/user-list-page.tsx
../../libs/modules/user/feature/src/index.ts
../../libs/shared/util-config/src/lib/module-registry.ts @ webpack-internal:///(app-pages-browser)/../../node_modules/.pnpm/next@16.1.7_@babel+core@7.29.7_@playwright+test@1.60.0_react-dom@19.2.7_react@19.2.7/node_modules/next/dist/next-devtools/shared/forward-logs-shared.js:27
[ 4874982ms] [LOG] [Fast Refresh] done in 1554ms @ webpack-internal:///(app-pages-browser)/../../node_modules/.pnpm/next@16.1.7_@babel+core@7.29.7_@playwright+test@1.60.0_react-dom@19.2.7_react@19.2.7/node_modules/next/dist/next-devtools/shared/forward-logs-shared.js:27
[ 4933754ms] [LOG] [Fast Refresh] rebuilding @ webpack-internal:///(app-pages-browser)/../../node_modules/.pnpm/next@16.1.7_@babel+core@7.29.7_@playwright+test@1.60.0_react-dom@19.2.7_react@19.2.7/node_modules/next/dist/next-devtools/shared/forward-logs-shared.js:27
[ 4936910ms] [WARNING] ../../libs/modules/user/data-access/src/index.ts
export 'ResultInfo' (reexported as 'ResultInfo') was not found in './lib/user.api' (possible exports: deleteUser, getRoleOptions, getTdOptions, getUserDetail, getUserList, resetUserPassword, saveUser, updateUser, updateUserStatus)

Import trace for requested module:
../../libs/modules/user/data-access/src/index.ts
../../libs/modules/user/feature/src/lib/user-list-page.tsx
../../libs/modules/user/feature/src/index.ts
../../libs/shared/util-config/src/lib/module-registry.ts @ webpack-internal:///(app-pages-browser)/../../node_modules/.pnpm/next@16.1.7_@babel+core@7.29.7_@playwright+test@1.60.0_react-dom@19.2.7_react@19.2.7/node_modules/next/dist/next-devtools/shared/forward-logs-shared.js:27
[ 4936981ms] [LOG] [Fast Refresh] done in 3227ms @ webpack-internal:///(app-pages-browser)/../../node_modules/.pnpm/next@16.1.7_@babel+core@7.29.7_@playwright+test@1.60.0_react-dom@19.2.7_react@19.2.7/node_modules/next/dist/next-devtools/shared/forward-logs-shared.js:27
[ 4994084ms] [LOG] [Fast Refresh] rebuilding @ webpack-internal:///(app-pages-browser)/../../node_modules/.pnpm/next@16.1.7_@babel+core@7.29.7_@playwright+test@1.60.0_react-dom@19.2.7_react@19.2.7/node_modules/next/dist/next-devtools/shared/forward-logs-shared.js:27
[ 4996011ms] [WARNING] ../../libs/modules/user/data-access/src/index.ts
export 'ResultInfo' (reexported as 'ResultInfo') was not found in './lib/user.api' (possible exports: deleteUser, getRoleOptions, getTdOptions, getUserDetail, getUserList, resetUserPassword, saveUser, updateUser, updateUserStatus)

Import trace for requested module:
../../libs/modules/user/data-access/src/index.ts
../../libs/modules/user/feature/src/lib/user-list-page.tsx
../../libs/modules/user/feature/src/index.ts
../../libs/shared/util-config/src/lib/module-registry.ts @ webpack-internal:///(app-pages-browser)/../../node_modules/.pnpm/next@16.1.7_@babel+core@7.29.7_@playwright+test@1.60.0_react-dom@19.2.7_react@19.2.7/node_modules/next/dist/next-devtools/shared/forward-logs-shared.js:27
[ 4996071ms] [LOG] [Fast Refresh] done in 1986ms @ webpack-internal:///(app-pages-browser)/../../node_modules/.pnpm/next@16.1.7_@babel+core@7.29.7_@playwright+test@1.60.0_react-dom@19.2.7_react@19.2.7/node_modules/next/dist/next-devtools/shared/forward-logs-shared.js:27
[ 5054418ms] [LOG] [Fast Refresh] rebuilding @ webpack-internal:///(app-pages-browser)/../../node_modules/.pnpm/next@16.1.7_@babel+core@7.29.7_@playwright+test@1.60.0_react-dom@19.2.7_react@19.2.7/node_modules/next/dist/next-devtools/shared/forward-logs-shared.js:27
[ 5056119ms] [WARNING] ../../libs/modules/user/data-access/src/index.ts
export 'ResultInfo' (reexported as 'ResultInfo') was not found in './lib/user.api' (possible exports: deleteUser, getRoleOptions, getTdOptions, getUserDetail, getUserList, resetUserPassword, saveUser, updateUser, updateUserStatus)

Import trace for requested module:
../../libs/modules/user/data-access/src/index.ts
../../libs/modules/user/feature/src/lib/user-list-page.tsx
../../libs/modules/user/feature/src/index.ts
../../libs/shared/util-config/src/lib/module-registry.ts @ webpack-internal:///(app-pages-browser)/../../node_modules/.pnpm/next@16.1.7_@babel+core@7.29.7_@playwright+test@1.60.0_react-dom@19.2.7_react@19.2.7/node_modules/next/dist/next-devtools/shared/forward-logs-shared.js:27
[ 5056173ms] [LOG] [Fast Refresh] done in 1754ms @ webpack-internal:///(app-pages-browser)/../../node_modules/.pnpm/next@16.1.7_@babel+core@7.29.7_@playwright+test@1.60.0_react-dom@19.2.7_react@19.2.7/node_modules/next/dist/next-devtools/shared/forward-logs-shared.js:27
[ 5114745ms] [LOG] [Fast Refresh] rebuilding @ webpack-internal:///(app-pages-browser)/../../node_modules/.pnpm/next@16.1.7_@babel+core@7.29.7_@playwright+test@1.60.0_react-dom@19.2.7_react@19.2.7/node_modules/next/dist/next-devtools/shared/forward-logs-shared.js:27
[ 5118107ms] [WARNING] ../../libs/modules/user/data-access/src/index.ts
export 'ResultInfo' (reexported as 'ResultInfo') was not found in './lib/user.api' (possible exports: deleteUser, getRoleOptions, getTdOptions, getUserDetail, getUserList, resetUserPassword, saveUser, updateUser, updateUserStatus)

Import trace for requested module:
../../libs/modules/user/data-access/src/index.ts
../../libs/modules/user/feature/src/lib/user-list-page.tsx
../../libs/modules/user/feature/src/index.ts
../../libs/shared/util-config/src/lib/module-registry.ts @ webpack-internal:///(app-pages-browser)/../../node_modules/.pnpm/next@16.1.7_@babel+core@7.29.7_@playwright+test@1.60.0_react-dom@19.2.7_react@19.2.7/node_modules/next/dist/next-devtools/shared/forward-logs-shared.js:27
[ 5118170ms] [LOG] [Fast Refresh] done in 3426ms @ webpack-internal:///(app-pages-browser)/../../node_modules/.pnpm/next@16.1.7_@babel+core@7.29.7_@playwright+test@1.60.0_react-dom@19.2.7_react@19.2.7/node_modules/next/dist/next-devtools/shared/forward-logs-shared.js:27
[ 5175079ms] [LOG] [Fast Refresh] rebuilding @ webpack-internal:///(app-pages-browser)/../../node_modules/.pnpm/next@16.1.7_@babel+core@7.29.7_@playwright+test@1.60.0_react-dom@19.2.7_react@19.2.7/node_modules/next/dist/next-devtools/shared/forward-logs-shared.js:27
[ 5177144ms] [WARNING] ../../libs/modules/user/data-access/src/index.ts
export 'ResultInfo' (reexported as 'ResultInfo') was not found in './lib/user.api' (possible exports: deleteUser, getRoleOptions, getTdOptions, getUserDetail, getUserList, resetUserPassword, saveUser, updateUser, updateUserStatus)

Import trace for requested module:
../../libs/modules/user/data-access/src/index.ts
../../libs/modules/user/feature/src/lib/user-list-page.tsx
../../libs/modules/user/feature/src/index.ts
../../libs/shared/util-config/src/lib/module-registry.ts @ webpack-internal:///(app-pages-browser)/../../node_modules/.pnpm/next@16.1.7_@babel+core@7.29.7_@playwright+test@1.60.0_react-dom@19.2.7_react@19.2.7/node_modules/next/dist/next-devtools/shared/forward-logs-shared.js:27
[ 5177209ms] [LOG] [Fast Refresh] done in 2131ms @ webpack-internal:///(app-pages-browser)/../../node_modules/.pnpm/next@16.1.7_@babel+core@7.29.7_@playwright+test@1.60.0_react-dom@19.2.7_react@19.2.7/node_modules/next/dist/next-devtools/shared/forward-logs-shared.js:27
[ 5235450ms] [LOG] [Fast Refresh] rebuilding @ webpack-internal:///(app-pages-browser)/../../node_modules/.pnpm/next@16.1.7_@babel+core@7.29.7_@playwright+test@1.60.0_react-dom@19.2.7_react@19.2.7/node_modules/next/dist/next-devtools/shared/forward-logs-shared.js:27
[ 5237110ms] [WARNING] ../../libs/modules/user/data-access/src/index.ts
export 'ResultInfo' (reexported as 'ResultInfo') was not found in './lib/user.api' (possible exports: deleteUser, getRoleOptions, getTdOptions, getUserDetail, getUserList, resetUserPassword, saveUser, updateUser, updateUserStatus)

Import trace for requested module:
../../libs/modules/user/data-access/src/index.ts
../../libs/modules/user/feature/src/lib/user-list-page.tsx
../../libs/modules/user/feature/src/index.ts
../../libs/shared/util-config/src/lib/module-registry.ts @ webpack-internal:///(app-pages-browser)/../../node_modules/.pnpm/next@16.1.7_@babel+core@7.29.7_@playwright+test@1.60.0_react-dom@19.2.7_react@19.2.7/node_modules/next/dist/next-devtools/shared/forward-logs-shared.js:27
[ 5237172ms] [LOG] [Fast Refresh] done in 1723ms @ webpack-internal:///(app-pages-browser)/../../node_modules/.pnpm/next@16.1.7_@babel+core@7.29.7_@playwright+test@1.60.0_react-dom@19.2.7_react@19.2.7/node_modules/next/dist/next-devtools/shared/forward-logs-shared.js:27
[ 5295915ms] [LOG] [Fast Refresh] rebuilding @ webpack-internal:///(app-pages-browser)/../../node_modules/.pnpm/next@16.1.7_@babel+core@7.29.7_@playwright+test@1.60.0_react-dom@19.2.7_react@19.2.7/node_modules/next/dist/next-devtools/shared/forward-logs-shared.js:27
[ 5299183ms] [WARNING] ../../libs/modules/user/data-access/src/index.ts
export 'ResultInfo' (reexported as 'ResultInfo') was not found in './lib/user.api' (possible exports: deleteUser, getRoleOptions, getTdOptions, getUserDetail, getUserList, resetUserPassword, saveUser, updateUser, updateUserStatus)

Import trace for requested module:
../../libs/modules/user/data-access/src/index.ts
../../libs/modules/user/feature/src/lib/user-list-page.tsx
../../libs/modules/user/feature/src/index.ts
../../libs/shared/util-config/src/lib/module-registry.ts @ webpack-internal:///(app-pages-browser)/../../node_modules/.pnpm/next@16.1.7_@babel+core@7.29.7_@playwright+test@1.60.0_react-dom@19.2.7_react@19.2.7/node_modules/next/dist/next-devtools/shared/forward-logs-shared.js:27
[ 5299247ms] [LOG] [Fast Refresh] done in 3333ms @ webpack-internal:///(app-pages-browser)/../../node_modules/.pnpm/next@16.1.7_@babel+core@7.29.7_@playwright+test@1.60.0_react-dom@19.2.7_react@19.2.7/node_modules/next/dist/next-devtools/shared/forward-logs-shared.js:27
[ 5356377ms] [LOG] [Fast Refresh] rebuilding @ webpack-internal:///(app-pages-browser)/../../node_modules/.pnpm/next@16.1.7_@babel+core@7.29.7_@playwright+test@1.60.0_react-dom@19.2.7_react@19.2.7/node_modules/next/dist/next-devtools/shared/forward-logs-shared.js:27
[ 5358162ms] [WARNING] ../../libs/modules/user/data-access/src/index.ts
export 'ResultInfo' (reexported as 'ResultInfo') was not found in './lib/user.api' (possible exports: deleteUser, getRoleOptions, getTdOptions, getUserDetail, getUserList, resetUserPassword, saveUser, updateUser, updateUserStatus)

Import trace for requested module:
../../libs/modules/user/data-access/src/index.ts
../../libs/modules/user/feature/src/lib/user-list-page.tsx
../../libs/modules/user/feature/src/index.ts
../../libs/shared/util-config/src/lib/module-registry.ts @ webpack-internal:///(app-pages-browser)/../../node_modules/.pnpm/next@16.1.7_@babel+core@7.29.7_@playwright+test@1.60.0_react-dom@19.2.7_react@19.2.7/node_modules/next/dist/next-devtools/shared/forward-logs-shared.js:27
[ 5358211ms] [LOG] [Fast Refresh] done in 1834ms @ webpack-internal:///(app-pages-browser)/../../node_modules/.pnpm/next@16.1.7_@babel+core@7.29.7_@playwright+test@1.60.0_react-dom@19.2.7_react@19.2.7/node_modules/next/dist/next-devtools/shared/forward-logs-shared.js:27
[ 5416903ms] [LOG] [Fast Refresh] rebuilding @ webpack-internal:///(app-pages-browser)/../../node_modules/.pnpm/next@16.1.7_@babel+core@7.29.7_@playwright+test@1.60.0_react-dom@19.2.7_react@19.2.7/node_modules/next/dist/next-devtools/shared/forward-logs-shared.js:27
[ 5418279ms] [WARNING] ../../libs/modules/user/data-access/src/index.ts
export 'ResultInfo' (reexported as 'ResultInfo') was not found in './lib/user.api' (possible exports: deleteUser, getRoleOptions, getTdOptions, getUserDetail, getUserList, resetUserPassword, saveUser, updateUser, updateUserStatus)

Import trace for requested module:
../../libs/modules/user/data-access/src/index.ts
../../libs/modules/user/feature/src/lib/user-list-page.tsx
../../libs/modules/user/feature/src/index.ts
../../libs/shared/util-config/src/lib/module-registry.ts @ webpack-internal:///(app-pages-browser)/../../node_modules/.pnpm/next@16.1.7_@babel+core@7.29.7_@playwright+test@1.60.0_react-dom@19.2.7_react@19.2.7/node_modules/next/dist/next-devtools/shared/forward-logs-shared.js:27
[ 5418333ms] [LOG] [Fast Refresh] done in 1429ms @ webpack-internal:///(app-pages-browser)/../../node_modules/.pnpm/next@16.1.7_@babel+core@7.29.7_@playwright+test@1.60.0_react-dom@19.2.7_react@19.2.7/node_modules/next/dist/next-devtools/shared/forward-logs-shared.js:27
[ 5477155ms] [LOG] [Fast Refresh] rebuilding @ webpack-internal:///(app-pages-browser)/../../node_modules/.pnpm/next@16.1.7_@babel+core@7.29.7_@playwright+test@1.60.0_react-dom@19.2.7_react@19.2.7/node_modules/next/dist/next-devtools/shared/forward-logs-shared.js:27
[ 5480220ms] [WARNING] ../../libs/modules/user/data-access/src/index.ts
export 'ResultInfo' (reexported as 'ResultInfo') was not found in './lib/user.api' (possible exports: deleteUser, getRoleOptions, getTdOptions, getUserDetail, getUserList, resetUserPassword, saveUser, updateUser, updateUserStatus)

Import trace for requested module:
../../libs/modules/user/data-access/src/index.ts
../../libs/modules/user/feature/src/lib/user-list-page.tsx
../../libs/modules/user/feature/src/index.ts
../../libs/shared/util-config/src/lib/module-registry.ts @ webpack-internal:///(app-pages-browser)/../../node_modules/.pnpm/next@16.1.7_@babel+core@7.29.7_@playwright+test@1.60.0_react-dom@19.2.7_react@19.2.7/node_modules/next/dist/next-devtools/shared/forward-logs-shared.js:27
[ 5480274ms] [LOG] [Fast Refresh] done in 3119ms @ webpack-internal:///(app-pages-browser)/../../node_modules/.pnpm/next@16.1.7_@babel+core@7.29.7_@playwright+test@1.60.0_react-dom@19.2.7_react@19.2.7/node_modules/next/dist/next-devtools/shared/forward-logs-shared.js:27
[ 5537452ms] [LOG] [Fast Refresh] rebuilding @ webpack-internal:///(app-pages-browser)/../../node_modules/.pnpm/next@16.1.7_@babel+core@7.29.7_@playwright+test@1.60.0_react-dom@19.2.7_react@19.2.7/node_modules/next/dist/next-devtools/shared/forward-logs-shared.js:27
[ 5538683ms] [WARNING] ../../libs/modules/user/data-access/src/index.ts
export 'ResultInfo' (reexported as 'ResultInfo') was not found in './lib/user.api' (possible exports: deleteUser, getRoleOptions, getTdOptions, getUserDetail, getUserList, resetUserPassword, saveUser, updateUser, updateUserStatus)

Import trace for requested module:
../../libs/modules/user/data-access/src/index.ts
../../libs/modules/user/feature/src/lib/user-list-page.tsx
../../libs/modules/user/feature/src/index.ts
../../libs/shared/util-config/src/lib/module-registry.ts @ webpack-internal:///(app-pages-browser)/../../node_modules/.pnpm/next@16.1.7_@babel+core@7.29.7_@playwright+test@1.60.0_react-dom@19.2.7_react@19.2.7/node_modules/next/dist/next-devtools/shared/forward-logs-shared.js:27
[ 5538723ms] [LOG] [Fast Refresh] done in 1271ms @ webpack-internal:///(app-pages-browser)/../../node_modules/.pnpm/next@16.1.7_@babel+core@7.29.7_@playwright+test@1.60.0_react-dom@19.2.7_react@19.2.7/node_modules/next/dist/next-devtools/shared/forward-logs-shared.js:27
[ 5597751ms] [LOG] [Fast Refresh] rebuilding @ webpack-internal:///(app-pages-browser)/../../node_modules/.pnpm/next@16.1.7_@babel+core@7.29.7_@playwright+test@1.60.0_react-dom@19.2.7_react@19.2.7/node_modules/next/dist/next-devtools/shared/forward-logs-shared.js:27
[ 5599058ms] [WARNING] ../../libs/modules/user/data-access/src/index.ts
export 'ResultInfo' (reexported as 'ResultInfo') was not found in './lib/user.api' (possible exports: deleteUser, getRoleOptions, getTdOptions, getUserDetail, getUserList, resetUserPassword, saveUser, updateUser, updateUserStatus)

Import trace for requested module:
../../libs/modules/user/data-access/src/index.ts
../../libs/modules/user/feature/src/lib/user-list-page.tsx
../../libs/modules/user/feature/src/index.ts
../../libs/shared/util-config/src/lib/module-registry.ts @ webpack-internal:///(app-pages-browser)/../../node_modules/.pnpm/next@16.1.7_@babel+core@7.29.7_@playwright+test@1.60.0_react-dom@19.2.7_react@19.2.7/node_modules/next/dist/next-devtools/shared/forward-logs-shared.js:27
[ 5599105ms] [LOG] [Fast Refresh] done in 1354ms @ webpack-internal:///(app-pages-browser)/../../node_modules/.pnpm/next@16.1.7_@babel+core@7.29.7_@playwright+test@1.60.0_react-dom@19.2.7_react@19.2.7/node_modules/next/dist/next-devtools/shared/forward-logs-shared.js:27
[ 5658062ms] [LOG] [Fast Refresh] rebuilding @ webpack-internal:///(app-pages-browser)/../../node_modules/.pnpm/next@16.1.7_@babel+core@7.29.7_@playwright+test@1.60.0_react-dom@19.2.7_react@19.2.7/node_modules/next/dist/next-devtools/shared/forward-logs-shared.js:27
[ 5660930ms] [WARNING] ../../libs/modules/user/data-access/src/index.ts
export 'ResultInfo' (reexported as 'ResultInfo') was not found in './lib/user.api' (possible exports: deleteUser, getRoleOptions, getTdOptions, getUserDetail, getUserList, resetUserPassword, saveUser, updateUser, updateUserStatus)

Import trace for requested module:
../../libs/modules/user/data-access/src/index.ts
../../libs/modules/user/feature/src/lib/user-list-page.tsx
../../libs/modules/user/feature/src/index.ts
../../libs/shared/util-config/src/lib/module-registry.ts @ webpack-internal:///(app-pages-browser)/../../node_modules/.pnpm/next@16.1.7_@babel+core@7.29.7_@playwright+test@1.60.0_react-dom@19.2.7_react@19.2.7/node_modules/next/dist/next-devtools/shared/forward-logs-shared.js:27
[ 5660985ms] [LOG] [Fast Refresh] done in 2923ms @ webpack-internal:///(app-pages-browser)/../../node_modules/.pnpm/next@16.1.7_@babel+core@7.29.7_@playwright+test@1.60.0_react-dom@19.2.7_react@19.2.7/node_modules/next/dist/next-devtools/shared/forward-logs-shared.js:27
[ 5718395ms] [LOG] [Fast Refresh] rebuilding @ webpack-internal:///(app-pages-browser)/../../node_modules/.pnpm/next@16.1.7_@babel+core@7.29.7_@playwright+test@1.60.0_react-dom@19.2.7_react@19.2.7/node_modules/next/dist/next-devtools/shared/forward-logs-shared.js:27
[ 5719899ms] [WARNING] ../../libs/modules/user/data-access/src/index.ts
export 'ResultInfo' (reexported as 'ResultInfo') was not found in './lib/user.api' (possible exports: deleteUser, getRoleOptions, getTdOptions, getUserDetail, getUserList, resetUserPassword, saveUser, updateUser, updateUserStatus)

Import trace for requested module:
../../libs/modules/user/data-access/src/index.ts
../../libs/modules/user/feature/src/lib/user-list-page.tsx
../../libs/modules/user/feature/src/index.ts
../../libs/shared/util-config/src/lib/module-registry.ts @ webpack-internal:///(app-pages-browser)/../../node_modules/.pnpm/next@16.1.7_@babel+core@7.29.7_@playwright+test@1.60.0_react-dom@19.2.7_react@19.2.7/node_modules/next/dist/next-devtools/shared/forward-logs-shared.js:27
[ 5719948ms] [LOG] [Fast Refresh] done in 1553ms @ webpack-internal:///(app-pages-browser)/../../node_modules/.pnpm/next@16.1.7_@babel+core@7.29.7_@playwright+test@1.60.0_react-dom@19.2.7_react@19.2.7/node_modules/next/dist/next-devtools/shared/forward-logs-shared.js:27
[ 5778724ms] [LOG] [Fast Refresh] rebuilding @ webpack-internal:///(app-pages-browser)/../../node_modules/.pnpm/next@16.1.7_@babel+core@7.29.7_@playwright+test@1.60.0_react-dom@19.2.7_react@19.2.7/node_modules/next/dist/next-devtools/shared/forward-logs-shared.js:27
[ 5780035ms] [WARNING] ../../libs/modules/user/data-access/src/index.ts
export 'ResultInfo' (reexported as 'ResultInfo') was not found in './lib/user.api' (possible exports: deleteUser, getRoleOptions, getTdOptions, getUserDetail, getUserList, resetUserPassword, saveUser, updateUser, updateUserStatus)

Import trace for requested module:
../../libs/modules/user/data-access/src/index.ts
../../libs/modules/user/feature/src/lib/user-list-page.tsx
../../libs/modules/user/feature/src/index.ts
../../libs/shared/util-config/src/lib/module-registry.ts @ webpack-internal:///(app-pages-browser)/../../node_modules/.pnpm/next@16.1.7_@babel+core@7.29.7_@playwright+test@1.60.0_react-dom@19.2.7_react@19.2.7/node_modules/next/dist/next-devtools/shared/forward-logs-shared.js:27
[ 5780078ms] [LOG] [Fast Refresh] done in 1354ms @ webpack-internal:///(app-pages-browser)/../../node_modules/.pnpm/next@16.1.7_@babel+core@7.29.7_@playwright+test@1.60.0_react-dom@19.2.7_react@19.2.7/node_modules/next/dist/next-devtools/shared/forward-logs-shared.js:27
[ 5839154ms] [LOG] [Fast Refresh] rebuilding @ webpack-internal:///(app-pages-browser)/../../node_modules/.pnpm/next@16.1.7_@babel+core@7.29.7_@playwright+test@1.60.0_react-dom@19.2.7_react@19.2.7/node_modules/next/dist/next-devtools/shared/forward-logs-shared.js:27
[ 5842256ms] [WARNING] ../../libs/modules/user/data-access/src/index.ts
export 'ResultInfo' (reexported as 'ResultInfo') was not found in './lib/user.api' (possible exports: deleteUser, getRoleOptions, getTdOptions, getUserDetail, getUserList, resetUserPassword, saveUser, updateUser, updateUserStatus)

Import trace for requested module:
../../libs/modules/user/data-access/src/index.ts
../../libs/modules/user/feature/src/lib/user-list-page.tsx
../../libs/modules/user/feature/src/index.ts
../../libs/shared/util-config/src/lib/module-registry.ts @ webpack-internal:///(app-pages-browser)/../../node_modules/.pnpm/next@16.1.7_@babel+core@7.29.7_@playwright+test@1.60.0_react-dom@19.2.7_react@19.2.7/node_modules/next/dist/next-devtools/shared/forward-logs-shared.js:27
[ 5842308ms] [LOG] [Fast Refresh] done in 3153ms @ webpack-internal:///(app-pages-browser)/../../node_modules/.pnpm/next@16.1.7_@babel+core@7.29.7_@playwright+test@1.60.0_react-dom@19.2.7_react@19.2.7/node_modules/next/dist/next-devtools/shared/forward-logs-shared.js:27
[ 5899507ms] [LOG] [Fast Refresh] rebuilding @ webpack-internal:///(app-pages-browser)/../../node_modules/.pnpm/next@16.1.7_@babel+core@7.29.7_@playwright+test@1.60.0_react-dom@19.2.7_react@19.2.7/node_modules/next/dist/next-devtools/shared/forward-logs-shared.js:27
[ 5901027ms] [WARNING] ../../libs/modules/user/data-access/src/index.ts
export 'ResultInfo' (reexported as 'ResultInfo') was not found in './lib/user.api' (possible exports: deleteUser, getRoleOptions, getTdOptions, getUserDetail, getUserList, resetUserPassword, saveUser, updateUser, updateUserStatus)

Import trace for requested module:
../../libs/modules/user/data-access/src/index.ts
../../libs/modules/user/feature/src/lib/user-list-page.tsx
../../libs/modules/user/feature/src/index.ts
../../libs/shared/util-config/src/lib/module-registry.ts @ webpack-internal:///(app-pages-browser)/../../node_modules/.pnpm/next@16.1.7_@babel+core@7.29.7_@playwright+test@1.60.0_react-dom@19.2.7_react@19.2.7/node_modules/next/dist/next-devtools/shared/forward-logs-shared.js:27
[ 5901081ms] [LOG] [Fast Refresh] done in 1574ms @ webpack-internal:///(app-pages-browser)/../../node_modules/.pnpm/next@16.1.7_@babel+core@7.29.7_@playwright+test@1.60.0_react-dom@19.2.7_react@19.2.7/node_modules/next/dist/next-devtools/shared/forward-logs-shared.js:27
[ 5959840ms] [LOG] [Fast Refresh] rebuilding @ webpack-internal:///(app-pages-browser)/../../node_modules/.pnpm/next@16.1.7_@babel+core@7.29.7_@playwright+test@1.60.0_react-dom@19.2.7_react@19.2.7/node_modules/next/dist/next-devtools/shared/forward-logs-shared.js:27
[ 5961280ms] [WARNING] ../../libs/modules/user/data-access/src/index.ts
export 'ResultInfo' (reexported as 'ResultInfo') was not found in './lib/user.api' (possible exports: deleteUser, getRoleOptions, getTdOptions, getUserDetail, getUserList, resetUserPassword, saveUser, updateUser, updateUserStatus)

Import trace for requested module:
../../libs/modules/user/data-access/src/index.ts
../../libs/modules/user/feature/src/lib/user-list-page.tsx
../../libs/modules/user/feature/src/index.ts
../../libs/shared/util-config/src/lib/module-registry.ts @ webpack-internal:///(app-pages-browser)/../../node_modules/.pnpm/next@16.1.7_@babel+core@7.29.7_@playwright+test@1.60.0_react-dom@19.2.7_react@19.2.7/node_modules/next/dist/next-devtools/shared/forward-logs-shared.js:27
[ 5961324ms] [LOG] [Fast Refresh] done in 1485ms @ webpack-internal:///(app-pages-browser)/../../node_modules/.pnpm/next@16.1.7_@babel+core@7.29.7_@playwright+test@1.60.0_react-dom@19.2.7_react@19.2.7/node_modules/next/dist/next-devtools/shared/forward-logs-shared.js:27
[ 6020163ms] [LOG] [Fast Refresh] rebuilding @ webpack-internal:///(app-pages-browser)/../../node_modules/.pnpm/next@16.1.7_@babel+core@7.29.7_@playwright+test@1.60.0_react-dom@19.2.7_react@19.2.7/node_modules/next/dist/next-devtools/shared/forward-logs-shared.js:27
[ 6022829ms] [WARNING] ../../libs/modules/user/data-access/src/index.ts
export 'ResultInfo' (reexported as 'ResultInfo') was not found in './lib/user.api' (possible exports: deleteUser, getRoleOptions, getTdOptions, getUserDetail, getUserList, resetUserPassword, saveUser, updateUser, updateUserStatus)

Import trace for requested module:
../../libs/modules/user/data-access/src/index.ts
../../libs/modules/user/feature/src/lib/user-list-page.tsx
../../libs/modules/user/feature/src/index.ts
../../libs/shared/util-config/src/lib/module-registry.ts @ webpack-internal:///(app-pages-browser)/../../node_modules/.pnpm/next@16.1.7_@babel+core@7.29.7_@playwright+test@1.60.0_react-dom@19.2.7_react@19.2.7/node_modules/next/dist/next-devtools/shared/forward-logs-shared.js:27
[ 6022882ms] [LOG] [Fast Refresh] done in 2719ms @ webpack-internal:///(app-pages-browser)/../../node_modules/.pnpm/next@16.1.7_@babel+core@7.29.7_@playwright+test@1.60.0_react-dom@19.2.7_react@19.2.7/node_modules/next/dist/next-devtools/shared/forward-logs-shared.js:27
[ 6080484ms] [LOG] [Fast Refresh] rebuilding @ webpack-internal:///(app-pages-browser)/../../node_modules/.pnpm/next@16.1.7_@babel+core@7.29.7_@playwright+test@1.60.0_react-dom@19.2.7_react@19.2.7/node_modules/next/dist/next-devtools/shared/forward-logs-shared.js:27
[ 6082140ms] [WARNING] ../../libs/modules/user/data-access/src/index.ts
export 'ResultInfo' (reexported as 'ResultInfo') was not found in './lib/user.api' (possible exports: deleteUser, getRoleOptions, getTdOptions, getUserDetail, getUserList, resetUserPassword, saveUser, updateUser, updateUserStatus)

Import trace for requested module:
../../libs/modules/user/data-access/src/index.ts
../../libs/modules/user/feature/src/lib/user-list-page.tsx
../../libs/modules/user/feature/src/index.ts
../../libs/shared/util-config/src/lib/module-registry.ts @ webpack-internal:///(app-pages-browser)/../../node_modules/.pnpm/next@16.1.7_@babel+core@7.29.7_@playwright+test@1.60.0_react-dom@19.2.7_react@19.2.7/node_modules/next/dist/next-devtools/shared/forward-logs-shared.js:27
[ 6082207ms] [LOG] [Fast Refresh] done in 1723ms @ webpack-internal:///(app-pages-browser)/../../node_modules/.pnpm/next@16.1.7_@babel+core@7.29.7_@playwright+test@1.60.0_react-dom@19.2.7_react@19.2.7/node_modules/next/dist/next-devtools/shared/forward-logs-shared.js:27
[ 6140825ms] [LOG] [Fast Refresh] rebuilding @ webpack-internal:///(app-pages-browser)/../../node_modules/.pnpm/next@16.1.7_@babel+core@7.29.7_@playwright+test@1.60.0_react-dom@19.2.7_react@19.2.7/node_modules/next/dist/next-devtools/shared/forward-logs-shared.js:27
[ 6142262ms] [WARNING] ../../libs/modules/user/data-access/src/index.ts
export 'ResultInfo' (reexported as 'ResultInfo') was not found in './lib/user.api' (possible exports: deleteUser, getRoleOptions, getTdOptions, getUserDetail, getUserList, resetUserPassword, saveUser, updateUser, updateUserStatus)

Import trace for requested module:
../../libs/modules/user/data-access/src/index.ts
../../libs/modules/user/feature/src/lib/user-list-page.tsx
../../libs/modules/user/feature/src/index.ts
../../libs/shared/util-config/src/lib/module-registry.ts @ webpack-internal:///(app-pages-browser)/../../node_modules/.pnpm/next@16.1.7_@babel+core@7.29.7_@playwright+test@1.60.0_react-dom@19.2.7_react@19.2.7/node_modules/next/dist/next-devtools/shared/forward-logs-shared.js:27
[ 6142346ms] [LOG] [Fast Refresh] done in 1521ms @ webpack-internal:///(app-pages-browser)/../../node_modules/.pnpm/next@16.1.7_@babel+core@7.29.7_@playwright+test@1.60.0_react-dom@19.2.7_react@19.2.7/node_modules/next/dist/next-devtools/shared/forward-logs-shared.js:27
[ 6201187ms] [LOG] [Fast Refresh] rebuilding @ webpack-internal:///(app-pages-browser)/../../node_modules/.pnpm/next@16.1.7_@babel+core@7.29.7_@playwright+test@1.60.0_react-dom@19.2.7_react@19.2.7/node_modules/next/dist/next-devtools/shared/forward-logs-shared.js:27
[ 6204469ms] [WARNING] ../../libs/modules/user/data-access/src/index.ts
export 'ResultInfo' (reexported as 'ResultInfo') was not found in './lib/user.api' (possible exports: deleteUser, getRoleOptions, getTdOptions, getUserDetail, getUserList, resetUserPassword, saveUser, updateUser, updateUserStatus)

Import trace for requested module:
../../libs/modules/user/data-access/src/index.ts
../../libs/modules/user/feature/src/lib/user-list-page.tsx
../../libs/modules/user/feature/src/index.ts
../../libs/shared/util-config/src/lib/module-registry.ts @ webpack-internal:///(app-pages-browser)/../../node_modules/.pnpm/next@16.1.7_@babel+core@7.29.7_@playwright+test@1.60.0_react-dom@19.2.7_react@19.2.7/node_modules/next/dist/next-devtools/shared/forward-logs-shared.js:27
[ 6204527ms] [LOG] [Fast Refresh] done in 3340ms @ webpack-internal:///(app-pages-browser)/../../node_modules/.pnpm/next@16.1.7_@babel+core@7.29.7_@playwright+test@1.60.0_react-dom@19.2.7_react@19.2.7/node_modules/next/dist/next-devtools/shared/forward-logs-shared.js:27
[ 6261587ms] [LOG] [Fast Refresh] rebuilding @ webpack-internal:///(app-pages-browser)/../../node_modules/.pnpm/next@16.1.7_@babel+core@7.29.7_@playwright+test@1.60.0_react-dom@19.2.7_react@19.2.7/node_modules/next/dist/next-devtools/shared/forward-logs-shared.js:27
[ 6263016ms] [WARNING] ../../libs/modules/user/data-access/src/index.ts
export 'ResultInfo' (reexported as 'ResultInfo') was not found in './lib/user.api' (possible exports: deleteUser, getRoleOptions, getTdOptions, getUserDetail, getUserList, resetUserPassword, saveUser, updateUser, updateUserStatus)

Import trace for requested module:
../../libs/modules/user/data-access/src/index.ts
../../libs/modules/user/feature/src/lib/user-list-page.tsx
../../libs/modules/user/feature/src/index.ts
../../libs/shared/util-config/src/lib/module-registry.ts @ webpack-internal:///(app-pages-browser)/../../node_modules/.pnpm/next@16.1.7_@babel+core@7.29.7_@playwright+test@1.60.0_react-dom@19.2.7_react@19.2.7/node_modules/next/dist/next-devtools/shared/forward-logs-shared.js:27
[ 6263060ms] [LOG] [Fast Refresh] done in 1473ms @ webpack-internal:///(app-pages-browser)/../../node_modules/.pnpm/next@16.1.7_@babel+core@7.29.7_@playwright+test@1.60.0_react-dom@19.2.7_react@19.2.7/node_modules/next/dist/next-devtools/shared/forward-logs-shared.js:27
[ 6321893ms] [LOG] [Fast Refresh] rebuilding @ webpack-internal:///(app-pages-browser)/../../node_modules/.pnpm/next@16.1.7_@babel+core@7.29.7_@playwright+test@1.60.0_react-dom@19.2.7_react@19.2.7/node_modules/next/dist/next-devtools/shared/forward-logs-shared.js:27
[ 6323074ms] [WARNING] ../../libs/modules/user/data-access/src/index.ts
export 'ResultInfo' (reexported as 'ResultInfo') was not found in './lib/user.api' (possible exports: deleteUser, getRoleOptions, getTdOptions, getUserDetail, getUserList, resetUserPassword, saveUser, updateUser, updateUserStatus)

Import trace for requested module:
../../libs/modules/user/data-access/src/index.ts
../../libs/modules/user/feature/src/lib/user-list-page.tsx
../../libs/modules/user/feature/src/index.ts
../../libs/shared/util-config/src/lib/module-registry.ts @ webpack-internal:///(app-pages-browser)/../../node_modules/.pnpm/next@16.1.7_@babel+core@7.29.7_@playwright+test@1.60.0_react-dom@19.2.7_react@19.2.7/node_modules/next/dist/next-devtools/shared/forward-logs-shared.js:27
[ 6323121ms] [LOG] [Fast Refresh] done in 1229ms @ webpack-internal:///(app-pages-browser)/../../node_modules/.pnpm/next@16.1.7_@babel+core@7.29.7_@playwright+test@1.60.0_react-dom@19.2.7_react@19.2.7/node_modules/next/dist/next-devtools/shared/forward-logs-shared.js:27
[ 6382218ms] [LOG] [Fast Refresh] rebuilding @ webpack-internal:///(app-pages-browser)/../../node_modules/.pnpm/next@16.1.7_@babel+core@7.29.7_@playwright+test@1.60.0_react-dom@19.2.7_react@19.2.7/node_modules/next/dist/next-devtools/shared/forward-logs-shared.js:27
[ 6384819ms] [WARNING] ../../libs/modules/user/data-access/src/index.ts
export 'ResultInfo' (reexported as 'ResultInfo') was not found in './lib/user.api' (possible exports: deleteUser, getRoleOptions, getTdOptions, getUserDetail, getUserList, resetUserPassword, saveUser, updateUser, updateUserStatus)

Import trace for requested module:
../../libs/modules/user/data-access/src/index.ts
../../libs/modules/user/feature/src/lib/user-list-page.tsx
../../libs/modules/user/feature/src/index.ts
../../libs/shared/util-config/src/lib/module-registry.ts @ webpack-internal:///(app-pages-browser)/../../node_modules/.pnpm/next@16.1.7_@babel+core@7.29.7_@playwright+test@1.60.0_react-dom@19.2.7_react@19.2.7/node_modules/next/dist/next-devtools/shared/forward-logs-shared.js:27
[ 6384860ms] [LOG] [Fast Refresh] done in 2641ms @ webpack-internal:///(app-pages-browser)/../../node_modules/.pnpm/next@16.1.7_@babel+core@7.29.7_@playwright+test@1.60.0_react-dom@19.2.7_react@19.2.7/node_modules/next/dist/next-devtools/shared/forward-logs-shared.js:27
[ 6442515ms] [LOG] [Fast Refresh] rebuilding @ webpack-internal:///(app-pages-browser)/../../node_modules/.pnpm/next@16.1.7_@babel+core@7.29.7_@playwright+test@1.60.0_react-dom@19.2.7_react@19.2.7/node_modules/next/dist/next-devtools/shared/forward-logs-shared.js:27
[ 6443695ms] [WARNING] ../../libs/modules/user/data-access/src/index.ts
export 'ResultInfo' (reexported as 'ResultInfo') was not found in './lib/user.api' (possible exports: deleteUser, getRoleOptions, getTdOptions, getUserDetail, getUserList, resetUserPassword, saveUser, updateUser, updateUserStatus)

Import trace for requested module:
../../libs/modules/user/data-access/src/index.ts
../../libs/modules/user/feature/src/lib/user-list-page.tsx
../../libs/modules/user/feature/src/index.ts
../../libs/shared/util-config/src/lib/module-registry.ts @ webpack-internal:///(app-pages-browser)/../../node_modules/.pnpm/next@16.1.7_@babel+core@7.29.7_@playwright+test@1.60.0_react-dom@19.2.7_react@19.2.7/node_modules/next/dist/next-devtools/shared/forward-logs-shared.js:27
[ 6443735ms] [LOG] [Fast Refresh] done in 1219ms @ webpack-internal:///(app-pages-browser)/../../node_modules/.pnpm/next@16.1.7_@babel+core@7.29.7_@playwright+test@1.60.0_react-dom@19.2.7_react@19.2.7/node_modules/next/dist/next-devtools/shared/forward-logs-shared.js:27
[ 6502825ms] [LOG] [Fast Refresh] rebuilding @ webpack-internal:///(app-pages-browser)/../../node_modules/.pnpm/next@16.1.7_@babel+core@7.29.7_@playwright+test@1.60.0_react-dom@19.2.7_react@19.2.7/node_modules/next/dist/next-devtools/shared/forward-logs-shared.js:27
[ 6504150ms] [WARNING] ../../libs/modules/user/data-access/src/index.ts
export 'ResultInfo' (reexported as 'ResultInfo') was not found in './lib/user.api' (possible exports: deleteUser, getRoleOptions, getTdOptions, getUserDetail, getUserList, resetUserPassword, saveUser, updateUser, updateUserStatus)

Import trace for requested module:
../../libs/modules/user/data-access/src/index.ts
../../libs/modules/user/feature/src/lib/user-list-page.tsx
../../libs/modules/user/feature/src/index.ts
../../libs/shared/util-config/src/lib/module-registry.ts @ webpack-internal:///(app-pages-browser)/../../node_modules/.pnpm/next@16.1.7_@babel+core@7.29.7_@playwright+test@1.60.0_react-dom@19.2.7_react@19.2.7/node_modules/next/dist/next-devtools/shared/forward-logs-shared.js:27
[ 6504188ms] [LOG] [Fast Refresh] done in 1362ms @ webpack-internal:///(app-pages-browser)/../../node_modules/.pnpm/next@16.1.7_@babel+core@7.29.7_@playwright+test@1.60.0_react-dom@19.2.7_react@19.2.7/node_modules/next/dist/next-devtools/shared/forward-logs-shared.js:27
[ 6563112ms] [LOG] [Fast Refresh] rebuilding @ webpack-internal:///(app-pages-browser)/../../node_modules/.pnpm/next@16.1.7_@babel+core@7.29.7_@playwright+test@1.60.0_react-dom@19.2.7_react@19.2.7/node_modules/next/dist/next-devtools/shared/forward-logs-shared.js:27
[ 6565321ms] [WARNING] ../../libs/modules/user/data-access/src/index.ts
export 'ResultInfo' (reexported as 'ResultInfo') was not found in './lib/user.api' (possible exports: deleteUser, getRoleOptions, getTdOptions, getUserDetail, getUserList, resetUserPassword, saveUser, updateUser, updateUserStatus)

Import trace for requested module:
../../libs/modules/user/data-access/src/index.ts
../../libs/modules/user/feature/src/lib/user-list-page.tsx
../../libs/modules/user/feature/src/index.ts
../../libs/shared/util-config/src/lib/module-registry.ts @ webpack-internal:///(app-pages-browser)/../../node_modules/.pnpm/next@16.1.7_@babel+core@7.29.7_@playwright+test@1.60.0_react-dom@19.2.7_react@19.2.7/node_modules/next/dist/next-devtools/shared/forward-logs-shared.js:27
[ 6565365ms] [LOG] [Fast Refresh] done in 2252ms @ webpack-internal:///(app-pages-browser)/../../node_modules/.pnpm/next@16.1.7_@babel+core@7.29.7_@playwright+test@1.60.0_react-dom@19.2.7_react@19.2.7/node_modules/next/dist/next-devtools/shared/forward-logs-shared.js:27
[ 6623464ms] [LOG] [Fast Refresh] rebuilding @ webpack-internal:///(app-pages-browser)/../../node_modules/.pnpm/next@16.1.7_@babel+core@7.29.7_@playwright+test@1.60.0_react-dom@19.2.7_react@19.2.7/node_modules/next/dist/next-devtools/shared/forward-logs-shared.js:27
[ 6624655ms] [WARNING] ../../libs/modules/user/data-access/src/index.ts
export 'ResultInfo' (reexported as 'ResultInfo') was not found in './lib/user.api' (possible exports: deleteUser, getRoleOptions, getTdOptions, getUserDetail, getUserList, resetUserPassword, saveUser, updateUser, updateUserStatus)

Import trace for requested module:
../../libs/modules/user/data-access/src/index.ts
../../libs/modules/user/feature/src/lib/user-list-page.tsx
../../libs/modules/user/feature/src/index.ts
../../libs/shared/util-config/src/lib/module-registry.ts @ webpack-internal:///(app-pages-browser)/../../node_modules/.pnpm/next@16.1.7_@babel+core@7.29.7_@playwright+test@1.60.0_react-dom@19.2.7_react@19.2.7/node_modules/next/dist/next-devtools/shared/forward-logs-shared.js:27
[ 6624698ms] [LOG] [Fast Refresh] done in 1235ms @ webpack-internal:///(app-pages-browser)/../../node_modules/.pnpm/next@16.1.7_@babel+core@7.29.7_@playwright+test@1.60.0_react-dom@19.2.7_react@19.2.7/node_modules/next/dist/next-devtools/shared/forward-logs-shared.js:27
[ 6683997ms] [LOG] [Fast Refresh] rebuilding @ webpack-internal:///(app-pages-browser)/../../node_modules/.pnpm/next@16.1.7_@babel+core@7.29.7_@playwright+test@1.60.0_react-dom@19.2.7_react@19.2.7/node_modules/next/dist/next-devtools/shared/forward-logs-shared.js:27
[ 6685120ms] [WARNING] ../../libs/modules/user/data-access/src/index.ts
export 'ResultInfo' (reexported as 'ResultInfo') was not found in './lib/user.api' (possible exports: deleteUser, getRoleOptions, getTdOptions, getUserDetail, getUserList, resetUserPassword, saveUser, updateUser, updateUserStatus)

Import trace for requested module:
../../libs/modules/user/data-access/src/index.ts
../../libs/modules/user/feature/src/lib/user-list-page.tsx
../../libs/modules/user/feature/src/index.ts
../../libs/shared/util-config/src/lib/module-registry.ts @ webpack-internal:///(app-pages-browser)/../../node_modules/.pnpm/next@16.1.7_@babel+core@7.29.7_@playwright+test@1.60.0_react-dom@19.2.7_react@19.2.7/node_modules/next/dist/next-devtools/shared/forward-logs-shared.js:27
[ 6685153ms] [LOG] [Fast Refresh] done in 1155ms @ webpack-internal:///(app-pages-browser)/../../node_modules/.pnpm/next@16.1.7_@babel+core@7.29.7_@playwright+test@1.60.0_react-dom@19.2.7_react@19.2.7/node_modules/next/dist/next-devtools/shared/forward-logs-shared.js:27
[ 6744462ms] [LOG] [Fast Refresh] rebuilding @ webpack-internal:///(app-pages-browser)/../../node_modules/.pnpm/next@16.1.7_@babel+core@7.29.7_@playwright+test@1.60.0_react-dom@19.2.7_react@19.2.7/node_modules/next/dist/next-devtools/shared/forward-logs-shared.js:27
[ 6746869ms] [WARNING] ../../libs/modules/user/data-access/src/index.ts
export 'ResultInfo' (reexported as 'ResultInfo') was not found in './lib/user.api' (possible exports: deleteUser, getRoleOptions, getTdOptions, getUserDetail, getUserList, resetUserPassword, saveUser, updateUser, updateUserStatus)

Import trace for requested module:
../../libs/modules/user/data-access/src/index.ts
../../libs/modules/user/feature/src/lib/user-list-page.tsx
../../libs/modules/user/feature/src/index.ts
../../libs/shared/util-config/src/lib/module-registry.ts @ webpack-internal:///(app-pages-browser)/../../node_modules/.pnpm/next@16.1.7_@babel+core@7.29.7_@playwright+test@1.60.0_react-dom@19.2.7_react@19.2.7/node_modules/next/dist/next-devtools/shared/forward-logs-shared.js:27
[ 6746922ms] [LOG] [Fast Refresh] done in 2460ms @ webpack-internal:///(app-pages-browser)/../../node_modules/.pnpm/next@16.1.7_@babel+core@7.29.7_@playwright+test@1.60.0_react-dom@19.2.7_react@19.2.7/node_modules/next/dist/next-devtools/shared/forward-logs-shared.js:27
[ 6804982ms] [LOG] [Fast Refresh] rebuilding @ webpack-internal:///(app-pages-browser)/../../node_modules/.pnpm/next@16.1.7_@babel+core@7.29.7_@playwright+test@1.60.0_react-dom@19.2.7_react@19.2.7/node_modules/next/dist/next-devtools/shared/forward-logs-shared.js:27
[ 6806279ms] [WARNING] ../../libs/modules/user/data-access/src/index.ts
export 'ResultInfo' (reexported as 'ResultInfo') was not found in './lib/user.api' (possible exports: deleteUser, getRoleOptions, getTdOptions, getUserDetail, getUserList, resetUserPassword, saveUser, updateUser, updateUserStatus)

Import trace for requested module:
../../libs/modules/user/data-access/src/index.ts
../../libs/modules/user/feature/src/lib/user-list-page.tsx
../../libs/modules/user/feature/src/index.ts
../../libs/shared/util-config/src/lib/module-registry.ts @ webpack-internal:///(app-pages-browser)/../../node_modules/.pnpm/next@16.1.7_@babel+core@7.29.7_@playwright+test@1.60.0_react-dom@19.2.7_react@19.2.7/node_modules/next/dist/next-devtools/shared/forward-logs-shared.js:27
[ 6806325ms] [LOG] [Fast Refresh] done in 1343ms @ webpack-internal:///(app-pages-browser)/../../node_modules/.pnpm/next@16.1.7_@babel+core@7.29.7_@playwright+test@1.60.0_react-dom@19.2.7_react@19.2.7/node_modules/next/dist/next-devtools/shared/forward-logs-shared.js:27
[ 6865501ms] [LOG] [Fast Refresh] rebuilding @ webpack-internal:///(app-pages-browser)/../../node_modules/.pnpm/next@16.1.7_@babel+core@7.29.7_@playwright+test@1.60.0_react-dom@19.2.7_react@19.2.7/node_modules/next/dist/next-devtools/shared/forward-logs-shared.js:27
[ 6866642ms] [WARNING] ../../libs/modules/user/data-access/src/index.ts
export 'ResultInfo' (reexported as 'ResultInfo') was not found in './lib/user.api' (possible exports: deleteUser, getRoleOptions, getTdOptions, getUserDetail, getUserList, resetUserPassword, saveUser, updateUser, updateUserStatus)

Import trace for requested module:
../../libs/modules/user/data-access/src/index.ts
../../libs/modules/user/feature/src/lib/user-list-page.tsx
../../libs/modules/user/feature/src/index.ts
../../libs/shared/util-config/src/lib/module-registry.ts @ webpack-internal:///(app-pages-browser)/../../node_modules/.pnpm/next@16.1.7_@babel+core@7.29.7_@playwright+test@1.60.0_react-dom@19.2.7_react@19.2.7/node_modules/next/dist/next-devtools/shared/forward-logs-shared.js:27
[ 6866678ms] [LOG] [Fast Refresh] done in 1177ms @ webpack-internal:///(app-pages-browser)/../../node_modules/.pnpm/next@16.1.7_@babel+core@7.29.7_@playwright+test@1.60.0_react-dom@19.2.7_react@19.2.7/node_modules/next/dist/next-devtools/shared/forward-logs-shared.js:27
[ 6926024ms] [LOG] [Fast Refresh] rebuilding @ webpack-internal:///(app-pages-browser)/../../node_modules/.pnpm/next@16.1.7_@babel+core@7.29.7_@playwright+test@1.60.0_react-dom@19.2.7_react@19.2.7/node_modules/next/dist/next-devtools/shared/forward-logs-shared.js:27
[ 6928580ms] [WARNING] ../../libs/modules/user/data-access/src/index.ts
export 'ResultInfo' (reexported as 'ResultInfo') was not found in './lib/user.api' (possible exports: deleteUser, getRoleOptions, getTdOptions, getUserDetail, getUserList, resetUserPassword, saveUser, updateUser, updateUserStatus)

Import trace for requested module:
../../libs/modules/user/data-access/src/index.ts
../../libs/modules/user/feature/src/lib/user-list-page.tsx
../../libs/modules/user/feature/src/index.ts
../../libs/shared/util-config/src/lib/module-registry.ts @ webpack-internal:///(app-pages-browser)/../../node_modules/.pnpm/next@16.1.7_@babel+core@7.29.7_@playwright+test@1.60.0_react-dom@19.2.7_react@19.2.7/node_modules/next/dist/next-devtools/shared/forward-logs-shared.js:27
[ 6928627ms] [LOG] [Fast Refresh] done in 2602ms @ webpack-internal:///(app-pages-browser)/../../node_modules/.pnpm/next@16.1.7_@babel+core@7.29.7_@playwright+test@1.60.0_react-dom@19.2.7_react@19.2.7/node_modules/next/dist/next-devtools/shared/forward-logs-shared.js:27
[ 6986334ms] [LOG] [Fast Refresh] rebuilding @ webpack-internal:///(app-pages-browser)/../../node_modules/.pnpm/next@16.1.7_@babel+core@7.29.7_@playwright+test@1.60.0_react-dom@19.2.7_react@19.2.7/node_modules/next/dist/next-devtools/shared/forward-logs-shared.js:27
[ 6987563ms] [WARNING] ../../libs/modules/user/data-access/src/index.ts
export 'ResultInfo' (reexported as 'ResultInfo') was not found in './lib/user.api' (possible exports: deleteUser, getRoleOptions, getTdOptions, getUserDetail, getUserList, resetUserPassword, saveUser, updateUser, updateUserStatus)

Import trace for requested module:
../../libs/modules/user/data-access/src/index.ts
../../libs/modules/user/feature/src/lib/user-list-page.tsx
../../libs/modules/user/feature/src/index.ts
../../libs/shared/util-config/src/lib/module-registry.ts @ webpack-internal:///(app-pages-browser)/../../node_modules/.pnpm/next@16.1.7_@babel+core@7.29.7_@playwright+test@1.60.0_react-dom@19.2.7_react@19.2.7/node_modules/next/dist/next-devtools/shared/forward-logs-shared.js:27
[ 6987598ms] [LOG] [Fast Refresh] done in 1264ms @ webpack-internal:///(app-pages-browser)/../../node_modules/.pnpm/next@16.1.7_@babel+core@7.29.7_@playwright+test@1.60.0_react-dom@19.2.7_react@19.2.7/node_modules/next/dist/next-devtools/shared/forward-logs-shared.js:27
[ 7046640ms] [LOG] [Fast Refresh] rebuilding @ webpack-internal:///(app-pages-browser)/../../node_modules/.pnpm/next@16.1.7_@babel+core@7.29.7_@playwright+test@1.60.0_react-dom@19.2.7_react@19.2.7/node_modules/next/dist/next-devtools/shared/forward-logs-shared.js:27
[ 7047799ms] [WARNING] ../../libs/modules/user/data-access/src/index.ts
export 'ResultInfo' (reexported as 'ResultInfo') was not found in './lib/user.api' (possible exports: deleteUser, getRoleOptions, getTdOptions, getUserDetail, getUserList, resetUserPassword, saveUser, updateUser, updateUserStatus)

Import trace for requested module:
../../libs/modules/user/data-access/src/index.ts
../../libs/modules/user/feature/src/lib/user-list-page.tsx
../../libs/modules/user/feature/src/index.ts
../../libs/shared/util-config/src/lib/module-registry.ts @ webpack-internal:///(app-pages-browser)/../../node_modules/.pnpm/next@16.1.7_@babel+core@7.29.7_@playwright+test@1.60.0_react-dom@19.2.7_react@19.2.7/node_modules/next/dist/next-devtools/shared/forward-logs-shared.js:27
[ 7047838ms] [LOG] [Fast Refresh] done in 1198ms @ webpack-internal:///(app-pages-browser)/../../node_modules/.pnpm/next@16.1.7_@babel+core@7.29.7_@playwright+test@1.60.0_react-dom@19.2.7_react@19.2.7/node_modules/next/dist/next-devtools/shared/forward-logs-shared.js:27
[ 7106955ms] [LOG] [Fast Refresh] rebuilding @ webpack-internal:///(app-pages-browser)/../../node_modules/.pnpm/next@16.1.7_@babel+core@7.29.7_@playwright+test@1.60.0_react-dom@19.2.7_react@19.2.7/node_modules/next/dist/next-devtools/shared/forward-logs-shared.js:27
[ 7109185ms] [WARNING] ../../libs/modules/user/data-access/src/index.ts
export 'ResultInfo' (reexported as 'ResultInfo') was not found in './lib/user.api' (possible exports: deleteUser, getRoleOptions, getTdOptions, getUserDetail, getUserList, resetUserPassword, saveUser, updateUser, updateUserStatus)

Import trace for requested module:
../../libs/modules/user/data-access/src/index.ts
../../libs/modules/user/feature/src/lib/user-list-page.tsx
../../libs/modules/user/feature/src/index.ts
../../libs/shared/util-config/src/lib/module-registry.ts @ webpack-internal:///(app-pages-browser)/../../node_modules/.pnpm/next@16.1.7_@babel+core@7.29.7_@playwright+test@1.60.0_react-dom@19.2.7_react@19.2.7/node_modules/next/dist/next-devtools/shared/forward-logs-shared.js:27
[ 7109242ms] [LOG] [Fast Refresh] done in 2287ms @ webpack-internal:///(app-pages-browser)/../../node_modules/.pnpm/next@16.1.7_@babel+core@7.29.7_@playwright+test@1.60.0_react-dom@19.2.7_react@19.2.7/node_modules/next/dist/next-devtools/shared/forward-logs-shared.js:27
[ 7167310ms] [LOG] [Fast Refresh] rebuilding @ webpack-internal:///(app-pages-browser)/../../node_modules/.pnpm/next@16.1.7_@babel+core@7.29.7_@playwright+test@1.60.0_react-dom@19.2.7_react@19.2.7/node_modules/next/dist/next-devtools/shared/forward-logs-shared.js:27
[ 7168473ms] [WARNING] ../../libs/modules/user/data-access/src/index.ts
export 'ResultInfo' (reexported as 'ResultInfo') was not found in './lib/user.api' (possible exports: deleteUser, getRoleOptions, getTdOptions, getUserDetail, getUserList, resetUserPassword, saveUser, updateUser, updateUserStatus)

Import trace for requested module:
../../libs/modules/user/data-access/src/index.ts
../../libs/modules/user/feature/src/lib/user-list-page.tsx
../../libs/modules/user/feature/src/index.ts
../../libs/shared/util-config/src/lib/module-registry.ts @ webpack-internal:///(app-pages-browser)/../../node_modules/.pnpm/next@16.1.7_@babel+core@7.29.7_@playwright+test@1.60.0_react-dom@19.2.7_react@19.2.7/node_modules/next/dist/next-devtools/shared/forward-logs-shared.js:27
[ 7168505ms] [LOG] [Fast Refresh] done in 1196ms @ webpack-internal:///(app-pages-browser)/../../node_modules/.pnpm/next@16.1.7_@babel+core@7.29.7_@playwright+test@1.60.0_react-dom@19.2.7_react@19.2.7/node_modules/next/dist/next-devtools/shared/forward-logs-shared.js:27
[ 7227644ms] [LOG] [Fast Refresh] rebuilding @ webpack-internal:///(app-pages-browser)/../../node_modules/.pnpm/next@16.1.7_@babel+core@7.29.7_@playwright+test@1.60.0_react-dom@19.2.7_react@19.2.7/node_modules/next/dist/next-devtools/shared/forward-logs-shared.js:27
[ 7228696ms] [WARNING] ../../libs/modules/user/data-access/src/index.ts
export 'ResultInfo' (reexported as 'ResultInfo') was not found in './lib/user.api' (possible exports: deleteUser, getRoleOptions, getTdOptions, getUserDetail, getUserList, resetUserPassword, saveUser, updateUser, updateUserStatus)

Import trace for requested module:
../../libs/modules/user/data-access/src/index.ts
../../libs/modules/user/feature/src/lib/user-list-page.tsx
../../libs/modules/user/feature/src/index.ts
../../libs/shared/util-config/src/lib/module-registry.ts @ webpack-internal:///(app-pages-browser)/../../node_modules/.pnpm/next@16.1.7_@babel+core@7.29.7_@playwright+test@1.60.0_react-dom@19.2.7_react@19.2.7/node_modules/next/dist/next-devtools/shared/forward-logs-shared.js:27
[ 7228733ms] [LOG] [Fast Refresh] done in 1088ms @ webpack-internal:///(app-pages-browser)/../../node_modules/.pnpm/next@16.1.7_@babel+core@7.29.7_@playwright+test@1.60.0_react-dom@19.2.7_react@19.2.7/node_modules/next/dist/next-devtools/shared/forward-logs-shared.js:27
[ 7287972ms] [LOG] [Fast Refresh] rebuilding @ webpack-internal:///(app-pages-browser)/../../node_modules/.pnpm/next@16.1.7_@babel+core@7.29.7_@playwright+test@1.60.0_react-dom@19.2.7_react@19.2.7/node_modules/next/dist/next-devtools/shared/forward-logs-shared.js:27
[ 7290055ms] [WARNING] ../../libs/modules/user/data-access/src/index.ts
export 'ResultInfo' (reexported as 'ResultInfo') was not found in './lib/user.api' (possible exports: deleteUser, getRoleOptions, getTdOptions, getUserDetail, getUserList, resetUserPassword, saveUser, updateUser, updateUserStatus)

Import trace for requested module:
../../libs/modules/user/data-access/src/index.ts
../../libs/modules/user/feature/src/lib/user-list-page.tsx
../../libs/modules/user/feature/src/index.ts
../../libs/shared/util-config/src/lib/module-registry.ts @ webpack-internal:///(app-pages-browser)/../../node_modules/.pnpm/next@16.1.7_@babel+core@7.29.7_@playwright+test@1.60.0_react-dom@19.2.7_react@19.2.7/node_modules/next/dist/next-devtools/shared/forward-logs-shared.js:27
[ 7290090ms] [LOG] [Fast Refresh] done in 2117ms @ webpack-internal:///(app-pages-browser)/../../node_modules/.pnpm/next@16.1.7_@babel+core@7.29.7_@playwright+test@1.60.0_react-dom@19.2.7_react@19.2.7/node_modules/next/dist/next-devtools/shared/forward-logs-shared.js:27
[ 7348304ms] [LOG] [Fast Refresh] rebuilding @ webpack-internal:///(app-pages-browser)/../../node_modules/.pnpm/next@16.1.7_@babel+core@7.29.7_@playwright+test@1.60.0_react-dom@19.2.7_react@19.2.7/node_modules/next/dist/next-devtools/shared/forward-logs-shared.js:27
[ 7349409ms] [WARNING] ../../libs/modules/user/data-access/src/index.ts
export 'ResultInfo' (reexported as 'ResultInfo') was not found in './lib/user.api' (possible exports: deleteUser, getRoleOptions, getTdOptions, getUserDetail, getUserList, resetUserPassword, saveUser, updateUser, updateUserStatus)

Import trace for requested module:
../../libs/modules/user/data-access/src/index.ts
../../libs/modules/user/feature/src/lib/user-list-page.tsx
../../libs/modules/user/feature/src/index.ts
../../libs/shared/util-config/src/lib/module-registry.ts @ webpack-internal:///(app-pages-browser)/../../node_modules/.pnpm/next@16.1.7_@babel+core@7.29.7_@playwright+test@1.60.0_react-dom@19.2.7_react@19.2.7/node_modules/next/dist/next-devtools/shared/forward-logs-shared.js:27
[ 7349447ms] [LOG] [Fast Refresh] done in 1143ms @ webpack-internal:///(app-pages-browser)/../../node_modules/.pnpm/next@16.1.7_@babel+core@7.29.7_@playwright+test@1.60.0_react-dom@19.2.7_react@19.2.7/node_modules/next/dist/next-devtools/shared/forward-logs-shared.js:27
[ 7408637ms] [LOG] [Fast Refresh] rebuilding @ webpack-internal:///(app-pages-browser)/../../node_modules/.pnpm/next@16.1.7_@babel+core@7.29.7_@playwright+test@1.60.0_react-dom@19.2.7_react@19.2.7/node_modules/next/dist/next-devtools/shared/forward-logs-shared.js:27
[ 7409703ms] [WARNING] ../../libs/modules/user/data-access/src/index.ts
export 'ResultInfo' (reexported as 'ResultInfo') was not found in './lib/user.api' (possible exports: deleteUser, getRoleOptions, getTdOptions, getUserDetail, getUserList, resetUserPassword, saveUser, updateUser, updateUserStatus)

Import trace for requested module:
../../libs/modules/user/data-access/src/index.ts
../../libs/modules/user/feature/src/lib/user-list-page.tsx
../../libs/modules/user/feature/src/index.ts
../../libs/shared/util-config/src/lib/module-registry.ts @ webpack-internal:///(app-pages-browser)/../../node_modules/.pnpm/next@16.1.7_@babel+core@7.29.7_@playwright+test@1.60.0_react-dom@19.2.7_react@19.2.7/node_modules/next/dist/next-devtools/shared/forward-logs-shared.js:27
[ 7409738ms] [LOG] [Fast Refresh] done in 1102ms @ webpack-internal:///(app-pages-browser)/../../node_modules/.pnpm/next@16.1.7_@babel+core@7.29.7_@playwright+test@1.60.0_react-dom@19.2.7_react@19.2.7/node_modules/next/dist/next-devtools/shared/forward-logs-shared.js:27
[ 7469006ms] [LOG] [Fast Refresh] rebuilding @ webpack-internal:///(app-pages-browser)/../../node_modules/.pnpm/next@16.1.7_@babel+core@7.29.7_@playwright+test@1.60.0_react-dom@19.2.7_react@19.2.7/node_modules/next/dist/next-devtools/shared/forward-logs-shared.js:27
[ 7471083ms] [WARNING] ../../libs/modules/user/data-access/src/index.ts
export 'ResultInfo' (reexported as 'ResultInfo') was not found in './lib/user.api' (possible exports: deleteUser, getRoleOptions, getTdOptions, getUserDetail, getUserList, resetUserPassword, saveUser, updateUser, updateUserStatus)

Import trace for requested module:
../../libs/modules/user/data-access/src/index.ts
../../libs/modules/user/feature/src/lib/user-list-page.tsx
../../libs/modules/user/feature/src/index.ts
../../libs/shared/util-config/src/lib/module-registry.ts @ webpack-internal:///(app-pages-browser)/../../node_modules/.pnpm/next@16.1.7_@babel+core@7.29.7_@playwright+test@1.60.0_react-dom@19.2.7_react@19.2.7/node_modules/next/dist/next-devtools/shared/forward-logs-shared.js:27
[ 7471133ms] [LOG] [Fast Refresh] done in 2128ms @ webpack-internal:///(app-pages-browser)/../../node_modules/.pnpm/next@16.1.7_@babel+core@7.29.7_@playwright+test@1.60.0_react-dom@19.2.7_react@19.2.7/node_modules/next/dist/next-devtools/shared/forward-logs-shared.js:27
[ 7529497ms] [LOG] [Fast Refresh] rebuilding @ webpack-internal:///(app-pages-browser)/../../node_modules/.pnpm/next@16.1.7_@babel+core@7.29.7_@playwright+test@1.60.0_react-dom@19.2.7_react@19.2.7/node_modules/next/dist/next-devtools/shared/forward-logs-shared.js:27
[ 7530645ms] [WARNING] ../../libs/modules/user/data-access/src/index.ts
export 'ResultInfo' (reexported as 'ResultInfo') was not found in './lib/user.api' (possible exports: deleteUser, getRoleOptions, getTdOptions, getUserDetail, getUserList, resetUserPassword, saveUser, updateUser, updateUserStatus)

Import trace for requested module:
../../libs/modules/user/data-access/src/index.ts
../../libs/modules/user/feature/src/lib/user-list-page.tsx
../../libs/modules/user/feature/src/index.ts
../../libs/shared/util-config/src/lib/module-registry.ts @ webpack-internal:///(app-pages-browser)/../../node_modules/.pnpm/next@16.1.7_@babel+core@7.29.7_@playwright+test@1.60.0_react-dom@19.2.7_react@19.2.7/node_modules/next/dist/next-devtools/shared/forward-logs-shared.js:27
[ 7530690ms] [LOG] [Fast Refresh] done in 1193ms @ webpack-internal:///(app-pages-browser)/../../node_modules/.pnpm/next@16.1.7_@babel+core@7.29.7_@playwright+test@1.60.0_react-dom@19.2.7_react@19.2.7/node_modules/next/dist/next-devtools/shared/forward-logs-shared.js:27
[ 7590032ms] [LOG] [Fast Refresh] rebuilding @ webpack-internal:///(app-pages-browser)/../../node_modules/.pnpm/next@16.1.7_@babel+core@7.29.7_@playwright+test@1.60.0_react-dom@19.2.7_react@19.2.7/node_modules/next/dist/next-devtools/shared/forward-logs-shared.js:27
[ 7591266ms] [WARNING] ../../libs/modules/user/data-access/src/index.ts
export 'ResultInfo' (reexported as 'ResultInfo') was not found in './lib/user.api' (possible exports: deleteUser, getRoleOptions, getTdOptions, getUserDetail, getUserList, resetUserPassword, saveUser, updateUser, updateUserStatus)

Import trace for requested module:
../../libs/modules/user/data-access/src/index.ts
../../libs/modules/user/feature/src/lib/user-list-page.tsx
../../libs/modules/user/feature/src/index.ts
../../libs/shared/util-config/src/lib/module-registry.ts @ webpack-internal:///(app-pages-browser)/../../node_modules/.pnpm/next@16.1.7_@babel+core@7.29.7_@playwright+test@1.60.0_react-dom@19.2.7_react@19.2.7/node_modules/next/dist/next-devtools/shared/forward-logs-shared.js:27
[ 7591307ms] [LOG] [Fast Refresh] done in 1276ms @ webpack-internal:///(app-pages-browser)/../../node_modules/.pnpm/next@16.1.7_@babel+core@7.29.7_@playwright+test@1.60.0_react-dom@19.2.7_react@19.2.7/node_modules/next/dist/next-devtools/shared/forward-logs-shared.js:27
[ 7635469ms] [ERROR] Failed to load resource: the server responded with a status of 404 (Not Found) @ http://localhost:3000/logo.svg:0
[ 7636688ms] [INFO] %cDownload the React DevTools for a better development experience: https://react.dev/link/react-devtools font-weight:bold @ webpack-internal:///(app-pages-browser)/../../node_modules/.pnpm/next@16.1.7_@babel+core@7.29.7_@playwright+test@1.60.0_react-dom@19.2.7_react@19.2.7/node_modules/next/dist/next-devtools/shared/forward-logs-shared.js:27
[ 7637301ms] [LOG] [HMR] connected @ webpack-internal:///(app-pages-browser)/../../node_modules/.pnpm/next@16.1.7_@babel+core@7.29.7_@playwright+test@1.60.0_react-dom@19.2.7_react@19.2.7/node_modules/next/dist/next-devtools/shared/forward-logs-shared.js:27
[ 7637333ms] [WARNING] ../../libs/modules/user/data-access/src/index.ts
export 'ResultInfo' (reexported as 'ResultInfo') was not found in './lib/user.api' (possible exports: deleteUser, getRoleOptions, getTdOptions, getUserDetail, getUserList, resetUserPassword, saveUser, updateUser, updateUserStatus) @ webpack-internal:///(app-pages-browser)/../../node_modules/.pnpm/next@16.1.7_@babel+core@7.29.7_@playwright+test@1.60.0_react-dom@19.2.7_react@19.2.7/node_modules/next/dist/next-devtools/shared/forward-logs-shared.js:27
[ 7650427ms] [LOG] [Fast Refresh] rebuilding @ webpack-internal:///(app-pages-browser)/../../node_modules/.pnpm/next@16.1.7_@babel+core@7.29.7_@playwright+test@1.60.0_react-dom@19.2.7_react@19.2.7/node_modules/next/dist/next-devtools/shared/forward-logs-shared.js:27
[ 7651936ms] [WARNING] ../../libs/modules/user/data-access/src/index.ts
export 'ResultInfo' (reexported as 'ResultInfo') was not found in './lib/user.api' (possible exports: deleteUser, getRoleOptions, getTdOptions, getUserDetail, getUserList, resetUserPassword, saveUser, updateUser, updateUserStatus)

Import trace for requested module:
../../libs/modules/user/data-access/src/index.ts
../../libs/modules/user/feature/src/lib/user-list-page.tsx
../../libs/modules/user/feature/src/index.ts
../../libs/shared/util-config/src/lib/module-registry.ts @ webpack-internal:///(app-pages-browser)/../../node_modules/.pnpm/next@16.1.7_@babel+core@7.29.7_@playwright+test@1.60.0_react-dom@19.2.7_react@19.2.7/node_modules/next/dist/next-devtools/shared/forward-logs-shared.js:27
[ 7651998ms] [LOG] [Fast Refresh] done in 1572ms @ webpack-internal:///(app-pages-browser)/../../node_modules/.pnpm/next@16.1.7_@babel+core@7.29.7_@playwright+test@1.60.0_react-dom@19.2.7_react@19.2.7/node_modules/next/dist/next-devtools/shared/forward-logs-shared.js:27
[ 7653950ms] [ERROR] Failed to load resource: the server responded with a status of 404 (Not Found) @ http://localhost:3000/logo.svg:0
[ 7654914ms] [INFO] %cDownload the React DevTools for a better development experience: https://react.dev/link/react-devtools font-weight:bold @ webpack-internal:///(app-pages-browser)/../../node_modules/.pnpm/next@16.1.7_@babel+core@7.29.7_@playwright+test@1.60.0_react-dom@19.2.7_react@19.2.7/node_modules/next/dist/next-devtools/shared/forward-logs-shared.js:27
[ 7655134ms] [LOG] [HMR] connected @ webpack-internal:///(app-pages-browser)/../../node_modules/.pnpm/next@16.1.7_@babel+core@7.29.7_@playwright+test@1.60.0_react-dom@19.2.7_react@19.2.7/node_modules/next/dist/next-devtools/shared/forward-logs-shared.js:27
[ 7655162ms] [WARNING] ../../libs/modules/user/data-access/src/index.ts
export 'ResultInfo' (reexported as 'ResultInfo') was not found in './lib/user.api' (possible exports: deleteUser, getRoleOptions, getTdOptions, getUserDetail, getUserList, resetUserPassword, saveUser, updateUser, updateUserStatus) @ webpack-internal:///(app-pages-browser)/../../node_modules/.pnpm/next@16.1.7_@babel+core@7.29.7_@playwright+test@1.60.0_react-dom@19.2.7_react@19.2.7/node_modules/next/dist/next-devtools/shared/forward-logs-shared.js:27
[ 7710826ms] [LOG] [Fast Refresh] rebuilding @ webpack-internal:///(app-pages-browser)/../../node_modules/.pnpm/next@16.1.7_@babel+core@7.29.7_@playwright+test@1.60.0_react-dom@19.2.7_react@19.2.7/node_modules/next/dist/next-devtools/shared/forward-logs-shared.js:27
[ 7713246ms] [WARNING] ../../libs/modules/user/data-access/src/index.ts
export 'ResultInfo' (reexported as 'ResultInfo') was not found in './lib/user.api' (possible exports: deleteUser, getRoleOptions, getTdOptions, getUserDetail, getUserList, resetUserPassword, saveUser, updateUser, updateUserStatus)

Import trace for requested module:
../../libs/modules/user/data-access/src/index.ts
../../libs/modules/user/feature/src/lib/user-list-page.tsx
../../libs/modules/user/feature/src/index.ts
../../libs/shared/util-config/src/lib/module-registry.ts @ webpack-internal:///(app-pages-browser)/../../node_modules/.pnpm/next@16.1.7_@babel+core@7.29.7_@playwright+test@1.60.0_react-dom@19.2.7_react@19.2.7/node_modules/next/dist/next-devtools/shared/forward-logs-shared.js:27
[ 7713288ms] [LOG] [Fast Refresh] done in 2462ms @ webpack-internal:///(app-pages-browser)/../../node_modules/.pnpm/next@16.1.7_@babel+core@7.29.7_@playwright+test@1.60.0_react-dom@19.2.7_react@19.2.7/node_modules/next/dist/next-devtools/shared/forward-logs-shared.js:27
[ 7715465ms] [ERROR] Failed to load resource: the server responded with a status of 404 (Not Found) @ http://localhost:3000/logo.svg:0
[ 7716555ms] [INFO] %cDownload the React DevTools for a better development experience: https://react.dev/link/react-devtools font-weight:bold @ webpack-internal:///(app-pages-browser)/../../node_modules/.pnpm/next@16.1.7_@babel+core@7.29.7_@playwright+test@1.60.0_react-dom@19.2.7_react@19.2.7/node_modules/next/dist/next-devtools/shared/forward-logs-shared.js:27
[ 7716785ms] [LOG] [HMR] connected @ webpack-internal:///(app-pages-browser)/../../node_modules/.pnpm/next@16.1.7_@babel+core@7.29.7_@playwright+test@1.60.0_react-dom@19.2.7_react@19.2.7/node_modules/next/dist/next-devtools/shared/forward-logs-shared.js:27
[ 7716810ms] [WARNING] ../../libs/modules/user/data-access/src/index.ts
export 'ResultInfo' (reexported as 'ResultInfo') was not found in './lib/user.api' (possible exports: deleteUser, getRoleOptions, getTdOptions, getUserDetail, getUserList, resetUserPassword, saveUser, updateUser, updateUserStatus) @ webpack-internal:///(app-pages-browser)/../../node_modules/.pnpm/next@16.1.7_@babel+core@7.29.7_@playwright+test@1.60.0_react-dom@19.2.7_react@19.2.7/node_modules/next/dist/next-devtools/shared/forward-logs-shared.js:27
[ 7771157ms] [LOG] [Fast Refresh] rebuilding @ webpack-internal:///(app-pages-browser)/../../node_modules/.pnpm/next@16.1.7_@babel+core@7.29.7_@playwright+test@1.60.0_react-dom@19.2.7_react@19.2.7/node_modules/next/dist/next-devtools/shared/forward-logs-shared.js:27
[ 7772331ms] [WARNING] ../../libs/modules/user/data-access/src/index.ts
export 'ResultInfo' (reexported as 'ResultInfo') was not found in './lib/user.api' (possible exports: deleteUser, getRoleOptions, getTdOptions, getUserDetail, getUserList, resetUserPassword, saveUser, updateUser, updateUserStatus)

Import trace for requested module:
../../libs/modules/user/data-access/src/index.ts
../../libs/modules/user/feature/src/lib/user-list-page.tsx
../../libs/modules/user/feature/src/index.ts
../../libs/shared/util-config/src/lib/module-registry.ts @ webpack-internal:///(app-pages-browser)/../../node_modules/.pnpm/next@16.1.7_@babel+core@7.29.7_@playwright+test@1.60.0_react-dom@19.2.7_react@19.2.7/node_modules/next/dist/next-devtools/shared/forward-logs-shared.js:27
[ 7772359ms] [LOG] [Fast Refresh] done in 1203ms @ webpack-internal:///(app-pages-browser)/../../node_modules/.pnpm/next@16.1.7_@babel+core@7.29.7_@playwright+test@1.60.0_react-dom@19.2.7_react@19.2.7/node_modules/next/dist/next-devtools/shared/forward-logs-shared.js:27
[ 7774770ms] [ERROR] Failed to load resource: the server responded with a status of 404 (Not Found) @ http://localhost:3000/logo.svg:0
[ 7775926ms] [INFO] %cDownload the React DevTools for a better development experience: https://react.dev/link/react-devtools font-weight:bold @ webpack-internal:///(app-pages-browser)/../../node_modules/.pnpm/next@16.1.7_@babel+core@7.29.7_@playwright+test@1.60.0_react-dom@19.2.7_react@19.2.7/node_modules/next/dist/next-devtools/shared/forward-logs-shared.js:27
[ 7776213ms] [LOG] [HMR] connected @ webpack-internal:///(app-pages-browser)/../../node_modules/.pnpm/next@16.1.7_@babel+core@7.29.7_@playwright+test@1.60.0_react-dom@19.2.7_react@19.2.7/node_modules/next/dist/next-devtools/shared/forward-logs-shared.js:27
[ 7776240ms] [WARNING] ../../libs/modules/user/data-access/src/index.ts
export 'ResultInfo' (reexported as 'ResultInfo') was not found in './lib/user.api' (possible exports: deleteUser, getRoleOptions, getTdOptions, getUserDetail, getUserList, resetUserPassword, saveUser, updateUser, updateUserStatus) @ webpack-internal:///(app-pages-browser)/../../node_modules/.pnpm/next@16.1.7_@babel+core@7.29.7_@playwright+test@1.60.0_react-dom@19.2.7_react@19.2.7/node_modules/next/dist/next-devtools/shared/forward-logs-shared.js:27
[ 7824841ms] [LOG] [Fast Refresh] rebuilding @ webpack-internal:///(app-pages-browser)/../../node_modules/.pnpm/next@16.1.7_@babel+core@7.29.7_@playwright+test@1.60.0_react-dom@19.2.7_react@19.2.7/node_modules/next/dist/next-devtools/shared/forward-logs-shared.js:27
[ 7826151ms] [WARNING] ../../libs/modules/user/data-access/src/index.ts
export 'ResultInfo' (reexported as 'ResultInfo') was not found in './lib/user.api' (possible exports: deleteUser, getRoleOptions, getTdOptions, getUserDetail, getUserList, resetUserPassword, saveUser, updateUser, updateUserStatus)

Import trace for requested module:
../../libs/modules/user/data-access/src/index.ts
../../libs/modules/user/feature/src/lib/user-list-page.tsx
../../libs/modules/user/feature/src/index.ts
../../libs/shared/util-config/src/lib/module-registry.ts @ webpack-internal:///(app-pages-browser)/../../node_modules/.pnpm/next@16.1.7_@babel+core@7.29.7_@playwright+test@1.60.0_react-dom@19.2.7_react@19.2.7/node_modules/next/dist/next-devtools/shared/forward-logs-shared.js:27
[ 7826178ms] [LOG] [Fast Refresh] rebuilding @ webpack-internal:///(app-pages-browser)/../../node_modules/.pnpm/next@16.1.7_@babel+core@7.29.7_@playwright+test@1.60.0_react-dom@19.2.7_react@19.2.7/node_modules/next/dist/next-devtools/shared/forward-logs-shared.js:27
[ 7826207ms] [LOG] [Fast Refresh] done in 28ms @ webpack-internal:///(app-pages-browser)/../../node_modules/.pnpm/next@16.1.7_@babel+core@7.29.7_@playwright+test@1.60.0_react-dom@19.2.7_react@19.2.7/node_modules/next/dist/next-devtools/shared/forward-logs-shared.js:27
[ 7840592ms] [WARNING] ../../libs/modules/user/data-access/src/index.ts
export 'ResultInfo' (reexported as 'ResultInfo') was not found in './lib/user.api' (possible exports: deleteUser, getRoleOptions, getTdOptions, getUserDetail, getUserList, resetUserPassword, saveUser, updateUser, updateUserStatus)

Import trace for requested module:
../../libs/modules/user/data-access/src/index.ts
../../libs/modules/user/feature/src/lib/user-list-page.tsx
../../libs/modules/user/feature/src/index.ts
../../libs/shared/util-config/src/lib/module-registry.ts @ webpack-internal:///(app-pages-browser)/../../node_modules/.pnpm/next@16.1.7_@babel+core@7.29.7_@playwright+test@1.60.0_react-dom@19.2.7_react@19.2.7/node_modules/next/dist/next-devtools/shared/forward-logs-shared.js:27
[ 7840702ms] [LOG] [Fast Refresh] done in 14523ms @ webpack-internal:///(app-pages-browser)/../../node_modules/.pnpm/next@16.1.7_@babel+core@7.29.7_@playwright+test@1.60.0_react-dom@19.2.7_react@19.2.7/node_modules/next/dist/next-devtools/shared/forward-logs-shared.js:27
[ 7840764ms] [LOG] [Fast Refresh] rebuilding @ webpack-internal:///(app-pages-browser)/../../node_modules/.pnpm/next@16.1.7_@babel+core@7.29.7_@playwright+test@1.60.0_react-dom@19.2.7_react@19.2.7/node_modules/next/dist/next-devtools/shared/forward-logs-shared.js:27
[ 7843667ms] [WARNING] ../../libs/modules/user/data-access/src/index.ts
export 'ResultInfo' (reexported as 'ResultInfo') was not found in './lib/user.api' (possible exports: deleteUser, getRoleOptions, getTdOptions, getUserDetail, getUserList, resetUserPassword, saveUser, updateUser, updateUserStatus)

Import trace for requested module:
../../libs/modules/user/data-access/src/index.ts
../../libs/modules/user/feature/src/lib/user-list-page.tsx
../../libs/modules/user/feature/src/index.ts
../../libs/shared/util-config/src/lib/module-registry.ts @ webpack-internal:///(app-pages-browser)/../../node_modules/.pnpm/next@16.1.7_@babel+core@7.29.7_@playwright+test@1.60.0_react-dom@19.2.7_react@19.2.7/node_modules/next/dist/next-devtools/shared/forward-logs-shared.js:27
[ 7843668ms] [LOG] [Fast Refresh] done in 2904ms @ webpack-internal:///(app-pages-browser)/../../node_modules/.pnpm/next@16.1.7_@babel+core@7.29.7_@playwright+test@1.60.0_react-dom@19.2.7_react@19.2.7/node_modules/next/dist/next-devtools/shared/forward-logs-shared.js:27
[ 7847184ms] [ERROR] Failed to load resource: the server responded with a status of 404 (Not Found) @ http://localhost:3000/logo.svg:0
[ 7847982ms] [INFO] %cDownload the React DevTools for a better development experience: https://react.dev/link/react-devtools font-weight:bold @ webpack-internal:///(app-pages-browser)/../../node_modules/.pnpm/next@16.1.7_@babel+core@7.29.7_@playwright+test@1.60.0_react-dom@19.2.7_react@19.2.7/node_modules/next/dist/next-devtools/shared/forward-logs-shared.js:27
[ 7848169ms] [LOG] [HMR] connected @ webpack-internal:///(app-pages-browser)/../../node_modules/.pnpm/next@16.1.7_@babel+core@7.29.7_@playwright+test@1.60.0_react-dom@19.2.7_react@19.2.7/node_modules/next/dist/next-devtools/shared/forward-logs-shared.js:27
[ 7848195ms] [WARNING] ../../libs/modules/user/data-access/src/index.ts
export 'ResultInfo' (reexported as 'ResultInfo') was not found in './lib/user.api' (possible exports: deleteUser, getRoleOptions, getTdOptions, getUserDetail, getUserList, resetUserPassword, saveUser, updateUser, updateUserStatus) @ webpack-internal:///(app-pages-browser)/../../node_modules/.pnpm/next@16.1.7_@babel+core@7.29.7_@playwright+test@1.60.0_react-dom@19.2.7_react@19.2.7/node_modules/next/dist/next-devtools/shared/forward-logs-shared.js:27
[ 7891927ms] [LOG] [Fast Refresh] rebuilding @ webpack-internal:///(app-pages-browser)/../../node_modules/.pnpm/next@16.1.7_@babel+core@7.29.7_@playwright+test@1.60.0_react-dom@19.2.7_react@19.2.7/node_modules/next/dist/next-devtools/shared/forward-logs-shared.js:27
[ 7893114ms] [WARNING] ../../libs/modules/user/data-access/src/index.ts
export 'ResultInfo' (reexported as 'ResultInfo') was not found in './lib/user.api' (possible exports: deleteUser, getRoleOptions, getTdOptions, getUserDetail, getUserList, resetUserPassword, saveUser, updateUser, updateUserStatus)

Import trace for requested module:
../../libs/modules/user/data-access/src/index.ts
../../libs/modules/user/feature/src/lib/user-list-page.tsx
../../libs/modules/user/feature/src/index.ts
../../libs/shared/util-config/src/lib/module-registry.ts @ webpack-internal:///(app-pages-browser)/../../node_modules/.pnpm/next@16.1.7_@babel+core@7.29.7_@playwright+test@1.60.0_react-dom@19.2.7_react@19.2.7/node_modules/next/dist/next-devtools/shared/forward-logs-shared.js:27
[ 7893158ms] [LOG] [Fast Refresh] done in 1231ms @ webpack-internal:///(app-pages-browser)/../../node_modules/.pnpm/next@16.1.7_@babel+core@7.29.7_@playwright+test@1.60.0_react-dom@19.2.7_react@19.2.7/node_modules/next/dist/next-devtools/shared/forward-logs-shared.js:27
[ 7895537ms] [ERROR] Failed to load resource: the server responded with a status of 404 (Not Found) @ http://localhost:3000/logo.svg:0
[ 7896767ms] [INFO] %cDownload the React DevTools for a better development experience: https://react.dev/link/react-devtools font-weight:bold @ webpack-internal:///(app-pages-browser)/../../node_modules/.pnpm/next@16.1.7_@babel+core@7.29.7_@playwright+test@1.60.0_react-dom@19.2.7_react@19.2.7/node_modules/next/dist/next-devtools/shared/forward-logs-shared.js:27
[ 7897009ms] [LOG] [HMR] connected @ webpack-internal:///(app-pages-browser)/../../node_modules/.pnpm/next@16.1.7_@babel+core@7.29.7_@playwright+test@1.60.0_react-dom@19.2.7_react@19.2.7/node_modules/next/dist/next-devtools/shared/forward-logs-shared.js:27
[ 7897037ms] [WARNING] ../../libs/modules/user/data-access/src/index.ts
export 'ResultInfo' (reexported as 'ResultInfo') was not found in './lib/user.api' (possible exports: deleteUser, getRoleOptions, getTdOptions, getUserDetail, getUserList, resetUserPassword, saveUser, updateUser, updateUserStatus) @ webpack-internal:///(app-pages-browser)/../../node_modules/.pnpm/next@16.1.7_@babel+core@7.29.7_@playwright+test@1.60.0_react-dom@19.2.7_react@19.2.7/node_modules/next/dist/next-devtools/shared/forward-logs-shared.js:27
[ 7912382ms] [LOG] [Fast Refresh] rebuilding @ webpack-internal:///(app-pages-browser)/../../node_modules/.pnpm/next@16.1.7_@babel+core@7.29.7_@playwright+test@1.60.0_react-dom@19.2.7_react@19.2.7/node_modules/next/dist/next-devtools/shared/forward-logs-shared.js:27
[ 7913724ms] [WARNING] ../../libs/modules/user/data-access/src/index.ts
export 'ResultInfo' (reexported as 'ResultInfo') was not found in './lib/user.api' (possible exports: deleteUser, getRoleOptions, getTdOptions, getUserDetail, getUserList, resetUserPassword, saveUser, updateUser, updateUserStatus)

Import trace for requested module:
../../libs/modules/user/data-access/src/index.ts
../../libs/modules/user/feature/src/lib/user-list-page.tsx
../../libs/modules/user/feature/src/index.ts
../../libs/shared/util-config/src/lib/module-registry.ts @ webpack-internal:///(app-pages-browser)/../../node_modules/.pnpm/next@16.1.7_@babel+core@7.29.7_@playwright+test@1.60.0_react-dom@19.2.7_react@19.2.7/node_modules/next/dist/next-devtools/shared/forward-logs-shared.js:27
[ 7913749ms] [LOG] [Fast Refresh] rebuilding @ webpack-internal:///(app-pages-browser)/../../node_modules/.pnpm/next@16.1.7_@babel+core@7.29.7_@playwright+test@1.60.0_react-dom@19.2.7_react@19.2.7/node_modules/next/dist/next-devtools/shared/forward-logs-shared.js:27
[ 7913774ms] [LOG] [Fast Refresh] done in 25ms @ webpack-internal:///(app-pages-browser)/../../node_modules/.pnpm/next@16.1.7_@babel+core@7.29.7_@playwright+test@1.60.0_react-dom@19.2.7_react@19.2.7/node_modules/next/dist/next-devtools/shared/forward-logs-shared.js:27
[ 7922460ms] [WARNING] ../../libs/modules/user/data-access/src/index.ts
export 'ResultInfo' (reexported as 'ResultInfo') was not found in './lib/user.api' (possible exports: deleteUser, getRoleOptions, getTdOptions, getUserDetail, getUserList, resetUserPassword, saveUser, updateUser, updateUserStatus)

Import trace for requested module:
../../libs/modules/user/data-access/src/index.ts
../../libs/modules/user/feature/src/lib/user-list-page.tsx
../../libs/modules/user/feature/src/index.ts
../../libs/shared/util-config/src/lib/module-registry.ts @ webpack-internal:///(app-pages-browser)/../../node_modules/.pnpm/next@16.1.7_@babel+core@7.29.7_@playwright+test@1.60.0_react-dom@19.2.7_react@19.2.7/node_modules/next/dist/next-devtools/shared/forward-logs-shared.js:27
[ 7922496ms] [LOG] [Fast Refresh] done in 8747ms @ webpack-internal:///(app-pages-browser)/../../node_modules/.pnpm/next@16.1.7_@babel+core@7.29.7_@playwright+test@1.60.0_react-dom@19.2.7_react@19.2.7/node_modules/next/dist/next-devtools/shared/forward-logs-shared.js:27
[ 7922565ms] [LOG] [Fast Refresh] rebuilding @ webpack-internal:///(app-pages-browser)/../../node_modules/.pnpm/next@16.1.7_@babel+core@7.29.7_@playwright+test@1.60.0_react-dom@19.2.7_react@19.2.7/node_modules/next/dist/next-devtools/shared/forward-logs-shared.js:27
[ 7925335ms] [WARNING] ../../libs/modules/user/data-access/src/index.ts
export 'ResultInfo' (reexported as 'ResultInfo') was not found in './lib/user.api' (possible exports: deleteUser, getRoleOptions, getTdOptions, getUserDetail, getUserList, resetUserPassword, saveUser, updateUser, updateUserStatus)

Import trace for requested module:
../../libs/modules/user/data-access/src/index.ts
../../libs/modules/user/feature/src/lib/user-list-page.tsx
../../libs/modules/user/feature/src/index.ts
../../libs/shared/util-config/src/lib/module-registry.ts @ webpack-internal:///(app-pages-browser)/../../node_modules/.pnpm/next@16.1.7_@babel+core@7.29.7_@playwright+test@1.60.0_react-dom@19.2.7_react@19.2.7/node_modules/next/dist/next-devtools/shared/forward-logs-shared.js:27
[ 7925335ms] [LOG] [Fast Refresh] done in 2771ms @ webpack-internal:///(app-pages-browser)/../../node_modules/.pnpm/next@16.1.7_@babel+core@7.29.7_@playwright+test@1.60.0_react-dom@19.2.7_react@19.2.7/node_modules/next/dist/next-devtools/shared/forward-logs-shared.js:27
[ 7928374ms] [ERROR] Failed to load resource: the server responded with a status of 404 (Not Found) @ http://localhost:3000/logo.svg:0
[ 7929323ms] [INFO] %cDownload the React DevTools for a better development experience: https://react.dev/link/react-devtools font-weight:bold @ webpack-internal:///(app-pages-browser)/../../node_modules/.pnpm/next@16.1.7_@babel+core@7.29.7_@playwright+test@1.60.0_react-dom@19.2.7_react@19.2.7/node_modules/next/dist/next-devtools/shared/forward-logs-shared.js:27
[ 7929563ms] [LOG] [HMR] connected @ webpack-internal:///(app-pages-browser)/../../node_modules/.pnpm/next@16.1.7_@babel+core@7.29.7_@playwright+test@1.60.0_react-dom@19.2.7_react@19.2.7/node_modules/next/dist/next-devtools/shared/forward-logs-shared.js:27
[ 7929581ms] [WARNING] ../../libs/modules/user/data-access/src/index.ts
export 'ResultInfo' (reexported as 'ResultInfo') was not found in './lib/user.api' (possible exports: deleteUser, getRoleOptions, getTdOptions, getUserDetail, getUserList, resetUserPassword, saveUser, updateUser, updateUserStatus) @ webpack-internal:///(app-pages-browser)/../../node_modules/.pnpm/next@16.1.7_@babel+core@7.29.7_@playwright+test@1.60.0_react-dom@19.2.7_react@19.2.7/node_modules/next/dist/next-devtools/shared/forward-logs-shared.js:27
[ 7952270ms] [LOG] [Fast Refresh] rebuilding @ webpack-internal:///(app-pages-browser)/../../node_modules/.pnpm/next@16.1.7_@babel+core@7.29.7_@playwright+test@1.60.0_react-dom@19.2.7_react@19.2.7/node_modules/next/dist/next-devtools/shared/forward-logs-shared.js:27
[ 7953363ms] [WARNING] ../../libs/modules/user/data-access/src/index.ts
export 'ResultInfo' (reexported as 'ResultInfo') was not found in './lib/user.api' (possible exports: deleteUser, getRoleOptions, getTdOptions, getUserDetail, getUserList, resetUserPassword, saveUser, updateUser, updateUserStatus)

Import trace for requested module:
../../libs/modules/user/data-access/src/index.ts
../../libs/modules/user/feature/src/lib/user-list-page.tsx
../../libs/modules/user/feature/src/index.ts
../../libs/shared/util-config/src/lib/module-registry.ts @ webpack-internal:///(app-pages-browser)/../../node_modules/.pnpm/next@16.1.7_@babel+core@7.29.7_@playwright+test@1.60.0_react-dom@19.2.7_react@19.2.7/node_modules/next/dist/next-devtools/shared/forward-logs-shared.js:27
[ 7953405ms] [LOG] [Fast Refresh] done in 1135ms @ webpack-internal:///(app-pages-browser)/../../node_modules/.pnpm/next@16.1.7_@babel+core@7.29.7_@playwright+test@1.60.0_react-dom@19.2.7_react@19.2.7/node_modules/next/dist/next-devtools/shared/forward-logs-shared.js:27
[ 7956458ms] [ERROR] Failed to load resource: the server responded with a status of 404 (Not Found) @ http://localhost:3000/logo.svg:0
[ 7957532ms] [INFO] %cDownload the React DevTools for a better development experience: https://react.dev/link/react-devtools font-weight:bold @ webpack-internal:///(app-pages-browser)/../../node_modules/.pnpm/next@16.1.7_@babel+core@7.29.7_@playwright+test@1.60.0_react-dom@19.2.7_react@19.2.7/node_modules/next/dist/next-devtools/shared/forward-logs-shared.js:27
[ 7957745ms] [LOG] [HMR] connected @ webpack-internal:///(app-pages-browser)/../../node_modules/.pnpm/next@16.1.7_@babel+core@7.29.7_@playwright+test@1.60.0_react-dom@19.2.7_react@19.2.7/node_modules/next/dist/next-devtools/shared/forward-logs-shared.js:27
[ 7957763ms] [WARNING] ../../libs/modules/user/data-access/src/index.ts
export 'ResultInfo' (reexported as 'ResultInfo') was not found in './lib/user.api' (possible exports: deleteUser, getRoleOptions, getTdOptions, getUserDetail, getUserList, resetUserPassword, saveUser, updateUser, updateUserStatus) @ webpack-internal:///(app-pages-browser)/../../node_modules/.pnpm/next@16.1.7_@babel+core@7.29.7_@playwright+test@1.60.0_react-dom@19.2.7_react@19.2.7/node_modules/next/dist/next-devtools/shared/forward-logs-shared.js:27
[ 8012584ms] [LOG] [Fast Refresh] rebuilding @ webpack-internal:///(app-pages-browser)/../../node_modules/.pnpm/next@16.1.7_@babel+core@7.29.7_@playwright+test@1.60.0_react-dom@19.2.7_react@19.2.7/node_modules/next/dist/next-devtools/shared/forward-logs-shared.js:27
[ 8013730ms] [WARNING] ../../libs/modules/user/data-access/src/index.ts
export 'ResultInfo' (reexported as 'ResultInfo') was not found in './lib/user.api' (possible exports: deleteUser, getRoleOptions, getTdOptions, getUserDetail, getUserList, resetUserPassword, saveUser, updateUser, updateUserStatus)

Import trace for requested module:
../../libs/modules/user/data-access/src/index.ts
../../libs/modules/user/feature/src/lib/user-list-page.tsx
../../libs/modules/user/feature/src/index.ts
../../libs/shared/util-config/src/lib/module-registry.ts @ webpack-internal:///(app-pages-browser)/../../node_modules/.pnpm/next@16.1.7_@babel+core@7.29.7_@playwright+test@1.60.0_react-dom@19.2.7_react@19.2.7/node_modules/next/dist/next-devtools/shared/forward-logs-shared.js:27
[ 8013777ms] [LOG] [Fast Refresh] done in 1193ms @ webpack-internal:///(app-pages-browser)/../../node_modules/.pnpm/next@16.1.7_@babel+core@7.29.7_@playwright+test@1.60.0_react-dom@19.2.7_react@19.2.7/node_modules/next/dist/next-devtools/shared/forward-logs-shared.js:27
[ 8015929ms] [ERROR] Failed to load resource: the server responded with a status of 404 (Not Found) @ http://localhost:3000/logo.svg:0
[ 8016837ms] [INFO] %cDownload the React DevTools for a better development experience: https://react.dev/link/react-devtools font-weight:bold @ webpack-internal:///(app-pages-browser)/../../node_modules/.pnpm/next@16.1.7_@babel+core@7.29.7_@playwright+test@1.60.0_react-dom@19.2.7_react@19.2.7/node_modules/next/dist/next-devtools/shared/forward-logs-shared.js:27
[ 8017093ms] [LOG] [HMR] connected @ webpack-internal:///(app-pages-browser)/../../node_modules/.pnpm/next@16.1.7_@babel+core@7.29.7_@playwright+test@1.60.0_react-dom@19.2.7_react@19.2.7/node_modules/next/dist/next-devtools/shared/forward-logs-shared.js:27
[ 8017117ms] [WARNING] ../../libs/modules/user/data-access/src/index.ts
export 'ResultInfo' (reexported as 'ResultInfo') was not found in './lib/user.api' (possible exports: deleteUser, getRoleOptions, getTdOptions, getUserDetail, getUserList, resetUserPassword, saveUser, updateUser, updateUserStatus) @ webpack-internal:///(app-pages-browser)/../../node_modules/.pnpm/next@16.1.7_@babel+core@7.29.7_@playwright+test@1.60.0_react-dom@19.2.7_react@19.2.7/node_modules/next/dist/next-devtools/shared/forward-logs-shared.js:27
[ 8068980ms] [WARNING] ../../libs/modules/user/data-access/src/index.ts
export 'ResultInfo' (reexported as 'ResultInfo') was not found in './lib/user.api' (possible exports: deleteUser, getRoleOptions, getTdOptions, getUserDetail, getUserList, resetUserPassword, saveUser, updateUser, updateUserStatus) @ webpack-internal:///(app-pages-browser)/../../node_modules/.pnpm/next@16.1.7_@babel+core@7.29.7_@playwright+test@1.60.0_react-dom@19.2.7_react@19.2.7/node_modules/next/dist/next-devtools/shared/forward-logs-shared.js:27
[ 8072889ms] [LOG] [Fast Refresh] rebuilding @ webpack-internal:///(app-pages-browser)/../../node_modules/.pnpm/next@16.1.7_@babel+core@7.29.7_@playwright+test@1.60.0_react-dom@19.2.7_react@19.2.7/node_modules/next/dist/next-devtools/shared/forward-logs-shared.js:27
[ 8074158ms] [WARNING] ../../libs/modules/user/data-access/src/index.ts
export 'ResultInfo' (reexported as 'ResultInfo') was not found in './lib/user.api' (possible exports: deleteUser, getRoleOptions, getTdOptions, getUserDetail, getUserList, resetUserPassword, saveUser, updateUser, updateUserStatus)

Import trace for requested module:
../../libs/modules/user/data-access/src/index.ts
../../libs/modules/user/feature/src/lib/user-list-page.tsx
../../libs/modules/user/feature/src/index.ts
../../libs/shared/util-config/src/lib/module-registry.ts @ webpack-internal:///(app-pages-browser)/../../node_modules/.pnpm/next@16.1.7_@babel+core@7.29.7_@playwright+test@1.60.0_react-dom@19.2.7_react@19.2.7/node_modules/next/dist/next-devtools/shared/forward-logs-shared.js:27
[ 8074236ms] [LOG] [Fast Refresh] done in 1346ms @ webpack-internal:///(app-pages-browser)/../../node_modules/.pnpm/next@16.1.7_@babel+core@7.29.7_@playwright+test@1.60.0_react-dom@19.2.7_react@19.2.7/node_modules/next/dist/next-devtools/shared/forward-logs-shared.js:27
[ 8076092ms] [ERROR] Failed to load resource: the server responded with a status of 404 (Not Found) @ http://localhost:3000/logo.svg:0
[ 8076953ms] [INFO] %cDownload the React DevTools for a better development experience: https://react.dev/link/react-devtools font-weight:bold @ webpack-internal:///(app-pages-browser)/../../node_modules/.pnpm/next@16.1.7_@babel+core@7.29.7_@playwright+test@1.60.0_react-dom@19.2.7_react@19.2.7/node_modules/next/dist/next-devtools/shared/forward-logs-shared.js:27
[ 8077156ms] [LOG] [HMR] connected @ webpack-internal:///(app-pages-browser)/../../node_modules/.pnpm/next@16.1.7_@babel+core@7.29.7_@playwright+test@1.60.0_react-dom@19.2.7_react@19.2.7/node_modules/next/dist/next-devtools/shared/forward-logs-shared.js:27
[ 8077180ms] [WARNING] ../../libs/modules/user/data-access/src/index.ts
export 'ResultInfo' (reexported as 'ResultInfo') was not found in './lib/user.api' (possible exports: deleteUser, getRoleOptions, getTdOptions, getUserDetail, getUserList, resetUserPassword, saveUser, updateUser, updateUserStatus) @ webpack-internal:///(app-pages-browser)/../../node_modules/.pnpm/next@16.1.7_@babel+core@7.29.7_@playwright+test@1.60.0_react-dom@19.2.7_react@19.2.7/node_modules/next/dist/next-devtools/shared/forward-logs-shared.js:27
[ 8133231ms] [LOG] [Fast Refresh] rebuilding @ webpack-internal:///(app-pages-browser)/../../node_modules/.pnpm/next@16.1.7_@babel+core@7.29.7_@playwright+test@1.60.0_react-dom@19.2.7_react@19.2.7/node_modules/next/dist/next-devtools/shared/forward-logs-shared.js:27
[ 8134450ms] [WARNING] ../../libs/modules/user/data-access/src/index.ts
export 'ResultInfo' (reexported as 'ResultInfo') was not found in './lib/user.api' (possible exports: deleteUser, getRoleOptions, getTdOptions, getUserDetail, getUserList, resetUserPassword, saveUser, updateUser, updateUserStatus)

Import trace for requested module:
../../libs/modules/user/data-access/src/index.ts
../../libs/modules/user/feature/src/lib/user-list-page.tsx
../../libs/modules/user/feature/src/index.ts
../../libs/shared/util-config/src/lib/module-registry.ts @ webpack-internal:///(app-pages-browser)/../../node_modules/.pnpm/next@16.1.7_@babel+core@7.29.7_@playwright+test@1.60.0_react-dom@19.2.7_react@19.2.7/node_modules/next/dist/next-devtools/shared/forward-logs-shared.js:27
[ 8134494ms] [LOG] [Fast Refresh] done in 1264ms @ webpack-internal:///(app-pages-browser)/../../node_modules/.pnpm/next@16.1.7_@babel+core@7.29.7_@playwright+test@1.60.0_react-dom@19.2.7_react@19.2.7/node_modules/next/dist/next-devtools/shared/forward-logs-shared.js:27
[ 8138339ms] [ERROR] Failed to load resource: the server responded with a status of 404 (Not Found) @ http://localhost:3000/logo.svg:0
[ 8139569ms] [INFO] %cDownload the React DevTools for a better development experience: https://react.dev/link/react-devtools font-weight:bold @ webpack-internal:///(app-pages-browser)/../../node_modules/.pnpm/next@16.1.7_@babel+core@7.29.7_@playwright+test@1.60.0_react-dom@19.2.7_react@19.2.7/node_modules/next/dist/next-devtools/shared/forward-logs-shared.js:27
[ 8139813ms] [LOG] [HMR] connected @ webpack-internal:///(app-pages-browser)/../../node_modules/.pnpm/next@16.1.7_@babel+core@7.29.7_@playwright+test@1.60.0_react-dom@19.2.7_react@19.2.7/node_modules/next/dist/next-devtools/shared/forward-logs-shared.js:27
[ 8139841ms] [WARNING] ../../libs/modules/user/data-access/src/index.ts
export 'ResultInfo' (reexported as 'ResultInfo') was not found in './lib/user.api' (possible exports: deleteUser, getRoleOptions, getTdOptions, getUserDetail, getUserList, resetUserPassword, saveUser, updateUser, updateUserStatus) @ webpack-internal:///(app-pages-browser)/../../node_modules/.pnpm/next@16.1.7_@babel+core@7.29.7_@playwright+test@1.60.0_react-dom@19.2.7_react@19.2.7/node_modules/next/dist/next-devtools/shared/forward-logs-shared.js:27
[ 8193546ms] [LOG] [Fast Refresh] rebuilding @ webpack-internal:///(app-pages-browser)/../../node_modules/.pnpm/next@16.1.7_@babel+core@7.29.7_@playwright+test@1.60.0_react-dom@19.2.7_react@19.2.7/node_modules/next/dist/next-devtools/shared/forward-logs-shared.js:27
[ 8194810ms] [WARNING] ../../libs/modules/user/data-access/src/index.ts
export 'ResultInfo' (reexported as 'ResultInfo') was not found in './lib/user.api' (possible exports: deleteUser, getRoleOptions, getTdOptions, getUserDetail, getUserList, resetUserPassword, saveUser, updateUser, updateUserStatus)

Import trace for requested module:
../../libs/modules/user/data-access/src/index.ts
../../libs/modules/user/feature/src/lib/user-list-page.tsx
../../libs/modules/user/feature/src/index.ts
../../libs/shared/util-config/src/lib/module-registry.ts @ webpack-internal:///(app-pages-browser)/../../node_modules/.pnpm/next@16.1.7_@babel+core@7.29.7_@playwright+test@1.60.0_react-dom@19.2.7_react@19.2.7/node_modules/next/dist/next-devtools/shared/forward-logs-shared.js:27
[ 8194864ms] [LOG] [Fast Refresh] done in 1319ms @ webpack-internal:///(app-pages-browser)/../../node_modules/.pnpm/next@16.1.7_@babel+core@7.29.7_@playwright+test@1.60.0_react-dom@19.2.7_react@19.2.7/node_modules/next/dist/next-devtools/shared/forward-logs-shared.js:27
[ 8197231ms] [ERROR] Failed to load resource: the server responded with a status of 404 (Not Found) @ http://localhost:3000/logo.svg:0
[ 8198453ms] [INFO] %cDownload the React DevTools for a better development experience: https://react.dev/link/react-devtools font-weight:bold @ webpack-internal:///(app-pages-browser)/../../node_modules/.pnpm/next@16.1.7_@babel+core@7.29.7_@playwright+test@1.60.0_react-dom@19.2.7_react@19.2.7/node_modules/next/dist/next-devtools/shared/forward-logs-shared.js:27
[ 8198679ms] [LOG] [HMR] connected @ webpack-internal:///(app-pages-browser)/../../node_modules/.pnpm/next@16.1.7_@babel+core@7.29.7_@playwright+test@1.60.0_react-dom@19.2.7_react@19.2.7/node_modules/next/dist/next-devtools/shared/forward-logs-shared.js:27
[ 8198704ms] [WARNING] ../../libs/modules/user/data-access/src/index.ts
export 'ResultInfo' (reexported as 'ResultInfo') was not found in './lib/user.api' (possible exports: deleteUser, getRoleOptions, getTdOptions, getUserDetail, getUserList, resetUserPassword, saveUser, updateUser, updateUserStatus) @ webpack-internal:///(app-pages-browser)/../../node_modules/.pnpm/next@16.1.7_@babel+core@7.29.7_@playwright+test@1.60.0_react-dom@19.2.7_react@19.2.7/node_modules/next/dist/next-devtools/shared/forward-logs-shared.js:27
[ 8245878ms] [LOG] [Fast Refresh] rebuilding @ webpack-internal:///(app-pages-browser)/../../node_modules/.pnpm/next@16.1.7_@babel+core@7.29.7_@playwright+test@1.60.0_react-dom@19.2.7_react@19.2.7/node_modules/next/dist/next-devtools/shared/forward-logs-shared.js:27
[ 8253062ms] [WARNING] ../../libs/modules/user/data-access/src/index.ts
export 'ResultInfo' (reexported as 'ResultInfo') was not found in './lib/user.api' (possible exports: deleteUser, getRoleOptions, getTdOptions, getUserDetail, getUserList, resetUserPassword, saveUser, updateUser, updateUserStatus)

Import trace for requested module:
../../libs/modules/user/data-access/src/index.ts
../../libs/modules/user/feature/src/lib/user-list-page.tsx
../../libs/modules/user/feature/src/index.ts
../../libs/shared/util-config/src/lib/module-registry.ts @ webpack-internal:///(app-pages-browser)/../../node_modules/.pnpm/next@16.1.7_@babel+core@7.29.7_@playwright+test@1.60.0_react-dom@19.2.7_react@19.2.7/node_modules/next/dist/next-devtools/shared/forward-logs-shared.js:27
[ 8253101ms] [LOG] [Fast Refresh] done in 7223ms @ webpack-internal:///(app-pages-browser)/../../node_modules/.pnpm/next@16.1.7_@babel+core@7.29.7_@playwright+test@1.60.0_react-dom@19.2.7_react@19.2.7/node_modules/next/dist/next-devtools/shared/forward-logs-shared.js:27
[ 8253172ms] [LOG] [Fast Refresh] rebuilding @ webpack-internal:///(app-pages-browser)/../../node_modules/.pnpm/next@16.1.7_@babel+core@7.29.7_@playwright+test@1.60.0_react-dom@19.2.7_react@19.2.7/node_modules/next/dist/next-devtools/shared/forward-logs-shared.js:27
[ 8256975ms] [WARNING] ../../libs/modules/user/data-access/src/index.ts
export 'ResultInfo' (reexported as 'ResultInfo') was not found in './lib/user.api' (possible exports: deleteUser, getRoleOptions, getTdOptions, getUserDetail, getUserList, resetUserPassword, saveUser, updateUser, updateUserStatus)

Import trace for requested module:
../../libs/modules/user/data-access/src/index.ts
../../libs/modules/user/feature/src/lib/user-list-page.tsx
../../libs/modules/user/feature/src/index.ts
../../libs/shared/util-config/src/lib/module-registry.ts @ webpack-internal:///(app-pages-browser)/../../node_modules/.pnpm/next@16.1.7_@babel+core@7.29.7_@playwright+test@1.60.0_react-dom@19.2.7_react@19.2.7/node_modules/next/dist/next-devtools/shared/forward-logs-shared.js:27
[ 8257010ms] [LOG] [Fast Refresh] done in 3837ms @ webpack-internal:///(app-pages-browser)/../../node_modules/.pnpm/next@16.1.7_@babel+core@7.29.7_@playwright+test@1.60.0_react-dom@19.2.7_react@19.2.7/node_modules/next/dist/next-devtools/shared/forward-logs-shared.js:27
[ 8257083ms] [LOG] [Fast Refresh] rebuilding @ webpack-internal:///(app-pages-browser)/../../node_modules/.pnpm/next@16.1.7_@babel+core@7.29.7_@playwright+test@1.60.0_react-dom@19.2.7_react@19.2.7/node_modules/next/dist/next-devtools/shared/forward-logs-shared.js:27
[ 8259843ms] [WARNING] ../../libs/modules/user/data-access/src/index.ts
export 'ResultInfo' (reexported as 'ResultInfo') was not found in './lib/user.api' (possible exports: deleteUser, getRoleOptions, getTdOptions, getUserDetail, getUserList, resetUserPassword, saveUser, updateUser, updateUserStatus)

Import trace for requested module:
../../libs/modules/user/data-access/src/index.ts
../../libs/modules/user/feature/src/lib/user-list-page.tsx
../../libs/modules/user/feature/src/index.ts
../../libs/shared/util-config/src/lib/module-registry.ts @ webpack-internal:///(app-pages-browser)/../../node_modules/.pnpm/next@16.1.7_@babel+core@7.29.7_@playwright+test@1.60.0_react-dom@19.2.7_react@19.2.7/node_modules/next/dist/next-devtools/shared/forward-logs-shared.js:27
[ 8259844ms] [LOG] [Fast Refresh] done in 2761ms @ webpack-internal:///(app-pages-browser)/../../node_modules/.pnpm/next@16.1.7_@babel+core@7.29.7_@playwright+test@1.60.0_react-dom@19.2.7_react@19.2.7/node_modules/next/dist/next-devtools/shared/forward-logs-shared.js:27
[ 8263665ms] [ERROR] Failed to load resource: the server responded with a status of 404 (Not Found) @ http://localhost:3000/logo.svg:0
[ 8264991ms] [INFO] %cDownload the React DevTools for a better development experience: https://react.dev/link/react-devtools font-weight:bold @ webpack-internal:///(app-pages-browser)/../../node_modules/.pnpm/next@16.1.7_@babel+core@7.29.7_@playwright+test@1.60.0_react-dom@19.2.7_react@19.2.7/node_modules/next/dist/next-devtools/shared/forward-logs-shared.js:27
[ 8265451ms] [LOG] [HMR] connected @ webpack-internal:///(app-pages-browser)/../../node_modules/.pnpm/next@16.1.7_@babel+core@7.29.7_@playwright+test@1.60.0_react-dom@19.2.7_react@19.2.7/node_modules/next/dist/next-devtools/shared/forward-logs-shared.js:27
[ 8265485ms] [WARNING] ../../libs/modules/user/data-access/src/index.ts
export 'ResultInfo' (reexported as 'ResultInfo') was not found in './lib/user.api' (possible exports: deleteUser, getRoleOptions, getTdOptions, getUserDetail, getUserList, resetUserPassword, saveUser, updateUser, updateUserStatus) @ webpack-internal:///(app-pages-browser)/../../node_modules/.pnpm/next@16.1.7_@babel+core@7.29.7_@playwright+test@1.60.0_react-dom@19.2.7_react@19.2.7/node_modules/next/dist/next-devtools/shared/forward-logs-shared.js:27
[ 8314164ms] [LOG] [Fast Refresh] rebuilding @ webpack-internal:///(app-pages-browser)/../../node_modules/.pnpm/next@16.1.7_@babel+core@7.29.7_@playwright+test@1.60.0_react-dom@19.2.7_react@19.2.7/node_modules/next/dist/next-devtools/shared/forward-logs-shared.js:27
[ 8315048ms] [WARNING] ../../libs/modules/user/data-access/src/index.ts
export 'ResultInfo' (reexported as 'ResultInfo') was not found in './lib/user.api' (possible exports: deleteUser, getRoleOptions, getTdOptions, getUserDetail, getUserList, resetUserPassword, saveUser, updateUser, updateUserStatus)

Import trace for requested module:
../../libs/modules/user/data-access/src/index.ts
../../libs/modules/user/feature/src/lib/user-list-page.tsx
../../libs/modules/user/feature/src/index.ts
../../libs/shared/util-config/src/lib/module-registry.ts @ webpack-internal:///(app-pages-browser)/../../node_modules/.pnpm/next@16.1.7_@babel+core@7.29.7_@playwright+test@1.60.0_react-dom@19.2.7_react@19.2.7/node_modules/next/dist/next-devtools/shared/forward-logs-shared.js:27
[ 8315083ms] [LOG] [Fast Refresh] done in 919ms @ webpack-internal:///(app-pages-browser)/../../node_modules/.pnpm/next@16.1.7_@babel+core@7.29.7_@playwright+test@1.60.0_react-dom@19.2.7_react@19.2.7/node_modules/next/dist/next-devtools/shared/forward-logs-shared.js:27
[ 8374488ms] [LOG] [Fast Refresh] rebuilding @ webpack-internal:///(app-pages-browser)/../../node_modules/.pnpm/next@16.1.7_@babel+core@7.29.7_@playwright+test@1.60.0_react-dom@19.2.7_react@19.2.7/node_modules/next/dist/next-devtools/shared/forward-logs-shared.js:27
[ 8375872ms] [WARNING] ../../libs/modules/user/data-access/src/index.ts
export 'ResultInfo' (reexported as 'ResultInfo') was not found in './lib/user.api' (possible exports: deleteUser, getRoleOptions, getTdOptions, getUserDetail, getUserList, resetUserPassword, saveUser, updateUser, updateUserStatus)

Import trace for requested module:
../../libs/modules/user/data-access/src/index.ts
../../libs/modules/user/feature/src/lib/user-list-page.tsx
../../libs/modules/user/feature/src/index.ts
../../libs/shared/util-config/src/lib/module-registry.ts @ webpack-internal:///(app-pages-browser)/../../node_modules/.pnpm/next@16.1.7_@babel+core@7.29.7_@playwright+test@1.60.0_react-dom@19.2.7_react@19.2.7/node_modules/next/dist/next-devtools/shared/forward-logs-shared.js:27
[ 8375927ms] [LOG] [Fast Refresh] done in 1439ms @ webpack-internal:///(app-pages-browser)/../../node_modules/.pnpm/next@16.1.7_@babel+core@7.29.7_@playwright+test@1.60.0_react-dom@19.2.7_react@19.2.7/node_modules/next/dist/next-devtools/shared/forward-logs-shared.js:27
[ 8434849ms] [LOG] [Fast Refresh] rebuilding @ webpack-internal:///(app-pages-browser)/../../node_modules/.pnpm/next@16.1.7_@babel+core@7.29.7_@playwright+test@1.60.0_react-dom@19.2.7_react@19.2.7/node_modules/next/dist/next-devtools/shared/forward-logs-shared.js:27
[ 8436132ms] [WARNING] ../../libs/modules/user/data-access/src/index.ts
export 'ResultInfo' (reexported as 'ResultInfo') was not found in './lib/user.api' (possible exports: deleteUser, getRoleOptions, getTdOptions, getUserDetail, getUserList, resetUserPassword, saveUser, updateUser, updateUserStatus)

Import trace for requested module:
../../libs/modules/user/data-access/src/index.ts
../../libs/modules/user/feature/src/lib/user-list-page.tsx
../../libs/modules/user/feature/src/index.ts
../../libs/shared/util-config/src/lib/module-registry.ts @ webpack-internal:///(app-pages-browser)/../../node_modules/.pnpm/next@16.1.7_@babel+core@7.29.7_@playwright+test@1.60.0_react-dom@19.2.7_react@19.2.7/node_modules/next/dist/next-devtools/shared/forward-logs-shared.js:27
[ 8436187ms] [LOG] [Fast Refresh] done in 1339ms @ webpack-internal:///(app-pages-browser)/../../node_modules/.pnpm/next@16.1.7_@babel+core@7.29.7_@playwright+test@1.60.0_react-dom@19.2.7_react@19.2.7/node_modules/next/dist/next-devtools/shared/forward-logs-shared.js:27
