[    3389ms] [VERBOSE] [DOM] Input elements should have autocomplete attributes (suggested: "current-password"): (More info: https://goo.gl/9p2vKq) %o @ http://localhost:3000/en-US/login:0
[    3486ms] [INFO] %cDownload the React DevTools for a better development experience: https://react.dev/link/react-devtools font-weight:bold @ http://localhost:3000/_next/static/chunks/509c2_next_dist_512df543._.js:2297
[    3656ms] [LOG] [HMR] connected @ http://localhost:3000/_next/static/chunks/509c2_next_dist_512df543._.js:2297
[    3753ms] [ERROR] IntlError: MISSING_MESSAGE: Could not resolve `auth` in messages for locale `en-US`.
    at getMessagesOrError (http://localhost:3000/_next/static/chunks/db2ad__pnpm_bc426aec._.js:3637:27)
    at createBaseTranslator (http://localhost:3000/_next/static/chunks/db2ad__pnpm_bc426aec._.js:3642:29)
    at useTranslationsImpl.useMemo[translate] (http://localhost:3000/_next/static/chunks/db2ad__pnpm_bc426aec._.js:4163:378)
    at mountMemo (http://localhost:3000/_next/static/chunks/509c2_next_dist_compiled_react-dom_1698bfa6._.js:5424:25)
    at Object.useMemo (http://localhost:3000/_next/static/chunks/509c2_next_dist_compiled_react-dom_1698bfa6._.js:15003:24)
    at exports.useMemo (http://localhost:3000/_next/static/chunks/509c2_next_dist_compiled_9044104d._.js:1742:36)
    at useTranslationsImpl (http://localhost:3000/_next/static/chunks/db2ad__pnpm_bc426aec._.js:4162:416)
    at useTranslations (http://localhost:3000/_next/static/chunks/db2ad__pnpm_bc426aec._.js:4201:12)
    at http://localhost:3000/_next/static/chunks/db2ad__pnpm_ff96319a._.js:25:20
    at LoginPage (http://localhost:3000/_next/static/chunks/pi-cwd-20260601_admin-platform_libs_e8399fc0._.js:4740:432)
    at Object.react_stack_bottom_frame (http://localhost:3000/_next/static/chunks/509c2_next_dist_compiled_react-dom_1698bfa6._.js:14826:24)
    at renderWithHooks (http://localhost:3000/_next/static/chunks/509c2_next_dist_compiled_react-dom_1698bfa6._.js:4651:24)
    at updateFunctionComponent (http://localhost:3000/_next/static/chunks/509c2_next_dist_compiled_react-dom_1698bfa6._.js:6112:21)
    at beginWork (http://localhost:3000/_next/static/chunks/509c2_next_dist_compiled_react-dom_1698bfa6._.js:6687:639)
    at runWithFiberInDEV (http://localhost:3000/_next/static/chunks/509c2_next_dist_compiled_react-dom_1698bfa6._.js:965:74)
    at performUnitOfWork (http://localhost:3000/_next/static/chunks/509c2_next_dist_compiled_react-dom_1698bfa6._.js:9562:97)
    at workLoopConcurrentByScheduler (http://localhost:3000/_next/static/chunks/509c2_next_dist_compiled_react-dom_1698bfa6._.js:9558:58)
    at renderRootConcurrent (http://localhost:3000/_next/static/chunks/509c2_next_dist_compiled_react-dom_1698bfa6._.js:9541:71)
    at performWorkOnRoot (http://localhost:3000/_next/static/chunks/509c2_next_dist_compiled_react-dom_1698bfa6._.js:9068:150)
    at performWorkOnRootViaSchedulerTask (http://localhost:3000/_next/static/chunks/509c2_next_dist_compiled_react-dom_1698bfa6._.js:10230:9)
    at MessagePort.performWorkUntilDeadline (http://localhost:3000/_next/static/chunks/509c2_next_dist_compiled_9044104d._.js:2647:64) @ http://localhost:3000/_next/static/chunks/509c2_next_dist_512df543._.js:3127
[    3757ms] [ERROR] IntlError: MISSING_MESSAGE: Could not resolve `auth` in messages for locale `en-US`.
    at getMessagesOrError (http://localhost:3000/_next/static/chunks/db2ad__pnpm_bc426aec._.js:3637:27)
    at createBaseTranslator (http://localhost:3000/_next/static/chunks/db2ad__pnpm_bc426aec._.js:3642:29)
    at useTranslationsImpl.useMemo[translate] (http://localhost:3000/_next/static/chunks/db2ad__pnpm_bc426aec._.js:4163:378)
    at mountMemo (http://localhost:3000/_next/static/chunks/509c2_next_dist_compiled_react-dom_1698bfa6._.js:5424:25)
    at Object.useMemo (http://localhost:3000/_next/static/chunks/509c2_next_dist_compiled_react-dom_1698bfa6._.js:15003:24)
    at exports.useMemo (http://localhost:3000/_next/static/chunks/509c2_next_dist_compiled_9044104d._.js:1742:36)
    at useTranslationsImpl (http://localhost:3000/_next/static/chunks/db2ad__pnpm_bc426aec._.js:4162:416)
    at useTranslations (http://localhost:3000/_next/static/chunks/db2ad__pnpm_bc426aec._.js:4201:12)
    at http://localhost:3000/_next/static/chunks/db2ad__pnpm_ff96319a._.js:25:20
    at LoginPage (http://localhost:3000/_next/static/chunks/pi-cwd-20260601_admin-platform_libs_e8399fc0._.js:4740:432)
    at Object.react_stack_bottom_frame (http://localhost:3000/_next/static/chunks/509c2_next_dist_compiled_react-dom_1698bfa6._.js:14826:24)
    at renderWithHooks (http://localhost:3000/_next/static/chunks/509c2_next_dist_compiled_react-dom_1698bfa6._.js:4651:24)
    at updateFunctionComponent (http://localhost:3000/_next/static/chunks/509c2_next_dist_compiled_react-dom_1698bfa6._.js:6112:21)
    at beginWork (http://localhost:3000/_next/static/chunks/509c2_next_dist_compiled_react-dom_1698bfa6._.js:6687:639)
    at runWithFiberInDEV (http://localhost:3000/_next/static/chunks/509c2_next_dist_compiled_react-dom_1698bfa6._.js:965:74)
    at performUnitOfWork (http://localhost:3000/_next/static/chunks/509c2_next_dist_compiled_react-dom_1698bfa6._.js:9562:97)
    at workLoopConcurrentByScheduler (http://localhost:3000/_next/static/chunks/509c2_next_dist_compiled_react-dom_1698bfa6._.js:9558:58)
    at renderRootConcurrent (http://localhost:3000/_next/static/chunks/509c2_next_dist_compiled_react-dom_1698bfa6._.js:9541:71)
    at performWorkOnRoot (http://localhost:3000/_next/static/chunks/509c2_next_dist_compiled_react-dom_1698bfa6._.js:9068:150)
    at performWorkOnRootViaSchedulerTask (http://localhost:3000/_next/static/chunks/509c2_next_dist_compiled_react-dom_1698bfa6._.js:10230:9)
    at MessagePort.performWorkUntilDeadline (http://localhost:3000/_next/static/chunks/509c2_next_dist_compiled_9044104d._.js:2647:64) @ http://localhost:3000/_next/static/chunks/509c2_next_dist_512df543._.js:3127
[    3758ms] [ERROR] IntlError: MISSING_MESSAGE: Could not resolve `auth` in messages for locale `en-US`.
    at getMessagesOrError (http://localhost:3000/_next/static/chunks/db2ad__pnpm_bc426aec._.js:3637:27)
    at createBaseTranslator (http://localhost:3000/_next/static/chunks/db2ad__pnpm_bc426aec._.js:3642:29)
    at useTranslationsImpl.useMemo[translate] (http://localhost:3000/_next/static/chunks/db2ad__pnpm_bc426aec._.js:4163:378)
    at mountMemo (http://localhost:3000/_next/static/chunks/509c2_next_dist_compiled_react-dom_1698bfa6._.js:5424:25)
    at Object.useMemo (http://localhost:3000/_next/static/chunks/509c2_next_dist_compiled_react-dom_1698bfa6._.js:15003:24)
    at exports.useMemo (http://localhost:3000/_next/static/chunks/509c2_next_dist_compiled_9044104d._.js:1742:36)
    at useTranslationsImpl (http://localhost:3000/_next/static/chunks/db2ad__pnpm_bc426aec._.js:4162:416)
    at useTranslations (http://localhost:3000/_next/static/chunks/db2ad__pnpm_bc426aec._.js:4201:12)
    at http://localhost:3000/_next/static/chunks/db2ad__pnpm_ff96319a._.js:25:20
    at LoginPage (http://localhost:3000/_next/static/chunks/pi-cwd-20260601_admin-platform_libs_e8399fc0._.js:4740:432)
    at Object.react_stack_bottom_frame (http://localhost:3000/_next/static/chunks/509c2_next_dist_compiled_react-dom_1698bfa6._.js:14826:24)
    at renderWithHooks (http://localhost:3000/_next/static/chunks/509c2_next_dist_compiled_react-dom_1698bfa6._.js:4651:24)
    at updateFunctionComponent (http://localhost:3000/_next/static/chunks/509c2_next_dist_compiled_react-dom_1698bfa6._.js:6112:21)
    at beginWork (http://localhost:3000/_next/static/chunks/509c2_next_dist_compiled_react-dom_1698bfa6._.js:6687:639)
    at runWithFiberInDEV (http://localhost:3000/_next/static/chunks/509c2_next_dist_compiled_react-dom_1698bfa6._.js:965:74)
    at performUnitOfWork (http://localhost:3000/_next/static/chunks/509c2_next_dist_compiled_react-dom_1698bfa6._.js:9562:97)
    at workLoopConcurrentByScheduler (http://localhost:3000/_next/static/chunks/509c2_next_dist_compiled_react-dom_1698bfa6._.js:9558:58)
    at renderRootConcurrent (http://localhost:3000/_next/static/chunks/509c2_next_dist_compiled_react-dom_1698bfa6._.js:9541:71)
    at performWorkOnRoot (http://localhost:3000/_next/static/chunks/509c2_next_dist_compiled_react-dom_1698bfa6._.js:9068:150)
    at performWorkOnRootViaSchedulerTask (http://localhost:3000/_next/static/chunks/509c2_next_dist_compiled_react-dom_1698bfa6._.js:10230:9)
    at MessagePort.performWorkUntilDeadline (http://localhost:3000/_next/static/chunks/509c2_next_dist_compiled_9044104d._.js:2647:64) @ http://localhost:3000/_next/static/chunks/509c2_next_dist_512df543._.js:3127
[    3758ms] [ERROR] IntlError: MISSING_MESSAGE: Could not resolve `auth` in messages for locale `en-US`.
    at getMessagesOrError (http://localhost:3000/_next/static/chunks/db2ad__pnpm_bc426aec._.js:3637:27)
    at createBaseTranslator (http://localhost:3000/_next/static/chunks/db2ad__pnpm_bc426aec._.js:3642:29)
    at useTranslationsImpl.useMemo[translate] (http://localhost:3000/_next/static/chunks/db2ad__pnpm_bc426aec._.js:4163:378)
    at mountMemo (http://localhost:3000/_next/static/chunks/509c2_next_dist_compiled_react-dom_1698bfa6._.js:5424:25)
    at Object.useMemo (http://localhost:3000/_next/static/chunks/509c2_next_dist_compiled_react-dom_1698bfa6._.js:15003:24)
    at exports.useMemo (http://localhost:3000/_next/static/chunks/509c2_next_dist_compiled_9044104d._.js:1742:36)
    at useTranslationsImpl (http://localhost:3000/_next/static/chunks/db2ad__pnpm_bc426aec._.js:4162:416)
    at useTranslations (http://localhost:3000/_next/static/chunks/db2ad__pnpm_bc426aec._.js:4201:12)
    at http://localhost:3000/_next/static/chunks/db2ad__pnpm_ff96319a._.js:25:20
    at LoginPage (http://localhost:3000/_next/static/chunks/pi-cwd-20260601_admin-platform_libs_e8399fc0._.js:4740:432)
    at Object.react_stack_bottom_frame (http://localhost:3000/_next/static/chunks/509c2_next_dist_compiled_react-dom_1698bfa6._.js:14826:24)
    at renderWithHooks (http://localhost:3000/_next/static/chunks/509c2_next_dist_compiled_react-dom_1698bfa6._.js:4651:24)
    at updateFunctionComponent (http://localhost:3000/_next/static/chunks/509c2_next_dist_compiled_react-dom_1698bfa6._.js:6112:21)
    at beginWork (http://localhost:3000/_next/static/chunks/509c2_next_dist_compiled_react-dom_1698bfa6._.js:6687:639)
    at runWithFiberInDEV (http://localhost:3000/_next/static/chunks/509c2_next_dist_compiled_react-dom_1698bfa6._.js:965:74)
    at performUnitOfWork (http://localhost:3000/_next/static/chunks/509c2_next_dist_compiled_react-dom_1698bfa6._.js:9562:97)
    at workLoopConcurrentByScheduler (http://localhost:3000/_next/static/chunks/509c2_next_dist_compiled_react-dom_1698bfa6._.js:9558:58)
    at renderRootConcurrent (http://localhost:3000/_next/static/chunks/509c2_next_dist_compiled_react-dom_1698bfa6._.js:9541:71)
    at performWorkOnRoot (http://localhost:3000/_next/static/chunks/509c2_next_dist_compiled_react-dom_1698bfa6._.js:9068:150)
    at performWorkOnRootViaSchedulerTask (http://localhost:3000/_next/static/chunks/509c2_next_dist_compiled_react-dom_1698bfa6._.js:10230:9)
    at MessagePort.performWorkUntilDeadline (http://localhost:3000/_next/static/chunks/509c2_next_dist_compiled_9044104d._.js:2647:64) @ http://localhost:3000/_next/static/chunks/509c2_next_dist_512df543._.js:3127
[    3759ms] [ERROR] IntlError: MISSING_MESSAGE: Could not resolve `auth` in messages for locale `en-US`.
    at getMessagesOrError (http://localhost:3000/_next/static/chunks/db2ad__pnpm_bc426aec._.js:3637:27)
    at createBaseTranslator (http://localhost:3000/_next/static/chunks/db2ad__pnpm_bc426aec._.js:3642:29)
    at useTranslationsImpl.useMemo[translate] (http://localhost:3000/_next/static/chunks/db2ad__pnpm_bc426aec._.js:4163:378)
    at mountMemo (http://localhost:3000/_next/static/chunks/509c2_next_dist_compiled_react-dom_1698bfa6._.js:5424:25)
    at Object.useMemo (http://localhost:3000/_next/static/chunks/509c2_next_dist_compiled_react-dom_1698bfa6._.js:15003:24)
    at exports.useMemo (http://localhost:3000/_next/static/chunks/509c2_next_dist_compiled_9044104d._.js:1742:36)
    at useTranslationsImpl (http://localhost:3000/_next/static/chunks/db2ad__pnpm_bc426aec._.js:4162:416)
    at useTranslations (http://localhost:3000/_next/static/chunks/db2ad__pnpm_bc426aec._.js:4201:12)
    at http://localhost:3000/_next/static/chunks/db2ad__pnpm_ff96319a._.js:25:20
    at LoginPage (http://localhost:3000/_next/static/chunks/pi-cwd-20260601_admin-platform_libs_e8399fc0._.js:4740:432)
    at Object.react_stack_bottom_frame (http://localhost:3000/_next/static/chunks/509c2_next_dist_compiled_react-dom_1698bfa6._.js:14826:24)
    at renderWithHooks (http://localhost:3000/_next/static/chunks/509c2_next_dist_compiled_react-dom_1698bfa6._.js:4651:24)
    at updateFunctionComponent (http://localhost:3000/_next/static/chunks/509c2_next_dist_compiled_react-dom_1698bfa6._.js:6112:21)
    at beginWork (http://localhost:3000/_next/static/chunks/509c2_next_dist_compiled_react-dom_1698bfa6._.js:6687:639)
    at runWithFiberInDEV (http://localhost:3000/_next/static/chunks/509c2_next_dist_compiled_react-dom_1698bfa6._.js:965:74)
    at performUnitOfWork (http://localhost:3000/_next/static/chunks/509c2_next_dist_compiled_react-dom_1698bfa6._.js:9562:97)
    at workLoopConcurrentByScheduler (http://localhost:3000/_next/static/chunks/509c2_next_dist_compiled_react-dom_1698bfa6._.js:9558:58)
    at renderRootConcurrent (http://localhost:3000/_next/static/chunks/509c2_next_dist_compiled_react-dom_1698bfa6._.js:9541:71)
    at performWorkOnRoot (http://localhost:3000/_next/static/chunks/509c2_next_dist_compiled_react-dom_1698bfa6._.js:9068:150)
    at performWorkOnRootViaSchedulerTask (http://localhost:3000/_next/static/chunks/509c2_next_dist_compiled_react-dom_1698bfa6._.js:10230:9)
    at MessagePort.performWorkUntilDeadline (http://localhost:3000/_next/static/chunks/509c2_next_dist_compiled_9044104d._.js:2647:64) @ http://localhost:3000/_next/static/chunks/509c2_next_dist_512df543._.js:3127
[    3759ms] [ERROR] IntlError: MISSING_MESSAGE: Could not resolve `auth` in messages for locale `en-US`.
    at getMessagesOrError (http://localhost:3000/_next/static/chunks/db2ad__pnpm_bc426aec._.js:3637:27)
    at createBaseTranslator (http://localhost:3000/_next/static/chunks/db2ad__pnpm_bc426aec._.js:3642:29)
    at useTranslationsImpl.useMemo[translate] (http://localhost:3000/_next/static/chunks/db2ad__pnpm_bc426aec._.js:4163:378)
    at mountMemo (http://localhost:3000/_next/static/chunks/509c2_next_dist_compiled_react-dom_1698bfa6._.js:5424:25)
    at Object.useMemo (http://localhost:3000/_next/static/chunks/509c2_next_dist_compiled_react-dom_1698bfa6._.js:15003:24)
    at exports.useMemo (http://localhost:3000/_next/static/chunks/509c2_next_dist_compiled_9044104d._.js:1742:36)
    at useTranslationsImpl (http://localhost:3000/_next/static/chunks/db2ad__pnpm_bc426aec._.js:4162:416)
    at useTranslations (http://localhost:3000/_next/static/chunks/db2ad__pnpm_bc426aec._.js:4201:12)
    at http://localhost:3000/_next/static/chunks/db2ad__pnpm_ff96319a._.js:25:20
    at LoginPage (http://localhost:3000/_next/static/chunks/pi-cwd-20260601_admin-platform_libs_e8399fc0._.js:4740:432)
    at Object.react_stack_bottom_frame (http://localhost:3000/_next/static/chunks/509c2_next_dist_compiled_react-dom_1698bfa6._.js:14826:24)
    at renderWithHooks (http://localhost:3000/_next/static/chunks/509c2_next_dist_compiled_react-dom_1698bfa6._.js:4651:24)
    at updateFunctionComponent (http://localhost:3000/_next/static/chunks/509c2_next_dist_compiled_react-dom_1698bfa6._.js:6112:21)
    at beginWork (http://localhost:3000/_next/static/chunks/509c2_next_dist_compiled_react-dom_1698bfa6._.js:6687:639)
    at runWithFiberInDEV (http://localhost:3000/_next/static/chunks/509c2_next_dist_compiled_react-dom_1698bfa6._.js:965:74)
    at performUnitOfWork (http://localhost:3000/_next/static/chunks/509c2_next_dist_compiled_react-dom_1698bfa6._.js:9562:97)
    at workLoopConcurrentByScheduler (http://localhost:3000/_next/static/chunks/509c2_next_dist_compiled_react-dom_1698bfa6._.js:9558:58)
    at renderRootConcurrent (http://localhost:3000/_next/static/chunks/509c2_next_dist_compiled_react-dom_1698bfa6._.js:9541:71)
    at performWorkOnRoot (http://localhost:3000/_next/static/chunks/509c2_next_dist_compiled_react-dom_1698bfa6._.js:9068:150)
    at performWorkOnRootViaSchedulerTask (http://localhost:3000/_next/static/chunks/509c2_next_dist_compiled_react-dom_1698bfa6._.js:10230:9)
    at MessagePort.performWorkUntilDeadline (http://localhost:3000/_next/static/chunks/509c2_next_dist_compiled_9044104d._.js:2647:64) @ http://localhost:3000/_next/static/chunks/509c2_next_dist_512df543._.js:3127
[    3787ms] [ERROR] IntlError: MISSING_MESSAGE: Could not resolve `auth` in messages for locale `en-US`.
    at getMessagesOrError (http://localhost:3000/_next/static/chunks/db2ad__pnpm_bc426aec._.js:3637:27)
    at createBaseTranslator (http://localhost:3000/_next/static/chunks/db2ad__pnpm_bc426aec._.js:3642:29)
    at useTranslationsImpl.useMemo[translate] (http://localhost:3000/_next/static/chunks/db2ad__pnpm_bc426aec._.js:4163:378)
    at mountMemo (http://localhost:3000/_next/static/chunks/509c2_next_dist_compiled_react-dom_1698bfa6._.js:5424:25)
    at Object.useMemo (http://localhost:3000/_next/static/chunks/509c2_next_dist_compiled_react-dom_1698bfa6._.js:15003:24)
    at exports.useMemo (http://localhost:3000/_next/static/chunks/509c2_next_dist_compiled_9044104d._.js:1742:36)
    at useTranslationsImpl (http://localhost:3000/_next/static/chunks/db2ad__pnpm_bc426aec._.js:4162:416)
    at useTranslations (http://localhost:3000/_next/static/chunks/db2ad__pnpm_bc426aec._.js:4201:12)
    at http://localhost:3000/_next/static/chunks/db2ad__pnpm_ff96319a._.js:25:20
    at LoginForm (http://localhost:3000/_next/static/chunks/pi-cwd-20260601_admin-platform_libs_e8399fc0._.js:4087:432)
    at Object.react_stack_bottom_frame (http://localhost:3000/_next/static/chunks/509c2_next_dist_compiled_react-dom_1698bfa6._.js:14826:24)
    at renderWithHooks (http://localhost:3000/_next/static/chunks/509c2_next_dist_compiled_react-dom_1698bfa6._.js:4651:24)
    at updateFunctionComponent (http://localhost:3000/_next/static/chunks/509c2_next_dist_compiled_react-dom_1698bfa6._.js:6112:21)
    at beginWork (http://localhost:3000/_next/static/chunks/509c2_next_dist_compiled_react-dom_1698bfa6._.js:6708:24)
    at runWithFiberInDEV (http://localhost:3000/_next/static/chunks/509c2_next_dist_compiled_react-dom_1698bfa6._.js:965:74)
    at performUnitOfWork (http://localhost:3000/_next/static/chunks/509c2_next_dist_compiled_react-dom_1698bfa6._.js:9562:97)
    at workLoopConcurrentByScheduler (http://localhost:3000/_next/static/chunks/509c2_next_dist_compiled_react-dom_1698bfa6._.js:9558:58)
    at renderRootConcurrent (http://localhost:3000/_next/static/chunks/509c2_next_dist_compiled_react-dom_1698bfa6._.js:9541:71)
    at performWorkOnRoot (http://localhost:3000/_next/static/chunks/509c2_next_dist_compiled_react-dom_1698bfa6._.js:9068:150)
    at performWorkOnRootViaSchedulerTask (http://localhost:3000/_next/static/chunks/509c2_next_dist_compiled_react-dom_1698bfa6._.js:10230:9)
    at MessagePort.performWorkUntilDeadline (http://localhost:3000/_next/static/chunks/509c2_next_dist_compiled_9044104d._.js:2647:64) @ http://localhost:3000/_next/static/chunks/509c2_next_dist_512df543._.js:3127
[    3788ms] [ERROR] IntlError: MISSING_MESSAGE: Could not resolve `auth` in messages for locale `en-US`.
    at getMessagesOrError (http://localhost:3000/_next/static/chunks/db2ad__pnpm_bc426aec._.js:3637:27)
    at createBaseTranslator (http://localhost:3000/_next/static/chunks/db2ad__pnpm_bc426aec._.js:3642:29)
    at useTranslationsImpl.useMemo[translate] (http://localhost:3000/_next/static/chunks/db2ad__pnpm_bc426aec._.js:4163:378)
    at mountMemo (http://localhost:3000/_next/static/chunks/509c2_next_dist_compiled_react-dom_1698bfa6._.js:5424:25)
    at Object.useMemo (http://localhost:3000/_next/static/chunks/509c2_next_dist_compiled_react-dom_1698bfa6._.js:15003:24)
    at exports.useMemo (http://localhost:3000/_next/static/chunks/509c2_next_dist_compiled_9044104d._.js:1742:36)
    at useTranslationsImpl (http://localhost:3000/_next/static/chunks/db2ad__pnpm_bc426aec._.js:4162:416)
    at useTranslations (http://localhost:3000/_next/static/chunks/db2ad__pnpm_bc426aec._.js:4201:12)
    at http://localhost:3000/_next/static/chunks/db2ad__pnpm_ff96319a._.js:25:20
    at LoginForm (http://localhost:3000/_next/static/chunks/pi-cwd-20260601_admin-platform_libs_e8399fc0._.js:4087:432)
    at Object.react_stack_bottom_frame (http://localhost:3000/_next/static/chunks/509c2_next_dist_compiled_react-dom_1698bfa6._.js:14826:24)
    at renderWithHooks (http://localhost:3000/_next/static/chunks/509c2_next_dist_compiled_react-dom_1698bfa6._.js:4651:24)
    at updateFunctionComponent (http://localhost:3000/_next/static/chunks/509c2_next_dist_compiled_react-dom_1698bfa6._.js:6112:21)
    at beginWork (http://localhost:3000/_next/static/chunks/509c2_next_dist_compiled_react-dom_1698bfa6._.js:6708:24)
    at runWithFiberInDEV (http://localhost:3000/_next/static/chunks/509c2_next_dist_compiled_react-dom_1698bfa6._.js:965:74)
    at performUnitOfWork (http://localhost:3000/_next/static/chunks/509c2_next_dist_compiled_react-dom_1698bfa6._.js:9562:97)
    at workLoopConcurrentByScheduler (http://localhost:3000/_next/static/chunks/509c2_next_dist_compiled_react-dom_1698bfa6._.js:9558:58)
    at renderRootConcurrent (http://localhost:3000/_next/static/chunks/509c2_next_dist_compiled_react-dom_1698bfa6._.js:9541:71)
    at performWorkOnRoot (http://localhost:3000/_next/static/chunks/509c2_next_dist_compiled_react-dom_1698bfa6._.js:9068:150)
    at performWorkOnRootViaSchedulerTask (http://localhost:3000/_next/static/chunks/509c2_next_dist_compiled_react-dom_1698bfa6._.js:10230:9)
    at MessagePort.performWorkUntilDeadline (http://localhost:3000/_next/static/chunks/509c2_next_dist_compiled_9044104d._.js:2647:64) @ http://localhost:3000/_next/static/chunks/509c2_next_dist_512df543._.js:3127
[    3789ms] [ERROR] IntlError: MISSING_MESSAGE: Could not resolve `auth` in messages for locale `en-US`.
    at getMessagesOrError (http://localhost:3000/_next/static/chunks/db2ad__pnpm_bc426aec._.js:3637:27)
    at createBaseTranslator (http://localhost:3000/_next/static/chunks/db2ad__pnpm_bc426aec._.js:3642:29)
    at useTranslationsImpl.useMemo[translate] (http://localhost:3000/_next/static/chunks/db2ad__pnpm_bc426aec._.js:4163:378)
    at mountMemo (http://localhost:3000/_next/static/chunks/509c2_next_dist_compiled_react-dom_1698bfa6._.js:5424:25)
    at Object.useMemo (http://localhost:3000/_next/static/chunks/509c2_next_dist_compiled_react-dom_1698bfa6._.js:15003:24)
    at exports.useMemo (http://localhost:3000/_next/static/chunks/509c2_next_dist_compiled_9044104d._.js:1742:36)
    at useTranslationsImpl (http://localhost:3000/_next/static/chunks/db2ad__pnpm_bc426aec._.js:4162:416)
    at useTranslations (http://localhost:3000/_next/static/chunks/db2ad__pnpm_bc426aec._.js:4201:12)
    at http://localhost:3000/_next/static/chunks/db2ad__pnpm_ff96319a._.js:25:20
    at LoginForm (http://localhost:3000/_next/static/chunks/pi-cwd-20260601_admin-platform_libs_e8399fc0._.js:4087:432)
    at Object.react_stack_bottom_frame (http://localhost:3000/_next/static/chunks/509c2_next_dist_compiled_react-dom_1698bfa6._.js:14826:24)
    at renderWithHooks (http://localhost:3000/_next/static/chunks/509c2_next_dist_compiled_react-dom_1698bfa6._.js:4651:24)
    at updateFunctionComponent (http://localhost:3000/_next/static/chunks/509c2_next_dist_compiled_react-dom_1698bfa6._.js:6112:21)
    at beginWork (http://localhost:3000/_next/static/chunks/509c2_next_dist_compiled_react-dom_1698bfa6._.js:6708:24)
    at runWithFiberInDEV (http://localhost:3000/_next/static/chunks/509c2_next_dist_compiled_react-dom_1698bfa6._.js:965:74)
    at performUnitOfWork (http://localhost:3000/_next/static/chunks/509c2_next_dist_compiled_react-dom_1698bfa6._.js:9562:97)
    at workLoopConcurrentByScheduler (http://localhost:3000/_next/static/chunks/509c2_next_dist_compiled_react-dom_1698bfa6._.js:9558:58)
    at renderRootConcurrent (http://localhost:3000/_next/static/chunks/509c2_next_dist_compiled_react-dom_1698bfa6._.js:9541:71)
    at performWorkOnRoot (http://localhost:3000/_next/static/chunks/509c2_next_dist_compiled_react-dom_1698bfa6._.js:9068:150)
    at performWorkOnRootViaSchedulerTask (http://localhost:3000/_next/static/chunks/509c2_next_dist_compiled_react-dom_1698bfa6._.js:10230:9)
    at MessagePort.performWorkUntilDeadline (http://localhost:3000/_next/static/chunks/509c2_next_dist_compiled_9044104d._.js:2647:64) @ http://localhost:3000/_next/static/chunks/509c2_next_dist_512df543._.js:3127
[    3789ms] [ERROR] IntlError: MISSING_MESSAGE: Could not resolve `auth` in messages for locale `en-US`.
    at getMessagesOrError (http://localhost:3000/_next/static/chunks/db2ad__pnpm_bc426aec._.js:3637:27)
    at createBaseTranslator (http://localhost:3000/_next/static/chunks/db2ad__pnpm_bc426aec._.js:3642:29)
    at useTranslationsImpl.useMemo[translate] (http://localhost:3000/_next/static/chunks/db2ad__pnpm_bc426aec._.js:4163:378)
    at mountMemo (http://localhost:3000/_next/static/chunks/509c2_next_dist_compiled_react-dom_1698bfa6._.js:5424:25)
    at Object.useMemo (http://localhost:3000/_next/static/chunks/509c2_next_dist_compiled_react-dom_1698bfa6._.js:15003:24)
    at exports.useMemo (http://localhost:3000/_next/static/chunks/509c2_next_dist_compiled_9044104d._.js:1742:36)
    at useTranslationsImpl (http://localhost:3000/_next/static/chunks/db2ad__pnpm_bc426aec._.js:4162:416)
    at useTranslations (http://localhost:3000/_next/static/chunks/db2ad__pnpm_bc426aec._.js:4201:12)
    at http://localhost:3000/_next/static/chunks/db2ad__pnpm_ff96319a._.js:25:20
    at LoginForm (http://localhost:3000/_next/static/chunks/pi-cwd-20260601_admin-platform_libs_e8399fc0._.js:4087:432)
    at Object.react_stack_bottom_frame (http://localhost:3000/_next/static/chunks/509c2_next_dist_compiled_react-dom_1698bfa6._.js:14826:24)
    at renderWithHooks (http://localhost:3000/_next/static/chunks/509c2_next_dist_compiled_react-dom_1698bfa6._.js:4651:24)
    at updateFunctionComponent (http://localhost:3000/_next/static/chunks/509c2_next_dist_compiled_react-dom_1698bfa6._.js:6112:21)
    at beginWork (http://localhost:3000/_next/static/chunks/509c2_next_dist_compiled_react-dom_1698bfa6._.js:6708:24)
    at runWithFiberInDEV (http://localhost:3000/_next/static/chunks/509c2_next_dist_compiled_react-dom_1698bfa6._.js:965:74)
    at performUnitOfWork (http://localhost:3000/_next/static/chunks/509c2_next_dist_compiled_react-dom_1698bfa6._.js:9562:97)
    at workLoopConcurrentByScheduler (http://localhost:3000/_next/static/chunks/509c2_next_dist_compiled_react-dom_1698bfa6._.js:9558:58)
    at renderRootConcurrent (http://localhost:3000/_next/static/chunks/509c2_next_dist_compiled_react-dom_1698bfa6._.js:9541:71)
    at performWorkOnRoot (http://localhost:3000/_next/static/chunks/509c2_next_dist_compiled_react-dom_1698bfa6._.js:9068:150)
    at performWorkOnRootViaSchedulerTask (http://localhost:3000/_next/static/chunks/509c2_next_dist_compiled_react-dom_1698bfa6._.js:10230:9)
    at MessagePort.performWorkUntilDeadline (http://localhost:3000/_next/static/chunks/509c2_next_dist_compiled_9044104d._.js:2647:64) @ http://localhost:3000/_next/static/chunks/509c2_next_dist_512df543._.js:3127
[    3789ms] [ERROR] IntlError: MISSING_MESSAGE: Could not resolve `auth` in messages for locale `en-US`.
    at getMessagesOrError (http://localhost:3000/_next/static/chunks/db2ad__pnpm_bc426aec._.js:3637:27)
    at createBaseTranslator (http://localhost:3000/_next/static/chunks/db2ad__pnpm_bc426aec._.js:3642:29)
    at useTranslationsImpl.useMemo[translate] (http://localhost:3000/_next/static/chunks/db2ad__pnpm_bc426aec._.js:4163:378)
    at mountMemo (http://localhost:3000/_next/static/chunks/509c2_next_dist_compiled_react-dom_1698bfa6._.js:5424:25)
    at Object.useMemo (http://localhost:3000/_next/static/chunks/509c2_next_dist_compiled_react-dom_1698bfa6._.js:15003:24)
    at exports.useMemo (http://localhost:3000/_next/static/chunks/509c2_next_dist_compiled_9044104d._.js:1742:36)
    at useTranslationsImpl (http://localhost:3000/_next/static/chunks/db2ad__pnpm_bc426aec._.js:4162:416)
    at useTranslations (http://localhost:3000/_next/static/chunks/db2ad__pnpm_bc426aec._.js:4201:12)
    at http://localhost:3000/_next/static/chunks/db2ad__pnpm_ff96319a._.js:25:20
    at LoginForm (http://localhost:3000/_next/static/chunks/pi-cwd-20260601_admin-platform_libs_e8399fc0._.js:4087:432)
    at Object.react_stack_bottom_frame (http://localhost:3000/_next/static/chunks/509c2_next_dist_compiled_react-dom_1698bfa6._.js:14826:24)
    at renderWithHooks (http://localhost:3000/_next/static/chunks/509c2_next_dist_compiled_react-dom_1698bfa6._.js:4651:24)
    at updateFunctionComponent (http://localhost:3000/_next/static/chunks/509c2_next_dist_compiled_react-dom_1698bfa6._.js:6112:21)
    at beginWork (http://localhost:3000/_next/static/chunks/509c2_next_dist_compiled_react-dom_1698bfa6._.js:6708:24)
    at runWithFiberInDEV (http://localhost:3000/_next/static/chunks/509c2_next_dist_compiled_react-dom_1698bfa6._.js:965:74)
    at performUnitOfWork (http://localhost:3000/_next/static/chunks/509c2_next_dist_compiled_react-dom_1698bfa6._.js:9562:97)
    at workLoopConcurrentByScheduler (http://localhost:3000/_next/static/chunks/509c2_next_dist_compiled_react-dom_1698bfa6._.js:9558:58)
    at renderRootConcurrent (http://localhost:3000/_next/static/chunks/509c2_next_dist_compiled_react-dom_1698bfa6._.js:9541:71)
    at performWorkOnRoot (http://localhost:3000/_next/static/chunks/509c2_next_dist_compiled_react-dom_1698bfa6._.js:9068:150)
    at performWorkOnRootViaSchedulerTask (http://localhost:3000/_next/static/chunks/509c2_next_dist_compiled_react-dom_1698bfa6._.js:10230:9)
    at MessagePort.performWorkUntilDeadline (http://localhost:3000/_next/static/chunks/509c2_next_dist_compiled_9044104d._.js:2647:64) @ http://localhost:3000/_next/static/chunks/509c2_next_dist_512df543._.js:3127
[    3790ms] [ERROR] IntlError: MISSING_MESSAGE: Could not resolve `auth` in messages for locale `en-US`.
    at getMessagesOrError (http://localhost:3000/_next/static/chunks/db2ad__pnpm_bc426aec._.js:3637:27)
    at createBaseTranslator (http://localhost:3000/_next/static/chunks/db2ad__pnpm_bc426aec._.js:3642:29)
    at useTranslationsImpl.useMemo[translate] (http://localhost:3000/_next/static/chunks/db2ad__pnpm_bc426aec._.js:4163:378)
    at mountMemo (http://localhost:3000/_next/static/chunks/509c2_next_dist_compiled_react-dom_1698bfa6._.js:5424:25)
    at Object.useMemo (http://localhost:3000/_next/static/chunks/509c2_next_dist_compiled_react-dom_1698bfa6._.js:15003:24)
    at exports.useMemo (http://localhost:3000/_next/static/chunks/509c2_next_dist_compiled_9044104d._.js:1742:36)
    at useTranslationsImpl (http://localhost:3000/_next/static/chunks/db2ad__pnpm_bc426aec._.js:4162:416)
    at useTranslations (http://localhost:3000/_next/static/chunks/db2ad__pnpm_bc426aec._.js:4201:12)
    at http://localhost:3000/_next/static/chunks/db2ad__pnpm_ff96319a._.js:25:20
    at LoginForm (http://localhost:3000/_next/static/chunks/pi-cwd-20260601_admin-platform_libs_e8399fc0._.js:4087:432)
    at Object.react_stack_bottom_frame (http://localhost:3000/_next/static/chunks/509c2_next_dist_compiled_react-dom_1698bfa6._.js:14826:24)
    at renderWithHooks (http://localhost:3000/_next/static/chunks/509c2_next_dist_compiled_react-dom_1698bfa6._.js:4651:24)
    at updateFunctionComponent (http://localhost:3000/_next/static/chunks/509c2_next_dist_compiled_react-dom_1698bfa6._.js:6112:21)
    at beginWork (http://localhost:3000/_next/static/chunks/509c2_next_dist_compiled_react-dom_1698bfa6._.js:6708:24)
    at runWithFiberInDEV (http://localhost:3000/_next/static/chunks/509c2_next_dist_compiled_react-dom_1698bfa6._.js:965:74)
    at performUnitOfWork (http://localhost:3000/_next/static/chunks/509c2_next_dist_compiled_react-dom_1698bfa6._.js:9562:97)
    at workLoopConcurrentByScheduler (http://localhost:3000/_next/static/chunks/509c2_next_dist_compiled_react-dom_1698bfa6._.js:9558:58)
    at renderRootConcurrent (http://localhost:3000/_next/static/chunks/509c2_next_dist_compiled_react-dom_1698bfa6._.js:9541:71)
    at performWorkOnRoot (http://localhost:3000/_next/static/chunks/509c2_next_dist_compiled_react-dom_1698bfa6._.js:9068:150)
    at performWorkOnRootViaSchedulerTask (http://localhost:3000/_next/static/chunks/509c2_next_dist_compiled_react-dom_1698bfa6._.js:10230:9)
    at MessagePort.performWorkUntilDeadline (http://localhost:3000/_next/static/chunks/509c2_next_dist_compiled_9044104d._.js:2647:64) @ http://localhost:3000/_next/static/chunks/509c2_next_dist_512df543._.js:3127
[    3790ms] [ERROR] IntlError: MISSING_MESSAGE: Could not resolve `auth` in messages for locale `en-US`.
    at getMessagesOrError (http://localhost:3000/_next/static/chunks/db2ad__pnpm_bc426aec._.js:3637:27)
    at createBaseTranslator (http://localhost:3000/_next/static/chunks/db2ad__pnpm_bc426aec._.js:3642:29)
    at useTranslationsImpl.useMemo[translate] (http://localhost:3000/_next/static/chunks/db2ad__pnpm_bc426aec._.js:4163:378)
    at mountMemo (http://localhost:3000/_next/static/chunks/509c2_next_dist_compiled_react-dom_1698bfa6._.js:5424:25)
    at Object.useMemo (http://localhost:3000/_next/static/chunks/509c2_next_dist_compiled_react-dom_1698bfa6._.js:15003:24)
    at exports.useMemo (http://localhost:3000/_next/static/chunks/509c2_next_dist_compiled_9044104d._.js:1742:36)
    at useTranslationsImpl (http://localhost:3000/_next/static/chunks/db2ad__pnpm_bc426aec._.js:4162:416)
    at useTranslations (http://localhost:3000/_next/static/chunks/db2ad__pnpm_bc426aec._.js:4201:12)
    at http://localhost:3000/_next/static/chunks/db2ad__pnpm_ff96319a._.js:25:20
    at LoginForm (http://localhost:3000/_next/static/chunks/pi-cwd-20260601_admin-platform_libs_e8399fc0._.js:4087:432)
    at Object.react_stack_bottom_frame (http://localhost:3000/_next/static/chunks/509c2_next_dist_compiled_react-dom_1698bfa6._.js:14826:24)
    at renderWithHooks (http://localhost:3000/_next/static/chunks/509c2_next_dist_compiled_react-dom_1698bfa6._.js:4651:24)
    at updateFunctionComponent (http://localhost:3000/_next/static/chunks/509c2_next_dist_compiled_react-dom_1698bfa6._.js:6112:21)
    at beginWork (http://localhost:3000/_next/static/chunks/509c2_next_dist_compiled_react-dom_1698bfa6._.js:6708:24)
    at runWithFiberInDEV (http://localhost:3000/_next/static/chunks/509c2_next_dist_compiled_react-dom_1698bfa6._.js:965:74)
    at performUnitOfWork (http://localhost:3000/_next/static/chunks/509c2_next_dist_compiled_react-dom_1698bfa6._.js:9562:97)
    at workLoopConcurrentByScheduler (http://localhost:3000/_next/static/chunks/509c2_next_dist_compiled_react-dom_1698bfa6._.js:9558:58)
    at renderRootConcurrent (http://localhost:3000/_next/static/chunks/509c2_next_dist_compiled_react-dom_1698bfa6._.js:9541:71)
    at performWorkOnRoot (http://localhost:3000/_next/static/chunks/509c2_next_dist_compiled_react-dom_1698bfa6._.js:9068:150)
    at performWorkOnRootViaSchedulerTask (http://localhost:3000/_next/static/chunks/509c2_next_dist_compiled_react-dom_1698bfa6._.js:10230:9)
    at MessagePort.performWorkUntilDeadline (http://localhost:3000/_next/static/chunks/509c2_next_dist_compiled_9044104d._.js:2647:64) @ http://localhost:3000/_next/static/chunks/509c2_next_dist_512df543._.js:3127
[    3791ms] [ERROR] IntlError: MISSING_MESSAGE: Could not resolve `auth` in messages for locale `en-US`.
    at getMessagesOrError (http://localhost:3000/_next/static/chunks/db2ad__pnpm_bc426aec._.js:3637:27)
    at createBaseTranslator (http://localhost:3000/_next/static/chunks/db2ad__pnpm_bc426aec._.js:3642:29)
    at useTranslationsImpl.useMemo[translate] (http://localhost:3000/_next/static/chunks/db2ad__pnpm_bc426aec._.js:4163:378)
    at mountMemo (http://localhost:3000/_next/static/chunks/509c2_next_dist_compiled_react-dom_1698bfa6._.js:5424:25)
    at Object.useMemo (http://localhost:3000/_next/static/chunks/509c2_next_dist_compiled_react-dom_1698bfa6._.js:15003:24)
    at exports.useMemo (http://localhost:3000/_next/static/chunks/509c2_next_dist_compiled_9044104d._.js:1742:36)
    at useTranslationsImpl (http://localhost:3000/_next/static/chunks/db2ad__pnpm_bc426aec._.js:4162:416)
    at useTranslations (http://localhost:3000/_next/static/chunks/db2ad__pnpm_bc426aec._.js:4201:12)
    at http://localhost:3000/_next/static/chunks/db2ad__pnpm_ff96319a._.js:25:20
    at LoginForm (http://localhost:3000/_next/static/chunks/pi-cwd-20260601_admin-platform_libs_e8399fc0._.js:4087:432)
    at Object.react_stack_bottom_frame (http://localhost:3000/_next/static/chunks/509c2_next_dist_compiled_react-dom_1698bfa6._.js:14826:24)
    at renderWithHooks (http://localhost:3000/_next/static/chunks/509c2_next_dist_compiled_react-dom_1698bfa6._.js:4651:24)
    at updateFunctionComponent (http://localhost:3000/_next/static/chunks/509c2_next_dist_compiled_react-dom_1698bfa6._.js:6112:21)
    at beginWork (http://localhost:3000/_next/static/chunks/509c2_next_dist_compiled_react-dom_1698bfa6._.js:6708:24)
    at runWithFiberInDEV (http://localhost:3000/_next/static/chunks/509c2_next_dist_compiled_react-dom_1698bfa6._.js:965:74)
    at performUnitOfWork (http://localhost:3000/_next/static/chunks/509c2_next_dist_compiled_react-dom_1698bfa6._.js:9562:97)
    at workLoopConcurrentByScheduler (http://localhost:3000/_next/static/chunks/509c2_next_dist_compiled_react-dom_1698bfa6._.js:9558:58)
    at renderRootConcurrent (http://localhost:3000/_next/static/chunks/509c2_next_dist_compiled_react-dom_1698bfa6._.js:9541:71)
    at performWorkOnRoot (http://localhost:3000/_next/static/chunks/509c2_next_dist_compiled_react-dom_1698bfa6._.js:9068:150)
    at performWorkOnRootViaSchedulerTask (http://localhost:3000/_next/static/chunks/509c2_next_dist_compiled_react-dom_1698bfa6._.js:10230:9)
    at MessagePort.performWorkUntilDeadline (http://localhost:3000/_next/static/chunks/509c2_next_dist_compiled_9044104d._.js:2647:64) @ http://localhost:3000/_next/static/chunks/509c2_next_dist_512df543._.js:3127
[    3791ms] [ERROR] IntlError: MISSING_MESSAGE: Could not resolve `auth` in messages for locale `en-US`.
    at getMessagesOrError (http://localhost:3000/_next/static/chunks/db2ad__pnpm_bc426aec._.js:3637:27)
    at createBaseTranslator (http://localhost:3000/_next/static/chunks/db2ad__pnpm_bc426aec._.js:3642:29)
    at useTranslationsImpl.useMemo[translate] (http://localhost:3000/_next/static/chunks/db2ad__pnpm_bc426aec._.js:4163:378)
    at mountMemo (http://localhost:3000/_next/static/chunks/509c2_next_dist_compiled_react-dom_1698bfa6._.js:5424:25)
    at Object.useMemo (http://localhost:3000/_next/static/chunks/509c2_next_dist_compiled_react-dom_1698bfa6._.js:15003:24)
    at exports.useMemo (http://localhost:3000/_next/static/chunks/509c2_next_dist_compiled_9044104d._.js:1742:36)
    at useTranslationsImpl (http://localhost:3000/_next/static/chunks/db2ad__pnpm_bc426aec._.js:4162:416)
    at useTranslations (http://localhost:3000/_next/static/chunks/db2ad__pnpm_bc426aec._.js:4201:12)
    at http://localhost:3000/_next/static/chunks/db2ad__pnpm_ff96319a._.js:25:20
    at LoginForm (http://localhost:3000/_next/static/chunks/pi-cwd-20260601_admin-platform_libs_e8399fc0._.js:4087:432)
    at Object.react_stack_bottom_frame (http://localhost:3000/_next/static/chunks/509c2_next_dist_compiled_react-dom_1698bfa6._.js:14826:24)
    at renderWithHooks (http://localhost:3000/_next/static/chunks/509c2_next_dist_compiled_react-dom_1698bfa6._.js:4651:24)
    at updateFunctionComponent (http://localhost:3000/_next/static/chunks/509c2_next_dist_compiled_react-dom_1698bfa6._.js:6112:21)
    at beginWork (http://localhost:3000/_next/static/chunks/509c2_next_dist_compiled_react-dom_1698bfa6._.js:6708:24)
    at runWithFiberInDEV (http://localhost:3000/_next/static/chunks/509c2_next_dist_compiled_react-dom_1698bfa6._.js:965:74)
    at performUnitOfWork (http://localhost:3000/_next/static/chunks/509c2_next_dist_compiled_react-dom_1698bfa6._.js:9562:97)
    at workLoopConcurrentByScheduler (http://localhost:3000/_next/static/chunks/509c2_next_dist_compiled_react-dom_1698bfa6._.js:9558:58)
    at renderRootConcurrent (http://localhost:3000/_next/static/chunks/509c2_next_dist_compiled_react-dom_1698bfa6._.js:9541:71)
    at performWorkOnRoot (http://localhost:3000/_next/static/chunks/509c2_next_dist_compiled_react-dom_1698bfa6._.js:9068:150)
    at performWorkOnRootViaSchedulerTask (http://localhost:3000/_next/static/chunks/509c2_next_dist_compiled_react-dom_1698bfa6._.js:10230:9)
    at MessagePort.performWorkUntilDeadline (http://localhost:3000/_next/static/chunks/509c2_next_dist_compiled_9044104d._.js:2647:64) @ http://localhost:3000/_next/static/chunks/509c2_next_dist_512df543._.js:3127
[    3791ms] [ERROR] IntlError: MISSING_MESSAGE: Could not resolve `auth` in messages for locale `en-US`.
    at getMessagesOrError (http://localhost:3000/_next/static/chunks/db2ad__pnpm_bc426aec._.js:3637:27)
    at createBaseTranslator (http://localhost:3000/_next/static/chunks/db2ad__pnpm_bc426aec._.js:3642:29)
    at useTranslationsImpl.useMemo[translate] (http://localhost:3000/_next/static/chunks/db2ad__pnpm_bc426aec._.js:4163:378)
    at mountMemo (http://localhost:3000/_next/static/chunks/509c2_next_dist_compiled_react-dom_1698bfa6._.js:5424:25)
    at Object.useMemo (http://localhost:3000/_next/static/chunks/509c2_next_dist_compiled_react-dom_1698bfa6._.js:15003:24)
    at exports.useMemo (http://localhost:3000/_next/static/chunks/509c2_next_dist_compiled_9044104d._.js:1742:36)
    at useTranslationsImpl (http://localhost:3000/_next/static/chunks/db2ad__pnpm_bc426aec._.js:4162:416)
    at useTranslations (http://localhost:3000/_next/static/chunks/db2ad__pnpm_bc426aec._.js:4201:12)
    at http://localhost:3000/_next/static/chunks/db2ad__pnpm_ff96319a._.js:25:20
    at LoginForm (http://localhost:3000/_next/static/chunks/pi-cwd-20260601_admin-platform_libs_e8399fc0._.js:4087:432)
    at Object.react_stack_bottom_frame (http://localhost:3000/_next/static/chunks/509c2_next_dist_compiled_react-dom_1698bfa6._.js:14826:24)
    at renderWithHooks (http://localhost:3000/_next/static/chunks/509c2_next_dist_compiled_react-dom_1698bfa6._.js:4651:24)
    at updateFunctionComponent (http://localhost:3000/_next/static/chunks/509c2_next_dist_compiled_react-dom_1698bfa6._.js:6112:21)
    at beginWork (http://localhost:3000/_next/static/chunks/509c2_next_dist_compiled_react-dom_1698bfa6._.js:6708:24)
    at runWithFiberInDEV (http://localhost:3000/_next/static/chunks/509c2_next_dist_compiled_react-dom_1698bfa6._.js:965:74)
    at performUnitOfWork (http://localhost:3000/_next/static/chunks/509c2_next_dist_compiled_react-dom_1698bfa6._.js:9562:97)
    at workLoopConcurrentByScheduler (http://localhost:3000/_next/static/chunks/509c2_next_dist_compiled_react-dom_1698bfa6._.js:9558:58)
    at renderRootConcurrent (http://localhost:3000/_next/static/chunks/509c2_next_dist_compiled_react-dom_1698bfa6._.js:9541:71)
    at performWorkOnRoot (http://localhost:3000/_next/static/chunks/509c2_next_dist_compiled_react-dom_1698bfa6._.js:9068:150)
    at performWorkOnRootViaSchedulerTask (http://localhost:3000/_next/static/chunks/509c2_next_dist_compiled_react-dom_1698bfa6._.js:10230:9)
    at MessagePort.performWorkUntilDeadline (http://localhost:3000/_next/static/chunks/509c2_next_dist_compiled_9044104d._.js:2647:64) @ http://localhost:3000/_next/static/chunks/509c2_next_dist_512df543._.js:3127
[    3791ms] [ERROR] IntlError: MISSING_MESSAGE: Could not resolve `auth` in messages for locale `en-US`.
    at getMessagesOrError (http://localhost:3000/_next/static/chunks/db2ad__pnpm_bc426aec._.js:3637:27)
    at createBaseTranslator (http://localhost:3000/_next/static/chunks/db2ad__pnpm_bc426aec._.js:3642:29)
    at useTranslationsImpl.useMemo[translate] (http://localhost:3000/_next/static/chunks/db2ad__pnpm_bc426aec._.js:4163:378)
    at mountMemo (http://localhost:3000/_next/static/chunks/509c2_next_dist_compiled_react-dom_1698bfa6._.js:5424:25)
    at Object.useMemo (http://localhost:3000/_next/static/chunks/509c2_next_dist_compiled_react-dom_1698bfa6._.js:15003:24)
    at exports.useMemo (http://localhost:3000/_next/static/chunks/509c2_next_dist_compiled_9044104d._.js:1742:36)
    at useTranslationsImpl (http://localhost:3000/_next/static/chunks/db2ad__pnpm_bc426aec._.js:4162:416)
    at useTranslations (http://localhost:3000/_next/static/chunks/db2ad__pnpm_bc426aec._.js:4201:12)
    at http://localhost:3000/_next/static/chunks/db2ad__pnpm_ff96319a._.js:25:20
    at LoginForm (http://localhost:3000/_next/static/chunks/pi-cwd-20260601_admin-platform_libs_e8399fc0._.js:4087:432)
    at Object.react_stack_bottom_frame (http://localhost:3000/_next/static/chunks/509c2_next_dist_compiled_react-dom_1698bfa6._.js:14826:24)
    at renderWithHooks (http://localhost:3000/_next/static/chunks/509c2_next_dist_compiled_react-dom_1698bfa6._.js:4651:24)
    at updateFunctionComponent (http://localhost:3000/_next/static/chunks/509c2_next_dist_compiled_react-dom_1698bfa6._.js:6112:21)
    at beginWork (http://localhost:3000/_next/static/chunks/509c2_next_dist_compiled_react-dom_1698bfa6._.js:6708:24)
    at runWithFiberInDEV (http://localhost:3000/_next/static/chunks/509c2_next_dist_compiled_react-dom_1698bfa6._.js:965:74)
    at performUnitOfWork (http://localhost:3000/_next/static/chunks/509c2_next_dist_compiled_react-dom_1698bfa6._.js:9562:97)
    at workLoopConcurrentByScheduler (http://localhost:3000/_next/static/chunks/509c2_next_dist_compiled_react-dom_1698bfa6._.js:9558:58)
    at renderRootConcurrent (http://localhost:3000/_next/static/chunks/509c2_next_dist_compiled_react-dom_1698bfa6._.js:9541:71)
    at performWorkOnRoot (http://localhost:3000/_next/static/chunks/509c2_next_dist_compiled_react-dom_1698bfa6._.js:9068:150)
    at performWorkOnRootViaSchedulerTask (http://localhost:3000/_next/static/chunks/509c2_next_dist_compiled_react-dom_1698bfa6._.js:10230:9)
    at MessagePort.performWorkUntilDeadline (http://localhost:3000/_next/static/chunks/509c2_next_dist_compiled_9044104d._.js:2647:64) @ http://localhost:3000/_next/static/chunks/509c2_next_dist_512df543._.js:3127
[    3792ms] [ERROR] IntlError: MISSING_MESSAGE: Could not resolve `auth` in messages for locale `en-US`.
    at getMessagesOrError (http://localhost:3000/_next/static/chunks/db2ad__pnpm_bc426aec._.js:3637:27)
    at createBaseTranslator (http://localhost:3000/_next/static/chunks/db2ad__pnpm_bc426aec._.js:3642:29)
    at useTranslationsImpl.useMemo[translate] (http://localhost:3000/_next/static/chunks/db2ad__pnpm_bc426aec._.js:4163:378)
    at mountMemo (http://localhost:3000/_next/static/chunks/509c2_next_dist_compiled_react-dom_1698bfa6._.js:5424:25)
    at Object.useMemo (http://localhost:3000/_next/static/chunks/509c2_next_dist_compiled_react-dom_1698bfa6._.js:15003:24)
    at exports.useMemo (http://localhost:3000/_next/static/chunks/509c2_next_dist_compiled_9044104d._.js:1742:36)
    at useTranslationsImpl (http://localhost:3000/_next/static/chunks/db2ad__pnpm_bc426aec._.js:4162:416)
    at useTranslations (http://localhost:3000/_next/static/chunks/db2ad__pnpm_bc426aec._.js:4201:12)
    at http://localhost:3000/_next/static/chunks/db2ad__pnpm_ff96319a._.js:25:20
    at LoginForm (http://localhost:3000/_next/static/chunks/pi-cwd-20260601_admin-platform_libs_e8399fc0._.js:4087:432)
    at Object.react_stack_bottom_frame (http://localhost:3000/_next/static/chunks/509c2_next_dist_compiled_react-dom_1698bfa6._.js:14826:24)
    at renderWithHooks (http://localhost:3000/_next/static/chunks/509c2_next_dist_compiled_react-dom_1698bfa6._.js:4651:24)
    at updateFunctionComponent (http://localhost:3000/_next/static/chunks/509c2_next_dist_compiled_react-dom_1698bfa6._.js:6112:21)
    at beginWork (http://localhost:3000/_next/static/chunks/509c2_next_dist_compiled_react-dom_1698bfa6._.js:6708:24)
    at runWithFiberInDEV (http://localhost:3000/_next/static/chunks/509c2_next_dist_compiled_react-dom_1698bfa6._.js:965:74)
    at performUnitOfWork (http://localhost:3000/_next/static/chunks/509c2_next_dist_compiled_react-dom_1698bfa6._.js:9562:97)
    at workLoopConcurrentByScheduler (http://localhost:3000/_next/static/chunks/509c2_next_dist_compiled_react-dom_1698bfa6._.js:9558:58)
    at renderRootConcurrent (http://localhost:3000/_next/static/chunks/509c2_next_dist_compiled_react-dom_1698bfa6._.js:9541:71)
    at performWorkOnRoot (http://localhost:3000/_next/static/chunks/509c2_next_dist_compiled_react-dom_1698bfa6._.js:9068:150)
    at performWorkOnRootViaSchedulerTask (http://localhost:3000/_next/static/chunks/509c2_next_dist_compiled_react-dom_1698bfa6._.js:10230:9)
    at MessagePort.performWorkUntilDeadline (http://localhost:3000/_next/static/chunks/509c2_next_dist_compiled_9044104d._.js:2647:64) @ http://localhost:3000/_next/static/chunks/509c2_next_dist_512df543._.js:3127
[    3792ms] [ERROR] IntlError: MISSING_MESSAGE: Could not resolve `auth` in messages for locale `en-US`.
    at getMessagesOrError (http://localhost:3000/_next/static/chunks/db2ad__pnpm_bc426aec._.js:3637:27)
    at createBaseTranslator (http://localhost:3000/_next/static/chunks/db2ad__pnpm_bc426aec._.js:3642:29)
    at useTranslationsImpl.useMemo[translate] (http://localhost:3000/_next/static/chunks/db2ad__pnpm_bc426aec._.js:4163:378)
    at mountMemo (http://localhost:3000/_next/static/chunks/509c2_next_dist_compiled_react-dom_1698bfa6._.js:5424:25)
    at Object.useMemo (http://localhost:3000/_next/static/chunks/509c2_next_dist_compiled_react-dom_1698bfa6._.js:15003:24)
    at exports.useMemo (http://localhost:3000/_next/static/chunks/509c2_next_dist_compiled_9044104d._.js:1742:36)
    at useTranslationsImpl (http://localhost:3000/_next/static/chunks/db2ad__pnpm_bc426aec._.js:4162:416)
    at useTranslations (http://localhost:3000/_next/static/chunks/db2ad__pnpm_bc426aec._.js:4201:12)
    at http://localhost:3000/_next/static/chunks/db2ad__pnpm_ff96319a._.js:25:20
    at LoginForm (http://localhost:3000/_next/static/chunks/pi-cwd-20260601_admin-platform_libs_e8399fc0._.js:4087:432)
    at Object.react_stack_bottom_frame (http://localhost:3000/_next/static/chunks/509c2_next_dist_compiled_react-dom_1698bfa6._.js:14826:24)
    at renderWithHooks (http://localhost:3000/_next/static/chunks/509c2_next_dist_compiled_react-dom_1698bfa6._.js:4651:24)
    at updateFunctionComponent (http://localhost:3000/_next/static/chunks/509c2_next_dist_compiled_react-dom_1698bfa6._.js:6112:21)
    at beginWork (http://localhost:3000/_next/static/chunks/509c2_next_dist_compiled_react-dom_1698bfa6._.js:6708:24)
    at runWithFiberInDEV (http://localhost:3000/_next/static/chunks/509c2_next_dist_compiled_react-dom_1698bfa6._.js:965:74)
    at performUnitOfWork (http://localhost:3000/_next/static/chunks/509c2_next_dist_compiled_react-dom_1698bfa6._.js:9562:97)
    at workLoopConcurrentByScheduler (http://localhost:3000/_next/static/chunks/509c2_next_dist_compiled_react-dom_1698bfa6._.js:9558:58)
    at renderRootConcurrent (http://localhost:3000/_next/static/chunks/509c2_next_dist_compiled_react-dom_1698bfa6._.js:9541:71)
    at performWorkOnRoot (http://localhost:3000/_next/static/chunks/509c2_next_dist_compiled_react-dom_1698bfa6._.js:9068:150)
    at performWorkOnRootViaSchedulerTask (http://localhost:3000/_next/static/chunks/509c2_next_dist_compiled_react-dom_1698bfa6._.js:10230:9)
    at MessagePort.performWorkUntilDeadline (http://localhost:3000/_next/static/chunks/509c2_next_dist_compiled_9044104d._.js:2647:64) @ http://localhost:3000/_next/static/chunks/509c2_next_dist_512df543._.js:3127
[    3792ms] [ERROR] IntlError: MISSING_MESSAGE: Could not resolve `auth` in messages for locale `en-US`.
    at getMessagesOrError (http://localhost:3000/_next/static/chunks/db2ad__pnpm_bc426aec._.js:3637:27)
    at createBaseTranslator (http://localhost:3000/_next/static/chunks/db2ad__pnpm_bc426aec._.js:3642:29)
    at useTranslationsImpl.useMemo[translate] (http://localhost:3000/_next/static/chunks/db2ad__pnpm_bc426aec._.js:4163:378)
    at mountMemo (http://localhost:3000/_next/static/chunks/509c2_next_dist_compiled_react-dom_1698bfa6._.js:5424:25)
    at Object.useMemo (http://localhost:3000/_next/static/chunks/509c2_next_dist_compiled_react-dom_1698bfa6._.js:15003:24)
    at exports.useMemo (http://localhost:3000/_next/static/chunks/509c2_next_dist_compiled_9044104d._.js:1742:36)
    at useTranslationsImpl (http://localhost:3000/_next/static/chunks/db2ad__pnpm_bc426aec._.js:4162:416)
    at useTranslations (http://localhost:3000/_next/static/chunks/db2ad__pnpm_bc426aec._.js:4201:12)
    at http://localhost:3000/_next/static/chunks/db2ad__pnpm_ff96319a._.js:25:20
    at LoginForm (http://localhost:3000/_next/static/chunks/pi-cwd-20260601_admin-platform_libs_e8399fc0._.js:4087:432)
    at Object.react_stack_bottom_frame (http://localhost:3000/_next/static/chunks/509c2_next_dist_compiled_react-dom_1698bfa6._.js:14826:24)
    at renderWithHooks (http://localhost:3000/_next/static/chunks/509c2_next_dist_compiled_react-dom_1698bfa6._.js:4651:24)
    at updateFunctionComponent (http://localhost:3000/_next/static/chunks/509c2_next_dist_compiled_react-dom_1698bfa6._.js:6112:21)
    at beginWork (http://localhost:3000/_next/static/chunks/509c2_next_dist_compiled_react-dom_1698bfa6._.js:6708:24)
    at runWithFiberInDEV (http://localhost:3000/_next/static/chunks/509c2_next_dist_compiled_react-dom_1698bfa6._.js:965:74)
    at performUnitOfWork (http://localhost:3000/_next/static/chunks/509c2_next_dist_compiled_react-dom_1698bfa6._.js:9562:97)
    at workLoopConcurrentByScheduler (http://localhost:3000/_next/static/chunks/509c2_next_dist_compiled_react-dom_1698bfa6._.js:9558:58)
    at renderRootConcurrent (http://localhost:3000/_next/static/chunks/509c2_next_dist_compiled_react-dom_1698bfa6._.js:9541:71)
    at performWorkOnRoot (http://localhost:3000/_next/static/chunks/509c2_next_dist_compiled_react-dom_1698bfa6._.js:9068:150)
    at performWorkOnRootViaSchedulerTask (http://localhost:3000/_next/static/chunks/509c2_next_dist_compiled_react-dom_1698bfa6._.js:10230:9)
    at MessagePort.performWorkUntilDeadline (http://localhost:3000/_next/static/chunks/509c2_next_dist_compiled_9044104d._.js:2647:64) @ http://localhost:3000/_next/static/chunks/509c2_next_dist_512df543._.js:3127
[    3808ms] [ERROR] IntlError: MISSING_MESSAGE: Could not resolve `auth` in messages for locale `en-US`.
    at getMessagesOrError (http://localhost:3000/_next/static/chunks/db2ad__pnpm_bc426aec._.js:3637:27)
    at createBaseTranslator (http://localhost:3000/_next/static/chunks/db2ad__pnpm_bc426aec._.js:3642:29)
    at useTranslationsImpl.useMemo[translate] (http://localhost:3000/_next/static/chunks/db2ad__pnpm_bc426aec._.js:4163:378)
    at mountMemo (http://localhost:3000/_next/static/chunks/509c2_next_dist_compiled_react-dom_1698bfa6._.js:5424:25)
    at Object.useMemo (http://localhost:3000/_next/static/chunks/509c2_next_dist_compiled_react-dom_1698bfa6._.js:15003:24)
    at exports.useMemo (http://localhost:3000/_next/static/chunks/509c2_next_dist_compiled_9044104d._.js:1742:36)
    at useTranslationsImpl (http://localhost:3000/_next/static/chunks/db2ad__pnpm_bc426aec._.js:4162:416)
    at useTranslations (http://localhost:3000/_next/static/chunks/db2ad__pnpm_bc426aec._.js:4201:12)
    at http://localhost:3000/_next/static/chunks/db2ad__pnpm_ff96319a._.js:25:20
    at MetaMaskButton (http://localhost:3000/_next/static/chunks/pi-cwd-20260601_admin-platform_libs_e8399fc0._.js:4485:432)
    at Object.react_stack_bottom_frame (http://localhost:3000/_next/static/chunks/509c2_next_dist_compiled_react-dom_1698bfa6._.js:14826:24)
    at renderWithHooks (http://localhost:3000/_next/static/chunks/509c2_next_dist_compiled_react-dom_1698bfa6._.js:4651:24)
    at updateFunctionComponent (http://localhost:3000/_next/static/chunks/509c2_next_dist_compiled_react-dom_1698bfa6._.js:6112:21)
    at beginWork (http://localhost:3000/_next/static/chunks/509c2_next_dist_compiled_react-dom_1698bfa6._.js:6708:24)
    at runWithFiberInDEV (http://localhost:3000/_next/static/chunks/509c2_next_dist_compiled_react-dom_1698bfa6._.js:965:74)
    at performUnitOfWork (http://localhost:3000/_next/static/chunks/509c2_next_dist_compiled_react-dom_1698bfa6._.js:9562:97)
    at workLoopConcurrentByScheduler (http://localhost:3000/_next/static/chunks/509c2_next_dist_compiled_react-dom_1698bfa6._.js:9558:58)
    at renderRootConcurrent (http://localhost:3000/_next/static/chunks/509c2_next_dist_compiled_react-dom_1698bfa6._.js:9541:71)
    at performWorkOnRoot (http://localhost:3000/_next/static/chunks/509c2_next_dist_compiled_react-dom_1698bfa6._.js:9068:150)
    at performWorkOnRootViaSchedulerTask (http://localhost:3000/_next/static/chunks/509c2_next_dist_compiled_react-dom_1698bfa6._.js:10230:9)
    at MessagePort.performWorkUntilDeadline (http://localhost:3000/_next/static/chunks/509c2_next_dist_compiled_9044104d._.js:2647:64) @ http://localhost:3000/_next/static/chunks/509c2_next_dist_512df543._.js:3127
[    3809ms] [ERROR] IntlError: MISSING_MESSAGE: Could not resolve `auth` in messages for locale `en-US`.
    at getMessagesOrError (http://localhost:3000/_next/static/chunks/db2ad__pnpm_bc426aec._.js:3637:27)
    at createBaseTranslator (http://localhost:3000/_next/static/chunks/db2ad__pnpm_bc426aec._.js:3642:29)
    at useTranslationsImpl.useMemo[translate] (http://localhost:3000/_next/static/chunks/db2ad__pnpm_bc426aec._.js:4163:378)
    at mountMemo (http://localhost:3000/_next/static/chunks/509c2_next_dist_compiled_react-dom_1698bfa6._.js:5424:25)
    at Object.useMemo (http://localhost:3000/_next/static/chunks/509c2_next_dist_compiled_react-dom_1698bfa6._.js:15003:24)
    at exports.useMemo (http://localhost:3000/_next/static/chunks/509c2_next_dist_compiled_9044104d._.js:1742:36)
    at useTranslationsImpl (http://localhost:3000/_next/static/chunks/db2ad__pnpm_bc426aec._.js:4162:416)
    at useTranslations (http://localhost:3000/_next/static/chunks/db2ad__pnpm_bc426aec._.js:4201:12)
    at http://localhost:3000/_next/static/chunks/db2ad__pnpm_ff96319a._.js:25:20
    at MetaMaskButton (http://localhost:3000/_next/static/chunks/pi-cwd-20260601_admin-platform_libs_e8399fc0._.js:4485:432)
    at Object.react_stack_bottom_frame (http://localhost:3000/_next/static/chunks/509c2_next_dist_compiled_react-dom_1698bfa6._.js:14826:24)
    at renderWithHooks (http://localhost:3000/_next/static/chunks/509c2_next_dist_compiled_react-dom_1698bfa6._.js:4651:24)
    at updateFunctionComponent (http://localhost:3000/_next/static/chunks/509c2_next_dist_compiled_react-dom_1698bfa6._.js:6112:21)
    at beginWork (http://localhost:3000/_next/static/chunks/509c2_next_dist_compiled_react-dom_1698bfa6._.js:6708:24)
    at runWithFiberInDEV (http://localhost:3000/_next/static/chunks/509c2_next_dist_compiled_react-dom_1698bfa6._.js:965:74)
    at performUnitOfWork (http://localhost:3000/_next/static/chunks/509c2_next_dist_compiled_react-dom_1698bfa6._.js:9562:97)
    at workLoopConcurrentByScheduler (http://localhost:3000/_next/static/chunks/509c2_next_dist_compiled_react-dom_1698bfa6._.js:9558:58)
    at renderRootConcurrent (http://localhost:3000/_next/static/chunks/509c2_next_dist_compiled_react-dom_1698bfa6._.js:9541:71)
    at performWorkOnRoot (http://localhost:3000/_next/static/chunks/509c2_next_dist_compiled_react-dom_1698bfa6._.js:9068:150)
    at performWorkOnRootViaSchedulerTask (http://localhost:3000/_next/static/chunks/509c2_next_dist_compiled_react-dom_1698bfa6._.js:10230:9)
    at MessagePort.performWorkUntilDeadline (http://localhost:3000/_next/static/chunks/509c2_next_dist_compiled_9044104d._.js:2647:64) @ http://localhost:3000/_next/static/chunks/509c2_next_dist_512df543._.js:3127
[    3809ms] [ERROR] IntlError: MISSING_MESSAGE: Could not resolve `auth` in messages for locale `en-US`.
    at getMessagesOrError (http://localhost:3000/_next/static/chunks/db2ad__pnpm_bc426aec._.js:3637:27)
    at createBaseTranslator (http://localhost:3000/_next/static/chunks/db2ad__pnpm_bc426aec._.js:3642:29)
    at useTranslationsImpl.useMemo[translate] (http://localhost:3000/_next/static/chunks/db2ad__pnpm_bc426aec._.js:4163:378)
    at mountMemo (http://localhost:3000/_next/static/chunks/509c2_next_dist_compiled_react-dom_1698bfa6._.js:5424:25)
    at Object.useMemo (http://localhost:3000/_next/static/chunks/509c2_next_dist_compiled_react-dom_1698bfa6._.js:15003:24)
    at exports.useMemo (http://localhost:3000/_next/static/chunks/509c2_next_dist_compiled_9044104d._.js:1742:36)
    at useTranslationsImpl (http://localhost:3000/_next/static/chunks/db2ad__pnpm_bc426aec._.js:4162:416)
    at useTranslations (http://localhost:3000/_next/static/chunks/db2ad__pnpm_bc426aec._.js:4201:12)
    at http://localhost:3000/_next/static/chunks/db2ad__pnpm_ff96319a._.js:25:20
    at MetaMaskButton (http://localhost:3000/_next/static/chunks/pi-cwd-20260601_admin-platform_libs_e8399fc0._.js:4485:432)
    at Object.react_stack_bottom_frame (http://localhost:3000/_next/static/chunks/509c2_next_dist_compiled_react-dom_1698bfa6._.js:14826:24)
    at renderWithHooks (http://localhost:3000/_next/static/chunks/509c2_next_dist_compiled_react-dom_1698bfa6._.js:4651:24)
    at updateFunctionComponent (http://localhost:3000/_next/static/chunks/509c2_next_dist_compiled_react-dom_1698bfa6._.js:6112:21)
    at beginWork (http://localhost:3000/_next/static/chunks/509c2_next_dist_compiled_react-dom_1698bfa6._.js:6708:24)
    at runWithFiberInDEV (http://localhost:3000/_next/static/chunks/509c2_next_dist_compiled_react-dom_1698bfa6._.js:965:74)
    at performUnitOfWork (http://localhost:3000/_next/static/chunks/509c2_next_dist_compiled_react-dom_1698bfa6._.js:9562:97)
    at workLoopConcurrentByScheduler (http://localhost:3000/_next/static/chunks/509c2_next_dist_compiled_react-dom_1698bfa6._.js:9558:58)
    at renderRootConcurrent (http://localhost:3000/_next/static/chunks/509c2_next_dist_compiled_react-dom_1698bfa6._.js:9541:71)
    at performWorkOnRoot (http://localhost:3000/_next/static/chunks/509c2_next_dist_compiled_react-dom_1698bfa6._.js:9068:150)
    at performWorkOnRootViaSchedulerTask (http://localhost:3000/_next/static/chunks/509c2_next_dist_compiled_react-dom_1698bfa6._.js:10230:9)
    at MessagePort.performWorkUntilDeadline (http://localhost:3000/_next/static/chunks/509c2_next_dist_compiled_9044104d._.js:2647:64) @ http://localhost:3000/_next/static/chunks/509c2_next_dist_512df543._.js:3127
[    3809ms] [ERROR] IntlError: MISSING_MESSAGE: Could not resolve `auth` in messages for locale `en-US`.
    at getMessagesOrError (http://localhost:3000/_next/static/chunks/db2ad__pnpm_bc426aec._.js:3637:27)
    at createBaseTranslator (http://localhost:3000/_next/static/chunks/db2ad__pnpm_bc426aec._.js:3642:29)
    at useTranslationsImpl.useMemo[translate] (http://localhost:3000/_next/static/chunks/db2ad__pnpm_bc426aec._.js:4163:378)
    at mountMemo (http://localhost:3000/_next/static/chunks/509c2_next_dist_compiled_react-dom_1698bfa6._.js:5424:25)
    at Object.useMemo (http://localhost:3000/_next/static/chunks/509c2_next_dist_compiled_react-dom_1698bfa6._.js:15003:24)
    at exports.useMemo (http://localhost:3000/_next/static/chunks/509c2_next_dist_compiled_9044104d._.js:1742:36)
    at useTranslationsImpl (http://localhost:3000/_next/static/chunks/db2ad__pnpm_bc426aec._.js:4162:416)
    at useTranslations (http://localhost:3000/_next/static/chunks/db2ad__pnpm_bc426aec._.js:4201:12)
    at http://localhost:3000/_next/static/chunks/db2ad__pnpm_ff96319a._.js:25:20
    at MetaMaskButton (http://localhost:3000/_next/static/chunks/pi-cwd-20260601_admin-platform_libs_e8399fc0._.js:4485:432)
    at Object.react_stack_bottom_frame (http://localhost:3000/_next/static/chunks/509c2_next_dist_compiled_react-dom_1698bfa6._.js:14826:24)
    at renderWithHooks (http://localhost:3000/_next/static/chunks/509c2_next_dist_compiled_react-dom_1698bfa6._.js:4651:24)
    at updateFunctionComponent (http://localhost:3000/_next/static/chunks/509c2_next_dist_compiled_react-dom_1698bfa6._.js:6112:21)
    at beginWork (http://localhost:3000/_next/static/chunks/509c2_next_dist_compiled_react-dom_1698bfa6._.js:6708:24)
    at runWithFiberInDEV (http://localhost:3000/_next/static/chunks/509c2_next_dist_compiled_react-dom_1698bfa6._.js:965:74)
    at performUnitOfWork (http://localhost:3000/_next/static/chunks/509c2_next_dist_compiled_react-dom_1698bfa6._.js:9562:97)
    at workLoopConcurrentByScheduler (http://localhost:3000/_next/static/chunks/509c2_next_dist_compiled_react-dom_1698bfa6._.js:9558:58)
    at renderRootConcurrent (http://localhost:3000/_next/static/chunks/509c2_next_dist_compiled_react-dom_1698bfa6._.js:9541:71)
    at performWorkOnRoot (http://localhost:3000/_next/static/chunks/509c2_next_dist_compiled_react-dom_1698bfa6._.js:9068:150)
    at performWorkOnRootViaSchedulerTask (http://localhost:3000/_next/static/chunks/509c2_next_dist_compiled_react-dom_1698bfa6._.js:10230:9)
    at MessagePort.performWorkUntilDeadline (http://localhost:3000/_next/static/chunks/509c2_next_dist_compiled_9044104d._.js:2647:64) @ http://localhost:3000/_next/static/chunks/509c2_next_dist_512df543._.js:3127
[    3810ms] [ERROR] IntlError: MISSING_MESSAGE: Could not resolve `auth` in messages for locale `en-US`.
    at getMessagesOrError (http://localhost:3000/_next/static/chunks/db2ad__pnpm_bc426aec._.js:3637:27)
    at createBaseTranslator (http://localhost:3000/_next/static/chunks/db2ad__pnpm_bc426aec._.js:3642:29)
    at useTranslationsImpl.useMemo[translate] (http://localhost:3000/_next/static/chunks/db2ad__pnpm_bc426aec._.js:4163:378)
    at mountMemo (http://localhost:3000/_next/static/chunks/509c2_next_dist_compiled_react-dom_1698bfa6._.js:5424:25)
    at Object.useMemo (http://localhost:3000/_next/static/chunks/509c2_next_dist_compiled_react-dom_1698bfa6._.js:15003:24)
    at exports.useMemo (http://localhost:3000/_next/static/chunks/509c2_next_dist_compiled_9044104d._.js:1742:36)
    at useTranslationsImpl (http://localhost:3000/_next/static/chunks/db2ad__pnpm_bc426aec._.js:4162:416)
    at useTranslations (http://localhost:3000/_next/static/chunks/db2ad__pnpm_bc426aec._.js:4201:12)
    at http://localhost:3000/_next/static/chunks/db2ad__pnpm_ff96319a._.js:25:20
    at MetaMaskButton (http://localhost:3000/_next/static/chunks/pi-cwd-20260601_admin-platform_libs_e8399fc0._.js:4485:432)
    at Object.react_stack_bottom_frame (http://localhost:3000/_next/static/chunks/509c2_next_dist_compiled_react-dom_1698bfa6._.js:14826:24)
    at renderWithHooks (http://localhost:3000/_next/static/chunks/509c2_next_dist_compiled_react-dom_1698bfa6._.js:4651:24)
    at updateFunctionComponent (http://localhost:3000/_next/static/chunks/509c2_next_dist_compiled_react-dom_1698bfa6._.js:6112:21)
    at beginWork (http://localhost:3000/_next/static/chunks/509c2_next_dist_compiled_react-dom_1698bfa6._.js:6708:24)
    at runWithFiberInDEV (http://localhost:3000/_next/static/chunks/509c2_next_dist_compiled_react-dom_1698bfa6._.js:965:74)
    at performUnitOfWork (http://localhost:3000/_next/static/chunks/509c2_next_dist_compiled_react-dom_1698bfa6._.js:9562:97)
    at workLoopConcurrentByScheduler (http://localhost:3000/_next/static/chunks/509c2_next_dist_compiled_react-dom_1698bfa6._.js:9558:58)
    at renderRootConcurrent (http://localhost:3000/_next/static/chunks/509c2_next_dist_compiled_react-dom_1698bfa6._.js:9541:71)
    at performWorkOnRoot (http://localhost:3000/_next/static/chunks/509c2_next_dist_compiled_react-dom_1698bfa6._.js:9068:150)
    at performWorkOnRootViaSchedulerTask (http://localhost:3000/_next/static/chunks/509c2_next_dist_compiled_react-dom_1698bfa6._.js:10230:9)
    at MessagePort.performWorkUntilDeadline (http://localhost:3000/_next/static/chunks/509c2_next_dist_compiled_9044104d._.js:2647:64) @ http://localhost:3000/_next/static/chunks/509c2_next_dist_512df543._.js:3127
[    3810ms] [ERROR] IntlError: MISSING_MESSAGE: Could not resolve `auth` in messages for locale `en-US`.
    at getMessagesOrError (http://localhost:3000/_next/static/chunks/db2ad__pnpm_bc426aec._.js:3637:27)
    at createBaseTranslator (http://localhost:3000/_next/static/chunks/db2ad__pnpm_bc426aec._.js:3642:29)
    at useTranslationsImpl.useMemo[translate] (http://localhost:3000/_next/static/chunks/db2ad__pnpm_bc426aec._.js:4163:378)
    at mountMemo (http://localhost:3000/_next/static/chunks/509c2_next_dist_compiled_react-dom_1698bfa6._.js:5424:25)
    at Object.useMemo (http://localhost:3000/_next/static/chunks/509c2_next_dist_compiled_react-dom_1698bfa6._.js:15003:24)
    at exports.useMemo (http://localhost:3000/_next/static/chunks/509c2_next_dist_compiled_9044104d._.js:1742:36)
    at useTranslationsImpl (http://localhost:3000/_next/static/chunks/db2ad__pnpm_bc426aec._.js:4162:416)
    at useTranslations (http://localhost:3000/_next/static/chunks/db2ad__pnpm_bc426aec._.js:4201:12)
    at http://localhost:3000/_next/static/chunks/db2ad__pnpm_ff96319a._.js:25:20
    at MetaMaskButton (http://localhost:3000/_next/static/chunks/pi-cwd-20260601_admin-platform_libs_e8399fc0._.js:4485:432)
    at Object.react_stack_bottom_frame (http://localhost:3000/_next/static/chunks/509c2_next_dist_compiled_react-dom_1698bfa6._.js:14826:24)
    at renderWithHooks (http://localhost:3000/_next/static/chunks/509c2_next_dist_compiled_react-dom_1698bfa6._.js:4651:24)
    at updateFunctionComponent (http://localhost:3000/_next/static/chunks/509c2_next_dist_compiled_react-dom_1698bfa6._.js:6112:21)
    at beginWork (http://localhost:3000/_next/static/chunks/509c2_next_dist_compiled_react-dom_1698bfa6._.js:6708:24)
    at runWithFiberInDEV (http://localhost:3000/_next/static/chunks/509c2_next_dist_compiled_react-dom_1698bfa6._.js:965:74)
    at performUnitOfWork (http://localhost:3000/_next/static/chunks/509c2_next_dist_compiled_react-dom_1698bfa6._.js:9562:97)
    at workLoopConcurrentByScheduler (http://localhost:3000/_next/static/chunks/509c2_next_dist_compiled_react-dom_1698bfa6._.js:9558:58)
    at renderRootConcurrent (http://localhost:3000/_next/static/chunks/509c2_next_dist_compiled_react-dom_1698bfa6._.js:9541:71)
    at performWorkOnRoot (http://localhost:3000/_next/static/chunks/509c2_next_dist_compiled_react-dom_1698bfa6._.js:9068:150)
    at performWorkOnRootViaSchedulerTask (http://localhost:3000/_next/static/chunks/509c2_next_dist_compiled_react-dom_1698bfa6._.js:10230:9)
    at MessagePort.performWorkUntilDeadline (http://localhost:3000/_next/static/chunks/509c2_next_dist_compiled_9044104d._.js:2647:64) @ http://localhost:3000/_next/static/chunks/509c2_next_dist_512df543._.js:3127
[    3931ms] [ERROR] IntlError: MISSING_MESSAGE: Could not resolve `auth` in messages for locale `en-US`.
    at getMessagesOrError (http://localhost:3000/_next/static/chunks/db2ad__pnpm_bc426aec._.js:3637:27)
    at createBaseTranslator (http://localhost:3000/_next/static/chunks/db2ad__pnpm_bc426aec._.js:3642:29)
    at useTranslationsImpl.useMemo[translate] (http://localhost:3000/_next/static/chunks/db2ad__pnpm_bc426aec._.js:4163:378)
    at mountMemo (http://localhost:3000/_next/static/chunks/509c2_next_dist_compiled_react-dom_1698bfa6._.js:5424:25)
    at Object.useMemo (http://localhost:3000/_next/static/chunks/509c2_next_dist_compiled_react-dom_1698bfa6._.js:15003:24)
    at exports.useMemo (http://localhost:3000/_next/static/chunks/509c2_next_dist_compiled_9044104d._.js:1742:36)
    at useTranslationsImpl (http://localhost:3000/_next/static/chunks/db2ad__pnpm_bc426aec._.js:4162:416)
    at useTranslations (http://localhost:3000/_next/static/chunks/db2ad__pnpm_bc426aec._.js:4201:12)
    at http://localhost:3000/_next/static/chunks/db2ad__pnpm_ff96319a._.js:25:20
    at LoginForm (http://localhost:3000/_next/static/chunks/pi-cwd-20260601_admin-platform_libs_e8399fc0._.js:4087:432)
    at Object.react_stack_bottom_frame (http://localhost:3000/_next/static/chunks/509c2_next_dist_compiled_react-dom_1698bfa6._.js:14826:24)
    at renderWithHooks (http://localhost:3000/_next/static/chunks/509c2_next_dist_compiled_react-dom_1698bfa6._.js:4651:24)
    at updateFunctionComponent (http://localhost:3000/_next/static/chunks/509c2_next_dist_compiled_react-dom_1698bfa6._.js:6112:21)
    at beginWork (http://localhost:3000/_next/static/chunks/509c2_next_dist_compiled_react-dom_1698bfa6._.js:6708:24)
    at runWithFiberInDEV (http://localhost:3000/_next/static/chunks/509c2_next_dist_compiled_react-dom_1698bfa6._.js:965:74)
    at performUnitOfWork (http://localhost:3000/_next/static/chunks/509c2_next_dist_compiled_react-dom_1698bfa6._.js:9562:97)
    at workLoopConcurrentByScheduler (http://localhost:3000/_next/static/chunks/509c2_next_dist_compiled_react-dom_1698bfa6._.js:9558:58)
    at renderRootConcurrent (http://localhost:3000/_next/static/chunks/509c2_next_dist_compiled_react-dom_1698bfa6._.js:9541:71)
    at performWorkOnRoot (http://localhost:3000/_next/static/chunks/509c2_next_dist_compiled_react-dom_1698bfa6._.js:9068:150)
    at performWorkOnRootViaSchedulerTask (http://localhost:3000/_next/static/chunks/509c2_next_dist_compiled_react-dom_1698bfa6._.js:10230:9)
    at MessagePort.performWorkUntilDeadline (http://localhost:3000/_next/static/chunks/509c2_next_dist_compiled_9044104d._.js:2647:64) @ http://localhost:3000/_next/static/chunks/509c2_next_dist_512df543._.js:3127
[    3932ms] [ERROR] IntlError: MISSING_MESSAGE: Could not resolve `auth` in messages for locale `en-US`.
    at getMessagesOrError (http://localhost:3000/_next/static/chunks/db2ad__pnpm_bc426aec._.js:3637:27)
    at createBaseTranslator (http://localhost:3000/_next/static/chunks/db2ad__pnpm_bc426aec._.js:3642:29)
    at useTranslationsImpl.useMemo[translate] (http://localhost:3000/_next/static/chunks/db2ad__pnpm_bc426aec._.js:4163:378)
    at mountMemo (http://localhost:3000/_next/static/chunks/509c2_next_dist_compiled_react-dom_1698bfa6._.js:5424:25)
    at Object.useMemo (http://localhost:3000/_next/static/chunks/509c2_next_dist_compiled_react-dom_1698bfa6._.js:15003:24)
    at exports.useMemo (http://localhost:3000/_next/static/chunks/509c2_next_dist_compiled_9044104d._.js:1742:36)
    at useTranslationsImpl (http://localhost:3000/_next/static/chunks/db2ad__pnpm_bc426aec._.js:4162:416)
    at useTranslations (http://localhost:3000/_next/static/chunks/db2ad__pnpm_bc426aec._.js:4201:12)
    at http://localhost:3000/_next/static/chunks/db2ad__pnpm_ff96319a._.js:25:20
    at LoginForm (http://localhost:3000/_next/static/chunks/pi-cwd-20260601_admin-platform_libs_e8399fc0._.js:4087:432)
    at Object.react_stack_bottom_frame (http://localhost:3000/_next/static/chunks/509c2_next_dist_compiled_react-dom_1698bfa6._.js:14826:24)
    at renderWithHooks (http://localhost:3000/_next/static/chunks/509c2_next_dist_compiled_react-dom_1698bfa6._.js:4651:24)
    at updateFunctionComponent (http://localhost:3000/_next/static/chunks/509c2_next_dist_compiled_react-dom_1698bfa6._.js:6112:21)
    at beginWork (http://localhost:3000/_next/static/chunks/509c2_next_dist_compiled_react-dom_1698bfa6._.js:6708:24)
    at runWithFiberInDEV (http://localhost:3000/_next/static/chunks/509c2_next_dist_compiled_react-dom_1698bfa6._.js:965:74)
    at performUnitOfWork (http://localhost:3000/_next/static/chunks/509c2_next_dist_compiled_react-dom_1698bfa6._.js:9562:97)
    at workLoopConcurrentByScheduler (http://localhost:3000/_next/static/chunks/509c2_next_dist_compiled_react-dom_1698bfa6._.js:9558:58)
    at renderRootConcurrent (http://localhost:3000/_next/static/chunks/509c2_next_dist_compiled_react-dom_1698bfa6._.js:9541:71)
    at performWorkOnRoot (http://localhost:3000/_next/static/chunks/509c2_next_dist_compiled_react-dom_1698bfa6._.js:9068:150)
    at performWorkOnRootViaSchedulerTask (http://localhost:3000/_next/static/chunks/509c2_next_dist_compiled_react-dom_1698bfa6._.js:10230:9)
    at MessagePort.performWorkUntilDeadline (http://localhost:3000/_next/static/chunks/509c2_next_dist_compiled_9044104d._.js:2647:64) @ http://localhost:3000/_next/static/chunks/509c2_next_dist_512df543._.js:3127
[    3933ms] [ERROR] IntlError: MISSING_MESSAGE: Could not resolve `auth` in messages for locale `en-US`.
    at getMessagesOrError (http://localhost:3000/_next/static/chunks/db2ad__pnpm_bc426aec._.js:3637:27)
    at createBaseTranslator (http://localhost:3000/_next/static/chunks/db2ad__pnpm_bc426aec._.js:3642:29)
    at useTranslationsImpl.useMemo[translate] (http://localhost:3000/_next/static/chunks/db2ad__pnpm_bc426aec._.js:4163:378)
    at mountMemo (http://localhost:3000/_next/static/chunks/509c2_next_dist_compiled_react-dom_1698bfa6._.js:5424:25)
    at Object.useMemo (http://localhost:3000/_next/static/chunks/509c2_next_dist_compiled_react-dom_1698bfa6._.js:15003:24)
    at exports.useMemo (http://localhost:3000/_next/static/chunks/509c2_next_dist_compiled_9044104d._.js:1742:36)
    at useTranslationsImpl (http://localhost:3000/_next/static/chunks/db2ad__pnpm_bc426aec._.js:4162:416)
    at useTranslations (http://localhost:3000/_next/static/chunks/db2ad__pnpm_bc426aec._.js:4201:12)
    at http://localhost:3000/_next/static/chunks/db2ad__pnpm_ff96319a._.js:25:20
    at LoginForm (http://localhost:3000/_next/static/chunks/pi-cwd-20260601_admin-platform_libs_e8399fc0._.js:4087:432)
    at Object.react_stack_bottom_frame (http://localhost:3000/_next/static/chunks/509c2_next_dist_compiled_react-dom_1698bfa6._.js:14826:24)
    at renderWithHooks (http://localhost:3000/_next/static/chunks/509c2_next_dist_compiled_react-dom_1698bfa6._.js:4651:24)
    at updateFunctionComponent (http://localhost:3000/_next/static/chunks/509c2_next_dist_compiled_react-dom_1698bfa6._.js:6112:21)
    at beginWork (http://localhost:3000/_next/static/chunks/509c2_next_dist_compiled_react-dom_1698bfa6._.js:6708:24)
    at runWithFiberInDEV (http://localhost:3000/_next/static/chunks/509c2_next_dist_compiled_react-dom_1698bfa6._.js:965:74)
    at performUnitOfWork (http://localhost:3000/_next/static/chunks/509c2_next_dist_compiled_react-dom_1698bfa6._.js:9562:97)
    at workLoopConcurrentByScheduler (http://localhost:3000/_next/static/chunks/509c2_next_dist_compiled_react-dom_1698bfa6._.js:9558:58)
    at renderRootConcurrent (http://localhost:3000/_next/static/chunks/509c2_next_dist_compiled_react-dom_1698bfa6._.js:9541:71)
    at performWorkOnRoot (http://localhost:3000/_next/static/chunks/509c2_next_dist_compiled_react-dom_1698bfa6._.js:9068:150)
    at performWorkOnRootViaSchedulerTask (http://localhost:3000/_next/static/chunks/509c2_next_dist_compiled_react-dom_1698bfa6._.js:10230:9)
    at MessagePort.performWorkUntilDeadline (http://localhost:3000/_next/static/chunks/509c2_next_dist_compiled_9044104d._.js:2647:64) @ http://localhost:3000/_next/static/chunks/509c2_next_dist_512df543._.js:3127
[    3933ms] [ERROR] IntlError: MISSING_MESSAGE: Could not resolve `auth` in messages for locale `en-US`.
    at getMessagesOrError (http://localhost:3000/_next/static/chunks/db2ad__pnpm_bc426aec._.js:3637:27)
    at createBaseTranslator (http://localhost:3000/_next/static/chunks/db2ad__pnpm_bc426aec._.js:3642:29)
    at useTranslationsImpl.useMemo[translate] (http://localhost:3000/_next/static/chunks/db2ad__pnpm_bc426aec._.js:4163:378)
    at mountMemo (http://localhost:3000/_next/static/chunks/509c2_next_dist_compiled_react-dom_1698bfa6._.js:5424:25)
    at Object.useMemo (http://localhost:3000/_next/static/chunks/509c2_next_dist_compiled_react-dom_1698bfa6._.js:15003:24)
    at exports.useMemo (http://localhost:3000/_next/static/chunks/509c2_next_dist_compiled_9044104d._.js:1742:36)
    at useTranslationsImpl (http://localhost:3000/_next/static/chunks/db2ad__pnpm_bc426aec._.js:4162:416)
    at useTranslations (http://localhost:3000/_next/static/chunks/db2ad__pnpm_bc426aec._.js:4201:12)
    at http://localhost:3000/_next/static/chunks/db2ad__pnpm_ff96319a._.js:25:20
    at LoginForm (http://localhost:3000/_next/static/chunks/pi-cwd-20260601_admin-platform_libs_e8399fc0._.js:4087:432)
    at Object.react_stack_bottom_frame (http://localhost:3000/_next/static/chunks/509c2_next_dist_compiled_react-dom_1698bfa6._.js:14826:24)
    at renderWithHooks (http://localhost:3000/_next/static/chunks/509c2_next_dist_compiled_react-dom_1698bfa6._.js:4651:24)
    at updateFunctionComponent (http://localhost:3000/_next/static/chunks/509c2_next_dist_compiled_react-dom_1698bfa6._.js:6112:21)
    at beginWork (http://localhost:3000/_next/static/chunks/509c2_next_dist_compiled_react-dom_1698bfa6._.js:6708:24)
    at runWithFiberInDEV (http://localhost:3000/_next/static/chunks/509c2_next_dist_compiled_react-dom_1698bfa6._.js:965:74)
    at performUnitOfWork (http://localhost:3000/_next/static/chunks/509c2_next_dist_compiled_react-dom_1698bfa6._.js:9562:97)
    at workLoopConcurrentByScheduler (http://localhost:3000/_next/static/chunks/509c2_next_dist_compiled_react-dom_1698bfa6._.js:9558:58)
    at renderRootConcurrent (http://localhost:3000/_next/static/chunks/509c2_next_dist_compiled_react-dom_1698bfa6._.js:9541:71)
    at performWorkOnRoot (http://localhost:3000/_next/static/chunks/509c2_next_dist_compiled_react-dom_1698bfa6._.js:9068:150)
    at performWorkOnRootViaSchedulerTask (http://localhost:3000/_next/static/chunks/509c2_next_dist_compiled_react-dom_1698bfa6._.js:10230:9)
    at MessagePort.performWorkUntilDeadline (http://localhost:3000/_next/static/chunks/509c2_next_dist_compiled_9044104d._.js:2647:64) @ http://localhost:3000/_next/static/chunks/509c2_next_dist_512df543._.js:3127
[    3934ms] [ERROR] IntlError: MISSING_MESSAGE: Could not resolve `auth` in messages for locale `en-US`.
    at getMessagesOrError (http://localhost:3000/_next/static/chunks/db2ad__pnpm_bc426aec._.js:3637:27)
    at createBaseTranslator (http://localhost:3000/_next/static/chunks/db2ad__pnpm_bc426aec._.js:3642:29)
    at useTranslationsImpl.useMemo[translate] (http://localhost:3000/_next/static/chunks/db2ad__pnpm_bc426aec._.js:4163:378)
    at mountMemo (http://localhost:3000/_next/static/chunks/509c2_next_dist_compiled_react-dom_1698bfa6._.js:5424:25)
    at Object.useMemo (http://localhost:3000/_next/static/chunks/509c2_next_dist_compiled_react-dom_1698bfa6._.js:15003:24)
    at exports.useMemo (http://localhost:3000/_next/static/chunks/509c2_next_dist_compiled_9044104d._.js:1742:36)
    at useTranslationsImpl (http://localhost:3000/_next/static/chunks/db2ad__pnpm_bc426aec._.js:4162:416)
    at useTranslations (http://localhost:3000/_next/static/chunks/db2ad__pnpm_bc426aec._.js:4201:12)
    at http://localhost:3000/_next/static/chunks/db2ad__pnpm_ff96319a._.js:25:20
    at LoginForm (http://localhost:3000/_next/static/chunks/pi-cwd-20260601_admin-platform_libs_e8399fc0._.js:4087:432)
    at Object.react_stack_bottom_frame (http://localhost:3000/_next/static/chunks/509c2_next_dist_compiled_react-dom_1698bfa6._.js:14826:24)
    at renderWithHooks (http://localhost:3000/_next/static/chunks/509c2_next_dist_compiled_react-dom_1698bfa6._.js:4651:24)
    at updateFunctionComponent (http://localhost:3000/_next/static/chunks/509c2_next_dist_compiled_react-dom_1698bfa6._.js:6112:21)
    at beginWork (http://localhost:3000/_next/static/chunks/509c2_next_dist_compiled_react-dom_1698bfa6._.js:6708:24)
    at runWithFiberInDEV (http://localhost:3000/_next/static/chunks/509c2_next_dist_compiled_react-dom_1698bfa6._.js:965:74)
    at performUnitOfWork (http://localhost:3000/_next/static/chunks/509c2_next_dist_compiled_react-dom_1698bfa6._.js:9562:97)
    at workLoopConcurrentByScheduler (http://localhost:3000/_next/static/chunks/509c2_next_dist_compiled_react-dom_1698bfa6._.js:9558:58)
    at renderRootConcurrent (http://localhost:3000/_next/static/chunks/509c2_next_dist_compiled_react-dom_1698bfa6._.js:9541:71)
    at performWorkOnRoot (http://localhost:3000/_next/static/chunks/509c2_next_dist_compiled_react-dom_1698bfa6._.js:9068:150)
    at performWorkOnRootViaSchedulerTask (http://localhost:3000/_next/static/chunks/509c2_next_dist_compiled_react-dom_1698bfa6._.js:10230:9)
    at MessagePort.performWorkUntilDeadline (http://localhost:3000/_next/static/chunks/509c2_next_dist_compiled_9044104d._.js:2647:64) @ http://localhost:3000/_next/static/chunks/509c2_next_dist_512df543._.js:3127
[    3934ms] [ERROR] IntlError: MISSING_MESSAGE: Could not resolve `auth` in messages for locale `en-US`.
    at getMessagesOrError (http://localhost:3000/_next/static/chunks/db2ad__pnpm_bc426aec._.js:3637:27)
    at createBaseTranslator (http://localhost:3000/_next/static/chunks/db2ad__pnpm_bc426aec._.js:3642:29)
    at useTranslationsImpl.useMemo[translate] (http://localhost:3000/_next/static/chunks/db2ad__pnpm_bc426aec._.js:4163:378)
    at mountMemo (http://localhost:3000/_next/static/chunks/509c2_next_dist_compiled_react-dom_1698bfa6._.js:5424:25)
    at Object.useMemo (http://localhost:3000/_next/static/chunks/509c2_next_dist_compiled_react-dom_1698bfa6._.js:15003:24)
    at exports.useMemo (http://localhost:3000/_next/static/chunks/509c2_next_dist_compiled_9044104d._.js:1742:36)
    at useTranslationsImpl (http://localhost:3000/_next/static/chunks/db2ad__pnpm_bc426aec._.js:4162:416)
    at useTranslations (http://localhost:3000/_next/static/chunks/db2ad__pnpm_bc426aec._.js:4201:12)
    at http://localhost:3000/_next/static/chunks/db2ad__pnpm_ff96319a._.js:25:20
    at LoginForm (http://localhost:3000/_next/static/chunks/pi-cwd-20260601_admin-platform_libs_e8399fc0._.js:4087:432)
    at Object.react_stack_bottom_frame (http://localhost:3000/_next/static/chunks/509c2_next_dist_compiled_react-dom_1698bfa6._.js:14826:24)
    at renderWithHooks (http://localhost:3000/_next/static/chunks/509c2_next_dist_compiled_react-dom_1698bfa6._.js:4651:24)
    at updateFunctionComponent (http://localhost:3000/_next/static/chunks/509c2_next_dist_compiled_react-dom_1698bfa6._.js:6112:21)
    at beginWork (http://localhost:3000/_next/static/chunks/509c2_next_dist_compiled_react-dom_1698bfa6._.js:6708:24)
    at runWithFiberInDEV (http://localhost:3000/_next/static/chunks/509c2_next_dist_compiled_react-dom_1698bfa6._.js:965:74)
    at performUnitOfWork (http://localhost:3000/_next/static/chunks/509c2_next_dist_compiled_react-dom_1698bfa6._.js:9562:97)
    at workLoopConcurrentByScheduler (http://localhost:3000/_next/static/chunks/509c2_next_dist_compiled_react-dom_1698bfa6._.js:9558:58)
    at renderRootConcurrent (http://localhost:3000/_next/static/chunks/509c2_next_dist_compiled_react-dom_1698bfa6._.js:9541:71)
    at performWorkOnRoot (http://localhost:3000/_next/static/chunks/509c2_next_dist_compiled_react-dom_1698bfa6._.js:9068:150)
    at performWorkOnRootViaSchedulerTask (http://localhost:3000/_next/static/chunks/509c2_next_dist_compiled_react-dom_1698bfa6._.js:10230:9)
    at MessagePort.performWorkUntilDeadline (http://localhost:3000/_next/static/chunks/509c2_next_dist_compiled_9044104d._.js:2647:64) @ http://localhost:3000/_next/static/chunks/509c2_next_dist_512df543._.js:3127
[    3935ms] [ERROR] IntlError: MISSING_MESSAGE: Could not resolve `auth` in messages for locale `en-US`.
    at getMessagesOrError (http://localhost:3000/_next/static/chunks/db2ad__pnpm_bc426aec._.js:3637:27)
    at createBaseTranslator (http://localhost:3000/_next/static/chunks/db2ad__pnpm_bc426aec._.js:3642:29)
    at useTranslationsImpl.useMemo[translate] (http://localhost:3000/_next/static/chunks/db2ad__pnpm_bc426aec._.js:4163:378)
    at mountMemo (http://localhost:3000/_next/static/chunks/509c2_next_dist_compiled_react-dom_1698bfa6._.js:5424:25)
    at Object.useMemo (http://localhost:3000/_next/static/chunks/509c2_next_dist_compiled_react-dom_1698bfa6._.js:15003:24)
    at exports.useMemo (http://localhost:3000/_next/static/chunks/509c2_next_dist_compiled_9044104d._.js:1742:36)
    at useTranslationsImpl (http://localhost:3000/_next/static/chunks/db2ad__pnpm_bc426aec._.js:4162:416)
    at useTranslations (http://localhost:3000/_next/static/chunks/db2ad__pnpm_bc426aec._.js:4201:12)
    at http://localhost:3000/_next/static/chunks/db2ad__pnpm_ff96319a._.js:25:20
    at LoginForm (http://localhost:3000/_next/static/chunks/pi-cwd-20260601_admin-platform_libs_e8399fc0._.js:4087:432)
    at Object.react_stack_bottom_frame (http://localhost:3000/_next/static/chunks/509c2_next_dist_compiled_react-dom_1698bfa6._.js:14826:24)
    at renderWithHooks (http://localhost:3000/_next/static/chunks/509c2_next_dist_compiled_react-dom_1698bfa6._.js:4651:24)
    at updateFunctionComponent (http://localhost:3000/_next/static/chunks/509c2_next_dist_compiled_react-dom_1698bfa6._.js:6112:21)
    at beginWork (http://localhost:3000/_next/static/chunks/509c2_next_dist_compiled_react-dom_1698bfa6._.js:6708:24)
    at runWithFiberInDEV (http://localhost:3000/_next/static/chunks/509c2_next_dist_compiled_react-dom_1698bfa6._.js:965:74)
    at performUnitOfWork (http://localhost:3000/_next/static/chunks/509c2_next_dist_compiled_react-dom_1698bfa6._.js:9562:97)
    at workLoopConcurrentByScheduler (http://localhost:3000/_next/static/chunks/509c2_next_dist_compiled_react-dom_1698bfa6._.js:9558:58)
    at renderRootConcurrent (http://localhost:3000/_next/static/chunks/509c2_next_dist_compiled_react-dom_1698bfa6._.js:9541:71)
    at performWorkOnRoot (http://localhost:3000/_next/static/chunks/509c2_next_dist_compiled_react-dom_1698bfa6._.js:9068:150)
    at performWorkOnRootViaSchedulerTask (http://localhost:3000/_next/static/chunks/509c2_next_dist_compiled_react-dom_1698bfa6._.js:10230:9)
    at MessagePort.performWorkUntilDeadline (http://localhost:3000/_next/static/chunks/509c2_next_dist_compiled_9044104d._.js:2647:64) @ http://localhost:3000/_next/static/chunks/509c2_next_dist_512df543._.js:3127
[    3936ms] [ERROR] IntlError: MISSING_MESSAGE: Could not resolve `auth` in messages for locale `en-US`.
    at getMessagesOrError (http://localhost:3000/_next/static/chunks/db2ad__pnpm_bc426aec._.js:3637:27)
    at createBaseTranslator (http://localhost:3000/_next/static/chunks/db2ad__pnpm_bc426aec._.js:3642:29)
    at useTranslationsImpl.useMemo[translate] (http://localhost:3000/_next/static/chunks/db2ad__pnpm_bc426aec._.js:4163:378)
    at mountMemo (http://localhost:3000/_next/static/chunks/509c2_next_dist_compiled_react-dom_1698bfa6._.js:5424:25)
    at Object.useMemo (http://localhost:3000/_next/static/chunks/509c2_next_dist_compiled_react-dom_1698bfa6._.js:15003:24)
    at exports.useMemo (http://localhost:3000/_next/static/chunks/509c2_next_dist_compiled_9044104d._.js:1742:36)
    at useTranslationsImpl (http://localhost:3000/_next/static/chunks/db2ad__pnpm_bc426aec._.js:4162:416)
    at useTranslations (http://localhost:3000/_next/static/chunks/db2ad__pnpm_bc426aec._.js:4201:12)
    at http://localhost:3000/_next/static/chunks/db2ad__pnpm_ff96319a._.js:25:20
    at LoginForm (http://localhost:3000/_next/static/chunks/pi-cwd-20260601_admin-platform_libs_e8399fc0._.js:4087:432)
    at Object.react_stack_bottom_frame (http://localhost:3000/_next/static/chunks/509c2_next_dist_compiled_react-dom_1698bfa6._.js:14826:24)
    at renderWithHooks (http://localhost:3000/_next/static/chunks/509c2_next_dist_compiled_react-dom_1698bfa6._.js:4651:24)
    at updateFunctionComponent (http://localhost:3000/_next/static/chunks/509c2_next_dist_compiled_react-dom_1698bfa6._.js:6112:21)
    at beginWork (http://localhost:3000/_next/static/chunks/509c2_next_dist_compiled_react-dom_1698bfa6._.js:6708:24)
    at runWithFiberInDEV (http://localhost:3000/_next/static/chunks/509c2_next_dist_compiled_react-dom_1698bfa6._.js:965:74)
    at performUnitOfWork (http://localhost:3000/_next/static/chunks/509c2_next_dist_compiled_react-dom_1698bfa6._.js:9562:97)
    at workLoopConcurrentByScheduler (http://localhost:3000/_next/static/chunks/509c2_next_dist_compiled_react-dom_1698bfa6._.js:9558:58)
    at renderRootConcurrent (http://localhost:3000/_next/static/chunks/509c2_next_dist_compiled_react-dom_1698bfa6._.js:9541:71)
    at performWorkOnRoot (http://localhost:3000/_next/static/chunks/509c2_next_dist_compiled_react-dom_1698bfa6._.js:9068:150)
    at performWorkOnRootViaSchedulerTask (http://localhost:3000/_next/static/chunks/509c2_next_dist_compiled_react-dom_1698bfa6._.js:10230:9)
    at MessagePort.performWorkUntilDeadline (http://localhost:3000/_next/static/chunks/509c2_next_dist_compiled_9044104d._.js:2647:64) @ http://localhost:3000/_next/static/chunks/509c2_next_dist_512df543._.js:3127
[    3936ms] [ERROR] IntlError: MISSING_MESSAGE: Could not resolve `auth` in messages for locale `en-US`.
    at getMessagesOrError (http://localhost:3000/_next/static/chunks/db2ad__pnpm_bc426aec._.js:3637:27)
    at createBaseTranslator (http://localhost:3000/_next/static/chunks/db2ad__pnpm_bc426aec._.js:3642:29)
    at useTranslationsImpl.useMemo[translate] (http://localhost:3000/_next/static/chunks/db2ad__pnpm_bc426aec._.js:4163:378)
    at mountMemo (http://localhost:3000/_next/static/chunks/509c2_next_dist_compiled_react-dom_1698bfa6._.js:5424:25)
    at Object.useMemo (http://localhost:3000/_next/static/chunks/509c2_next_dist_compiled_react-dom_1698bfa6._.js:15003:24)
    at exports.useMemo (http://localhost:3000/_next/static/chunks/509c2_next_dist_compiled_9044104d._.js:1742:36)
    at useTranslationsImpl (http://localhost:3000/_next/static/chunks/db2ad__pnpm_bc426aec._.js:4162:416)
    at useTranslations (http://localhost:3000/_next/static/chunks/db2ad__pnpm_bc426aec._.js:4201:12)
    at http://localhost:3000/_next/static/chunks/db2ad__pnpm_ff96319a._.js:25:20
    at LoginForm (http://localhost:3000/_next/static/chunks/pi-cwd-20260601_admin-platform_libs_e8399fc0._.js:4087:432)
    at Object.react_stack_bottom_frame (http://localhost:3000/_next/static/chunks/509c2_next_dist_compiled_react-dom_1698bfa6._.js:14826:24)
    at renderWithHooks (http://localhost:3000/_next/static/chunks/509c2_next_dist_compiled_react-dom_1698bfa6._.js:4651:24)
    at updateFunctionComponent (http://localhost:3000/_next/static/chunks/509c2_next_dist_compiled_react-dom_1698bfa6._.js:6112:21)
    at beginWork (http://localhost:3000/_next/static/chunks/509c2_next_dist_compiled_react-dom_1698bfa6._.js:6708:24)
    at runWithFiberInDEV (http://localhost:3000/_next/static/chunks/509c2_next_dist_compiled_react-dom_1698bfa6._.js:965:74)
    at performUnitOfWork (http://localhost:3000/_next/static/chunks/509c2_next_dist_compiled_react-dom_1698bfa6._.js:9562:97)
    at workLoopConcurrentByScheduler (http://localhost:3000/_next/static/chunks/509c2_next_dist_compiled_react-dom_1698bfa6._.js:9558:58)
    at renderRootConcurrent (http://localhost:3000/_next/static/chunks/509c2_next_dist_compiled_react-dom_1698bfa6._.js:9541:71)
    at performWorkOnRoot (http://localhost:3000/_next/static/chunks/509c2_next_dist_compiled_react-dom_1698bfa6._.js:9068:150)
    at performWorkOnRootViaSchedulerTask (http://localhost:3000/_next/static/chunks/509c2_next_dist_compiled_react-dom_1698bfa6._.js:10230:9)
    at MessagePort.performWorkUntilDeadline (http://localhost:3000/_next/static/chunks/509c2_next_dist_compiled_9044104d._.js:2647:64) @ http://localhost:3000/_next/static/chunks/509c2_next_dist_512df543._.js:3127
[    3937ms] [ERROR] IntlError: MISSING_MESSAGE: Could not resolve `auth` in messages for locale `en-US`.
    at getMessagesOrError (http://localhost:3000/_next/static/chunks/db2ad__pnpm_bc426aec._.js:3637:27)
    at createBaseTranslator (http://localhost:3000/_next/static/chunks/db2ad__pnpm_bc426aec._.js:3642:29)
    at useTranslationsImpl.useMemo[translate] (http://localhost:3000/_next/static/chunks/db2ad__pnpm_bc426aec._.js:4163:378)
    at mountMemo (http://localhost:3000/_next/static/chunks/509c2_next_dist_compiled_react-dom_1698bfa6._.js:5424:25)
    at Object.useMemo (http://localhost:3000/_next/static/chunks/509c2_next_dist_compiled_react-dom_1698bfa6._.js:15003:24)
    at exports.useMemo (http://localhost:3000/_next/static/chunks/509c2_next_dist_compiled_9044104d._.js:1742:36)
    at useTranslationsImpl (http://localhost:3000/_next/static/chunks/db2ad__pnpm_bc426aec._.js:4162:416)
    at useTranslations (http://localhost:3000/_next/static/chunks/db2ad__pnpm_bc426aec._.js:4201:12)
    at http://localhost:3000/_next/static/chunks/db2ad__pnpm_ff96319a._.js:25:20
    at LoginForm (http://localhost:3000/_next/static/chunks/pi-cwd-20260601_admin-platform_libs_e8399fc0._.js:4087:432)
    at Object.react_stack_bottom_frame (http://localhost:3000/_next/static/chunks/509c2_next_dist_compiled_react-dom_1698bfa6._.js:14826:24)
    at renderWithHooks (http://localhost:3000/_next/static/chunks/509c2_next_dist_compiled_react-dom_1698bfa6._.js:4651:24)
    at updateFunctionComponent (http://localhost:3000/_next/static/chunks/509c2_next_dist_compiled_react-dom_1698bfa6._.js:6112:21)
    at beginWork (http://localhost:3000/_next/static/chunks/509c2_next_dist_compiled_react-dom_1698bfa6._.js:6708:24)
    at runWithFiberInDEV (http://localhost:3000/_next/static/chunks/509c2_next_dist_compiled_react-dom_1698bfa6._.js:965:74)
    at performUnitOfWork (http://localhost:3000/_next/static/chunks/509c2_next_dist_compiled_react-dom_1698bfa6._.js:9562:97)
    at workLoopConcurrentByScheduler (http://localhost:3000/_next/static/chunks/509c2_next_dist_compiled_react-dom_1698bfa6._.js:9558:58)
    at renderRootConcurrent (http://localhost:3000/_next/static/chunks/509c2_next_dist_compiled_react-dom_1698bfa6._.js:9541:71)
    at performWorkOnRoot (http://localhost:3000/_next/static/chunks/509c2_next_dist_compiled_react-dom_1698bfa6._.js:9068:150)
    at performWorkOnRootViaSchedulerTask (http://localhost:3000/_next/static/chunks/509c2_next_dist_compiled_react-dom_1698bfa6._.js:10230:9)
    at MessagePort.performWorkUntilDeadline (http://localhost:3000/_next/static/chunks/509c2_next_dist_compiled_9044104d._.js:2647:64) @ http://localhost:3000/_next/static/chunks/509c2_next_dist_512df543._.js:3127
[    3937ms] [ERROR] IntlError: MISSING_MESSAGE: Could not resolve `auth` in messages for locale `en-US`.
    at getMessagesOrError (http://localhost:3000/_next/static/chunks/db2ad__pnpm_bc426aec._.js:3637:27)
    at createBaseTranslator (http://localhost:3000/_next/static/chunks/db2ad__pnpm_bc426aec._.js:3642:29)
    at useTranslationsImpl.useMemo[translate] (http://localhost:3000/_next/static/chunks/db2ad__pnpm_bc426aec._.js:4163:378)
    at mountMemo (http://localhost:3000/_next/static/chunks/509c2_next_dist_compiled_react-dom_1698bfa6._.js:5424:25)
    at Object.useMemo (http://localhost:3000/_next/static/chunks/509c2_next_dist_compiled_react-dom_1698bfa6._.js:15003:24)
    at exports.useMemo (http://localhost:3000/_next/static/chunks/509c2_next_dist_compiled_9044104d._.js:1742:36)
    at useTranslationsImpl (http://localhost:3000/_next/static/chunks/db2ad__pnpm_bc426aec._.js:4162:416)
    at useTranslations (http://localhost:3000/_next/static/chunks/db2ad__pnpm_bc426aec._.js:4201:12)
    at http://localhost:3000/_next/static/chunks/db2ad__pnpm_ff96319a._.js:25:20
    at LoginForm (http://localhost:3000/_next/static/chunks/pi-cwd-20260601_admin-platform_libs_e8399fc0._.js:4087:432)
    at Object.react_stack_bottom_frame (http://localhost:3000/_next/static/chunks/509c2_next_dist_compiled_react-dom_1698bfa6._.js:14826:24)
    at renderWithHooks (http://localhost:3000/_next/static/chunks/509c2_next_dist_compiled_react-dom_1698bfa6._.js:4651:24)
    at updateFunctionComponent (http://localhost:3000/_next/static/chunks/509c2_next_dist_compiled_react-dom_1698bfa6._.js:6112:21)
    at beginWork (http://localhost:3000/_next/static/chunks/509c2_next_dist_compiled_react-dom_1698bfa6._.js:6708:24)
    at runWithFiberInDEV (http://localhost:3000/_next/static/chunks/509c2_next_dist_compiled_react-dom_1698bfa6._.js:965:74)
    at performUnitOfWork (http://localhost:3000/_next/static/chunks/509c2_next_dist_compiled_react-dom_1698bfa6._.js:9562:97)
    at workLoopConcurrentByScheduler (http://localhost:3000/_next/static/chunks/509c2_next_dist_compiled_react-dom_1698bfa6._.js:9558:58)
    at renderRootConcurrent (http://localhost:3000/_next/static/chunks/509c2_next_dist_compiled_react-dom_1698bfa6._.js:9541:71)
    at performWorkOnRoot (http://localhost:3000/_next/static/chunks/509c2_next_dist_compiled_react-dom_1698bfa6._.js:9068:150)
    at performWorkOnRootViaSchedulerTask (http://localhost:3000/_next/static/chunks/509c2_next_dist_compiled_react-dom_1698bfa6._.js:10230:9)
    at MessagePort.performWorkUntilDeadline (http://localhost:3000/_next/static/chunks/509c2_next_dist_compiled_9044104d._.js:2647:64) @ http://localhost:3000/_next/static/chunks/509c2_next_dist_512df543._.js:3127
[    3938ms] [ERROR] IntlError: MISSING_MESSAGE: Could not resolve `auth` in messages for locale `en-US`.
    at getMessagesOrError (http://localhost:3000/_next/static/chunks/db2ad__pnpm_bc426aec._.js:3637:27)
    at createBaseTranslator (http://localhost:3000/_next/static/chunks/db2ad__pnpm_bc426aec._.js:3642:29)
    at useTranslationsImpl.useMemo[translate] (http://localhost:3000/_next/static/chunks/db2ad__pnpm_bc426aec._.js:4163:378)
    at mountMemo (http://localhost:3000/_next/static/chunks/509c2_next_dist_compiled_react-dom_1698bfa6._.js:5424:25)
    at Object.useMemo (http://localhost:3000/_next/static/chunks/509c2_next_dist_compiled_react-dom_1698bfa6._.js:15003:24)
    at exports.useMemo (http://localhost:3000/_next/static/chunks/509c2_next_dist_compiled_9044104d._.js:1742:36)
    at useTranslationsImpl (http://localhost:3000/_next/static/chunks/db2ad__pnpm_bc426aec._.js:4162:416)
    at useTranslations (http://localhost:3000/_next/static/chunks/db2ad__pnpm_bc426aec._.js:4201:12)
    at http://localhost:3000/_next/static/chunks/db2ad__pnpm_ff96319a._.js:25:20
    at LoginForm (http://localhost:3000/_next/static/chunks/pi-cwd-20260601_admin-platform_libs_e8399fc0._.js:4087:432)
    at Object.react_stack_bottom_frame (http://localhost:3000/_next/static/chunks/509c2_next_dist_compiled_react-dom_1698bfa6._.js:14826:24)
    at renderWithHooks (http://localhost:3000/_next/static/chunks/509c2_next_dist_compiled_react-dom_1698bfa6._.js:4651:24)
    at updateFunctionComponent (http://localhost:3000/_next/static/chunks/509c2_next_dist_compiled_react-dom_1698bfa6._.js:6112:21)
    at beginWork (http://localhost:3000/_next/static/chunks/509c2_next_dist_compiled_react-dom_1698bfa6._.js:6708:24)
    at runWithFiberInDEV (http://localhost:3000/_next/static/chunks/509c2_next_dist_compiled_react-dom_1698bfa6._.js:965:74)
    at performUnitOfWork (http://localhost:3000/_next/static/chunks/509c2_next_dist_compiled_react-dom_1698bfa6._.js:9562:97)
    at workLoopConcurrentByScheduler (http://localhost:3000/_next/static/chunks/509c2_next_dist_compiled_react-dom_1698bfa6._.js:9558:58)
    at renderRootConcurrent (http://localhost:3000/_next/static/chunks/509c2_next_dist_compiled_react-dom_1698bfa6._.js:9541:71)
    at performWorkOnRoot (http://localhost:3000/_next/static/chunks/509c2_next_dist_compiled_react-dom_1698bfa6._.js:9068:150)
    at performWorkOnRootViaSchedulerTask (http://localhost:3000/_next/static/chunks/509c2_next_dist_compiled_react-dom_1698bfa6._.js:10230:9)
    at MessagePort.performWorkUntilDeadline (http://localhost:3000/_next/static/chunks/509c2_next_dist_compiled_9044104d._.js:2647:64) @ http://localhost:3000/_next/static/chunks/509c2_next_dist_512df543._.js:3127
[    3938ms] [ERROR] IntlError: MISSING_MESSAGE: Could not resolve `auth` in messages for locale `en-US`.
    at getMessagesOrError (http://localhost:3000/_next/static/chunks/db2ad__pnpm_bc426aec._.js:3637:27)
    at createBaseTranslator (http://localhost:3000/_next/static/chunks/db2ad__pnpm_bc426aec._.js:3642:29)
    at useTranslationsImpl.useMemo[translate] (http://localhost:3000/_next/static/chunks/db2ad__pnpm_bc426aec._.js:4163:378)
    at mountMemo (http://localhost:3000/_next/static/chunks/509c2_next_dist_compiled_react-dom_1698bfa6._.js:5424:25)
    at Object.useMemo (http://localhost:3000/_next/static/chunks/509c2_next_dist_compiled_react-dom_1698bfa6._.js:15003:24)
    at exports.useMemo (http://localhost:3000/_next/static/chunks/509c2_next_dist_compiled_9044104d._.js:1742:36)
    at useTranslationsImpl (http://localhost:3000/_next/static/chunks/db2ad__pnpm_bc426aec._.js:4162:416)
    at useTranslations (http://localhost:3000/_next/static/chunks/db2ad__pnpm_bc426aec._.js:4201:12)
    at http://localhost:3000/_next/static/chunks/db2ad__pnpm_ff96319a._.js:25:20
    at LoginForm (http://localhost:3000/_next/static/chunks/pi-cwd-20260601_admin-platform_libs_e8399fc0._.js:4087:432)
    at Object.react_stack_bottom_frame (http://localhost:3000/_next/static/chunks/509c2_next_dist_compiled_react-dom_1698bfa6._.js:14826:24)
    at renderWithHooks (http://localhost:3000/_next/static/chunks/509c2_next_dist_compiled_react-dom_1698bfa6._.js:4651:24)
    at updateFunctionComponent (http://localhost:3000/_next/static/chunks/509c2_next_dist_compiled_react-dom_1698bfa6._.js:6112:21)
    at beginWork (http://localhost:3000/_next/static/chunks/509c2_next_dist_compiled_react-dom_1698bfa6._.js:6708:24)
    at runWithFiberInDEV (http://localhost:3000/_next/static/chunks/509c2_next_dist_compiled_react-dom_1698bfa6._.js:965:74)
    at performUnitOfWork (http://localhost:3000/_next/static/chunks/509c2_next_dist_compiled_react-dom_1698bfa6._.js:9562:97)
    at workLoopConcurrentByScheduler (http://localhost:3000/_next/static/chunks/509c2_next_dist_compiled_react-dom_1698bfa6._.js:9558:58)
    at renderRootConcurrent (http://localhost:3000/_next/static/chunks/509c2_next_dist_compiled_react-dom_1698bfa6._.js:9541:71)
    at performWorkOnRoot (http://localhost:3000/_next/static/chunks/509c2_next_dist_compiled_react-dom_1698bfa6._.js:9068:150)
    at performWorkOnRootViaSchedulerTask (http://localhost:3000/_next/static/chunks/509c2_next_dist_compiled_react-dom_1698bfa6._.js:10230:9)
    at MessagePort.performWorkUntilDeadline (http://localhost:3000/_next/static/chunks/509c2_next_dist_compiled_9044104d._.js:2647:64) @ http://localhost:3000/_next/static/chunks/509c2_next_dist_512df543._.js:3127
[    3939ms] [ERROR] IntlError: MISSING_MESSAGE: Could not resolve `auth` in messages for locale `en-US`.
    at getMessagesOrError (http://localhost:3000/_next/static/chunks/db2ad__pnpm_bc426aec._.js:3637:27)
    at createBaseTranslator (http://localhost:3000/_next/static/chunks/db2ad__pnpm_bc426aec._.js:3642:29)
    at useTranslationsImpl.useMemo[translate] (http://localhost:3000/_next/static/chunks/db2ad__pnpm_bc426aec._.js:4163:378)
    at mountMemo (http://localhost:3000/_next/static/chunks/509c2_next_dist_compiled_react-dom_1698bfa6._.js:5424:25)
    at Object.useMemo (http://localhost:3000/_next/static/chunks/509c2_next_dist_compiled_react-dom_1698bfa6._.js:15003:24)
    at exports.useMemo (http://localhost:3000/_next/static/chunks/509c2_next_dist_compiled_9044104d._.js:1742:36)
    at useTranslationsImpl (http://localhost:3000/_next/static/chunks/db2ad__pnpm_bc426aec._.js:4162:416)
    at useTranslations (http://localhost:3000/_next/static/chunks/db2ad__pnpm_bc426aec._.js:4201:12)
    at http://localhost:3000/_next/static/chunks/db2ad__pnpm_ff96319a._.js:25:20
    at LoginForm (http://localhost:3000/_next/static/chunks/pi-cwd-20260601_admin-platform_libs_e8399fc0._.js:4087:432)
    at Object.react_stack_bottom_frame (http://localhost:3000/_next/static/chunks/509c2_next_dist_compiled_react-dom_1698bfa6._.js:14826:24)
    at renderWithHooks (http://localhost:3000/_next/static/chunks/509c2_next_dist_compiled_react-dom_1698bfa6._.js:4651:24)
    at updateFunctionComponent (http://localhost:3000/_next/static/chunks/509c2_next_dist_compiled_react-dom_1698bfa6._.js:6112:21)
    at beginWork (http://localhost:3000/_next/static/chunks/509c2_next_dist_compiled_react-dom_1698bfa6._.js:6708:24)
    at runWithFiberInDEV (http://localhost:3000/_next/static/chunks/509c2_next_dist_compiled_react-dom_1698bfa6._.js:965:74)
    at performUnitOfWork (http://localhost:3000/_next/static/chunks/509c2_next_dist_compiled_react-dom_1698bfa6._.js:9562:97)
    at workLoopConcurrentByScheduler (http://localhost:3000/_next/static/chunks/509c2_next_dist_compiled_react-dom_1698bfa6._.js:9558:58)
    at renderRootConcurrent (http://localhost:3000/_next/static/chunks/509c2_next_dist_compiled_react-dom_1698bfa6._.js:9541:71)
    at performWorkOnRoot (http://localhost:3000/_next/static/chunks/509c2_next_dist_compiled_react-dom_1698bfa6._.js:9068:150)
    at performWorkOnRootViaSchedulerTask (http://localhost:3000/_next/static/chunks/509c2_next_dist_compiled_react-dom_1698bfa6._.js:10230:9)
    at MessagePort.performWorkUntilDeadline (http://localhost:3000/_next/static/chunks/509c2_next_dist_compiled_9044104d._.js:2647:64) @ http://localhost:3000/_next/static/chunks/509c2_next_dist_512df543._.js:3127
[    4168ms] [ERROR] IntlError: MISSING_MESSAGE: Could not resolve `auth` in messages for locale `en-US`.
    at getMessagesOrError (http://localhost:3000/_next/static/chunks/db2ad__pnpm_bc426aec._.js:3637:27)
    at createBaseTranslator (http://localhost:3000/_next/static/chunks/db2ad__pnpm_bc426aec._.js:3642:29)
    at useTranslationsImpl.useMemo[translate] (http://localhost:3000/_next/static/chunks/db2ad__pnpm_bc426aec._.js:4163:378)
    at mountMemo (http://localhost:3000/_next/static/chunks/509c2_next_dist_compiled_react-dom_1698bfa6._.js:5424:25)
    at Object.useMemo (http://localhost:3000/_next/static/chunks/509c2_next_dist_compiled_react-dom_1698bfa6._.js:15003:24)
    at exports.useMemo (http://localhost:3000/_next/static/chunks/509c2_next_dist_compiled_9044104d._.js:1742:36)
    at useTranslationsImpl (http://localhost:3000/_next/static/chunks/db2ad__pnpm_bc426aec._.js:4162:416)
    at useTranslations (http://localhost:3000/_next/static/chunks/db2ad__pnpm_bc426aec._.js:4201:12)
    at http://localhost:3000/_next/static/chunks/db2ad__pnpm_ff96319a._.js:25:20
    at LoginPage (http://localhost:3000/_next/static/chunks/pi-cwd-20260601_admin-platform_libs_e8399fc0._.js:4740:432)
    at Object.react_stack_bottom_frame (http://localhost:3000/_next/static/chunks/509c2_next_dist_compiled_react-dom_1698bfa6._.js:14826:24)
    at renderWithHooks (http://localhost:3000/_next/static/chunks/509c2_next_dist_compiled_react-dom_1698bfa6._.js:4651:24)
    at updateFunctionComponent (http://localhost:3000/_next/static/chunks/509c2_next_dist_compiled_react-dom_1698bfa6._.js:6112:21)
    at beginWork (http://localhost:3000/_next/static/chunks/509c2_next_dist_compiled_react-dom_1698bfa6._.js:6687:639)
    at runWithFiberInDEV (http://localhost:3000/_next/static/chunks/509c2_next_dist_compiled_react-dom_1698bfa6._.js:965:74)
    at performUnitOfWork (http://localhost:3000/_next/static/chunks/509c2_next_dist_compiled_react-dom_1698bfa6._.js:9562:97)
    at workLoopConcurrentByScheduler (http://localhost:3000/_next/static/chunks/509c2_next_dist_compiled_react-dom_1698bfa6._.js:9558:58)
    at renderRootConcurrent (http://localhost:3000/_next/static/chunks/509c2_next_dist_compiled_react-dom_1698bfa6._.js:9541:71)
    at performWorkOnRoot (http://localhost:3000/_next/static/chunks/509c2_next_dist_compiled_react-dom_1698bfa6._.js:9068:150)
    at performWorkOnRootViaSchedulerTask (http://localhost:3000/_next/static/chunks/509c2_next_dist_compiled_react-dom_1698bfa6._.js:10230:9)
    at MessagePort.performWorkUntilDeadline (http://localhost:3000/_next/static/chunks/509c2_next_dist_compiled_9044104d._.js:2647:64) @ http://localhost:3000/_next/static/chunks/509c2_next_dist_512df543._.js:3127
[    4169ms] [ERROR] IntlError: MISSING_MESSAGE: Could not resolve `auth` in messages for locale `en-US`.
    at getMessagesOrError (http://localhost:3000/_next/static/chunks/db2ad__pnpm_bc426aec._.js:3637:27)
    at createBaseTranslator (http://localhost:3000/_next/static/chunks/db2ad__pnpm_bc426aec._.js:3642:29)
    at useTranslationsImpl.useMemo[translate] (http://localhost:3000/_next/static/chunks/db2ad__pnpm_bc426aec._.js:4163:378)
    at mountMemo (http://localhost:3000/_next/static/chunks/509c2_next_dist_compiled_react-dom_1698bfa6._.js:5424:25)
    at Object.useMemo (http://localhost:3000/_next/static/chunks/509c2_next_dist_compiled_react-dom_1698bfa6._.js:15003:24)
    at exports.useMemo (http://localhost:3000/_next/static/chunks/509c2_next_dist_compiled_9044104d._.js:1742:36)
    at useTranslationsImpl (http://localhost:3000/_next/static/chunks/db2ad__pnpm_bc426aec._.js:4162:416)
    at useTranslations (http://localhost:3000/_next/static/chunks/db2ad__pnpm_bc426aec._.js:4201:12)
    at http://localhost:3000/_next/static/chunks/db2ad__pnpm_ff96319a._.js:25:20
    at LoginPage (http://localhost:3000/_next/static/chunks/pi-cwd-20260601_admin-platform_libs_e8399fc0._.js:4740:432)
    at Object.react_stack_bottom_frame (http://localhost:3000/_next/static/chunks/509c2_next_dist_compiled_react-dom_1698bfa6._.js:14826:24)
    at renderWithHooks (http://localhost:3000/_next/static/chunks/509c2_next_dist_compiled_react-dom_1698bfa6._.js:4651:24)
    at updateFunctionComponent (http://localhost:3000/_next/static/chunks/509c2_next_dist_compiled_react-dom_1698bfa6._.js:6112:21)
    at beginWork (http://localhost:3000/_next/static/chunks/509c2_next_dist_compiled_react-dom_1698bfa6._.js:6687:639)
    at runWithFiberInDEV (http://localhost:3000/_next/static/chunks/509c2_next_dist_compiled_react-dom_1698bfa6._.js:965:74)
    at performUnitOfWork (http://localhost:3000/_next/static/chunks/509c2_next_dist_compiled_react-dom_1698bfa6._.js:9562:97)
    at workLoopConcurrentByScheduler (http://localhost:3000/_next/static/chunks/509c2_next_dist_compiled_react-dom_1698bfa6._.js:9558:58)
    at renderRootConcurrent (http://localhost:3000/_next/static/chunks/509c2_next_dist_compiled_react-dom_1698bfa6._.js:9541:71)
    at performWorkOnRoot (http://localhost:3000/_next/static/chunks/509c2_next_dist_compiled_react-dom_1698bfa6._.js:9068:150)
    at performWorkOnRootViaSchedulerTask (http://localhost:3000/_next/static/chunks/509c2_next_dist_compiled_react-dom_1698bfa6._.js:10230:9)
    at MessagePort.performWorkUntilDeadline (http://localhost:3000/_next/static/chunks/509c2_next_dist_compiled_9044104d._.js:2647:64) @ http://localhost:3000/_next/static/chunks/509c2_next_dist_512df543._.js:3127
[    4169ms] [ERROR] IntlError: MISSING_MESSAGE: Could not resolve `auth` in messages for locale `en-US`.
    at getMessagesOrError (http://localhost:3000/_next/static/chunks/db2ad__pnpm_bc426aec._.js:3637:27)
    at createBaseTranslator (http://localhost:3000/_next/static/chunks/db2ad__pnpm_bc426aec._.js:3642:29)
    at useTranslationsImpl.useMemo[translate] (http://localhost:3000/_next/static/chunks/db2ad__pnpm_bc426aec._.js:4163:378)
    at mountMemo (http://localhost:3000/_next/static/chunks/509c2_next_dist_compiled_react-dom_1698bfa6._.js:5424:25)
    at Object.useMemo (http://localhost:3000/_next/static/chunks/509c2_next_dist_compiled_react-dom_1698bfa6._.js:15003:24)
    at exports.useMemo (http://localhost:3000/_next/static/chunks/509c2_next_dist_compiled_9044104d._.js:1742:36)
    at useTranslationsImpl (http://localhost:3000/_next/static/chunks/db2ad__pnpm_bc426aec._.js:4162:416)
    at useTranslations (http://localhost:3000/_next/static/chunks/db2ad__pnpm_bc426aec._.js:4201:12)
    at http://localhost:3000/_next/static/chunks/db2ad__pnpm_ff96319a._.js:25:20
    at LoginPage (http://localhost:3000/_next/static/chunks/pi-cwd-20260601_admin-platform_libs_e8399fc0._.js:4740:432)
    at Object.react_stack_bottom_frame (http://localhost:3000/_next/static/chunks/509c2_next_dist_compiled_react-dom_1698bfa6._.js:14826:24)
    at renderWithHooks (http://localhost:3000/_next/static/chunks/509c2_next_dist_compiled_react-dom_1698bfa6._.js:4651:24)
    at updateFunctionComponent (http://localhost:3000/_next/static/chunks/509c2_next_dist_compiled_react-dom_1698bfa6._.js:6112:21)
    at beginWork (http://localhost:3000/_next/static/chunks/509c2_next_dist_compiled_react-dom_1698bfa6._.js:6687:639)
    at runWithFiberInDEV (http://localhost:3000/_next/static/chunks/509c2_next_dist_compiled_react-dom_1698bfa6._.js:965:74)
    at performUnitOfWork (http://localhost:3000/_next/static/chunks/509c2_next_dist_compiled_react-dom_1698bfa6._.js:9562:97)
    at workLoopConcurrentByScheduler (http://localhost:3000/_next/static/chunks/509c2_next_dist_compiled_react-dom_1698bfa6._.js:9558:58)
    at renderRootConcurrent (http://localhost:3000/_next/static/chunks/509c2_next_dist_compiled_react-dom_1698bfa6._.js:9541:71)
    at performWorkOnRoot (http://localhost:3000/_next/static/chunks/509c2_next_dist_compiled_react-dom_1698bfa6._.js:9068:150)
    at performWorkOnRootViaSchedulerTask (http://localhost:3000/_next/static/chunks/509c2_next_dist_compiled_react-dom_1698bfa6._.js:10230:9)
    at MessagePort.performWorkUntilDeadline (http://localhost:3000/_next/static/chunks/509c2_next_dist_compiled_9044104d._.js:2647:64) @ http://localhost:3000/_next/static/chunks/509c2_next_dist_512df543._.js:3127
[    4170ms] [ERROR] IntlError: MISSING_MESSAGE: Could not resolve `auth` in messages for locale `en-US`.
    at getMessagesOrError (http://localhost:3000/_next/static/chunks/db2ad__pnpm_bc426aec._.js:3637:27)
    at createBaseTranslator (http://localhost:3000/_next/static/chunks/db2ad__pnpm_bc426aec._.js:3642:29)
    at useTranslationsImpl.useMemo[translate] (http://localhost:3000/_next/static/chunks/db2ad__pnpm_bc426aec._.js:4163:378)
    at mountMemo (http://localhost:3000/_next/static/chunks/509c2_next_dist_compiled_react-dom_1698bfa6._.js:5424:25)
    at Object.useMemo (http://localhost:3000/_next/static/chunks/509c2_next_dist_compiled_react-dom_1698bfa6._.js:15003:24)
    at exports.useMemo (http://localhost:3000/_next/static/chunks/509c2_next_dist_compiled_9044104d._.js:1742:36)
    at useTranslationsImpl (http://localhost:3000/_next/static/chunks/db2ad__pnpm_bc426aec._.js:4162:416)
    at useTranslations (http://localhost:3000/_next/static/chunks/db2ad__pnpm_bc426aec._.js:4201:12)
    at http://localhost:3000/_next/static/chunks/db2ad__pnpm_ff96319a._.js:25:20
    at LoginPage (http://localhost:3000/_next/static/chunks/pi-cwd-20260601_admin-platform_libs_e8399fc0._.js:4740:432)
    at Object.react_stack_bottom_frame (http://localhost:3000/_next/static/chunks/509c2_next_dist_compiled_react-dom_1698bfa6._.js:14826:24)
    at renderWithHooks (http://localhost:3000/_next/static/chunks/509c2_next_dist_compiled_react-dom_1698bfa6._.js:4651:24)
    at updateFunctionComponent (http://localhost:3000/_next/static/chunks/509c2_next_dist_compiled_react-dom_1698bfa6._.js:6112:21)
    at beginWork (http://localhost:3000/_next/static/chunks/509c2_next_dist_compiled_react-dom_1698bfa6._.js:6687:639)
    at runWithFiberInDEV (http://localhost:3000/_next/static/chunks/509c2_next_dist_compiled_react-dom_1698bfa6._.js:965:74)
    at performUnitOfWork (http://localhost:3000/_next/static/chunks/509c2_next_dist_compiled_react-dom_1698bfa6._.js:9562:97)
    at workLoopConcurrentByScheduler (http://localhost:3000/_next/static/chunks/509c2_next_dist_compiled_react-dom_1698bfa6._.js:9558:58)
    at renderRootConcurrent (http://localhost:3000/_next/static/chunks/509c2_next_dist_compiled_react-dom_1698bfa6._.js:9541:71)
    at performWorkOnRoot (http://localhost:3000/_next/static/chunks/509c2_next_dist_compiled_react-dom_1698bfa6._.js:9068:150)
    at performWorkOnRootViaSchedulerTask (http://localhost:3000/_next/static/chunks/509c2_next_dist_compiled_react-dom_1698bfa6._.js:10230:9)
    at MessagePort.performWorkUntilDeadline (http://localhost:3000/_next/static/chunks/509c2_next_dist_compiled_9044104d._.js:2647:64) @ http://localhost:3000/_next/static/chunks/509c2_next_dist_512df543._.js:3127
[    4170ms] [ERROR] IntlError: MISSING_MESSAGE: Could not resolve `auth` in messages for locale `en-US`.
    at getMessagesOrError (http://localhost:3000/_next/static/chunks/db2ad__pnpm_bc426aec._.js:3637:27)
    at createBaseTranslator (http://localhost:3000/_next/static/chunks/db2ad__pnpm_bc426aec._.js:3642:29)
    at useTranslationsImpl.useMemo[translate] (http://localhost:3000/_next/static/chunks/db2ad__pnpm_bc426aec._.js:4163:378)
    at mountMemo (http://localhost:3000/_next/static/chunks/509c2_next_dist_compiled_react-dom_1698bfa6._.js:5424:25)
    at Object.useMemo (http://localhost:3000/_next/static/chunks/509c2_next_dist_compiled_react-dom_1698bfa6._.js:15003:24)
    at exports.useMemo (http://localhost:3000/_next/static/chunks/509c2_next_dist_compiled_9044104d._.js:1742:36)
    at useTranslationsImpl (http://localhost:3000/_next/static/chunks/db2ad__pnpm_bc426aec._.js:4162:416)
    at useTranslations (http://localhost:3000/_next/static/chunks/db2ad__pnpm_bc426aec._.js:4201:12)
    at http://localhost:3000/_next/static/chunks/db2ad__pnpm_ff96319a._.js:25:20
    at LoginPage (http://localhost:3000/_next/static/chunks/pi-cwd-20260601_admin-platform_libs_e8399fc0._.js:4740:432)
    at Object.react_stack_bottom_frame (http://localhost:3000/_next/static/chunks/509c2_next_dist_compiled_react-dom_1698bfa6._.js:14826:24)
    at renderWithHooks (http://localhost:3000/_next/static/chunks/509c2_next_dist_compiled_react-dom_1698bfa6._.js:4651:24)
    at updateFunctionComponent (http://localhost:3000/_next/static/chunks/509c2_next_dist_compiled_react-dom_1698bfa6._.js:6112:21)
    at beginWork (http://localhost:3000/_next/static/chunks/509c2_next_dist_compiled_react-dom_1698bfa6._.js:6687:639)
    at runWithFiberInDEV (http://localhost:3000/_next/static/chunks/509c2_next_dist_compiled_react-dom_1698bfa6._.js:965:74)
    at performUnitOfWork (http://localhost:3000/_next/static/chunks/509c2_next_dist_compiled_react-dom_1698bfa6._.js:9562:97)
    at workLoopConcurrentByScheduler (http://localhost:3000/_next/static/chunks/509c2_next_dist_compiled_react-dom_1698bfa6._.js:9558:58)
    at renderRootConcurrent (http://localhost:3000/_next/static/chunks/509c2_next_dist_compiled_react-dom_1698bfa6._.js:9541:71)
    at performWorkOnRoot (http://localhost:3000/_next/static/chunks/509c2_next_dist_compiled_react-dom_1698bfa6._.js:9068:150)
    at performWorkOnRootViaSchedulerTask (http://localhost:3000/_next/static/chunks/509c2_next_dist_compiled_react-dom_1698bfa6._.js:10230:9)
    at MessagePort.performWorkUntilDeadline (http://localhost:3000/_next/static/chunks/509c2_next_dist_compiled_9044104d._.js:2647:64) @ http://localhost:3000/_next/static/chunks/509c2_next_dist_512df543._.js:3127
[    4170ms] [ERROR] IntlError: MISSING_MESSAGE: Could not resolve `auth` in messages for locale `en-US`.
    at getMessagesOrError (http://localhost:3000/_next/static/chunks/db2ad__pnpm_bc426aec._.js:3637:27)
    at createBaseTranslator (http://localhost:3000/_next/static/chunks/db2ad__pnpm_bc426aec._.js:3642:29)
    at useTranslationsImpl.useMemo[translate] (http://localhost:3000/_next/static/chunks/db2ad__pnpm_bc426aec._.js:4163:378)
    at mountMemo (http://localhost:3000/_next/static/chunks/509c2_next_dist_compiled_react-dom_1698bfa6._.js:5424:25)
    at Object.useMemo (http://localhost:3000/_next/static/chunks/509c2_next_dist_compiled_react-dom_1698bfa6._.js:15003:24)
    at exports.useMemo (http://localhost:3000/_next/static/chunks/509c2_next_dist_compiled_9044104d._.js:1742:36)
    at useTranslationsImpl (http://localhost:3000/_next/static/chunks/db2ad__pnpm_bc426aec._.js:4162:416)
    at useTranslations (http://localhost:3000/_next/static/chunks/db2ad__pnpm_bc426aec._.js:4201:12)
    at http://localhost:3000/_next/static/chunks/db2ad__pnpm_ff96319a._.js:25:20
    at LoginPage (http://localhost:3000/_next/static/chunks/pi-cwd-20260601_admin-platform_libs_e8399fc0._.js:4740:432)
    at Object.react_stack_bottom_frame (http://localhost:3000/_next/static/chunks/509c2_next_dist_compiled_react-dom_1698bfa6._.js:14826:24)
    at renderWithHooks (http://localhost:3000/_next/static/chunks/509c2_next_dist_compiled_react-dom_1698bfa6._.js:4651:24)
    at updateFunctionComponent (http://localhost:3000/_next/static/chunks/509c2_next_dist_compiled_react-dom_1698bfa6._.js:6112:21)
    at beginWork (http://localhost:3000/_next/static/chunks/509c2_next_dist_compiled_react-dom_1698bfa6._.js:6687:639)
    at runWithFiberInDEV (http://localhost:3000/_next/static/chunks/509c2_next_dist_compiled_react-dom_1698bfa6._.js:965:74)
    at performUnitOfWork (http://localhost:3000/_next/static/chunks/509c2_next_dist_compiled_react-dom_1698bfa6._.js:9562:97)
    at workLoopConcurrentByScheduler (http://localhost:3000/_next/static/chunks/509c2_next_dist_compiled_react-dom_1698bfa6._.js:9558:58)
    at renderRootConcurrent (http://localhost:3000/_next/static/chunks/509c2_next_dist_compiled_react-dom_1698bfa6._.js:9541:71)
    at performWorkOnRoot (http://localhost:3000/_next/static/chunks/509c2_next_dist_compiled_react-dom_1698bfa6._.js:9068:150)
    at performWorkOnRootViaSchedulerTask (http://localhost:3000/_next/static/chunks/509c2_next_dist_compiled_react-dom_1698bfa6._.js:10230:9)
    at MessagePort.performWorkUntilDeadline (http://localhost:3000/_next/static/chunks/509c2_next_dist_compiled_9044104d._.js:2647:64) @ http://localhost:3000/_next/static/chunks/509c2_next_dist_512df543._.js:3127
[    4171ms] [ERROR] IntlError: MISSING_MESSAGE: Could not resolve `auth` in messages for locale `en-US`.
    at getMessagesOrError (http://localhost:3000/_next/static/chunks/db2ad__pnpm_bc426aec._.js:3637:27)
    at createBaseTranslator (http://localhost:3000/_next/static/chunks/db2ad__pnpm_bc426aec._.js:3642:29)
    at useTranslationsImpl.useMemo[translate] (http://localhost:3000/_next/static/chunks/db2ad__pnpm_bc426aec._.js:4163:378)
    at mountMemo (http://localhost:3000/_next/static/chunks/509c2_next_dist_compiled_react-dom_1698bfa6._.js:5424:25)
    at Object.useMemo (http://localhost:3000/_next/static/chunks/509c2_next_dist_compiled_react-dom_1698bfa6._.js:15003:24)
    at exports.useMemo (http://localhost:3000/_next/static/chunks/509c2_next_dist_compiled_9044104d._.js:1742:36)
    at useTranslationsImpl (http://localhost:3000/_next/static/chunks/db2ad__pnpm_bc426aec._.js:4162:416)
    at useTranslations (http://localhost:3000/_next/static/chunks/db2ad__pnpm_bc426aec._.js:4201:12)
    at http://localhost:3000/_next/static/chunks/db2ad__pnpm_ff96319a._.js:25:20
    at LoginForm (http://localhost:3000/_next/static/chunks/pi-cwd-20260601_admin-platform_libs_e8399fc0._.js:4087:432)
    at Object.react_stack_bottom_frame (http://localhost:3000/_next/static/chunks/509c2_next_dist_compiled_react-dom_1698bfa6._.js:14826:24)
    at renderWithHooks (http://localhost:3000/_next/static/chunks/509c2_next_dist_compiled_react-dom_1698bfa6._.js:4651:24)
    at updateFunctionComponent (http://localhost:3000/_next/static/chunks/509c2_next_dist_compiled_react-dom_1698bfa6._.js:6112:21)
    at beginWork (http://localhost:3000/_next/static/chunks/509c2_next_dist_compiled_react-dom_1698bfa6._.js:6708:24)
    at runWithFiberInDEV (http://localhost:3000/_next/static/chunks/509c2_next_dist_compiled_react-dom_1698bfa6._.js:965:74)
    at performUnitOfWork (http://localhost:3000/_next/static/chunks/509c2_next_dist_compiled_react-dom_1698bfa6._.js:9562:97)
    at workLoopConcurrentByScheduler (http://localhost:3000/_next/static/chunks/509c2_next_dist_compiled_react-dom_1698bfa6._.js:9558:58)
    at renderRootConcurrent (http://localhost:3000/_next/static/chunks/509c2_next_dist_compiled_react-dom_1698bfa6._.js:9541:71)
    at performWorkOnRoot (http://localhost:3000/_next/static/chunks/509c2_next_dist_compiled_react-dom_1698bfa6._.js:9068:150)
    at performWorkOnRootViaSchedulerTask (http://localhost:3000/_next/static/chunks/509c2_next_dist_compiled_react-dom_1698bfa6._.js:10230:9)
    at MessagePort.performWorkUntilDeadline (http://localhost:3000/_next/static/chunks/509c2_next_dist_compiled_9044104d._.js:2647:64) @ http://localhost:3000/_next/static/chunks/509c2_next_dist_512df543._.js:3127
[    4172ms] [ERROR] IntlError: MISSING_MESSAGE: Could not resolve `auth` in messages for locale `en-US`.
    at getMessagesOrError (http://localhost:3000/_next/static/chunks/db2ad__pnpm_bc426aec._.js:3637:27)
    at createBaseTranslator (http://localhost:3000/_next/static/chunks/db2ad__pnpm_bc426aec._.js:3642:29)
    at useTranslationsImpl.useMemo[translate] (http://localhost:3000/_next/static/chunks/db2ad__pnpm_bc426aec._.js:4163:378)
    at mountMemo (http://localhost:3000/_next/static/chunks/509c2_next_dist_compiled_react-dom_1698bfa6._.js:5424:25)
    at Object.useMemo (http://localhost:3000/_next/static/chunks/509c2_next_dist_compiled_react-dom_1698bfa6._.js:15003:24)
    at exports.useMemo (http://localhost:3000/_next/static/chunks/509c2_next_dist_compiled_9044104d._.js:1742:36)
    at useTranslationsImpl (http://localhost:3000/_next/static/chunks/db2ad__pnpm_bc426aec._.js:4162:416)
    at useTranslations (http://localhost:3000/_next/static/chunks/db2ad__pnpm_bc426aec._.js:4201:12)
    at http://localhost:3000/_next/static/chunks/db2ad__pnpm_ff96319a._.js:25:20
    at LoginForm (http://localhost:3000/_next/static/chunks/pi-cwd-20260601_admin-platform_libs_e8399fc0._.js:4087:432)
    at Object.react_stack_bottom_frame (http://localhost:3000/_next/static/chunks/509c2_next_dist_compiled_react-dom_1698bfa6._.js:14826:24)
    at renderWithHooks (http://localhost:3000/_next/static/chunks/509c2_next_dist_compiled_react-dom_1698bfa6._.js:4651:24)
    at updateFunctionComponent (http://localhost:3000/_next/static/chunks/509c2_next_dist_compiled_react-dom_1698bfa6._.js:6112:21)
    at beginWork (http://localhost:3000/_next/static/chunks/509c2_next_dist_compiled_react-dom_1698bfa6._.js:6708:24)
    at runWithFiberInDEV (http://localhost:3000/_next/static/chunks/509c2_next_dist_compiled_react-dom_1698bfa6._.js:965:74)
    at performUnitOfWork (http://localhost:3000/_next/static/chunks/509c2_next_dist_compiled_react-dom_1698bfa6._.js:9562:97)
    at workLoopConcurrentByScheduler (http://localhost:3000/_next/static/chunks/509c2_next_dist_compiled_react-dom_1698bfa6._.js:9558:58)
    at renderRootConcurrent (http://localhost:3000/_next/static/chunks/509c2_next_dist_compiled_react-dom_1698bfa6._.js:9541:71)
    at performWorkOnRoot (http://localhost:3000/_next/static/chunks/509c2_next_dist_compiled_react-dom_1698bfa6._.js:9068:150)
    at performWorkOnRootViaSchedulerTask (http://localhost:3000/_next/static/chunks/509c2_next_dist_compiled_react-dom_1698bfa6._.js:10230:9)
    at MessagePort.performWorkUntilDeadline (http://localhost:3000/_next/static/chunks/509c2_next_dist_compiled_9044104d._.js:2647:64) @ http://localhost:3000/_next/static/chunks/509c2_next_dist_512df543._.js:3127
[    4172ms] [ERROR] IntlError: MISSING_MESSAGE: Could not resolve `auth` in messages for locale `en-US`.
    at getMessagesOrError (http://localhost:3000/_next/static/chunks/db2ad__pnpm_bc426aec._.js:3637:27)
    at createBaseTranslator (http://localhost:3000/_next/static/chunks/db2ad__pnpm_bc426aec._.js:3642:29)
    at useTranslationsImpl.useMemo[translate] (http://localhost:3000/_next/static/chunks/db2ad__pnpm_bc426aec._.js:4163:378)
    at mountMemo (http://localhost:3000/_next/static/chunks/509c2_next_dist_compiled_react-dom_1698bfa6._.js:5424:25)
    at Object.useMemo (http://localhost:3000/_next/static/chunks/509c2_next_dist_compiled_react-dom_1698bfa6._.js:15003:24)
    at exports.useMemo (http://localhost:3000/_next/static/chunks/509c2_next_dist_compiled_9044104d._.js:1742:36)
    at useTranslationsImpl (http://localhost:3000/_next/static/chunks/db2ad__pnpm_bc426aec._.js:4162:416)
    at useTranslations (http://localhost:3000/_next/static/chunks/db2ad__pnpm_bc426aec._.js:4201:12)
    at http://localhost:3000/_next/static/chunks/db2ad__pnpm_ff96319a._.js:25:20
    at LoginForm (http://localhost:3000/_next/static/chunks/pi-cwd-20260601_admin-platform_libs_e8399fc0._.js:4087:432)
    at Object.react_stack_bottom_frame (http://localhost:3000/_next/static/chunks/509c2_next_dist_compiled_react-dom_1698bfa6._.js:14826:24)
    at renderWithHooks (http://localhost:3000/_next/static/chunks/509c2_next_dist_compiled_react-dom_1698bfa6._.js:4651:24)
    at updateFunctionComponent (http://localhost:3000/_next/static/chunks/509c2_next_dist_compiled_react-dom_1698bfa6._.js:6112:21)
    at beginWork (http://localhost:3000/_next/static/chunks/509c2_next_dist_compiled_react-dom_1698bfa6._.js:6708:24)
    at runWithFiberInDEV (http://localhost:3000/_next/static/chunks/509c2_next_dist_compiled_react-dom_1698bfa6._.js:965:74)
    at performUnitOfWork (http://localhost:3000/_next/static/chunks/509c2_next_dist_compiled_react-dom_1698bfa6._.js:9562:97)
    at workLoopConcurrentByScheduler (http://localhost:3000/_next/static/chunks/509c2_next_dist_compiled_react-dom_1698bfa6._.js:9558:58)
    at renderRootConcurrent (http://localhost:3000/_next/static/chunks/509c2_next_dist_compiled_react-dom_1698bfa6._.js:9541:71)
    at performWorkOnRoot (http://localhost:3000/_next/static/chunks/509c2_next_dist_compiled_react-dom_1698bfa6._.js:9068:150)
    at performWorkOnRootViaSchedulerTask (http://localhost:3000/_next/static/chunks/509c2_next_dist_compiled_react-dom_1698bfa6._.js:10230:9)
    at MessagePort.performWorkUntilDeadline (http://localhost:3000/_next/static/chunks/509c2_next_dist_compiled_9044104d._.js:2647:64) @ http://localhost:3000/_next/static/chunks/509c2_next_dist_512df543._.js:3127
[    4172ms] [ERROR] IntlError: MISSING_MESSAGE: Could not resolve `auth` in messages for locale `en-US`.
    at getMessagesOrError (http://localhost:3000/_next/static/chunks/db2ad__pnpm_bc426aec._.js:3637:27)
    at createBaseTranslator (http://localhost:3000/_next/static/chunks/db2ad__pnpm_bc426aec._.js:3642:29)
    at useTranslationsImpl.useMemo[translate] (http://localhost:3000/_next/static/chunks/db2ad__pnpm_bc426aec._.js:4163:378)
    at mountMemo (http://localhost:3000/_next/static/chunks/509c2_next_dist_compiled_react-dom_1698bfa6._.js:5424:25)
    at Object.useMemo (http://localhost:3000/_next/static/chunks/509c2_next_dist_compiled_react-dom_1698bfa6._.js:15003:24)
    at exports.useMemo (http://localhost:3000/_next/static/chunks/509c2_next_dist_compiled_9044104d._.js:1742:36)
    at useTranslationsImpl (http://localhost:3000/_next/static/chunks/db2ad__pnpm_bc426aec._.js:4162:416)
    at useTranslations (http://localhost:3000/_next/static/chunks/db2ad__pnpm_bc426aec._.js:4201:12)
    at http://localhost:3000/_next/static/chunks/db2ad__pnpm_ff96319a._.js:25:20
    at LoginForm (http://localhost:3000/_next/static/chunks/pi-cwd-20260601_admin-platform_libs_e8399fc0._.js:4087:432)
    at Object.react_stack_bottom_frame (http://localhost:3000/_next/static/chunks/509c2_next_dist_compiled_react-dom_1698bfa6._.js:14826:24)
    at renderWithHooks (http://localhost:3000/_next/static/chunks/509c2_next_dist_compiled_react-dom_1698bfa6._.js:4651:24)
    at updateFunctionComponent (http://localhost:3000/_next/static/chunks/509c2_next_dist_compiled_react-dom_1698bfa6._.js:6112:21)
    at beginWork (http://localhost:3000/_next/static/chunks/509c2_next_dist_compiled_react-dom_1698bfa6._.js:6708:24)
    at runWithFiberInDEV (http://localhost:3000/_next/static/chunks/509c2_next_dist_compiled_react-dom_1698bfa6._.js:965:74)
    at performUnitOfWork (http://localhost:3000/_next/static/chunks/509c2_next_dist_compiled_react-dom_1698bfa6._.js:9562:97)
    at workLoopConcurrentByScheduler (http://localhost:3000/_next/static/chunks/509c2_next_dist_compiled_react-dom_1698bfa6._.js:9558:58)
    at renderRootConcurrent (http://localhost:3000/_next/static/chunks/509c2_next_dist_compiled_react-dom_1698bfa6._.js:9541:71)
    at performWorkOnRoot (http://localhost:3000/_next/static/chunks/509c2_next_dist_compiled_react-dom_1698bfa6._.js:9068:150)
    at performWorkOnRootViaSchedulerTask (http://localhost:3000/_next/static/chunks/509c2_next_dist_compiled_react-dom_1698bfa6._.js:10230:9)
    at MessagePort.performWorkUntilDeadline (http://localhost:3000/_next/static/chunks/509c2_next_dist_compiled_9044104d._.js:2647:64) @ http://localhost:3000/_next/static/chunks/509c2_next_dist_512df543._.js:3127
[    4173ms] [ERROR] IntlError: MISSING_MESSAGE: Could not resolve `auth` in messages for locale `en-US`.
    at getMessagesOrError (http://localhost:3000/_next/static/chunks/db2ad__pnpm_bc426aec._.js:3637:27)
    at createBaseTranslator (http://localhost:3000/_next/static/chunks/db2ad__pnpm_bc426aec._.js:3642:29)
    at useTranslationsImpl.useMemo[translate] (http://localhost:3000/_next/static/chunks/db2ad__pnpm_bc426aec._.js:4163:378)
    at mountMemo (http://localhost:3000/_next/static/chunks/509c2_next_dist_compiled_react-dom_1698bfa6._.js:5424:25)
    at Object.useMemo (http://localhost:3000/_next/static/chunks/509c2_next_dist_compiled_react-dom_1698bfa6._.js:15003:24)
    at exports.useMemo (http://localhost:3000/_next/static/chunks/509c2_next_dist_compiled_9044104d._.js:1742:36)
    at useTranslationsImpl (http://localhost:3000/_next/static/chunks/db2ad__pnpm_bc426aec._.js:4162:416)
    at useTranslations (http://localhost:3000/_next/static/chunks/db2ad__pnpm_bc426aec._.js:4201:12)
    at http://localhost:3000/_next/static/chunks/db2ad__pnpm_ff96319a._.js:25:20
    at LoginForm (http://localhost:3000/_next/static/chunks/pi-cwd-20260601_admin-platform_libs_e8399fc0._.js:4087:432)
    at Object.react_stack_bottom_frame (http://localhost:3000/_next/static/chunks/509c2_next_dist_compiled_react-dom_1698bfa6._.js:14826:24)
    at renderWithHooks (http://localhost:3000/_next/static/chunks/509c2_next_dist_compiled_react-dom_1698bfa6._.js:4651:24)
    at updateFunctionComponent (http://localhost:3000/_next/static/chunks/509c2_next_dist_compiled_react-dom_1698bfa6._.js:6112:21)
    at beginWork (http://localhost:3000/_next/static/chunks/509c2_next_dist_compiled_react-dom_1698bfa6._.js:6708:24)
    at runWithFiberInDEV (http://localhost:3000/_next/static/chunks/509c2_next_dist_compiled_react-dom_1698bfa6._.js:965:74)
    at performUnitOfWork (http://localhost:3000/_next/static/chunks/509c2_next_dist_compiled_react-dom_1698bfa6._.js:9562:97)
    at workLoopConcurrentByScheduler (http://localhost:3000/_next/static/chunks/509c2_next_dist_compiled_react-dom_1698bfa6._.js:9558:58)
    at renderRootConcurrent (http://localhost:3000/_next/static/chunks/509c2_next_dist_compiled_react-dom_1698bfa6._.js:9541:71)
    at performWorkOnRoot (http://localhost:3000/_next/static/chunks/509c2_next_dist_compiled_react-dom_1698bfa6._.js:9068:150)
    at performWorkOnRootViaSchedulerTask (http://localhost:3000/_next/static/chunks/509c2_next_dist_compiled_react-dom_1698bfa6._.js:10230:9)
    at MessagePort.performWorkUntilDeadline (http://localhost:3000/_next/static/chunks/509c2_next_dist_compiled_9044104d._.js:2647:64) @ http://localhost:3000/_next/static/chunks/509c2_next_dist_512df543._.js:3127
[    4173ms] [ERROR] IntlError: MISSING_MESSAGE: Could not resolve `auth` in messages for locale `en-US`.
    at getMessagesOrError (http://localhost:3000/_next/static/chunks/db2ad__pnpm_bc426aec._.js:3637:27)
    at createBaseTranslator (http://localhost:3000/_next/static/chunks/db2ad__pnpm_bc426aec._.js:3642:29)
    at useTranslationsImpl.useMemo[translate] (http://localhost:3000/_next/static/chunks/db2ad__pnpm_bc426aec._.js:4163:378)
    at mountMemo (http://localhost:3000/_next/static/chunks/509c2_next_dist_compiled_react-dom_1698bfa6._.js:5424:25)
    at Object.useMemo (http://localhost:3000/_next/static/chunks/509c2_next_dist_compiled_react-dom_1698bfa6._.js:15003:24)
    at exports.useMemo (http://localhost:3000/_next/static/chunks/509c2_next_dist_compiled_9044104d._.js:1742:36)
    at useTranslationsImpl (http://localhost:3000/_next/static/chunks/db2ad__pnpm_bc426aec._.js:4162:416)
    at useTranslations (http://localhost:3000/_next/static/chunks/db2ad__pnpm_bc426aec._.js:4201:12)
    at http://localhost:3000/_next/static/chunks/db2ad__pnpm_ff96319a._.js:25:20
    at LoginForm (http://localhost:3000/_next/static/chunks/pi-cwd-20260601_admin-platform_libs_e8399fc0._.js:4087:432)
    at Object.react_stack_bottom_frame (http://localhost:3000/_next/static/chunks/509c2_next_dist_compiled_react-dom_1698bfa6._.js:14826:24)
    at renderWithHooks (http://localhost:3000/_next/static/chunks/509c2_next_dist_compiled_react-dom_1698bfa6._.js:4651:24)
    at updateFunctionComponent (http://localhost:3000/_next/static/chunks/509c2_next_dist_compiled_react-dom_1698bfa6._.js:6112:21)
    at beginWork (http://localhost:3000/_next/static/chunks/509c2_next_dist_compiled_react-dom_1698bfa6._.js:6708:24)
    at runWithFiberInDEV (http://localhost:3000/_next/static/chunks/509c2_next_dist_compiled_react-dom_1698bfa6._.js:965:74)
    at performUnitOfWork (http://localhost:3000/_next/static/chunks/509c2_next_dist_compiled_react-dom_1698bfa6._.js:9562:97)
    at workLoopConcurrentByScheduler (http://localhost:3000/_next/static/chunks/509c2_next_dist_compiled_react-dom_1698bfa6._.js:9558:58)
    at renderRootConcurrent (http://localhost:3000/_next/static/chunks/509c2_next_dist_compiled_react-dom_1698bfa6._.js:9541:71)
    at performWorkOnRoot (http://localhost:3000/_next/static/chunks/509c2_next_dist_compiled_react-dom_1698bfa6._.js:9068:150)
    at performWorkOnRootViaSchedulerTask (http://localhost:3000/_next/static/chunks/509c2_next_dist_compiled_react-dom_1698bfa6._.js:10230:9)
    at MessagePort.performWorkUntilDeadline (http://localhost:3000/_next/static/chunks/509c2_next_dist_compiled_9044104d._.js:2647:64) @ http://localhost:3000/_next/static/chunks/509c2_next_dist_512df543._.js:3127
[    4173ms] [ERROR] IntlError: MISSING_MESSAGE: Could not resolve `auth` in messages for locale `en-US`.
    at getMessagesOrError (http://localhost:3000/_next/static/chunks/db2ad__pnpm_bc426aec._.js:3637:27)
    at createBaseTranslator (http://localhost:3000/_next/static/chunks/db2ad__pnpm_bc426aec._.js:3642:29)
    at useTranslationsImpl.useMemo[translate] (http://localhost:3000/_next/static/chunks/db2ad__pnpm_bc426aec._.js:4163:378)
    at mountMemo (http://localhost:3000/_next/static/chunks/509c2_next_dist_compiled_react-dom_1698bfa6._.js:5424:25)
    at Object.useMemo (http://localhost:3000/_next/static/chunks/509c2_next_dist_compiled_react-dom_1698bfa6._.js:15003:24)
    at exports.useMemo (http://localhost:3000/_next/static/chunks/509c2_next_dist_compiled_9044104d._.js:1742:36)
    at useTranslationsImpl (http://localhost:3000/_next/static/chunks/db2ad__pnpm_bc426aec._.js:4162:416)
    at useTranslations (http://localhost:3000/_next/static/chunks/db2ad__pnpm_bc426aec._.js:4201:12)
    at http://localhost:3000/_next/static/chunks/db2ad__pnpm_ff96319a._.js:25:20
    at LoginForm (http://localhost:3000/_next/static/chunks/pi-cwd-20260601_admin-platform_libs_e8399fc0._.js:4087:432)
    at Object.react_stack_bottom_frame (http://localhost:3000/_next/static/chunks/509c2_next_dist_compiled_react-dom_1698bfa6._.js:14826:24)
    at renderWithHooks (http://localhost:3000/_next/static/chunks/509c2_next_dist_compiled_react-dom_1698bfa6._.js:4651:24)
    at updateFunctionComponent (http://localhost:3000/_next/static/chunks/509c2_next_dist_compiled_react-dom_1698bfa6._.js:6112:21)
    at beginWork (http://localhost:3000/_next/static/chunks/509c2_next_dist_compiled_react-dom_1698bfa6._.js:6708:24)
    at runWithFiberInDEV (http://localhost:3000/_next/static/chunks/509c2_next_dist_compiled_react-dom_1698bfa6._.js:965:74)
    at performUnitOfWork (http://localhost:3000/_next/static/chunks/509c2_next_dist_compiled_react-dom_1698bfa6._.js:9562:97)
    at workLoopConcurrentByScheduler (http://localhost:3000/_next/static/chunks/509c2_next_dist_compiled_react-dom_1698bfa6._.js:9558:58)
    at renderRootConcurrent (http://localhost:3000/_next/static/chunks/509c2_next_dist_compiled_react-dom_1698bfa6._.js:9541:71)
    at performWorkOnRoot (http://localhost:3000/_next/static/chunks/509c2_next_dist_compiled_react-dom_1698bfa6._.js:9068:150)
    at performWorkOnRootViaSchedulerTask (http://localhost:3000/_next/static/chunks/509c2_next_dist_compiled_react-dom_1698bfa6._.js:10230:9)
    at MessagePort.performWorkUntilDeadline (http://localhost:3000/_next/static/chunks/509c2_next_dist_compiled_9044104d._.js:2647:64) @ http://localhost:3000/_next/static/chunks/509c2_next_dist_512df543._.js:3127
[    4174ms] [ERROR] IntlError: MISSING_MESSAGE: Could not resolve `auth` in messages for locale `en-US`.
    at getMessagesOrError (http://localhost:3000/_next/static/chunks/db2ad__pnpm_bc426aec._.js:3637:27)
    at createBaseTranslator (http://localhost:3000/_next/static/chunks/db2ad__pnpm_bc426aec._.js:3642:29)
    at useTranslationsImpl.useMemo[translate] (http://localhost:3000/_next/static/chunks/db2ad__pnpm_bc426aec._.js:4163:378)
    at mountMemo (http://localhost:3000/_next/static/chunks/509c2_next_dist_compiled_react-dom_1698bfa6._.js:5424:25)
    at Object.useMemo (http://localhost:3000/_next/static/chunks/509c2_next_dist_compiled_react-dom_1698bfa6._.js:15003:24)
    at exports.useMemo (http://localhost:3000/_next/static/chunks/509c2_next_dist_compiled_9044104d._.js:1742:36)
    at useTranslationsImpl (http://localhost:3000/_next/static/chunks/db2ad__pnpm_bc426aec._.js:4162:416)
    at useTranslations (http://localhost:3000/_next/static/chunks/db2ad__pnpm_bc426aec._.js:4201:12)
    at http://localhost:3000/_next/static/chunks/db2ad__pnpm_ff96319a._.js:25:20
    at LoginForm (http://localhost:3000/_next/static/chunks/pi-cwd-20260601_admin-platform_libs_e8399fc0._.js:4087:432)
    at Object.react_stack_bottom_frame (http://localhost:3000/_next/static/chunks/509c2_next_dist_compiled_react-dom_1698bfa6._.js:14826:24)
    at renderWithHooks (http://localhost:3000/_next/static/chunks/509c2_next_dist_compiled_react-dom_1698bfa6._.js:4651:24)
    at updateFunctionComponent (http://localhost:3000/_next/static/chunks/509c2_next_dist_compiled_react-dom_1698bfa6._.js:6112:21)
    at beginWork (http://localhost:3000/_next/static/chunks/509c2_next_dist_compiled_react-dom_1698bfa6._.js:6708:24)
    at runWithFiberInDEV (http://localhost:3000/_next/static/chunks/509c2_next_dist_compiled_react-dom_1698bfa6._.js:965:74)
    at performUnitOfWork (http://localhost:3000/_next/static/chunks/509c2_next_dist_compiled_react-dom_1698bfa6._.js:9562:97)
    at workLoopConcurrentByScheduler (http://localhost:3000/_next/static/chunks/509c2_next_dist_compiled_react-dom_1698bfa6._.js:9558:58)
    at renderRootConcurrent (http://localhost:3000/_next/static/chunks/509c2_next_dist_compiled_react-dom_1698bfa6._.js:9541:71)
    at performWorkOnRoot (http://localhost:3000/_next/static/chunks/509c2_next_dist_compiled_react-dom_1698bfa6._.js:9068:150)
    at performWorkOnRootViaSchedulerTask (http://localhost:3000/_next/static/chunks/509c2_next_dist_compiled_react-dom_1698bfa6._.js:10230:9)
    at MessagePort.performWorkUntilDeadline (http://localhost:3000/_next/static/chunks/509c2_next_dist_compiled_9044104d._.js:2647:64) @ http://localhost:3000/_next/static/chunks/509c2_next_dist_512df543._.js:3127
[    4174ms] [ERROR] IntlError: MISSING_MESSAGE: Could not resolve `auth` in messages for locale `en-US`.
    at getMessagesOrError (http://localhost:3000/_next/static/chunks/db2ad__pnpm_bc426aec._.js:3637:27)
    at createBaseTranslator (http://localhost:3000/_next/static/chunks/db2ad__pnpm_bc426aec._.js:3642:29)
    at useTranslationsImpl.useMemo[translate] (http://localhost:3000/_next/static/chunks/db2ad__pnpm_bc426aec._.js:4163:378)
    at mountMemo (http://localhost:3000/_next/static/chunks/509c2_next_dist_compiled_react-dom_1698bfa6._.js:5424:25)
    at Object.useMemo (http://localhost:3000/_next/static/chunks/509c2_next_dist_compiled_react-dom_1698bfa6._.js:15003:24)
    at exports.useMemo (http://localhost:3000/_next/static/chunks/509c2_next_dist_compiled_9044104d._.js:1742:36)
    at useTranslationsImpl (http://localhost:3000/_next/static/chunks/db2ad__pnpm_bc426aec._.js:4162:416)
    at useTranslations (http://localhost:3000/_next/static/chunks/db2ad__pnpm_bc426aec._.js:4201:12)
    at http://localhost:3000/_next/static/chunks/db2ad__pnpm_ff96319a._.js:25:20
    at LoginForm (http://localhost:3000/_next/static/chunks/pi-cwd-20260601_admin-platform_libs_e8399fc0._.js:4087:432)
    at Object.react_stack_bottom_frame (http://localhost:3000/_next/static/chunks/509c2_next_dist_compiled_react-dom_1698bfa6._.js:14826:24)
    at renderWithHooks (http://localhost:3000/_next/static/chunks/509c2_next_dist_compiled_react-dom_1698bfa6._.js:4651:24)
    at updateFunctionComponent (http://localhost:3000/_next/static/chunks/509c2_next_dist_compiled_react-dom_1698bfa6._.js:6112:21)
    at beginWork (http://localhost:3000/_next/static/chunks/509c2_next_dist_compiled_react-dom_1698bfa6._.js:6708:24)
    at runWithFiberInDEV (http://localhost:3000/_next/static/chunks/509c2_next_dist_compiled_react-dom_1698bfa6._.js:965:74)
    at performUnitOfWork (http://localhost:3000/_next/static/chunks/509c2_next_dist_compiled_react-dom_1698bfa6._.js:9562:97)
    at workLoopConcurrentByScheduler (http://localhost:3000/_next/static/chunks/509c2_next_dist_compiled_react-dom_1698bfa6._.js:9558:58)
    at renderRootConcurrent (http://localhost:3000/_next/static/chunks/509c2_next_dist_compiled_react-dom_1698bfa6._.js:9541:71)
    at performWorkOnRoot (http://localhost:3000/_next/static/chunks/509c2_next_dist_compiled_react-dom_1698bfa6._.js:9068:150)
    at performWorkOnRootViaSchedulerTask (http://localhost:3000/_next/static/chunks/509c2_next_dist_compiled_react-dom_1698bfa6._.js:10230:9)
    at MessagePort.performWorkUntilDeadline (http://localhost:3000/_next/static/chunks/509c2_next_dist_compiled_9044104d._.js:2647:64) @ http://localhost:3000/_next/static/chunks/509c2_next_dist_512df543._.js:3127
[    4174ms] [ERROR] IntlError: MISSING_MESSAGE: Could not resolve `auth` in messages for locale `en-US`.
    at getMessagesOrError (http://localhost:3000/_next/static/chunks/db2ad__pnpm_bc426aec._.js:3637:27)
    at createBaseTranslator (http://localhost:3000/_next/static/chunks/db2ad__pnpm_bc426aec._.js:3642:29)
    at useTranslationsImpl.useMemo[translate] (http://localhost:3000/_next/static/chunks/db2ad__pnpm_bc426aec._.js:4163:378)
    at mountMemo (http://localhost:3000/_next/static/chunks/509c2_next_dist_compiled_react-dom_1698bfa6._.js:5424:25)
    at Object.useMemo (http://localhost:3000/_next/static/chunks/509c2_next_dist_compiled_react-dom_1698bfa6._.js:15003:24)
    at exports.useMemo (http://localhost:3000/_next/static/chunks/509c2_next_dist_compiled_9044104d._.js:1742:36)
    at useTranslationsImpl (http://localhost:3000/_next/static/chunks/db2ad__pnpm_bc426aec._.js:4162:416)
    at useTranslations (http://localhost:3000/_next/static/chunks/db2ad__pnpm_bc426aec._.js:4201:12)
    at http://localhost:3000/_next/static/chunks/db2ad__pnpm_ff96319a._.js:25:20
    at LoginForm (http://localhost:3000/_next/static/chunks/pi-cwd-20260601_admin-platform_libs_e8399fc0._.js:4087:432)
    at Object.react_stack_bottom_frame (http://localhost:3000/_next/static/chunks/509c2_next_dist_compiled_react-dom_1698bfa6._.js:14826:24)
    at renderWithHooks (http://localhost:3000/_next/static/chunks/509c2_next_dist_compiled_react-dom_1698bfa6._.js:4651:24)
    at updateFunctionComponent (http://localhost:3000/_next/static/chunks/509c2_next_dist_compiled_react-dom_1698bfa6._.js:6112:21)
    at beginWork (http://localhost:3000/_next/static/chunks/509c2_next_dist_compiled_react-dom_1698bfa6._.js:6708:24)
    at runWithFiberInDEV (http://localhost:3000/_next/static/chunks/509c2_next_dist_compiled_react-dom_1698bfa6._.js:965:74)
    at performUnitOfWork (http://localhost:3000/_next/static/chunks/509c2_next_dist_compiled_react-dom_1698bfa6._.js:9562:97)
    at workLoopConcurrentByScheduler (http://localhost:3000/_next/static/chunks/509c2_next_dist_compiled_react-dom_1698bfa6._.js:9558:58)
    at renderRootConcurrent (http://localhost:3000/_next/static/chunks/509c2_next_dist_compiled_react-dom_1698bfa6._.js:9541:71)
    at performWorkOnRoot (http://localhost:3000/_next/static/chunks/509c2_next_dist_compiled_react-dom_1698bfa6._.js:9068:150)
    at performWorkOnRootViaSchedulerTask (http://localhost:3000/_next/static/chunks/509c2_next_dist_compiled_react-dom_1698bfa6._.js:10230:9)
    at MessagePort.performWorkUntilDeadline (http://localhost:3000/_next/static/chunks/509c2_next_dist_compiled_9044104d._.js:2647:64) @ http://localhost:3000/_next/static/chunks/509c2_next_dist_512df543._.js:3127
[    4175ms] [ERROR] IntlError: MISSING_MESSAGE: Could not resolve `auth` in messages for locale `en-US`.
    at getMessagesOrError (http://localhost:3000/_next/static/chunks/db2ad__pnpm_bc426aec._.js:3637:27)
    at createBaseTranslator (http://localhost:3000/_next/static/chunks/db2ad__pnpm_bc426aec._.js:3642:29)
    at useTranslationsImpl.useMemo[translate] (http://localhost:3000/_next/static/chunks/db2ad__pnpm_bc426aec._.js:4163:378)
    at mountMemo (http://localhost:3000/_next/static/chunks/509c2_next_dist_compiled_react-dom_1698bfa6._.js:5424:25)
    at Object.useMemo (http://localhost:3000/_next/static/chunks/509c2_next_dist_compiled_react-dom_1698bfa6._.js:15003:24)
    at exports.useMemo (http://localhost:3000/_next/static/chunks/509c2_next_dist_compiled_9044104d._.js:1742:36)
    at useTranslationsImpl (http://localhost:3000/_next/static/chunks/db2ad__pnpm_bc426aec._.js:4162:416)
    at useTranslations (http://localhost:3000/_next/static/chunks/db2ad__pnpm_bc426aec._.js:4201:12)
    at http://localhost:3000/_next/static/chunks/db2ad__pnpm_ff96319a._.js:25:20
    at LoginForm (http://localhost:3000/_next/static/chunks/pi-cwd-20260601_admin-platform_libs_e8399fc0._.js:4087:432)
    at Object.react_stack_bottom_frame (http://localhost:3000/_next/static/chunks/509c2_next_dist_compiled_react-dom_1698bfa6._.js:14826:24)
    at renderWithHooks (http://localhost:3000/_next/static/chunks/509c2_next_dist_compiled_react-dom_1698bfa6._.js:4651:24)
    at updateFunctionComponent (http://localhost:3000/_next/static/chunks/509c2_next_dist_compiled_react-dom_1698bfa6._.js:6112:21)
    at beginWork (http://localhost:3000/_next/static/chunks/509c2_next_dist_compiled_react-dom_1698bfa6._.js:6708:24)
    at runWithFiberInDEV (http://localhost:3000/_next/static/chunks/509c2_next_dist_compiled_react-dom_1698bfa6._.js:965:74)
    at performUnitOfWork (http://localhost:3000/_next/static/chunks/509c2_next_dist_compiled_react-dom_1698bfa6._.js:9562:97)
    at workLoopConcurrentByScheduler (http://localhost:3000/_next/static/chunks/509c2_next_dist_compiled_react-dom_1698bfa6._.js:9558:58)
    at renderRootConcurrent (http://localhost:3000/_next/static/chunks/509c2_next_dist_compiled_react-dom_1698bfa6._.js:9541:71)
    at performWorkOnRoot (http://localhost:3000/_next/static/chunks/509c2_next_dist_compiled_react-dom_1698bfa6._.js:9068:150)
    at performWorkOnRootViaSchedulerTask (http://localhost:3000/_next/static/chunks/509c2_next_dist_compiled_react-dom_1698bfa6._.js:10230:9)
    at MessagePort.performWorkUntilDeadline (http://localhost:3000/_next/static/chunks/509c2_next_dist_compiled_9044104d._.js:2647:64) @ http://localhost:3000/_next/static/chunks/509c2_next_dist_512df543._.js:3127
[    4175ms] [ERROR] IntlError: MISSING_MESSAGE: Could not resolve `auth` in messages for locale `en-US`.
    at getMessagesOrError (http://localhost:3000/_next/static/chunks/db2ad__pnpm_bc426aec._.js:3637:27)
    at createBaseTranslator (http://localhost:3000/_next/static/chunks/db2ad__pnpm_bc426aec._.js:3642:29)
    at useTranslationsImpl.useMemo[translate] (http://localhost:3000/_next/static/chunks/db2ad__pnpm_bc426aec._.js:4163:378)
    at mountMemo (http://localhost:3000/_next/static/chunks/509c2_next_dist_compiled_react-dom_1698bfa6._.js:5424:25)
    at Object.useMemo (http://localhost:3000/_next/static/chunks/509c2_next_dist_compiled_react-dom_1698bfa6._.js:15003:24)
    at exports.useMemo (http://localhost:3000/_next/static/chunks/509c2_next_dist_compiled_9044104d._.js:1742:36)
    at useTranslationsImpl (http://localhost:3000/_next/static/chunks/db2ad__pnpm_bc426aec._.js:4162:416)
    at useTranslations (http://localhost:3000/_next/static/chunks/db2ad__pnpm_bc426aec._.js:4201:12)
    at http://localhost:3000/_next/static/chunks/db2ad__pnpm_ff96319a._.js:25:20
    at LoginForm (http://localhost:3000/_next/static/chunks/pi-cwd-20260601_admin-platform_libs_e8399fc0._.js:4087:432)
    at Object.react_stack_bottom_frame (http://localhost:3000/_next/static/chunks/509c2_next_dist_compiled_react-dom_1698bfa6._.js:14826:24)
    at renderWithHooks (http://localhost:3000/_next/static/chunks/509c2_next_dist_compiled_react-dom_1698bfa6._.js:4651:24)
    at updateFunctionComponent (http://localhost:3000/_next/static/chunks/509c2_next_dist_compiled_react-dom_1698bfa6._.js:6112:21)
    at beginWork (http://localhost:3000/_next/static/chunks/509c2_next_dist_compiled_react-dom_1698bfa6._.js:6708:24)
    at runWithFiberInDEV (http://localhost:3000/_next/static/chunks/509c2_next_dist_compiled_react-dom_1698bfa6._.js:965:74)
    at performUnitOfWork (http://localhost:3000/_next/static/chunks/509c2_next_dist_compiled_react-dom_1698bfa6._.js:9562:97)
    at workLoopConcurrentByScheduler (http://localhost:3000/_next/static/chunks/509c2_next_dist_compiled_react-dom_1698bfa6._.js:9558:58)
    at renderRootConcurrent (http://localhost:3000/_next/static/chunks/509c2_next_dist_compiled_react-dom_1698bfa6._.js:9541:71)
    at performWorkOnRoot (http://localhost:3000/_next/static/chunks/509c2_next_dist_compiled_react-dom_1698bfa6._.js:9068:150)
    at performWorkOnRootViaSchedulerTask (http://localhost:3000/_next/static/chunks/509c2_next_dist_compiled_react-dom_1698bfa6._.js:10230:9)
    at MessagePort.performWorkUntilDeadline (http://localhost:3000/_next/static/chunks/509c2_next_dist_compiled_9044104d._.js:2647:64) @ http://localhost:3000/_next/static/chunks/509c2_next_dist_512df543._.js:3127
[    4176ms] [ERROR] IntlError: MISSING_MESSAGE: Could not resolve `auth` in messages for locale `en-US`.
    at getMessagesOrError (http://localhost:3000/_next/static/chunks/db2ad__pnpm_bc426aec._.js:3637:27)
    at createBaseTranslator (http://localhost:3000/_next/static/chunks/db2ad__pnpm_bc426aec._.js:3642:29)
    at useTranslationsImpl.useMemo[translate] (http://localhost:3000/_next/static/chunks/db2ad__pnpm_bc426aec._.js:4163:378)
    at mountMemo (http://localhost:3000/_next/static/chunks/509c2_next_dist_compiled_react-dom_1698bfa6._.js:5424:25)
    at Object.useMemo (http://localhost:3000/_next/static/chunks/509c2_next_dist_compiled_react-dom_1698bfa6._.js:15003:24)
    at exports.useMemo (http://localhost:3000/_next/static/chunks/509c2_next_dist_compiled_9044104d._.js:1742:36)
    at useTranslationsImpl (http://localhost:3000/_next/static/chunks/db2ad__pnpm_bc426aec._.js:4162:416)
    at useTranslations (http://localhost:3000/_next/static/chunks/db2ad__pnpm_bc426aec._.js:4201:12)
    at http://localhost:3000/_next/static/chunks/db2ad__pnpm_ff96319a._.js:25:20
    at LoginForm (http://localhost:3000/_next/static/chunks/pi-cwd-20260601_admin-platform_libs_e8399fc0._.js:4087:432)
    at Object.react_stack_bottom_frame (http://localhost:3000/_next/static/chunks/509c2_next_dist_compiled_react-dom_1698bfa6._.js:14826:24)
    at renderWithHooks (http://localhost:3000/_next/static/chunks/509c2_next_dist_compiled_react-dom_1698bfa6._.js:4651:24)
    at updateFunctionComponent (http://localhost:3000/_next/static/chunks/509c2_next_dist_compiled_react-dom_1698bfa6._.js:6112:21)
    at beginWork (http://localhost:3000/_next/static/chunks/509c2_next_dist_compiled_react-dom_1698bfa6._.js:6708:24)
    at runWithFiberInDEV (http://localhost:3000/_next/static/chunks/509c2_next_dist_compiled_react-dom_1698bfa6._.js:965:74)
    at performUnitOfWork (http://localhost:3000/_next/static/chunks/509c2_next_dist_compiled_react-dom_1698bfa6._.js:9562:97)
    at workLoopConcurrentByScheduler (http://localhost:3000/_next/static/chunks/509c2_next_dist_compiled_react-dom_1698bfa6._.js:9558:58)
    at renderRootConcurrent (http://localhost:3000/_next/static/chunks/509c2_next_dist_compiled_react-dom_1698bfa6._.js:9541:71)
    at performWorkOnRoot (http://localhost:3000/_next/static/chunks/509c2_next_dist_compiled_react-dom_1698bfa6._.js:9068:150)
    at performWorkOnRootViaSchedulerTask (http://localhost:3000/_next/static/chunks/509c2_next_dist_compiled_react-dom_1698bfa6._.js:10230:9)
    at MessagePort.performWorkUntilDeadline (http://localhost:3000/_next/static/chunks/509c2_next_dist_compiled_9044104d._.js:2647:64) @ http://localhost:3000/_next/static/chunks/509c2_next_dist_512df543._.js:3127
[    4176ms] [ERROR] IntlError: MISSING_MESSAGE: Could not resolve `auth` in messages for locale `en-US`.
    at getMessagesOrError (http://localhost:3000/_next/static/chunks/db2ad__pnpm_bc426aec._.js:3637:27)
    at createBaseTranslator (http://localhost:3000/_next/static/chunks/db2ad__pnpm_bc426aec._.js:3642:29)
    at useTranslationsImpl.useMemo[translate] (http://localhost:3000/_next/static/chunks/db2ad__pnpm_bc426aec._.js:4163:378)
    at mountMemo (http://localhost:3000/_next/static/chunks/509c2_next_dist_compiled_react-dom_1698bfa6._.js:5424:25)
    at Object.useMemo (http://localhost:3000/_next/static/chunks/509c2_next_dist_compiled_react-dom_1698bfa6._.js:15003:24)
    at exports.useMemo (http://localhost:3000/_next/static/chunks/509c2_next_dist_compiled_9044104d._.js:1742:36)
    at useTranslationsImpl (http://localhost:3000/_next/static/chunks/db2ad__pnpm_bc426aec._.js:4162:416)
    at useTranslations (http://localhost:3000/_next/static/chunks/db2ad__pnpm_bc426aec._.js:4201:12)
    at http://localhost:3000/_next/static/chunks/db2ad__pnpm_ff96319a._.js:25:20
    at LoginForm (http://localhost:3000/_next/static/chunks/pi-cwd-20260601_admin-platform_libs_e8399fc0._.js:4087:432)
    at Object.react_stack_bottom_frame (http://localhost:3000/_next/static/chunks/509c2_next_dist_compiled_react-dom_1698bfa6._.js:14826:24)
    at renderWithHooks (http://localhost:3000/_next/static/chunks/509c2_next_dist_compiled_react-dom_1698bfa6._.js:4651:24)
    at updateFunctionComponent (http://localhost:3000/_next/static/chunks/509c2_next_dist_compiled_react-dom_1698bfa6._.js:6112:21)
    at beginWork (http://localhost:3000/_next/static/chunks/509c2_next_dist_compiled_react-dom_1698bfa6._.js:6708:24)
    at runWithFiberInDEV (http://localhost:3000/_next/static/chunks/509c2_next_dist_compiled_react-dom_1698bfa6._.js:965:74)
    at performUnitOfWork (http://localhost:3000/_next/static/chunks/509c2_next_dist_compiled_react-dom_1698bfa6._.js:9562:97)
    at workLoopConcurrentByScheduler (http://localhost:3000/_next/static/chunks/509c2_next_dist_compiled_react-dom_1698bfa6._.js:9558:58)
    at renderRootConcurrent (http://localhost:3000/_next/static/chunks/509c2_next_dist_compiled_react-dom_1698bfa6._.js:9541:71)
    at performWorkOnRoot (http://localhost:3000/_next/static/chunks/509c2_next_dist_compiled_react-dom_1698bfa6._.js:9068:150)
    at performWorkOnRootViaSchedulerTask (http://localhost:3000/_next/static/chunks/509c2_next_dist_compiled_react-dom_1698bfa6._.js:10230:9)
    at MessagePort.performWorkUntilDeadline (http://localhost:3000/_next/static/chunks/509c2_next_dist_compiled_9044104d._.js:2647:64) @ http://localhost:3000/_next/static/chunks/509c2_next_dist_512df543._.js:3127
[    4176ms] [ERROR] IntlError: MISSING_MESSAGE: Could not resolve `auth` in messages for locale `en-US`.
    at getMessagesOrError (http://localhost:3000/_next/static/chunks/db2ad__pnpm_bc426aec._.js:3637:27)
    at createBaseTranslator (http://localhost:3000/_next/static/chunks/db2ad__pnpm_bc426aec._.js:3642:29)
    at useTranslationsImpl.useMemo[translate] (http://localhost:3000/_next/static/chunks/db2ad__pnpm_bc426aec._.js:4163:378)
    at mountMemo (http://localhost:3000/_next/static/chunks/509c2_next_dist_compiled_react-dom_1698bfa6._.js:5424:25)
    at Object.useMemo (http://localhost:3000/_next/static/chunks/509c2_next_dist_compiled_react-dom_1698bfa6._.js:15003:24)
    at exports.useMemo (http://localhost:3000/_next/static/chunks/509c2_next_dist_compiled_9044104d._.js:1742:36)
    at useTranslationsImpl (http://localhost:3000/_next/static/chunks/db2ad__pnpm_bc426aec._.js:4162:416)
    at useTranslations (http://localhost:3000/_next/static/chunks/db2ad__pnpm_bc426aec._.js:4201:12)
    at http://localhost:3000/_next/static/chunks/db2ad__pnpm_ff96319a._.js:25:20
    at LoginForm (http://localhost:3000/_next/static/chunks/pi-cwd-20260601_admin-platform_libs_e8399fc0._.js:4087:432)
    at Object.react_stack_bottom_frame (http://localhost:3000/_next/static/chunks/509c2_next_dist_compiled_react-dom_1698bfa6._.js:14826:24)
    at renderWithHooks (http://localhost:3000/_next/static/chunks/509c2_next_dist_compiled_react-dom_1698bfa6._.js:4651:24)
    at updateFunctionComponent (http://localhost:3000/_next/static/chunks/509c2_next_dist_compiled_react-dom_1698bfa6._.js:6112:21)
    at beginWork (http://localhost:3000/_next/static/chunks/509c2_next_dist_compiled_react-dom_1698bfa6._.js:6708:24)
    at runWithFiberInDEV (http://localhost:3000/_next/static/chunks/509c2_next_dist_compiled_react-dom_1698bfa6._.js:965:74)
    at performUnitOfWork (http://localhost:3000/_next/static/chunks/509c2_next_dist_compiled_react-dom_1698bfa6._.js:9562:97)
    at workLoopConcurrentByScheduler (http://localhost:3000/_next/static/chunks/509c2_next_dist_compiled_react-dom_1698bfa6._.js:9558:58)
    at renderRootConcurrent (http://localhost:3000/_next/static/chunks/509c2_next_dist_compiled_react-dom_1698bfa6._.js:9541:71)
    at performWorkOnRoot (http://localhost:3000/_next/static/chunks/509c2_next_dist_compiled_react-dom_1698bfa6._.js:9068:150)
    at performWorkOnRootViaSchedulerTask (http://localhost:3000/_next/static/chunks/509c2_next_dist_compiled_react-dom_1698bfa6._.js:10230:9)
    at MessagePort.performWorkUntilDeadline (http://localhost:3000/_next/static/chunks/509c2_next_dist_compiled_9044104d._.js:2647:64) @ http://localhost:3000/_next/static/chunks/509c2_next_dist_512df543._.js:3127
[    4177ms] [ERROR] IntlError: MISSING_MESSAGE: Could not resolve `auth` in messages for locale `en-US`.
    at getMessagesOrError (http://localhost:3000/_next/static/chunks/db2ad__pnpm_bc426aec._.js:3637:27)
    at createBaseTranslator (http://localhost:3000/_next/static/chunks/db2ad__pnpm_bc426aec._.js:3642:29)
    at useTranslationsImpl.useMemo[translate] (http://localhost:3000/_next/static/chunks/db2ad__pnpm_bc426aec._.js:4163:378)
    at mountMemo (http://localhost:3000/_next/static/chunks/509c2_next_dist_compiled_react-dom_1698bfa6._.js:5424:25)
    at Object.useMemo (http://localhost:3000/_next/static/chunks/509c2_next_dist_compiled_react-dom_1698bfa6._.js:15003:24)
    at exports.useMemo (http://localhost:3000/_next/static/chunks/509c2_next_dist_compiled_9044104d._.js:1742:36)
    at useTranslationsImpl (http://localhost:3000/_next/static/chunks/db2ad__pnpm_bc426aec._.js:4162:416)
    at useTranslations (http://localhost:3000/_next/static/chunks/db2ad__pnpm_bc426aec._.js:4201:12)
    at http://localhost:3000/_next/static/chunks/db2ad__pnpm_ff96319a._.js:25:20
    at LoginForm (http://localhost:3000/_next/static/chunks/pi-cwd-20260601_admin-platform_libs_e8399fc0._.js:4087:432)
    at Object.react_stack_bottom_frame (http://localhost:3000/_next/static/chunks/509c2_next_dist_compiled_react-dom_1698bfa6._.js:14826:24)
    at renderWithHooks (http://localhost:3000/_next/static/chunks/509c2_next_dist_compiled_react-dom_1698bfa6._.js:4651:24)
    at updateFunctionComponent (http://localhost:3000/_next/static/chunks/509c2_next_dist_compiled_react-dom_1698bfa6._.js:6112:21)
    at beginWork (http://localhost:3000/_next/static/chunks/509c2_next_dist_compiled_react-dom_1698bfa6._.js:6708:24)
    at runWithFiberInDEV (http://localhost:3000/_next/static/chunks/509c2_next_dist_compiled_react-dom_1698bfa6._.js:965:74)
    at performUnitOfWork (http://localhost:3000/_next/static/chunks/509c2_next_dist_compiled_react-dom_1698bfa6._.js:9562:97)
    at workLoopConcurrentByScheduler (http://localhost:3000/_next/static/chunks/509c2_next_dist_compiled_react-dom_1698bfa6._.js:9558:58)
    at renderRootConcurrent (http://localhost:3000/_next/static/chunks/509c2_next_dist_compiled_react-dom_1698bfa6._.js:9541:71)
    at performWorkOnRoot (http://localhost:3000/_next/static/chunks/509c2_next_dist_compiled_react-dom_1698bfa6._.js:9068:150)
    at performWorkOnRootViaSchedulerTask (http://localhost:3000/_next/static/chunks/509c2_next_dist_compiled_react-dom_1698bfa6._.js:10230:9)
    at MessagePort.performWorkUntilDeadline (http://localhost:3000/_next/static/chunks/509c2_next_dist_compiled_9044104d._.js:2647:64) @ http://localhost:3000/_next/static/chunks/509c2_next_dist_512df543._.js:3127
[    4182ms] [ERROR] IntlError: MISSING_MESSAGE: Could not resolve `auth` in messages for locale `en-US`.
    at getMessagesOrError (http://localhost:3000/_next/static/chunks/db2ad__pnpm_bc426aec._.js:3637:27)
    at createBaseTranslator (http://localhost:3000/_next/static/chunks/db2ad__pnpm_bc426aec._.js:3642:29)
    at useTranslationsImpl.useMemo[translate] (http://localhost:3000/_next/static/chunks/db2ad__pnpm_bc426aec._.js:4163:378)
    at mountMemo (http://localhost:3000/_next/static/chunks/509c2_next_dist_compiled_react-dom_1698bfa6._.js:5424:25)
    at Object.useMemo (http://localhost:3000/_next/static/chunks/509c2_next_dist_compiled_react-dom_1698bfa6._.js:15003:24)
    at exports.useMemo (http://localhost:3000/_next/static/chunks/509c2_next_dist_compiled_9044104d._.js:1742:36)
    at useTranslationsImpl (http://localhost:3000/_next/static/chunks/db2ad__pnpm_bc426aec._.js:4162:416)
    at useTranslations (http://localhost:3000/_next/static/chunks/db2ad__pnpm_bc426aec._.js:4201:12)
    at http://localhost:3000/_next/static/chunks/db2ad__pnpm_ff96319a._.js:25:20
    at MetaMaskButton (http://localhost:3000/_next/static/chunks/pi-cwd-20260601_admin-platform_libs_e8399fc0._.js:4485:432)
    at Object.react_stack_bottom_frame (http://localhost:3000/_next/static/chunks/509c2_next_dist_compiled_react-dom_1698bfa6._.js:14826:24)
    at renderWithHooks (http://localhost:3000/_next/static/chunks/509c2_next_dist_compiled_react-dom_1698bfa6._.js:4651:24)
    at updateFunctionComponent (http://localhost:3000/_next/static/chunks/509c2_next_dist_compiled_react-dom_1698bfa6._.js:6112:21)
    at beginWork (http://localhost:3000/_next/static/chunks/509c2_next_dist_compiled_react-dom_1698bfa6._.js:6708:24)
    at runWithFiberInDEV (http://localhost:3000/_next/static/chunks/509c2_next_dist_compiled_react-dom_1698bfa6._.js:965:74)
    at performUnitOfWork (http://localhost:3000/_next/static/chunks/509c2_next_dist_compiled_react-dom_1698bfa6._.js:9562:97)
    at workLoopConcurrentByScheduler (http://localhost:3000/_next/static/chunks/509c2_next_dist_compiled_react-dom_1698bfa6._.js:9558:58)
    at renderRootConcurrent (http://localhost:3000/_next/static/chunks/509c2_next_dist_compiled_react-dom_1698bfa6._.js:9541:71)
    at performWorkOnRoot (http://localhost:3000/_next/static/chunks/509c2_next_dist_compiled_react-dom_1698bfa6._.js:9068:150)
    at performWorkOnRootViaSchedulerTask (http://localhost:3000/_next/static/chunks/509c2_next_dist_compiled_react-dom_1698bfa6._.js:10230:9)
    at MessagePort.performWorkUntilDeadline (http://localhost:3000/_next/static/chunks/509c2_next_dist_compiled_9044104d._.js:2647:64) @ http://localhost:3000/_next/static/chunks/509c2_next_dist_512df543._.js:3127
[    4183ms] [ERROR] IntlError: MISSING_MESSAGE: Could not resolve `auth` in messages for locale `en-US`.
    at getMessagesOrError (http://localhost:3000/_next/static/chunks/db2ad__pnpm_bc426aec._.js:3637:27)
    at createBaseTranslator (http://localhost:3000/_next/static/chunks/db2ad__pnpm_bc426aec._.js:3642:29)
    at useTranslationsImpl.useMemo[translate] (http://localhost:3000/_next/static/chunks/db2ad__pnpm_bc426aec._.js:4163:378)
    at mountMemo (http://localhost:3000/_next/static/chunks/509c2_next_dist_compiled_react-dom_1698bfa6._.js:5424:25)
    at Object.useMemo (http://localhost:3000/_next/static/chunks/509c2_next_dist_compiled_react-dom_1698bfa6._.js:15003:24)
    at exports.useMemo (http://localhost:3000/_next/static/chunks/509c2_next_dist_compiled_9044104d._.js:1742:36)
    at useTranslationsImpl (http://localhost:3000/_next/static/chunks/db2ad__pnpm_bc426aec._.js:4162:416)
    at useTranslations (http://localhost:3000/_next/static/chunks/db2ad__pnpm_bc426aec._.js:4201:12)
    at http://localhost:3000/_next/static/chunks/db2ad__pnpm_ff96319a._.js:25:20
    at MetaMaskButton (http://localhost:3000/_next/static/chunks/pi-cwd-20260601_admin-platform_libs_e8399fc0._.js:4485:432)
    at Object.react_stack_bottom_frame (http://localhost:3000/_next/static/chunks/509c2_next_dist_compiled_react-dom_1698bfa6._.js:14826:24)
    at renderWithHooks (http://localhost:3000/_next/static/chunks/509c2_next_dist_compiled_react-dom_1698bfa6._.js:4651:24)
    at updateFunctionComponent (http://localhost:3000/_next/static/chunks/509c2_next_dist_compiled_react-dom_1698bfa6._.js:6112:21)
    at beginWork (http://localhost:3000/_next/static/chunks/509c2_next_dist_compiled_react-dom_1698bfa6._.js:6708:24)
    at runWithFiberInDEV (http://localhost:3000/_next/static/chunks/509c2_next_dist_compiled_react-dom_1698bfa6._.js:965:74)
    at performUnitOfWork (http://localhost:3000/_next/static/chunks/509c2_next_dist_compiled_react-dom_1698bfa6._.js:9562:97)
    at workLoopConcurrentByScheduler (http://localhost:3000/_next/static/chunks/509c2_next_dist_compiled_react-dom_1698bfa6._.js:9558:58)
    at renderRootConcurrent (http://localhost:3000/_next/static/chunks/509c2_next_dist_compiled_react-dom_1698bfa6._.js:9541:71)
    at performWorkOnRoot (http://localhost:3000/_next/static/chunks/509c2_next_dist_compiled_react-dom_1698bfa6._.js:9068:150)
    at performWorkOnRootViaSchedulerTask (http://localhost:3000/_next/static/chunks/509c2_next_dist_compiled_react-dom_1698bfa6._.js:10230:9)
    at MessagePort.performWorkUntilDeadline (http://localhost:3000/_next/static/chunks/509c2_next_dist_compiled_9044104d._.js:2647:64) @ http://localhost:3000/_next/static/chunks/509c2_next_dist_512df543._.js:3127
[    4184ms] [ERROR] IntlError: MISSING_MESSAGE: Could not resolve `auth` in messages for locale `en-US`.
    at getMessagesOrError (http://localhost:3000/_next/static/chunks/db2ad__pnpm_bc426aec._.js:3637:27)
    at createBaseTranslator (http://localhost:3000/_next/static/chunks/db2ad__pnpm_bc426aec._.js:3642:29)
    at useTranslationsImpl.useMemo[translate] (http://localhost:3000/_next/static/chunks/db2ad__pnpm_bc426aec._.js:4163:378)
    at mountMemo (http://localhost:3000/_next/static/chunks/509c2_next_dist_compiled_react-dom_1698bfa6._.js:5424:25)
    at Object.useMemo (http://localhost:3000/_next/static/chunks/509c2_next_dist_compiled_react-dom_1698bfa6._.js:15003:24)
    at exports.useMemo (http://localhost:3000/_next/static/chunks/509c2_next_dist_compiled_9044104d._.js:1742:36)
    at useTranslationsImpl (http://localhost:3000/_next/static/chunks/db2ad__pnpm_bc426aec._.js:4162:416)
    at useTranslations (http://localhost:3000/_next/static/chunks/db2ad__pnpm_bc426aec._.js:4201:12)
    at http://localhost:3000/_next/static/chunks/db2ad__pnpm_ff96319a._.js:25:20
    at MetaMaskButton (http://localhost:3000/_next/static/chunks/pi-cwd-20260601_admin-platform_libs_e8399fc0._.js:4485:432)
    at Object.react_stack_bottom_frame (http://localhost:3000/_next/static/chunks/509c2_next_dist_compiled_react-dom_1698bfa6._.js:14826:24)
    at renderWithHooks (http://localhost:3000/_next/static/chunks/509c2_next_dist_compiled_react-dom_1698bfa6._.js:4651:24)
    at updateFunctionComponent (http://localhost:3000/_next/static/chunks/509c2_next_dist_compiled_react-dom_1698bfa6._.js:6112:21)
    at beginWork (http://localhost:3000/_next/static/chunks/509c2_next_dist_compiled_react-dom_1698bfa6._.js:6708:24)
    at runWithFiberInDEV (http://localhost:3000/_next/static/chunks/509c2_next_dist_compiled_react-dom_1698bfa6._.js:965:74)
    at performUnitOfWork (http://localhost:3000/_next/static/chunks/509c2_next_dist_compiled_react-dom_1698bfa6._.js:9562:97)
    at workLoopConcurrentByScheduler (http://localhost:3000/_next/static/chunks/509c2_next_dist_compiled_react-dom_1698bfa6._.js:9558:58)
    at renderRootConcurrent (http://localhost:3000/_next/static/chunks/509c2_next_dist_compiled_react-dom_1698bfa6._.js:9541:71)
    at performWorkOnRoot (http://localhost:3000/_next/static/chunks/509c2_next_dist_compiled_react-dom_1698bfa6._.js:9068:150)
    at performWorkOnRootViaSchedulerTask (http://localhost:3000/_next/static/chunks/509c2_next_dist_compiled_react-dom_1698bfa6._.js:10230:9)
    at MessagePort.performWorkUntilDeadline (http://localhost:3000/_next/static/chunks/509c2_next_dist_compiled_9044104d._.js:2647:64) @ http://localhost:3000/_next/static/chunks/509c2_next_dist_512df543._.js:3127
[    4185ms] [ERROR] IntlError: MISSING_MESSAGE: Could not resolve `auth` in messages for locale `en-US`.
    at getMessagesOrError (http://localhost:3000/_next/static/chunks/db2ad__pnpm_bc426aec._.js:3637:27)
    at createBaseTranslator (http://localhost:3000/_next/static/chunks/db2ad__pnpm_bc426aec._.js:3642:29)
    at useTranslationsImpl.useMemo[translate] (http://localhost:3000/_next/static/chunks/db2ad__pnpm_bc426aec._.js:4163:378)
    at mountMemo (http://localhost:3000/_next/static/chunks/509c2_next_dist_compiled_react-dom_1698bfa6._.js:5424:25)
    at Object.useMemo (http://localhost:3000/_next/static/chunks/509c2_next_dist_compiled_react-dom_1698bfa6._.js:15003:24)
    at exports.useMemo (http://localhost:3000/_next/static/chunks/509c2_next_dist_compiled_9044104d._.js:1742:36)
    at useTranslationsImpl (http://localhost:3000/_next/static/chunks/db2ad__pnpm_bc426aec._.js:4162:416)
    at useTranslations (http://localhost:3000/_next/static/chunks/db2ad__pnpm_bc426aec._.js:4201:12)
    at http://localhost:3000/_next/static/chunks/db2ad__pnpm_ff96319a._.js:25:20
    at MetaMaskButton (http://localhost:3000/_next/static/chunks/pi-cwd-20260601_admin-platform_libs_e8399fc0._.js:4485:432)
    at Object.react_stack_bottom_frame (http://localhost:3000/_next/static/chunks/509c2_next_dist_compiled_react-dom_1698bfa6._.js:14826:24)
    at renderWithHooks (http://localhost:3000/_next/static/chunks/509c2_next_dist_compiled_react-dom_1698bfa6._.js:4651:24)
    at updateFunctionComponent (http://localhost:3000/_next/static/chunks/509c2_next_dist_compiled_react-dom_1698bfa6._.js:6112:21)
    at beginWork (http://localhost:3000/_next/static/chunks/509c2_next_dist_compiled_react-dom_1698bfa6._.js:6708:24)
    at runWithFiberInDEV (http://localhost:3000/_next/static/chunks/509c2_next_dist_compiled_react-dom_1698bfa6._.js:965:74)
    at performUnitOfWork (http://localhost:3000/_next/static/chunks/509c2_next_dist_compiled_react-dom_1698bfa6._.js:9562:97)
    at workLoopConcurrentByScheduler (http://localhost:3000/_next/static/chunks/509c2_next_dist_compiled_react-dom_1698bfa6._.js:9558:58)
    at renderRootConcurrent (http://localhost:3000/_next/static/chunks/509c2_next_dist_compiled_react-dom_1698bfa6._.js:9541:71)
    at performWorkOnRoot (http://localhost:3000/_next/static/chunks/509c2_next_dist_compiled_react-dom_1698bfa6._.js:9068:150)
    at performWorkOnRootViaSchedulerTask (http://localhost:3000/_next/static/chunks/509c2_next_dist_compiled_react-dom_1698bfa6._.js:10230:9)
    at MessagePort.performWorkUntilDeadline (http://localhost:3000/_next/static/chunks/509c2_next_dist_compiled_9044104d._.js:2647:64) @ http://localhost:3000/_next/static/chunks/509c2_next_dist_512df543._.js:3127
[    4185ms] [ERROR] IntlError: MISSING_MESSAGE: Could not resolve `auth` in messages for locale `en-US`.
    at getMessagesOrError (http://localhost:3000/_next/static/chunks/db2ad__pnpm_bc426aec._.js:3637:27)
    at createBaseTranslator (http://localhost:3000/_next/static/chunks/db2ad__pnpm_bc426aec._.js:3642:29)
    at useTranslationsImpl.useMemo[translate] (http://localhost:3000/_next/static/chunks/db2ad__pnpm_bc426aec._.js:4163:378)
    at mountMemo (http://localhost:3000/_next/static/chunks/509c2_next_dist_compiled_react-dom_1698bfa6._.js:5424:25)
    at Object.useMemo (http://localhost:3000/_next/static/chunks/509c2_next_dist_compiled_react-dom_1698bfa6._.js:15003:24)
    at exports.useMemo (http://localhost:3000/_next/static/chunks/509c2_next_dist_compiled_9044104d._.js:1742:36)
    at useTranslationsImpl (http://localhost:3000/_next/static/chunks/db2ad__pnpm_bc426aec._.js:4162:416)
    at useTranslations (http://localhost:3000/_next/static/chunks/db2ad__pnpm_bc426aec._.js:4201:12)
    at http://localhost:3000/_next/static/chunks/db2ad__pnpm_ff96319a._.js:25:20
    at MetaMaskButton (http://localhost:3000/_next/static/chunks/pi-cwd-20260601_admin-platform_libs_e8399fc0._.js:4485:432)
    at Object.react_stack_bottom_frame (http://localhost:3000/_next/static/chunks/509c2_next_dist_compiled_react-dom_1698bfa6._.js:14826:24)
    at renderWithHooks (http://localhost:3000/_next/static/chunks/509c2_next_dist_compiled_react-dom_1698bfa6._.js:4651:24)
    at updateFunctionComponent (http://localhost:3000/_next/static/chunks/509c2_next_dist_compiled_react-dom_1698bfa6._.js:6112:21)
    at beginWork (http://localhost:3000/_next/static/chunks/509c2_next_dist_compiled_react-dom_1698bfa6._.js:6708:24)
    at runWithFiberInDEV (http://localhost:3000/_next/static/chunks/509c2_next_dist_compiled_react-dom_1698bfa6._.js:965:74)
    at performUnitOfWork (http://localhost:3000/_next/static/chunks/509c2_next_dist_compiled_react-dom_1698bfa6._.js:9562:97)
    at workLoopConcurrentByScheduler (http://localhost:3000/_next/static/chunks/509c2_next_dist_compiled_react-dom_1698bfa6._.js:9558:58)
    at renderRootConcurrent (http://localhost:3000/_next/static/chunks/509c2_next_dist_compiled_react-dom_1698bfa6._.js:9541:71)
    at performWorkOnRoot (http://localhost:3000/_next/static/chunks/509c2_next_dist_compiled_react-dom_1698bfa6._.js:9068:150)
    at performWorkOnRootViaSchedulerTask (http://localhost:3000/_next/static/chunks/509c2_next_dist_compiled_react-dom_1698bfa6._.js:10230:9)
    at MessagePort.performWorkUntilDeadline (http://localhost:3000/_next/static/chunks/509c2_next_dist_compiled_9044104d._.js:2647:64) @ http://localhost:3000/_next/static/chunks/509c2_next_dist_512df543._.js:3127
[    4186ms] [ERROR] IntlError: MISSING_MESSAGE: Could not resolve `auth` in messages for locale `en-US`.
    at getMessagesOrError (http://localhost:3000/_next/static/chunks/db2ad__pnpm_bc426aec._.js:3637:27)
    at createBaseTranslator (http://localhost:3000/_next/static/chunks/db2ad__pnpm_bc426aec._.js:3642:29)
    at useTranslationsImpl.useMemo[translate] (http://localhost:3000/_next/static/chunks/db2ad__pnpm_bc426aec._.js:4163:378)
    at mountMemo (http://localhost:3000/_next/static/chunks/509c2_next_dist_compiled_react-dom_1698bfa6._.js:5424:25)
    at Object.useMemo (http://localhost:3000/_next/static/chunks/509c2_next_dist_compiled_react-dom_1698bfa6._.js:15003:24)
    at exports.useMemo (http://localhost:3000/_next/static/chunks/509c2_next_dist_compiled_9044104d._.js:1742:36)
    at useTranslationsImpl (http://localhost:3000/_next/static/chunks/db2ad__pnpm_bc426aec._.js:4162:416)
    at useTranslations (http://localhost:3000/_next/static/chunks/db2ad__pnpm_bc426aec._.js:4201:12)
    at http://localhost:3000/_next/static/chunks/db2ad__pnpm_ff96319a._.js:25:20
    at MetaMaskButton (http://localhost:3000/_next/static/chunks/pi-cwd-20260601_admin-platform_libs_e8399fc0._.js:4485:432)
    at Object.react_stack_bottom_frame (http://localhost:3000/_next/static/chunks/509c2_next_dist_compiled_react-dom_1698bfa6._.js:14826:24)
    at renderWithHooks (http://localhost:3000/_next/static/chunks/509c2_next_dist_compiled_react-dom_1698bfa6._.js:4651:24)
    at updateFunctionComponent (http://localhost:3000/_next/static/chunks/509c2_next_dist_compiled_react-dom_1698bfa6._.js:6112:21)
    at beginWork (http://localhost:3000/_next/static/chunks/509c2_next_dist_compiled_react-dom_1698bfa6._.js:6708:24)
    at runWithFiberInDEV (http://localhost:3000/_next/static/chunks/509c2_next_dist_compiled_react-dom_1698bfa6._.js:965:74)
    at performUnitOfWork (http://localhost:3000/_next/static/chunks/509c2_next_dist_compiled_react-dom_1698bfa6._.js:9562:97)
    at workLoopConcurrentByScheduler (http://localhost:3000/_next/static/chunks/509c2_next_dist_compiled_react-dom_1698bfa6._.js:9558:58)
    at renderRootConcurrent (http://localhost:3000/_next/static/chunks/509c2_next_dist_compiled_react-dom_1698bfa6._.js:9541:71)
    at performWorkOnRoot (http://localhost:3000/_next/static/chunks/509c2_next_dist_compiled_react-dom_1698bfa6._.js:9068:150)
    at performWorkOnRootViaSchedulerTask (http://localhost:3000/_next/static/chunks/509c2_next_dist_compiled_react-dom_1698bfa6._.js:10230:9)
    at MessagePort.performWorkUntilDeadline (http://localhost:3000/_next/static/chunks/509c2_next_dist_compiled_9044104d._.js:2647:64) @ http://localhost:3000/_next/static/chunks/509c2_next_dist_512df543._.js:3127
[   92543ms] [ERROR] WebSocket connection to 'ws://localhost:3000/_next/webpack-hmr?id=4eZZ6jXCC9wlnH3MM6ac3' failed:  @ http://localhost:3000/_next/static/chunks/509c2_next_dist_client_2680adc2._.js:10878
[   93555ms] [ERROR] WebSocket connection to 'ws://localhost:3000/_next/webpack-hmr?id=4eZZ6jXCC9wlnH3MM6ac3' failed: Error in connection establishment: net::ERR_CONNECTION_REFUSED @ http://localhost:3000/_next/static/chunks/509c2_next_dist_client_2680adc2._.js:10878
[   94558ms] [ERROR] WebSocket connection to 'ws://localhost:3000/_next/webpack-hmr?id=4eZZ6jXCC9wlnH3MM6ac3' failed: Error in connection establishment: net::ERR_CONNECTION_REFUSED @ http://localhost:3000/_next/static/chunks/509c2_next_dist_client_2680adc2._.js:10878
[   95560ms] [ERROR] WebSocket connection to 'ws://localhost:3000/_next/webpack-hmr?id=4eZZ6jXCC9wlnH3MM6ac3' failed: Error in connection establishment: net::ERR_CONNECTION_REFUSED @ http://localhost:3000/_next/static/chunks/509c2_next_dist_client_2680adc2._.js:10878
[   96564ms] [ERROR] WebSocket connection to 'ws://localhost:3000/_next/webpack-hmr?id=4eZZ6jXCC9wlnH3MM6ac3' failed: Error in connection establishment: net::ERR_CONNECTION_REFUSED @ http://localhost:3000/_next/static/chunks/509c2_next_dist_client_2680adc2._.js:10878
[   97567ms] [ERROR] WebSocket connection to 'ws://localhost:3000/_next/webpack-hmr?id=4eZZ6jXCC9wlnH3MM6ac3' failed: Error in connection establishment: net::ERR_CONNECTION_REFUSED @ http://localhost:3000/_next/static/chunks/509c2_next_dist_client_2680adc2._.js:10878
[  102575ms] [ERROR] WebSocket connection to 'ws://localhost:3000/_next/webpack-hmr?id=4eZZ6jXCC9wlnH3MM6ac3' failed: Error in connection establishment: net::ERR_CONNECTION_REFUSED @ http://localhost:3000/_next/static/chunks/509c2_next_dist_client_2680adc2._.js:10878
[  108078ms] [LOG] [HMR] connected @ http://localhost:3000/_next/static/chunks/509c2_next_dist_512df543._.js:2297
[  123311ms] [VERBOSE] [DOM] Input elements should have autocomplete attributes (suggested: "current-password"): (More info: https://goo.gl/9p2vKq) %o @ http://localhost:3000/en-US/login:0
[  123360ms] [INFO] %cDownload the React DevTools for a better development experience: https://react.dev/link/react-devtools font-weight:bold @ http://localhost:3000/_next/static/chunks/509c2_next_dist_512df543._.js:2297
[  123532ms] [LOG] [HMR] connected @ http://localhost:3000/_next/static/chunks/509c2_next_dist_512df543._.js:2297
[  123692ms] [LOG] [Fast Refresh] rebuilding @ http://localhost:3000/_next/static/chunks/509c2_next_dist_512df543._.js:2297
[  123696ms] [ERROR] IntlError: MISSING_MESSAGE: Could not resolve `auth` in messages for locale `en-US`.
    at getMessagesOrError (http://localhost:3000/_next/static/chunks/db2ad__pnpm_bc426aec._.js:3637:27)
    at createBaseTranslator (http://localhost:3000/_next/static/chunks/db2ad__pnpm_bc426aec._.js:3642:29)
    at useTranslationsImpl.useMemo[translate] (http://localhost:3000/_next/static/chunks/db2ad__pnpm_bc426aec._.js:4163:378)
    at mountMemo (http://localhost:3000/_next/static/chunks/509c2_next_dist_compiled_react-dom_1698bfa6._.js:5424:25)
    at Object.useMemo (http://localhost:3000/_next/static/chunks/509c2_next_dist_compiled_react-dom_1698bfa6._.js:15003:24)
    at exports.useMemo (http://localhost:3000/_next/static/chunks/509c2_next_dist_compiled_9044104d._.js:1742:36)
    at useTranslationsImpl (http://localhost:3000/_next/static/chunks/db2ad__pnpm_bc426aec._.js:4162:416)
    at useTranslations (http://localhost:3000/_next/static/chunks/db2ad__pnpm_bc426aec._.js:4201:12)
    at http://localhost:3000/_next/static/chunks/db2ad__pnpm_ff96319a._.js:25:20
    at LoginPage (http://localhost:3000/_next/static/chunks/pi-cwd-20260601_admin-platform_libs_e8399fc0._.js:4740:432)
    at Object.react_stack_bottom_frame (http://localhost:3000/_next/static/chunks/509c2_next_dist_compiled_react-dom_1698bfa6._.js:14826:24)
    at renderWithHooks (http://localhost:3000/_next/static/chunks/509c2_next_dist_compiled_react-dom_1698bfa6._.js:4651:24)
    at updateFunctionComponent (http://localhost:3000/_next/static/chunks/509c2_next_dist_compiled_react-dom_1698bfa6._.js:6112:21)
    at beginWork (http://localhost:3000/_next/static/chunks/509c2_next_dist_compiled_react-dom_1698bfa6._.js:6687:639)
    at runWithFiberInDEV (http://localhost:3000/_next/static/chunks/509c2_next_dist_compiled_react-dom_1698bfa6._.js:965:74)
    at performUnitOfWork (http://localhost:3000/_next/static/chunks/509c2_next_dist_compiled_react-dom_1698bfa6._.js:9562:97)
    at workLoopConcurrentByScheduler (http://localhost:3000/_next/static/chunks/509c2_next_dist_compiled_react-dom_1698bfa6._.js:9558:58)
    at renderRootConcurrent (http://localhost:3000/_next/static/chunks/509c2_next_dist_compiled_react-dom_1698bfa6._.js:9541:71)
    at performWorkOnRoot (http://localhost:3000/_next/static/chunks/509c2_next_dist_compiled_react-dom_1698bfa6._.js:9068:150)
    at performWorkOnRootViaSchedulerTask (http://localhost:3000/_next/static/chunks/509c2_next_dist_compiled_react-dom_1698bfa6._.js:10230:9)
    at MessagePort.performWorkUntilDeadline (http://localhost:3000/_next/static/chunks/509c2_next_dist_compiled_9044104d._.js:2647:64) @ http://localhost:3000/_next/static/chunks/509c2_next_dist_512df543._.js:3127
[  123852ms] [ERROR] IntlError: MISSING_MESSAGE: Could not resolve `auth` in messages for locale `en-US`.
    at getMessagesOrError (http://localhost:3000/_next/static/chunks/db2ad__pnpm_bc426aec._.js:3637:27)
    at createBaseTranslator (http://localhost:3000/_next/static/chunks/db2ad__pnpm_bc426aec._.js:3642:29)
    at useTranslationsImpl.useMemo[translate] (http://localhost:3000/_next/static/chunks/db2ad__pnpm_bc426aec._.js:4163:378)
    at mountMemo (http://localhost:3000/_next/static/chunks/509c2_next_dist_compiled_react-dom_1698bfa6._.js:5424:25)
    at Object.useMemo (http://localhost:3000/_next/static/chunks/509c2_next_dist_compiled_react-dom_1698bfa6._.js:15003:24)
    at exports.useMemo (http://localhost:3000/_next/static/chunks/509c2_next_dist_compiled_9044104d._.js:1742:36)
    at useTranslationsImpl (http://localhost:3000/_next/static/chunks/db2ad__pnpm_bc426aec._.js:4162:416)
    at useTranslations (http://localhost:3000/_next/static/chunks/db2ad__pnpm_bc426aec._.js:4201:12)
    at http://localhost:3000/_next/static/chunks/db2ad__pnpm_ff96319a._.js:25:20
    at LoginPage (http://localhost:3000/_next/static/chunks/pi-cwd-20260601_admin-platform_libs_e8399fc0._.js:4740:432)
    at Object.react_stack_bottom_frame (http://localhost:3000/_next/static/chunks/509c2_next_dist_compiled_react-dom_1698bfa6._.js:14826:24)
    at renderWithHooks (http://localhost:3000/_next/static/chunks/509c2_next_dist_compiled_react-dom_1698bfa6._.js:4651:24)
    at updateFunctionComponent (http://localhost:3000/_next/static/chunks/509c2_next_dist_compiled_react-dom_1698bfa6._.js:6112:21)
    at beginWork (http://localhost:3000/_next/static/chunks/509c2_next_dist_compiled_react-dom_1698bfa6._.js:6687:639)
    at runWithFiberInDEV (http://localhost:3000/_next/static/chunks/509c2_next_dist_compiled_react-dom_1698bfa6._.js:965:74)
    at performUnitOfWork (http://localhost:3000/_next/static/chunks/509c2_next_dist_compiled_react-dom_1698bfa6._.js:9562:97)
    at workLoopConcurrentByScheduler (http://localhost:3000/_next/static/chunks/509c2_next_dist_compiled_react-dom_1698bfa6._.js:9558:58)
    at renderRootConcurrent (http://localhost:3000/_next/static/chunks/509c2_next_dist_compiled_react-dom_1698bfa6._.js:9541:71)
    at performWorkOnRoot (http://localhost:3000/_next/static/chunks/509c2_next_dist_compiled_react-dom_1698bfa6._.js:9068:150)
    at performWorkOnRootViaSchedulerTask (http://localhost:3000/_next/static/chunks/509c2_next_dist_compiled_react-dom_1698bfa6._.js:10230:9)
    at MessagePort.performWorkUntilDeadline (http://localhost:3000/_next/static/chunks/509c2_next_dist_compiled_9044104d._.js:2647:64) @ http://localhost:3000/_next/static/chunks/509c2_next_dist_512df543._.js:3127
[  123852ms] [ERROR] IntlError: MISSING_MESSAGE: Could not resolve `auth` in messages for locale `en-US`.
    at getMessagesOrError (http://localhost:3000/_next/static/chunks/db2ad__pnpm_bc426aec._.js:3637:27)
    at createBaseTranslator (http://localhost:3000/_next/static/chunks/db2ad__pnpm_bc426aec._.js:3642:29)
    at useTranslationsImpl.useMemo[translate] (http://localhost:3000/_next/static/chunks/db2ad__pnpm_bc426aec._.js:4163:378)
    at mountMemo (http://localhost:3000/_next/static/chunks/509c2_next_dist_compiled_react-dom_1698bfa6._.js:5424:25)
    at Object.useMemo (http://localhost:3000/_next/static/chunks/509c2_next_dist_compiled_react-dom_1698bfa6._.js:15003:24)
    at exports.useMemo (http://localhost:3000/_next/static/chunks/509c2_next_dist_compiled_9044104d._.js:1742:36)
    at useTranslationsImpl (http://localhost:3000/_next/static/chunks/db2ad__pnpm_bc426aec._.js:4162:416)
    at useTranslations (http://localhost:3000/_next/static/chunks/db2ad__pnpm_bc426aec._.js:4201:12)
    at http://localhost:3000/_next/static/chunks/db2ad__pnpm_ff96319a._.js:25:20
    at LoginPage (http://localhost:3000/_next/static/chunks/pi-cwd-20260601_admin-platform_libs_e8399fc0._.js:4740:432)
    at Object.react_stack_bottom_frame (http://localhost:3000/_next/static/chunks/509c2_next_dist_compiled_react-dom_1698bfa6._.js:14826:24)
    at renderWithHooks (http://localhost:3000/_next/static/chunks/509c2_next_dist_compiled_react-dom_1698bfa6._.js:4651:24)
    at updateFunctionComponent (http://localhost:3000/_next/static/chunks/509c2_next_dist_compiled_react-dom_1698bfa6._.js:6112:21)
    at beginWork (http://localhost:3000/_next/static/chunks/509c2_next_dist_compiled_react-dom_1698bfa6._.js:6687:639)
    at runWithFiberInDEV (http://localhost:3000/_next/static/chunks/509c2_next_dist_compiled_react-dom_1698bfa6._.js:965:74)
    at performUnitOfWork (http://localhost:3000/_next/static/chunks/509c2_next_dist_compiled_react-dom_1698bfa6._.js:9562:97)
    at workLoopConcurrentByScheduler (http://localhost:3000/_next/static/chunks/509c2_next_dist_compiled_react-dom_1698bfa6._.js:9558:58)
    at renderRootConcurrent (http://localhost:3000/_next/static/chunks/509c2_next_dist_compiled_react-dom_1698bfa6._.js:9541:71)
    at performWorkOnRoot (http://localhost:3000/_next/static/chunks/509c2_next_dist_compiled_react-dom_1698bfa6._.js:9068:150)
    at performWorkOnRootViaSchedulerTask (http://localhost:3000/_next/static/chunks/509c2_next_dist_compiled_react-dom_1698bfa6._.js:10230:9)
    at MessagePort.performWorkUntilDeadline (http://localhost:3000/_next/static/chunks/509c2_next_dist_compiled_9044104d._.js:2647:64) @ http://localhost:3000/_next/static/chunks/509c2_next_dist_512df543._.js:3127
[  123853ms] [ERROR] IntlError: MISSING_MESSAGE: Could not resolve `auth` in messages for locale `en-US`.
    at getMessagesOrError (http://localhost:3000/_next/static/chunks/db2ad__pnpm_bc426aec._.js:3637:27)
    at createBaseTranslator (http://localhost:3000/_next/static/chunks/db2ad__pnpm_bc426aec._.js:3642:29)
    at useTranslationsImpl.useMemo[translate] (http://localhost:3000/_next/static/chunks/db2ad__pnpm_bc426aec._.js:4163:378)
    at mountMemo (http://localhost:3000/_next/static/chunks/509c2_next_dist_compiled_react-dom_1698bfa6._.js:5424:25)
    at Object.useMemo (http://localhost:3000/_next/static/chunks/509c2_next_dist_compiled_react-dom_1698bfa6._.js:15003:24)
    at exports.useMemo (http://localhost:3000/_next/static/chunks/509c2_next_dist_compiled_9044104d._.js:1742:36)
    at useTranslationsImpl (http://localhost:3000/_next/static/chunks/db2ad__pnpm_bc426aec._.js:4162:416)
    at useTranslations (http://localhost:3000/_next/static/chunks/db2ad__pnpm_bc426aec._.js:4201:12)
    at http://localhost:3000/_next/static/chunks/db2ad__pnpm_ff96319a._.js:25:20
    at LoginPage (http://localhost:3000/_next/static/chunks/pi-cwd-20260601_admin-platform_libs_e8399fc0._.js:4740:432)
    at Object.react_stack_bottom_frame (http://localhost:3000/_next/static/chunks/509c2_next_dist_compiled_react-dom_1698bfa6._.js:14826:24)
    at renderWithHooks (http://localhost:3000/_next/static/chunks/509c2_next_dist_compiled_react-dom_1698bfa6._.js:4651:24)
    at updateFunctionComponent (http://localhost:3000/_next/static/chunks/509c2_next_dist_compiled_react-dom_1698bfa6._.js:6112:21)
    at beginWork (http://localhost:3000/_next/static/chunks/509c2_next_dist_compiled_react-dom_1698bfa6._.js:6687:639)
    at runWithFiberInDEV (http://localhost:3000/_next/static/chunks/509c2_next_dist_compiled_react-dom_1698bfa6._.js:965:74)
    at performUnitOfWork (http://localhost:3000/_next/static/chunks/509c2_next_dist_compiled_react-dom_1698bfa6._.js:9562:97)
    at workLoopConcurrentByScheduler (http://localhost:3000/_next/static/chunks/509c2_next_dist_compiled_react-dom_1698bfa6._.js:9558:58)
    at renderRootConcurrent (http://localhost:3000/_next/static/chunks/509c2_next_dist_compiled_react-dom_1698bfa6._.js:9541:71)
    at performWorkOnRoot (http://localhost:3000/_next/static/chunks/509c2_next_dist_compiled_react-dom_1698bfa6._.js:9068:150)
    at performWorkOnRootViaSchedulerTask (http://localhost:3000/_next/static/chunks/509c2_next_dist_compiled_react-dom_1698bfa6._.js:10230:9)
    at MessagePort.performWorkUntilDeadline (http://localhost:3000/_next/static/chunks/509c2_next_dist_compiled_9044104d._.js:2647:64) @ http://localhost:3000/_next/static/chunks/509c2_next_dist_512df543._.js:3127
[  123853ms] [ERROR] IntlError: MISSING_MESSAGE: Could not resolve `auth` in messages for locale `en-US`.
    at getMessagesOrError (http://localhost:3000/_next/static/chunks/db2ad__pnpm_bc426aec._.js:3637:27)
    at createBaseTranslator (http://localhost:3000/_next/static/chunks/db2ad__pnpm_bc426aec._.js:3642:29)
    at useTranslationsImpl.useMemo[translate] (http://localhost:3000/_next/static/chunks/db2ad__pnpm_bc426aec._.js:4163:378)
    at mountMemo (http://localhost:3000/_next/static/chunks/509c2_next_dist_compiled_react-dom_1698bfa6._.js:5424:25)
    at Object.useMemo (http://localhost:3000/_next/static/chunks/509c2_next_dist_compiled_react-dom_1698bfa6._.js:15003:24)
    at exports.useMemo (http://localhost:3000/_next/static/chunks/509c2_next_dist_compiled_9044104d._.js:1742:36)
    at useTranslationsImpl (http://localhost:3000/_next/static/chunks/db2ad__pnpm_bc426aec._.js:4162:416)
    at useTranslations (http://localhost:3000/_next/static/chunks/db2ad__pnpm_bc426aec._.js:4201:12)
    at http://localhost:3000/_next/static/chunks/db2ad__pnpm_ff96319a._.js:25:20
    at LoginPage (http://localhost:3000/_next/static/chunks/pi-cwd-20260601_admin-platform_libs_e8399fc0._.js:4740:432)
    at Object.react_stack_bottom_frame (http://localhost:3000/_next/static/chunks/509c2_next_dist_compiled_react-dom_1698bfa6._.js:14826:24)
    at renderWithHooks (http://localhost:3000/_next/static/chunks/509c2_next_dist_compiled_react-dom_1698bfa6._.js:4651:24)
    at updateFunctionComponent (http://localhost:3000/_next/static/chunks/509c2_next_dist_compiled_react-dom_1698bfa6._.js:6112:21)
    at beginWork (http://localhost:3000/_next/static/chunks/509c2_next_dist_compiled_react-dom_1698bfa6._.js:6687:639)
    at runWithFiberInDEV (http://localhost:3000/_next/static/chunks/509c2_next_dist_compiled_react-dom_1698bfa6._.js:965:74)
    at performUnitOfWork (http://localhost:3000/_next/static/chunks/509c2_next_dist_compiled_react-dom_1698bfa6._.js:9562:97)
    at workLoopConcurrentByScheduler (http://localhost:3000/_next/static/chunks/509c2_next_dist_compiled_react-dom_1698bfa6._.js:9558:58)
    at renderRootConcurrent (http://localhost:3000/_next/static/chunks/509c2_next_dist_compiled_react-dom_1698bfa6._.js:9541:71)
    at performWorkOnRoot (http://localhost:3000/_next/static/chunks/509c2_next_dist_compiled_react-dom_1698bfa6._.js:9068:150)
    at performWorkOnRootViaSchedulerTask (http://localhost:3000/_next/static/chunks/509c2_next_dist_compiled_react-dom_1698bfa6._.js:10230:9)
    at MessagePort.performWorkUntilDeadline (http://localhost:3000/_next/static/chunks/509c2_next_dist_compiled_9044104d._.js:2647:64) @ http://localhost:3000/_next/static/chunks/509c2_next_dist_512df543._.js:3127
[  123854ms] [ERROR] IntlError: MISSING_MESSAGE: Could not resolve `auth` in messages for locale `en-US`.
    at getMessagesOrError (http://localhost:3000/_next/static/chunks/db2ad__pnpm_bc426aec._.js:3637:27)
    at createBaseTranslator (http://localhost:3000/_next/static/chunks/db2ad__pnpm_bc426aec._.js:3642:29)
    at useTranslationsImpl.useMemo[translate] (http://localhost:3000/_next/static/chunks/db2ad__pnpm_bc426aec._.js:4163:378)
    at mountMemo (http://localhost:3000/_next/static/chunks/509c2_next_dist_compiled_react-dom_1698bfa6._.js:5424:25)
    at Object.useMemo (http://localhost:3000/_next/static/chunks/509c2_next_dist_compiled_react-dom_1698bfa6._.js:15003:24)
    at exports.useMemo (http://localhost:3000/_next/static/chunks/509c2_next_dist_compiled_9044104d._.js:1742:36)
    at useTranslationsImpl (http://localhost:3000/_next/static/chunks/db2ad__pnpm_bc426aec._.js:4162:416)
    at useTranslations (http://localhost:3000/_next/static/chunks/db2ad__pnpm_bc426aec._.js:4201:12)
    at http://localhost:3000/_next/static/chunks/db2ad__pnpm_ff96319a._.js:25:20
    at LoginPage (http://localhost:3000/_next/static/chunks/pi-cwd-20260601_admin-platform_libs_e8399fc0._.js:4740:432)
    at Object.react_stack_bottom_frame (http://localhost:3000/_next/static/chunks/509c2_next_dist_compiled_react-dom_1698bfa6._.js:14826:24)
    at renderWithHooks (http://localhost:3000/_next/static/chunks/509c2_next_dist_compiled_react-dom_1698bfa6._.js:4651:24)
    at updateFunctionComponent (http://localhost:3000/_next/static/chunks/509c2_next_dist_compiled_react-dom_1698bfa6._.js:6112:21)
    at beginWork (http://localhost:3000/_next/static/chunks/509c2_next_dist_compiled_react-dom_1698bfa6._.js:6687:639)
    at runWithFiberInDEV (http://localhost:3000/_next/static/chunks/509c2_next_dist_compiled_react-dom_1698bfa6._.js:965:74)
    at performUnitOfWork (http://localhost:3000/_next/static/chunks/509c2_next_dist_compiled_react-dom_1698bfa6._.js:9562:97)
    at workLoopConcurrentByScheduler (http://localhost:3000/_next/static/chunks/509c2_next_dist_compiled_react-dom_1698bfa6._.js:9558:58)
    at renderRootConcurrent (http://localhost:3000/_next/static/chunks/509c2_next_dist_compiled_react-dom_1698bfa6._.js:9541:71)
    at performWorkOnRoot (http://localhost:3000/_next/static/chunks/509c2_next_dist_compiled_react-dom_1698bfa6._.js:9068:150)
    at performWorkOnRootViaSchedulerTask (http://localhost:3000/_next/static/chunks/509c2_next_dist_compiled_react-dom_1698bfa6._.js:10230:9)
    at MessagePort.performWorkUntilDeadline (http://localhost:3000/_next/static/chunks/509c2_next_dist_compiled_9044104d._.js:2647:64) @ http://localhost:3000/_next/static/chunks/509c2_next_dist_512df543._.js:3127
[  123857ms] [ERROR] IntlError: MISSING_MESSAGE: Could not resolve `auth` in messages for locale `en-US`.
    at getMessagesOrError (http://localhost:3000/_next/static/chunks/db2ad__pnpm_bc426aec._.js:3637:27)
    at createBaseTranslator (http://localhost:3000/_next/static/chunks/db2ad__pnpm_bc426aec._.js:3642:29)
    at useTranslationsImpl.useMemo[translate] (http://localhost:3000/_next/static/chunks/db2ad__pnpm_bc426aec._.js:4163:378)
    at mountMemo (http://localhost:3000/_next/static/chunks/509c2_next_dist_compiled_react-dom_1698bfa6._.js:5424:25)
    at Object.useMemo (http://localhost:3000/_next/static/chunks/509c2_next_dist_compiled_react-dom_1698bfa6._.js:15003:24)
    at exports.useMemo (http://localhost:3000/_next/static/chunks/509c2_next_dist_compiled_9044104d._.js:1742:36)
    at useTranslationsImpl (http://localhost:3000/_next/static/chunks/db2ad__pnpm_bc426aec._.js:4162:416)
    at useTranslations (http://localhost:3000/_next/static/chunks/db2ad__pnpm_bc426aec._.js:4201:12)
    at http://localhost:3000/_next/static/chunks/db2ad__pnpm_ff96319a._.js:25:20
    at LoginForm (http://localhost:3000/_next/static/chunks/pi-cwd-20260601_admin-platform_libs_e8399fc0._.js:4087:432)
    at Object.react_stack_bottom_frame (http://localhost:3000/_next/static/chunks/509c2_next_dist_compiled_react-dom_1698bfa6._.js:14826:24)
    at renderWithHooks (http://localhost:3000/_next/static/chunks/509c2_next_dist_compiled_react-dom_1698bfa6._.js:4651:24)
    at updateFunctionComponent (http://localhost:3000/_next/static/chunks/509c2_next_dist_compiled_react-dom_1698bfa6._.js:6112:21)
    at beginWork (http://localhost:3000/_next/static/chunks/509c2_next_dist_compiled_react-dom_1698bfa6._.js:6708:24)
    at runWithFiberInDEV (http://localhost:3000/_next/static/chunks/509c2_next_dist_compiled_react-dom_1698bfa6._.js:965:74)
    at performUnitOfWork (http://localhost:3000/_next/static/chunks/509c2_next_dist_compiled_react-dom_1698bfa6._.js:9562:97)
    at workLoopConcurrentByScheduler (http://localhost:3000/_next/static/chunks/509c2_next_dist_compiled_react-dom_1698bfa6._.js:9558:58)
    at renderRootConcurrent (http://localhost:3000/_next/static/chunks/509c2_next_dist_compiled_react-dom_1698bfa6._.js:9541:71)
    at performWorkOnRoot (http://localhost:3000/_next/static/chunks/509c2_next_dist_compiled_react-dom_1698bfa6._.js:9068:150)
    at performWorkOnRootViaSchedulerTask (http://localhost:3000/_next/static/chunks/509c2_next_dist_compiled_react-dom_1698bfa6._.js:10230:9)
    at MessagePort.performWorkUntilDeadline (http://localhost:3000/_next/static/chunks/509c2_next_dist_compiled_9044104d._.js:2647:64) @ http://localhost:3000/_next/static/chunks/509c2_next_dist_512df543._.js:3127
[  123857ms] [ERROR] IntlError: MISSING_MESSAGE: Could not resolve `auth` in messages for locale `en-US`.
    at getMessagesOrError (http://localhost:3000/_next/static/chunks/db2ad__pnpm_bc426aec._.js:3637:27)
    at createBaseTranslator (http://localhost:3000/_next/static/chunks/db2ad__pnpm_bc426aec._.js:3642:29)
    at useTranslationsImpl.useMemo[translate] (http://localhost:3000/_next/static/chunks/db2ad__pnpm_bc426aec._.js:4163:378)
    at mountMemo (http://localhost:3000/_next/static/chunks/509c2_next_dist_compiled_react-dom_1698bfa6._.js:5424:25)
    at Object.useMemo (http://localhost:3000/_next/static/chunks/509c2_next_dist_compiled_react-dom_1698bfa6._.js:15003:24)
    at exports.useMemo (http://localhost:3000/_next/static/chunks/509c2_next_dist_compiled_9044104d._.js:1742:36)
    at useTranslationsImpl (http://localhost:3000/_next/static/chunks/db2ad__pnpm_bc426aec._.js:4162:416)
    at useTranslations (http://localhost:3000/_next/static/chunks/db2ad__pnpm_bc426aec._.js:4201:12)
    at http://localhost:3000/_next/static/chunks/db2ad__pnpm_ff96319a._.js:25:20
    at LoginForm (http://localhost:3000/_next/static/chunks/pi-cwd-20260601_admin-platform_libs_e8399fc0._.js:4087:432)
    at Object.react_stack_bottom_frame (http://localhost:3000/_next/static/chunks/509c2_next_dist_compiled_react-dom_1698bfa6._.js:14826:24)
    at renderWithHooks (http://localhost:3000/_next/static/chunks/509c2_next_dist_compiled_react-dom_1698bfa6._.js:4651:24)
    at updateFunctionComponent (http://localhost:3000/_next/static/chunks/509c2_next_dist_compiled_react-dom_1698bfa6._.js:6112:21)
    at beginWork (http://localhost:3000/_next/static/chunks/509c2_next_dist_compiled_react-dom_1698bfa6._.js:6708:24)
    at runWithFiberInDEV (http://localhost:3000/_next/static/chunks/509c2_next_dist_compiled_react-dom_1698bfa6._.js:965:74)
    at performUnitOfWork (http://localhost:3000/_next/static/chunks/509c2_next_dist_compiled_react-dom_1698bfa6._.js:9562:97)
    at workLoopConcurrentByScheduler (http://localhost:3000/_next/static/chunks/509c2_next_dist_compiled_react-dom_1698bfa6._.js:9558:58)
    at renderRootConcurrent (http://localhost:3000/_next/static/chunks/509c2_next_dist_compiled_react-dom_1698bfa6._.js:9541:71)
    at performWorkOnRoot (http://localhost:3000/_next/static/chunks/509c2_next_dist_compiled_react-dom_1698bfa6._.js:9068:150)
    at performWorkOnRootViaSchedulerTask (http://localhost:3000/_next/static/chunks/509c2_next_dist_compiled_react-dom_1698bfa6._.js:10230:9)
    at MessagePort.performWorkUntilDeadline (http://localhost:3000/_next/static/chunks/509c2_next_dist_compiled_9044104d._.js:2647:64) @ http://localhost:3000/_next/static/chunks/509c2_next_dist_512df543._.js:3127
[  123858ms] [ERROR] IntlError: MISSING_MESSAGE: Could not resolve `auth` in messages for locale `en-US`.
    at getMessagesOrError (http://localhost:3000/_next/static/chunks/db2ad__pnpm_bc426aec._.js:3637:27)
    at createBaseTranslator (http://localhost:3000/_next/static/chunks/db2ad__pnpm_bc426aec._.js:3642:29)
    at useTranslationsImpl.useMemo[translate] (http://localhost:3000/_next/static/chunks/db2ad__pnpm_bc426aec._.js:4163:378)
    at mountMemo (http://localhost:3000/_next/static/chunks/509c2_next_dist_compiled_react-dom_1698bfa6._.js:5424:25)
    at Object.useMemo (http://localhost:3000/_next/static/chunks/509c2_next_dist_compiled_react-dom_1698bfa6._.js:15003:24)
    at exports.useMemo (http://localhost:3000/_next/static/chunks/509c2_next_dist_compiled_9044104d._.js:1742:36)
    at useTranslationsImpl (http://localhost:3000/_next/static/chunks/db2ad__pnpm_bc426aec._.js:4162:416)
    at useTranslations (http://localhost:3000/_next/static/chunks/db2ad__pnpm_bc426aec._.js:4201:12)
    at http://localhost:3000/_next/static/chunks/db2ad__pnpm_ff96319a._.js:25:20
    at LoginForm (http://localhost:3000/_next/static/chunks/pi-cwd-20260601_admin-platform_libs_e8399fc0._.js:4087:432)
    at Object.react_stack_bottom_frame (http://localhost:3000/_next/static/chunks/509c2_next_dist_compiled_react-dom_1698bfa6._.js:14826:24)
    at renderWithHooks (http://localhost:3000/_next/static/chunks/509c2_next_dist_compiled_react-dom_1698bfa6._.js:4651:24)
    at updateFunctionComponent (http://localhost:3000/_next/static/chunks/509c2_next_dist_compiled_react-dom_1698bfa6._.js:6112:21)
    at beginWork (http://localhost:3000/_next/static/chunks/509c2_next_dist_compiled_react-dom_1698bfa6._.js:6708:24)
    at runWithFiberInDEV (http://localhost:3000/_next/static/chunks/509c2_next_dist_compiled_react-dom_1698bfa6._.js:965:74)
    at performUnitOfWork (http://localhost:3000/_next/static/chunks/509c2_next_dist_compiled_react-dom_1698bfa6._.js:9562:97)
    at workLoopConcurrentByScheduler (http://localhost:3000/_next/static/chunks/509c2_next_dist_compiled_react-dom_1698bfa6._.js:9558:58)
    at renderRootConcurrent (http://localhost:3000/_next/static/chunks/509c2_next_dist_compiled_react-dom_1698bfa6._.js:9541:71)
    at performWorkOnRoot (http://localhost:3000/_next/static/chunks/509c2_next_dist_compiled_react-dom_1698bfa6._.js:9068:150)
    at performWorkOnRootViaSchedulerTask (http://localhost:3000/_next/static/chunks/509c2_next_dist_compiled_react-dom_1698bfa6._.js:10230:9)
    at MessagePort.performWorkUntilDeadline (http://localhost:3000/_next/static/chunks/509c2_next_dist_compiled_9044104d._.js:2647:64) @ http://localhost:3000/_next/static/chunks/509c2_next_dist_512df543._.js:3127
[  123859ms] [ERROR] IntlError: MISSING_MESSAGE: Could not resolve `auth` in messages for locale `en-US`.
    at getMessagesOrError (http://localhost:3000/_next/static/chunks/db2ad__pnpm_bc426aec._.js:3637:27)
    at createBaseTranslator (http://localhost:3000/_next/static/chunks/db2ad__pnpm_bc426aec._.js:3642:29)
    at useTranslationsImpl.useMemo[translate] (http://localhost:3000/_next/static/chunks/db2ad__pnpm_bc426aec._.js:4163:378)
    at mountMemo (http://localhost:3000/_next/static/chunks/509c2_next_dist_compiled_react-dom_1698bfa6._.js:5424:25)
    at Object.useMemo (http://localhost:3000/_next/static/chunks/509c2_next_dist_compiled_react-dom_1698bfa6._.js:15003:24)
    at exports.useMemo (http://localhost:3000/_next/static/chunks/509c2_next_dist_compiled_9044104d._.js:1742:36)
    at useTranslationsImpl (http://localhost:3000/_next/static/chunks/db2ad__pnpm_bc426aec._.js:4162:416)
    at useTranslations (http://localhost:3000/_next/static/chunks/db2ad__pnpm_bc426aec._.js:4201:12)
    at http://localhost:3000/_next/static/chunks/db2ad__pnpm_ff96319a._.js:25:20
    at LoginForm (http://localhost:3000/_next/static/chunks/pi-cwd-20260601_admin-platform_libs_e8399fc0._.js:4087:432)
    at Object.react_stack_bottom_frame (http://localhost:3000/_next/static/chunks/509c2_next_dist_compiled_react-dom_1698bfa6._.js:14826:24)
    at renderWithHooks (http://localhost:3000/_next/static/chunks/509c2_next_dist_compiled_react-dom_1698bfa6._.js:4651:24)
    at updateFunctionComponent (http://localhost:3000/_next/static/chunks/509c2_next_dist_compiled_react-dom_1698bfa6._.js:6112:21)
    at beginWork (http://localhost:3000/_next/static/chunks/509c2_next_dist_compiled_react-dom_1698bfa6._.js:6708:24)
    at runWithFiberInDEV (http://localhost:3000/_next/static/chunks/509c2_next_dist_compiled_react-dom_1698bfa6._.js:965:74)
    at performUnitOfWork (http://localhost:3000/_next/static/chunks/509c2_next_dist_compiled_react-dom_1698bfa6._.js:9562:97)
    at workLoopConcurrentByScheduler (http://localhost:3000/_next/static/chunks/509c2_next_dist_compiled_react-dom_1698bfa6._.js:9558:58)
    at renderRootConcurrent (http://localhost:3000/_next/static/chunks/509c2_next_dist_compiled_react-dom_1698bfa6._.js:9541:71)
    at performWorkOnRoot (http://localhost:3000/_next/static/chunks/509c2_next_dist_compiled_react-dom_1698bfa6._.js:9068:150)
    at performWorkOnRootViaSchedulerTask (http://localhost:3000/_next/static/chunks/509c2_next_dist_compiled_react-dom_1698bfa6._.js:10230:9)
    at MessagePort.performWorkUntilDeadline (http://localhost:3000/_next/static/chunks/509c2_next_dist_compiled_9044104d._.js:2647:64) @ http://localhost:3000/_next/static/chunks/509c2_next_dist_512df543._.js:3127
[  123859ms] [ERROR] IntlError: MISSING_MESSAGE: Could not resolve `auth` in messages for locale `en-US`.
    at getMessagesOrError (http://localhost:3000/_next/static/chunks/db2ad__pnpm_bc426aec._.js:3637:27)
    at createBaseTranslator (http://localhost:3000/_next/static/chunks/db2ad__pnpm_bc426aec._.js:3642:29)
    at useTranslationsImpl.useMemo[translate] (http://localhost:3000/_next/static/chunks/db2ad__pnpm_bc426aec._.js:4163:378)
    at mountMemo (http://localhost:3000/_next/static/chunks/509c2_next_dist_compiled_react-dom_1698bfa6._.js:5424:25)
    at Object.useMemo (http://localhost:3000/_next/static/chunks/509c2_next_dist_compiled_react-dom_1698bfa6._.js:15003:24)
    at exports.useMemo (http://localhost:3000/_next/static/chunks/509c2_next_dist_compiled_9044104d._.js:1742:36)
    at useTranslationsImpl (http://localhost:3000/_next/static/chunks/db2ad__pnpm_bc426aec._.js:4162:416)
    at useTranslations (http://localhost:3000/_next/static/chunks/db2ad__pnpm_bc426aec._.js:4201:12)
    at http://localhost:3000/_next/static/chunks/db2ad__pnpm_ff96319a._.js:25:20
    at LoginForm (http://localhost:3000/_next/static/chunks/pi-cwd-20260601_admin-platform_libs_e8399fc0._.js:4087:432)
    at Object.react_stack_bottom_frame (http://localhost:3000/_next/static/chunks/509c2_next_dist_compiled_react-dom_1698bfa6._.js:14826:24)
    at renderWithHooks (http://localhost:3000/_next/static/chunks/509c2_next_dist_compiled_react-dom_1698bfa6._.js:4651:24)
    at updateFunctionComponent (http://localhost:3000/_next/static/chunks/509c2_next_dist_compiled_react-dom_1698bfa6._.js:6112:21)
    at beginWork (http://localhost:3000/_next/static/chunks/509c2_next_dist_compiled_react-dom_1698bfa6._.js:6708:24)
    at runWithFiberInDEV (http://localhost:3000/_next/static/chunks/509c2_next_dist_compiled_react-dom_1698bfa6._.js:965:74)
    at performUnitOfWork (http://localhost:3000/_next/static/chunks/509c2_next_dist_compiled_react-dom_1698bfa6._.js:9562:97)
    at workLoopConcurrentByScheduler (http://localhost:3000/_next/static/chunks/509c2_next_dist_compiled_react-dom_1698bfa6._.js:9558:58)
    at renderRootConcurrent (http://localhost:3000/_next/static/chunks/509c2_next_dist_compiled_react-dom_1698bfa6._.js:9541:71)
    at performWorkOnRoot (http://localhost:3000/_next/static/chunks/509c2_next_dist_compiled_react-dom_1698bfa6._.js:9068:150)
    at performWorkOnRootViaSchedulerTask (http://localhost:3000/_next/static/chunks/509c2_next_dist_compiled_react-dom_1698bfa6._.js:10230:9)
    at MessagePort.performWorkUntilDeadline (http://localhost:3000/_next/static/chunks/509c2_next_dist_compiled_9044104d._.js:2647:64) @ http://localhost:3000/_next/static/chunks/509c2_next_dist_512df543._.js:3127
[  123859ms] [ERROR] IntlError: MISSING_MESSAGE: Could not resolve `auth` in messages for locale `en-US`.
    at getMessagesOrError (http://localhost:3000/_next/static/chunks/db2ad__pnpm_bc426aec._.js:3637:27)
    at createBaseTranslator (http://localhost:3000/_next/static/chunks/db2ad__pnpm_bc426aec._.js:3642:29)
    at useTranslationsImpl.useMemo[translate] (http://localhost:3000/_next/static/chunks/db2ad__pnpm_bc426aec._.js:4163:378)
    at mountMemo (http://localhost:3000/_next/static/chunks/509c2_next_dist_compiled_react-dom_1698bfa6._.js:5424:25)
    at Object.useMemo (http://localhost:3000/_next/static/chunks/509c2_next_dist_compiled_react-dom_1698bfa6._.js:15003:24)
    at exports.useMemo (http://localhost:3000/_next/static/chunks/509c2_next_dist_compiled_9044104d._.js:1742:36)
    at useTranslationsImpl (http://localhost:3000/_next/static/chunks/db2ad__pnpm_bc426aec._.js:4162:416)
    at useTranslations (http://localhost:3000/_next/static/chunks/db2ad__pnpm_bc426aec._.js:4201:12)
    at http://localhost:3000/_next/static/chunks/db2ad__pnpm_ff96319a._.js:25:20
    at LoginForm (http://localhost:3000/_next/static/chunks/pi-cwd-20260601_admin-platform_libs_e8399fc0._.js:4087:432)
    at Object.react_stack_bottom_frame (http://localhost:3000/_next/static/chunks/509c2_next_dist_compiled_react-dom_1698bfa6._.js:14826:24)
    at renderWithHooks (http://localhost:3000/_next/static/chunks/509c2_next_dist_compiled_react-dom_1698bfa6._.js:4651:24)
    at updateFunctionComponent (http://localhost:3000/_next/static/chunks/509c2_next_dist_compiled_react-dom_1698bfa6._.js:6112:21)
    at beginWork (http://localhost:3000/_next/static/chunks/509c2_next_dist_compiled_react-dom_1698bfa6._.js:6708:24)
    at runWithFiberInDEV (http://localhost:3000/_next/static/chunks/509c2_next_dist_compiled_react-dom_1698bfa6._.js:965:74)
    at performUnitOfWork (http://localhost:3000/_next/static/chunks/509c2_next_dist_compiled_react-dom_1698bfa6._.js:9562:97)
    at workLoopConcurrentByScheduler (http://localhost:3000/_next/static/chunks/509c2_next_dist_compiled_react-dom_1698bfa6._.js:9558:58)
    at renderRootConcurrent (http://localhost:3000/_next/static/chunks/509c2_next_dist_compiled_react-dom_1698bfa6._.js:9541:71)
    at performWorkOnRoot (http://localhost:3000/_next/static/chunks/509c2_next_dist_compiled_react-dom_1698bfa6._.js:9068:150)
    at performWorkOnRootViaSchedulerTask (http://localhost:3000/_next/static/chunks/509c2_next_dist_compiled_react-dom_1698bfa6._.js:10230:9)
    at MessagePort.performWorkUntilDeadline (http://localhost:3000/_next/static/chunks/509c2_next_dist_compiled_9044104d._.js:2647:64) @ http://localhost:3000/_next/static/chunks/509c2_next_dist_512df543._.js:3127
[  123860ms] [ERROR] IntlError: MISSING_MESSAGE: Could not resolve `auth` in messages for locale `en-US`.
    at getMessagesOrError (http://localhost:3000/_next/static/chunks/db2ad__pnpm_bc426aec._.js:3637:27)
    at createBaseTranslator (http://localhost:3000/_next/static/chunks/db2ad__pnpm_bc426aec._.js:3642:29)
    at useTranslationsImpl.useMemo[translate] (http://localhost:3000/_next/static/chunks/db2ad__pnpm_bc426aec._.js:4163:378)
    at mountMemo (http://localhost:3000/_next/static/chunks/509c2_next_dist_compiled_react-dom_1698bfa6._.js:5424:25)
    at Object.useMemo (http://localhost:3000/_next/static/chunks/509c2_next_dist_compiled_react-dom_1698bfa6._.js:15003:24)
    at exports.useMemo (http://localhost:3000/_next/static/chunks/509c2_next_dist_compiled_9044104d._.js:1742:36)
    at useTranslationsImpl (http://localhost:3000/_next/static/chunks/db2ad__pnpm_bc426aec._.js:4162:416)
    at useTranslations (http://localhost:3000/_next/static/chunks/db2ad__pnpm_bc426aec._.js:4201:12)
    at http://localhost:3000/_next/static/chunks/db2ad__pnpm_ff96319a._.js:25:20
    at LoginForm (http://localhost:3000/_next/static/chunks/pi-cwd-20260601_admin-platform_libs_e8399fc0._.js:4087:432)
    at Object.react_stack_bottom_frame (http://localhost:3000/_next/static/chunks/509c2_next_dist_compiled_react-dom_1698bfa6._.js:14826:24)
    at renderWithHooks (http://localhost:3000/_next/static/chunks/509c2_next_dist_compiled_react-dom_1698bfa6._.js:4651:24)
    at updateFunctionComponent (http://localhost:3000/_next/static/chunks/509c2_next_dist_compiled_react-dom_1698bfa6._.js:6112:21)
    at beginWork (http://localhost:3000/_next/static/chunks/509c2_next_dist_compiled_react-dom_1698bfa6._.js:6708:24)
    at runWithFiberInDEV (http://localhost:3000/_next/static/chunks/509c2_next_dist_compiled_react-dom_1698bfa6._.js:965:74)
    at performUnitOfWork (http://localhost:3000/_next/static/chunks/509c2_next_dist_compiled_react-dom_1698bfa6._.js:9562:97)
    at workLoopConcurrentByScheduler (http://localhost:3000/_next/static/chunks/509c2_next_dist_compiled_react-dom_1698bfa6._.js:9558:58)
    at renderRootConcurrent (http://localhost:3000/_next/static/chunks/509c2_next_dist_compiled_react-dom_1698bfa6._.js:9541:71)
    at performWorkOnRoot (http://localhost:3000/_next/static/chunks/509c2_next_dist_compiled_react-dom_1698bfa6._.js:9068:150)
    at performWorkOnRootViaSchedulerTask (http://localhost:3000/_next/static/chunks/509c2_next_dist_compiled_react-dom_1698bfa6._.js:10230:9)
    at MessagePort.performWorkUntilDeadline (http://localhost:3000/_next/static/chunks/509c2_next_dist_compiled_9044104d._.js:2647:64) @ http://localhost:3000/_next/static/chunks/509c2_next_dist_512df543._.js:3127
[  123860ms] [ERROR] IntlError: MISSING_MESSAGE: Could not resolve `auth` in messages for locale `en-US`.
    at getMessagesOrError (http://localhost:3000/_next/static/chunks/db2ad__pnpm_bc426aec._.js:3637:27)
    at createBaseTranslator (http://localhost:3000/_next/static/chunks/db2ad__pnpm_bc426aec._.js:3642:29)
    at useTranslationsImpl.useMemo[translate] (http://localhost:3000/_next/static/chunks/db2ad__pnpm_bc426aec._.js:4163:378)
    at mountMemo (http://localhost:3000/_next/static/chunks/509c2_next_dist_compiled_react-dom_1698bfa6._.js:5424:25)
    at Object.useMemo (http://localhost:3000/_next/static/chunks/509c2_next_dist_compiled_react-dom_1698bfa6._.js:15003:24)
    at exports.useMemo (http://localhost:3000/_next/static/chunks/509c2_next_dist_compiled_9044104d._.js:1742:36)
    at useTranslationsImpl (http://localhost:3000/_next/static/chunks/db2ad__pnpm_bc426aec._.js:4162:416)
    at useTranslations (http://localhost:3000/_next/static/chunks/db2ad__pnpm_bc426aec._.js:4201:12)
    at http://localhost:3000/_next/static/chunks/db2ad__pnpm_ff96319a._.js:25:20
    at LoginForm (http://localhost:3000/_next/static/chunks/pi-cwd-20260601_admin-platform_libs_e8399fc0._.js:4087:432)
    at Object.react_stack_bottom_frame (http://localhost:3000/_next/static/chunks/509c2_next_dist_compiled_react-dom_1698bfa6._.js:14826:24)
    at renderWithHooks (http://localhost:3000/_next/static/chunks/509c2_next_dist_compiled_react-dom_1698bfa6._.js:4651:24)
    at updateFunctionComponent (http://localhost:3000/_next/static/chunks/509c2_next_dist_compiled_react-dom_1698bfa6._.js:6112:21)
    at beginWork (http://localhost:3000/_next/static/chunks/509c2_next_dist_compiled_react-dom_1698bfa6._.js:6708:24)
    at runWithFiberInDEV (http://localhost:3000/_next/static/chunks/509c2_next_dist_compiled_react-dom_1698bfa6._.js:965:74)
    at performUnitOfWork (http://localhost:3000/_next/static/chunks/509c2_next_dist_compiled_react-dom_1698bfa6._.js:9562:97)
    at workLoopConcurrentByScheduler (http://localhost:3000/_next/static/chunks/509c2_next_dist_compiled_react-dom_1698bfa6._.js:9558:58)
    at renderRootConcurrent (http://localhost:3000/_next/static/chunks/509c2_next_dist_compiled_react-dom_1698bfa6._.js:9541:71)
    at performWorkOnRoot (http://localhost:3000/_next/static/chunks/509c2_next_dist_compiled_react-dom_1698bfa6._.js:9068:150)
    at performWorkOnRootViaSchedulerTask (http://localhost:3000/_next/static/chunks/509c2_next_dist_compiled_react-dom_1698bfa6._.js:10230:9)
    at MessagePort.performWorkUntilDeadline (http://localhost:3000/_next/static/chunks/509c2_next_dist_compiled_9044104d._.js:2647:64) @ http://localhost:3000/_next/static/chunks/509c2_next_dist_512df543._.js:3127
[  123860ms] [ERROR] IntlError: MISSING_MESSAGE: Could not resolve `auth` in messages for locale `en-US`.
    at getMessagesOrError (http://localhost:3000/_next/static/chunks/db2ad__pnpm_bc426aec._.js:3637:27)
    at createBaseTranslator (http://localhost:3000/_next/static/chunks/db2ad__pnpm_bc426aec._.js:3642:29)
    at useTranslationsImpl.useMemo[translate] (http://localhost:3000/_next/static/chunks/db2ad__pnpm_bc426aec._.js:4163:378)
    at mountMemo (http://localhost:3000/_next/static/chunks/509c2_next_dist_compiled_react-dom_1698bfa6._.js:5424:25)
    at Object.useMemo (http://localhost:3000/_next/static/chunks/509c2_next_dist_compiled_react-dom_1698bfa6._.js:15003:24)
    at exports.useMemo (http://localhost:3000/_next/static/chunks/509c2_next_dist_compiled_9044104d._.js:1742:36)
    at useTranslationsImpl (http://localhost:3000/_next/static/chunks/db2ad__pnpm_bc426aec._.js:4162:416)
    at useTranslations (http://localhost:3000/_next/static/chunks/db2ad__pnpm_bc426aec._.js:4201:12)
    at http://localhost:3000/_next/static/chunks/db2ad__pnpm_ff96319a._.js:25:20
    at LoginForm (http://localhost:3000/_next/static/chunks/pi-cwd-20260601_admin-platform_libs_e8399fc0._.js:4087:432)
    at Object.react_stack_bottom_frame (http://localhost:3000/_next/static/chunks/509c2_next_dist_compiled_react-dom_1698bfa6._.js:14826:24)
    at renderWithHooks (http://localhost:3000/_next/static/chunks/509c2_next_dist_compiled_react-dom_1698bfa6._.js:4651:24)
    at updateFunctionComponent (http://localhost:3000/_next/static/chunks/509c2_next_dist_compiled_react-dom_1698bfa6._.js:6112:21)
    at beginWork (http://localhost:3000/_next/static/chunks/509c2_next_dist_compiled_react-dom_1698bfa6._.js:6708:24)
    at runWithFiberInDEV (http://localhost:3000/_next/static/chunks/509c2_next_dist_compiled_react-dom_1698bfa6._.js:965:74)
    at performUnitOfWork (http://localhost:3000/_next/static/chunks/509c2_next_dist_compiled_react-dom_1698bfa6._.js:9562:97)
    at workLoopConcurrentByScheduler (http://localhost:3000/_next/static/chunks/509c2_next_dist_compiled_react-dom_1698bfa6._.js:9558:58)
    at renderRootConcurrent (http://localhost:3000/_next/static/chunks/509c2_next_dist_compiled_react-dom_1698bfa6._.js:9541:71)
    at performWorkOnRoot (http://localhost:3000/_next/static/chunks/509c2_next_dist_compiled_react-dom_1698bfa6._.js:9068:150)
    at performWorkOnRootViaSchedulerTask (http://localhost:3000/_next/static/chunks/509c2_next_dist_compiled_react-dom_1698bfa6._.js:10230:9)
    at MessagePort.performWorkUntilDeadline (http://localhost:3000/_next/static/chunks/509c2_next_dist_compiled_9044104d._.js:2647:64) @ http://localhost:3000/_next/static/chunks/509c2_next_dist_512df543._.js:3127
[  123861ms] [ERROR] IntlError: MISSING_MESSAGE: Could not resolve `auth` in messages for locale `en-US`.
    at getMessagesOrError (http://localhost:3000/_next/static/chunks/db2ad__pnpm_bc426aec._.js:3637:27)
    at createBaseTranslator (http://localhost:3000/_next/static/chunks/db2ad__pnpm_bc426aec._.js:3642:29)
    at useTranslationsImpl.useMemo[translate] (http://localhost:3000/_next/static/chunks/db2ad__pnpm_bc426aec._.js:4163:378)
    at mountMemo (http://localhost:3000/_next/static/chunks/509c2_next_dist_compiled_react-dom_1698bfa6._.js:5424:25)
    at Object.useMemo (http://localhost:3000/_next/static/chunks/509c2_next_dist_compiled_react-dom_1698bfa6._.js:15003:24)
    at exports.useMemo (http://localhost:3000/_next/static/chunks/509c2_next_dist_compiled_9044104d._.js:1742:36)
    at useTranslationsImpl (http://localhost:3000/_next/static/chunks/db2ad__pnpm_bc426aec._.js:4162:416)
    at useTranslations (http://localhost:3000/_next/static/chunks/db2ad__pnpm_bc426aec._.js:4201:12)
    at http://localhost:3000/_next/static/chunks/db2ad__pnpm_ff96319a._.js:25:20
    at LoginForm (http://localhost:3000/_next/static/chunks/pi-cwd-20260601_admin-platform_libs_e8399fc0._.js:4087:432)
    at Object.react_stack_bottom_frame (http://localhost:3000/_next/static/chunks/509c2_next_dist_compiled_react-dom_1698bfa6._.js:14826:24)
    at renderWithHooks (http://localhost:3000/_next/static/chunks/509c2_next_dist_compiled_react-dom_1698bfa6._.js:4651:24)
    at updateFunctionComponent (http://localhost:3000/_next/static/chunks/509c2_next_dist_compiled_react-dom_1698bfa6._.js:6112:21)
    at beginWork (http://localhost:3000/_next/static/chunks/509c2_next_dist_compiled_react-dom_1698bfa6._.js:6708:24)
    at runWithFiberInDEV (http://localhost:3000/_next/static/chunks/509c2_next_dist_compiled_react-dom_1698bfa6._.js:965:74)
    at performUnitOfWork (http://localhost:3000/_next/static/chunks/509c2_next_dist_compiled_react-dom_1698bfa6._.js:9562:97)
    at workLoopConcurrentByScheduler (http://localhost:3000/_next/static/chunks/509c2_next_dist_compiled_react-dom_1698bfa6._.js:9558:58)
    at renderRootConcurrent (http://localhost:3000/_next/static/chunks/509c2_next_dist_compiled_react-dom_1698bfa6._.js:9541:71)
    at performWorkOnRoot (http://localhost:3000/_next/static/chunks/509c2_next_dist_compiled_react-dom_1698bfa6._.js:9068:150)
    at performWorkOnRootViaSchedulerTask (http://localhost:3000/_next/static/chunks/509c2_next_dist_compiled_react-dom_1698bfa6._.js:10230:9)
    at MessagePort.performWorkUntilDeadline (http://localhost:3000/_next/static/chunks/509c2_next_dist_compiled_9044104d._.js:2647:64) @ http://localhost:3000/_next/static/chunks/509c2_next_dist_512df543._.js:3127
[  123861ms] [ERROR] IntlError: MISSING_MESSAGE: Could not resolve `auth` in messages for locale `en-US`.
    at getMessagesOrError (http://localhost:3000/_next/static/chunks/db2ad__pnpm_bc426aec._.js:3637:27)
    at createBaseTranslator (http://localhost:3000/_next/static/chunks/db2ad__pnpm_bc426aec._.js:3642:29)
    at useTranslationsImpl.useMemo[translate] (http://localhost:3000/_next/static/chunks/db2ad__pnpm_bc426aec._.js:4163:378)
    at mountMemo (http://localhost:3000/_next/static/chunks/509c2_next_dist_compiled_react-dom_1698bfa6._.js:5424:25)
    at Object.useMemo (http://localhost:3000/_next/static/chunks/509c2_next_dist_compiled_react-dom_1698bfa6._.js:15003:24)
    at exports.useMemo (http://localhost:3000/_next/static/chunks/509c2_next_dist_compiled_9044104d._.js:1742:36)
    at useTranslationsImpl (http://localhost:3000/_next/static/chunks/db2ad__pnpm_bc426aec._.js:4162:416)
    at useTranslations (http://localhost:3000/_next/static/chunks/db2ad__pnpm_bc426aec._.js:4201:12)
    at http://localhost:3000/_next/static/chunks/db2ad__pnpm_ff96319a._.js:25:20
    at LoginForm (http://localhost:3000/_next/static/chunks/pi-cwd-20260601_admin-platform_libs_e8399fc0._.js:4087:432)
    at Object.react_stack_bottom_frame (http://localhost:3000/_next/static/chunks/509c2_next_dist_compiled_react-dom_1698bfa6._.js:14826:24)
    at renderWithHooks (http://localhost:3000/_next/static/chunks/509c2_next_dist_compiled_react-dom_1698bfa6._.js:4651:24)
    at updateFunctionComponent (http://localhost:3000/_next/static/chunks/509c2_next_dist_compiled_react-dom_1698bfa6._.js:6112:21)
    at beginWork (http://localhost:3000/_next/static/chunks/509c2_next_dist_compiled_react-dom_1698bfa6._.js:6708:24)
    at runWithFiberInDEV (http://localhost:3000/_next/static/chunks/509c2_next_dist_compiled_react-dom_1698bfa6._.js:965:74)
    at performUnitOfWork (http://localhost:3000/_next/static/chunks/509c2_next_dist_compiled_react-dom_1698bfa6._.js:9562:97)
    at workLoopConcurrentByScheduler (http://localhost:3000/_next/static/chunks/509c2_next_dist_compiled_react-dom_1698bfa6._.js:9558:58)
    at renderRootConcurrent (http://localhost:3000/_next/static/chunks/509c2_next_dist_compiled_react-dom_1698bfa6._.js:9541:71)
    at performWorkOnRoot (http://localhost:3000/_next/static/chunks/509c2_next_dist_compiled_react-dom_1698bfa6._.js:9068:150)
    at performWorkOnRootViaSchedulerTask (http://localhost:3000/_next/static/chunks/509c2_next_dist_compiled_react-dom_1698bfa6._.js:10230:9)
    at MessagePort.performWorkUntilDeadline (http://localhost:3000/_next/static/chunks/509c2_next_dist_compiled_9044104d._.js:2647:64) @ http://localhost:3000/_next/static/chunks/509c2_next_dist_512df543._.js:3127
[  123862ms] [ERROR] IntlError: MISSING_MESSAGE: Could not resolve `auth` in messages for locale `en-US`.
    at getMessagesOrError (http://localhost:3000/_next/static/chunks/db2ad__pnpm_bc426aec._.js:3637:27)
    at createBaseTranslator (http://localhost:3000/_next/static/chunks/db2ad__pnpm_bc426aec._.js:3642:29)
    at useTranslationsImpl.useMemo[translate] (http://localhost:3000/_next/static/chunks/db2ad__pnpm_bc426aec._.js:4163:378)
    at mountMemo (http://localhost:3000/_next/static/chunks/509c2_next_dist_compiled_react-dom_1698bfa6._.js:5424:25)
    at Object.useMemo (http://localhost:3000/_next/static/chunks/509c2_next_dist_compiled_react-dom_1698bfa6._.js:15003:24)
    at exports.useMemo (http://localhost:3000/_next/static/chunks/509c2_next_dist_compiled_9044104d._.js:1742:36)
    at useTranslationsImpl (http://localhost:3000/_next/static/chunks/db2ad__pnpm_bc426aec._.js:4162:416)
    at useTranslations (http://localhost:3000/_next/static/chunks/db2ad__pnpm_bc426aec._.js:4201:12)
    at http://localhost:3000/_next/static/chunks/db2ad__pnpm_ff96319a._.js:25:20
    at LoginForm (http://localhost:3000/_next/static/chunks/pi-cwd-20260601_admin-platform_libs_e8399fc0._.js:4087:432)
    at Object.react_stack_bottom_frame (http://localhost:3000/_next/static/chunks/509c2_next_dist_compiled_react-dom_1698bfa6._.js:14826:24)
    at renderWithHooks (http://localhost:3000/_next/static/chunks/509c2_next_dist_compiled_react-dom_1698bfa6._.js:4651:24)
    at updateFunctionComponent (http://localhost:3000/_next/static/chunks/509c2_next_dist_compiled_react-dom_1698bfa6._.js:6112:21)
    at beginWork (http://localhost:3000/_next/static/chunks/509c2_next_dist_compiled_react-dom_1698bfa6._.js:6708:24)
    at runWithFiberInDEV (http://localhost:3000/_next/static/chunks/509c2_next_dist_compiled_react-dom_1698bfa6._.js:965:74)
    at performUnitOfWork (http://localhost:3000/_next/static/chunks/509c2_next_dist_compiled_react-dom_1698bfa6._.js:9562:97)
    at workLoopConcurrentByScheduler (http://localhost:3000/_next/static/chunks/509c2_next_dist_compiled_react-dom_1698bfa6._.js:9558:58)
    at renderRootConcurrent (http://localhost:3000/_next/static/chunks/509c2_next_dist_compiled_react-dom_1698bfa6._.js:9541:71)
    at performWorkOnRoot (http://localhost:3000/_next/static/chunks/509c2_next_dist_compiled_react-dom_1698bfa6._.js:9068:150)
    at performWorkOnRootViaSchedulerTask (http://localhost:3000/_next/static/chunks/509c2_next_dist_compiled_react-dom_1698bfa6._.js:10230:9)
    at MessagePort.performWorkUntilDeadline (http://localhost:3000/_next/static/chunks/509c2_next_dist_compiled_9044104d._.js:2647:64) @ http://localhost:3000/_next/static/chunks/509c2_next_dist_512df543._.js:3127
[  123862ms] [ERROR] IntlError: MISSING_MESSAGE: Could not resolve `auth` in messages for locale `en-US`.
    at getMessagesOrError (http://localhost:3000/_next/static/chunks/db2ad__pnpm_bc426aec._.js:3637:27)
    at createBaseTranslator (http://localhost:3000/_next/static/chunks/db2ad__pnpm_bc426aec._.js:3642:29)
    at useTranslationsImpl.useMemo[translate] (http://localhost:3000/_next/static/chunks/db2ad__pnpm_bc426aec._.js:4163:378)
    at mountMemo (http://localhost:3000/_next/static/chunks/509c2_next_dist_compiled_react-dom_1698bfa6._.js:5424:25)
    at Object.useMemo (http://localhost:3000/_next/static/chunks/509c2_next_dist_compiled_react-dom_1698bfa6._.js:15003:24)
    at exports.useMemo (http://localhost:3000/_next/static/chunks/509c2_next_dist_compiled_9044104d._.js:1742:36)
    at useTranslationsImpl (http://localhost:3000/_next/static/chunks/db2ad__pnpm_bc426aec._.js:4162:416)
    at useTranslations (http://localhost:3000/_next/static/chunks/db2ad__pnpm_bc426aec._.js:4201:12)
    at http://localhost:3000/_next/static/chunks/db2ad__pnpm_ff96319a._.js:25:20
    at LoginForm (http://localhost:3000/_next/static/chunks/pi-cwd-20260601_admin-platform_libs_e8399fc0._.js:4087:432)
    at Object.react_stack_bottom_frame (http://localhost:3000/_next/static/chunks/509c2_next_dist_compiled_react-dom_1698bfa6._.js:14826:24)
    at renderWithHooks (http://localhost:3000/_next/static/chunks/509c2_next_dist_compiled_react-dom_1698bfa6._.js:4651:24)
    at updateFunctionComponent (http://localhost:3000/_next/static/chunks/509c2_next_dist_compiled_react-dom_1698bfa6._.js:6112:21)
    at beginWork (http://localhost:3000/_next/static/chunks/509c2_next_dist_compiled_react-dom_1698bfa6._.js:6708:24)
    at runWithFiberInDEV (http://localhost:3000/_next/static/chunks/509c2_next_dist_compiled_react-dom_1698bfa6._.js:965:74)
    at performUnitOfWork (http://localhost:3000/_next/static/chunks/509c2_next_dist_compiled_react-dom_1698bfa6._.js:9562:97)
    at workLoopConcurrentByScheduler (http://localhost:3000/_next/static/chunks/509c2_next_dist_compiled_react-dom_1698bfa6._.js:9558:58)
    at renderRootConcurrent (http://localhost:3000/_next/static/chunks/509c2_next_dist_compiled_react-dom_1698bfa6._.js:9541:71)
    at performWorkOnRoot (http://localhost:3000/_next/static/chunks/509c2_next_dist_compiled_react-dom_1698bfa6._.js:9068:150)
    at performWorkOnRootViaSchedulerTask (http://localhost:3000/_next/static/chunks/509c2_next_dist_compiled_react-dom_1698bfa6._.js:10230:9)
    at MessagePort.performWorkUntilDeadline (http://localhost:3000/_next/static/chunks/509c2_next_dist_compiled_9044104d._.js:2647:64) @ http://localhost:3000/_next/static/chunks/509c2_next_dist_512df543._.js:3127
[  123862ms] [ERROR] IntlError: MISSING_MESSAGE: Could not resolve `auth` in messages for locale `en-US`.
    at getMessagesOrError (http://localhost:3000/_next/static/chunks/db2ad__pnpm_bc426aec._.js:3637:27)
    at createBaseTranslator (http://localhost:3000/_next/static/chunks/db2ad__pnpm_bc426aec._.js:3642:29)
    at useTranslationsImpl.useMemo[translate] (http://localhost:3000/_next/static/chunks/db2ad__pnpm_bc426aec._.js:4163:378)
    at mountMemo (http://localhost:3000/_next/static/chunks/509c2_next_dist_compiled_react-dom_1698bfa6._.js:5424:25)
    at Object.useMemo (http://localhost:3000/_next/static/chunks/509c2_next_dist_compiled_react-dom_1698bfa6._.js:15003:24)
    at exports.useMemo (http://localhost:3000/_next/static/chunks/509c2_next_dist_compiled_9044104d._.js:1742:36)
    at useTranslationsImpl (http://localhost:3000/_next/static/chunks/db2ad__pnpm_bc426aec._.js:4162:416)
    at useTranslations (http://localhost:3000/_next/static/chunks/db2ad__pnpm_bc426aec._.js:4201:12)
    at http://localhost:3000/_next/static/chunks/db2ad__pnpm_ff96319a._.js:25:20
    at LoginForm (http://localhost:3000/_next/static/chunks/pi-cwd-20260601_admin-platform_libs_e8399fc0._.js:4087:432)
    at Object.react_stack_bottom_frame (http://localhost:3000/_next/static/chunks/509c2_next_dist_compiled_react-dom_1698bfa6._.js:14826:24)
    at renderWithHooks (http://localhost:3000/_next/static/chunks/509c2_next_dist_compiled_react-dom_1698bfa6._.js:4651:24)
    at updateFunctionComponent (http://localhost:3000/_next/static/chunks/509c2_next_dist_compiled_react-dom_1698bfa6._.js:6112:21)
    at beginWork (http://localhost:3000/_next/static/chunks/509c2_next_dist_compiled_react-dom_1698bfa6._.js:6708:24)
    at runWithFiberInDEV (http://localhost:3000/_next/static/chunks/509c2_next_dist_compiled_react-dom_1698bfa6._.js:965:74)
    at performUnitOfWork (http://localhost:3000/_next/static/chunks/509c2_next_dist_compiled_react-dom_1698bfa6._.js:9562:97)
    at workLoopConcurrentByScheduler (http://localhost:3000/_next/static/chunks/509c2_next_dist_compiled_react-dom_1698bfa6._.js:9558:58)
    at renderRootConcurrent (http://localhost:3000/_next/static/chunks/509c2_next_dist_compiled_react-dom_1698bfa6._.js:9541:71)
    at performWorkOnRoot (http://localhost:3000/_next/static/chunks/509c2_next_dist_compiled_react-dom_1698bfa6._.js:9068:150)
    at performWorkOnRootViaSchedulerTask (http://localhost:3000/_next/static/chunks/509c2_next_dist_compiled_react-dom_1698bfa6._.js:10230:9)
    at MessagePort.performWorkUntilDeadline (http://localhost:3000/_next/static/chunks/509c2_next_dist_compiled_9044104d._.js:2647:64) @ http://localhost:3000/_next/static/chunks/509c2_next_dist_512df543._.js:3127
[  123878ms] [ERROR] IntlError: MISSING_MESSAGE: Could not resolve `auth` in messages for locale `en-US`.
    at getMessagesOrError (http://localhost:3000/_next/static/chunks/db2ad__pnpm_bc426aec._.js:3637:27)
    at createBaseTranslator (http://localhost:3000/_next/static/chunks/db2ad__pnpm_bc426aec._.js:3642:29)
    at useTranslationsImpl.useMemo[translate] (http://localhost:3000/_next/static/chunks/db2ad__pnpm_bc426aec._.js:4163:378)
    at mountMemo (http://localhost:3000/_next/static/chunks/509c2_next_dist_compiled_react-dom_1698bfa6._.js:5424:25)
    at Object.useMemo (http://localhost:3000/_next/static/chunks/509c2_next_dist_compiled_react-dom_1698bfa6._.js:15003:24)
    at exports.useMemo (http://localhost:3000/_next/static/chunks/509c2_next_dist_compiled_9044104d._.js:1742:36)
    at useTranslationsImpl (http://localhost:3000/_next/static/chunks/db2ad__pnpm_bc426aec._.js:4162:416)
    at useTranslations (http://localhost:3000/_next/static/chunks/db2ad__pnpm_bc426aec._.js:4201:12)
    at http://localhost:3000/_next/static/chunks/db2ad__pnpm_ff96319a._.js:25:20
    at MetaMaskButton (http://localhost:3000/_next/static/chunks/pi-cwd-20260601_admin-platform_libs_e8399fc0._.js:4485:432)
    at Object.react_stack_bottom_frame (http://localhost:3000/_next/static/chunks/509c2_next_dist_compiled_react-dom_1698bfa6._.js:14826:24)
    at renderWithHooks (http://localhost:3000/_next/static/chunks/509c2_next_dist_compiled_react-dom_1698bfa6._.js:4651:24)
    at updateFunctionComponent (http://localhost:3000/_next/static/chunks/509c2_next_dist_compiled_react-dom_1698bfa6._.js:6112:21)
    at beginWork (http://localhost:3000/_next/static/chunks/509c2_next_dist_compiled_react-dom_1698bfa6._.js:6708:24)
    at runWithFiberInDEV (http://localhost:3000/_next/static/chunks/509c2_next_dist_compiled_react-dom_1698bfa6._.js:965:74)
    at performUnitOfWork (http://localhost:3000/_next/static/chunks/509c2_next_dist_compiled_react-dom_1698bfa6._.js:9562:97)
    at workLoopConcurrentByScheduler (http://localhost:3000/_next/static/chunks/509c2_next_dist_compiled_react-dom_1698bfa6._.js:9558:58)
    at renderRootConcurrent (http://localhost:3000/_next/static/chunks/509c2_next_dist_compiled_react-dom_1698bfa6._.js:9541:71)
    at performWorkOnRoot (http://localhost:3000/_next/static/chunks/509c2_next_dist_compiled_react-dom_1698bfa6._.js:9068:150)
    at performWorkOnRootViaSchedulerTask (http://localhost:3000/_next/static/chunks/509c2_next_dist_compiled_react-dom_1698bfa6._.js:10230:9)
    at MessagePort.performWorkUntilDeadline (http://localhost:3000/_next/static/chunks/509c2_next_dist_compiled_9044104d._.js:2647:64) @ http://localhost:3000/_next/static/chunks/509c2_next_dist_512df543._.js:3127
[  123878ms] [ERROR] IntlError: MISSING_MESSAGE: Could not resolve `auth` in messages for locale `en-US`.
    at getMessagesOrError (http://localhost:3000/_next/static/chunks/db2ad__pnpm_bc426aec._.js:3637:27)
    at createBaseTranslator (http://localhost:3000/_next/static/chunks/db2ad__pnpm_bc426aec._.js:3642:29)
    at useTranslationsImpl.useMemo[translate] (http://localhost:3000/_next/static/chunks/db2ad__pnpm_bc426aec._.js:4163:378)
    at mountMemo (http://localhost:3000/_next/static/chunks/509c2_next_dist_compiled_react-dom_1698bfa6._.js:5424:25)
    at Object.useMemo (http://localhost:3000/_next/static/chunks/509c2_next_dist_compiled_react-dom_1698bfa6._.js:15003:24)
    at exports.useMemo (http://localhost:3000/_next/static/chunks/509c2_next_dist_compiled_9044104d._.js:1742:36)
    at useTranslationsImpl (http://localhost:3000/_next/static/chunks/db2ad__pnpm_bc426aec._.js:4162:416)
    at useTranslations (http://localhost:3000/_next/static/chunks/db2ad__pnpm_bc426aec._.js:4201:12)
    at http://localhost:3000/_next/static/chunks/db2ad__pnpm_ff96319a._.js:25:20
    at MetaMaskButton (http://localhost:3000/_next/static/chunks/pi-cwd-20260601_admin-platform_libs_e8399fc0._.js:4485:432)
    at Object.react_stack_bottom_frame (http://localhost:3000/_next/static/chunks/509c2_next_dist_compiled_react-dom_1698bfa6._.js:14826:24)
    at renderWithHooks (http://localhost:3000/_next/static/chunks/509c2_next_dist_compiled_react-dom_1698bfa6._.js:4651:24)
    at updateFunctionComponent (http://localhost:3000/_next/static/chunks/509c2_next_dist_compiled_react-dom_1698bfa6._.js:6112:21)
    at beginWork (http://localhost:3000/_next/static/chunks/509c2_next_dist_compiled_react-dom_1698bfa6._.js:6708:24)
    at runWithFiberInDEV (http://localhost:3000/_next/static/chunks/509c2_next_dist_compiled_react-dom_1698bfa6._.js:965:74)
    at performUnitOfWork (http://localhost:3000/_next/static/chunks/509c2_next_dist_compiled_react-dom_1698bfa6._.js:9562:97)
    at workLoopConcurrentByScheduler (http://localhost:3000/_next/static/chunks/509c2_next_dist_compiled_react-dom_1698bfa6._.js:9558:58)
    at renderRootConcurrent (http://localhost:3000/_next/static/chunks/509c2_next_dist_compiled_react-dom_1698bfa6._.js:9541:71)
    at performWorkOnRoot (http://localhost:3000/_next/static/chunks/509c2_next_dist_compiled_react-dom_1698bfa6._.js:9068:150)
    at performWorkOnRootViaSchedulerTask (http://localhost:3000/_next/static/chunks/509c2_next_dist_compiled_react-dom_1698bfa6._.js:10230:9)
    at MessagePort.performWorkUntilDeadline (http://localhost:3000/_next/static/chunks/509c2_next_dist_compiled_9044104d._.js:2647:64) @ http://localhost:3000/_next/static/chunks/509c2_next_dist_512df543._.js:3127
[  123878ms] [ERROR] IntlError: MISSING_MESSAGE: Could not resolve `auth` in messages for locale `en-US`.
    at getMessagesOrError (http://localhost:3000/_next/static/chunks/db2ad__pnpm_bc426aec._.js:3637:27)
    at createBaseTranslator (http://localhost:3000/_next/static/chunks/db2ad__pnpm_bc426aec._.js:3642:29)
    at useTranslationsImpl.useMemo[translate] (http://localhost:3000/_next/static/chunks/db2ad__pnpm_bc426aec._.js:4163:378)
    at mountMemo (http://localhost:3000/_next/static/chunks/509c2_next_dist_compiled_react-dom_1698bfa6._.js:5424:25)
    at Object.useMemo (http://localhost:3000/_next/static/chunks/509c2_next_dist_compiled_react-dom_1698bfa6._.js:15003:24)
    at exports.useMemo (http://localhost:3000/_next/static/chunks/509c2_next_dist_compiled_9044104d._.js:1742:36)
    at useTranslationsImpl (http://localhost:3000/_next/static/chunks/db2ad__pnpm_bc426aec._.js:4162:416)
    at useTranslations (http://localhost:3000/_next/static/chunks/db2ad__pnpm_bc426aec._.js:4201:12)
    at http://localhost:3000/_next/static/chunks/db2ad__pnpm_ff96319a._.js:25:20
    at MetaMaskButton (http://localhost:3000/_next/static/chunks/pi-cwd-20260601_admin-platform_libs_e8399fc0._.js:4485:432)
    at Object.react_stack_bottom_frame (http://localhost:3000/_next/static/chunks/509c2_next_dist_compiled_react-dom_1698bfa6._.js:14826:24)
    at renderWithHooks (http://localhost:3000/_next/static/chunks/509c2_next_dist_compiled_react-dom_1698bfa6._.js:4651:24)
    at updateFunctionComponent (http://localhost:3000/_next/static/chunks/509c2_next_dist_compiled_react-dom_1698bfa6._.js:6112:21)
    at beginWork (http://localhost:3000/_next/static/chunks/509c2_next_dist_compiled_react-dom_1698bfa6._.js:6708:24)
    at runWithFiberInDEV (http://localhost:3000/_next/static/chunks/509c2_next_dist_compiled_react-dom_1698bfa6._.js:965:74)
    at performUnitOfWork (http://localhost:3000/_next/static/chunks/509c2_next_dist_compiled_react-dom_1698bfa6._.js:9562:97)
    at workLoopConcurrentByScheduler (http://localhost:3000/_next/static/chunks/509c2_next_dist_compiled_react-dom_1698bfa6._.js:9558:58)
    at renderRootConcurrent (http://localhost:3000/_next/static/chunks/509c2_next_dist_compiled_react-dom_1698bfa6._.js:9541:71)
    at performWorkOnRoot (http://localhost:3000/_next/static/chunks/509c2_next_dist_compiled_react-dom_1698bfa6._.js:9068:150)
    at performWorkOnRootViaSchedulerTask (http://localhost:3000/_next/static/chunks/509c2_next_dist_compiled_react-dom_1698bfa6._.js:10230:9)
    at MessagePort.performWorkUntilDeadline (http://localhost:3000/_next/static/chunks/509c2_next_dist_compiled_9044104d._.js:2647:64) @ http://localhost:3000/_next/static/chunks/509c2_next_dist_512df543._.js:3127
[  123879ms] [ERROR] IntlError: MISSING_MESSAGE: Could not resolve `auth` in messages for locale `en-US`.
    at getMessagesOrError (http://localhost:3000/_next/static/chunks/db2ad__pnpm_bc426aec._.js:3637:27)
    at createBaseTranslator (http://localhost:3000/_next/static/chunks/db2ad__pnpm_bc426aec._.js:3642:29)
    at useTranslationsImpl.useMemo[translate] (http://localhost:3000/_next/static/chunks/db2ad__pnpm_bc426aec._.js:4163:378)
    at mountMemo (http://localhost:3000/_next/static/chunks/509c2_next_dist_compiled_react-dom_1698bfa6._.js:5424:25)
    at Object.useMemo (http://localhost:3000/_next/static/chunks/509c2_next_dist_compiled_react-dom_1698bfa6._.js:15003:24)
    at exports.useMemo (http://localhost:3000/_next/static/chunks/509c2_next_dist_compiled_9044104d._.js:1742:36)
    at useTranslationsImpl (http://localhost:3000/_next/static/chunks/db2ad__pnpm_bc426aec._.js:4162:416)
    at useTranslations (http://localhost:3000/_next/static/chunks/db2ad__pnpm_bc426aec._.js:4201:12)
    at http://localhost:3000/_next/static/chunks/db2ad__pnpm_ff96319a._.js:25:20
    at MetaMaskButton (http://localhost:3000/_next/static/chunks/pi-cwd-20260601_admin-platform_libs_e8399fc0._.js:4485:432)
    at Object.react_stack_bottom_frame (http://localhost:3000/_next/static/chunks/509c2_next_dist_compiled_react-dom_1698bfa6._.js:14826:24)
    at renderWithHooks (http://localhost:3000/_next/static/chunks/509c2_next_dist_compiled_react-dom_1698bfa6._.js:4651:24)
    at updateFunctionComponent (http://localhost:3000/_next/static/chunks/509c2_next_dist_compiled_react-dom_1698bfa6._.js:6112:21)
    at beginWork (http://localhost:3000/_next/static/chunks/509c2_next_dist_compiled_react-dom_1698bfa6._.js:6708:24)
    at runWithFiberInDEV (http://localhost:3000/_next/static/chunks/509c2_next_dist_compiled_react-dom_1698bfa6._.js:965:74)
    at performUnitOfWork (http://localhost:3000/_next/static/chunks/509c2_next_dist_compiled_react-dom_1698bfa6._.js:9562:97)
    at workLoopConcurrentByScheduler (http://localhost:3000/_next/static/chunks/509c2_next_dist_compiled_react-dom_1698bfa6._.js:9558:58)
    at renderRootConcurrent (http://localhost:3000/_next/static/chunks/509c2_next_dist_compiled_react-dom_1698bfa6._.js:9541:71)
    at performWorkOnRoot (http://localhost:3000/_next/static/chunks/509c2_next_dist_compiled_react-dom_1698bfa6._.js:9068:150)
    at performWorkOnRootViaSchedulerTask (http://localhost:3000/_next/static/chunks/509c2_next_dist_compiled_react-dom_1698bfa6._.js:10230:9)
    at MessagePort.performWorkUntilDeadline (http://localhost:3000/_next/static/chunks/509c2_next_dist_compiled_9044104d._.js:2647:64) @ http://localhost:3000/_next/static/chunks/509c2_next_dist_512df543._.js:3127
[  123879ms] [ERROR] IntlError: MISSING_MESSAGE: Could not resolve `auth` in messages for locale `en-US`.
    at getMessagesOrError (http://localhost:3000/_next/static/chunks/db2ad__pnpm_bc426aec._.js:3637:27)
    at createBaseTranslator (http://localhost:3000/_next/static/chunks/db2ad__pnpm_bc426aec._.js:3642:29)
    at useTranslationsImpl.useMemo[translate] (http://localhost:3000/_next/static/chunks/db2ad__pnpm_bc426aec._.js:4163:378)
    at mountMemo (http://localhost:3000/_next/static/chunks/509c2_next_dist_compiled_react-dom_1698bfa6._.js:5424:25)
    at Object.useMemo (http://localhost:3000/_next/static/chunks/509c2_next_dist_compiled_react-dom_1698bfa6._.js:15003:24)
    at exports.useMemo (http://localhost:3000/_next/static/chunks/509c2_next_dist_compiled_9044104d._.js:1742:36)
    at useTranslationsImpl (http://localhost:3000/_next/static/chunks/db2ad__pnpm_bc426aec._.js:4162:416)
    at useTranslations (http://localhost:3000/_next/static/chunks/db2ad__pnpm_bc426aec._.js:4201:12)
    at http://localhost:3000/_next/static/chunks/db2ad__pnpm_ff96319a._.js:25:20
    at MetaMaskButton (http://localhost:3000/_next/static/chunks/pi-cwd-20260601_admin-platform_libs_e8399fc0._.js:4485:432)
    at Object.react_stack_bottom_frame (http://localhost:3000/_next/static/chunks/509c2_next_dist_compiled_react-dom_1698bfa6._.js:14826:24)
    at renderWithHooks (http://localhost:3000/_next/static/chunks/509c2_next_dist_compiled_react-dom_1698bfa6._.js:4651:24)
    at updateFunctionComponent (http://localhost:3000/_next/static/chunks/509c2_next_dist_compiled_react-dom_1698bfa6._.js:6112:21)
    at beginWork (http://localhost:3000/_next/static/chunks/509c2_next_dist_compiled_react-dom_1698bfa6._.js:6708:24)
    at runWithFiberInDEV (http://localhost:3000/_next/static/chunks/509c2_next_dist_compiled_react-dom_1698bfa6._.js:965:74)
    at performUnitOfWork (http://localhost:3000/_next/static/chunks/509c2_next_dist_compiled_react-dom_1698bfa6._.js:9562:97)
    at workLoopConcurrentByScheduler (http://localhost:3000/_next/static/chunks/509c2_next_dist_compiled_react-dom_1698bfa6._.js:9558:58)
    at renderRootConcurrent (http://localhost:3000/_next/static/chunks/509c2_next_dist_compiled_react-dom_1698bfa6._.js:9541:71)
    at performWorkOnRoot (http://localhost:3000/_next/static/chunks/509c2_next_dist_compiled_react-dom_1698bfa6._.js:9068:150)
    at performWorkOnRootViaSchedulerTask (http://localhost:3000/_next/static/chunks/509c2_next_dist_compiled_react-dom_1698bfa6._.js:10230:9)
    at MessagePort.performWorkUntilDeadline (http://localhost:3000/_next/static/chunks/509c2_next_dist_compiled_9044104d._.js:2647:64) @ http://localhost:3000/_next/static/chunks/509c2_next_dist_512df543._.js:3127
[  123879ms] [ERROR] IntlError: MISSING_MESSAGE: Could not resolve `auth` in messages for locale `en-US`.
    at getMessagesOrError (http://localhost:3000/_next/static/chunks/db2ad__pnpm_bc426aec._.js:3637:27)
    at createBaseTranslator (http://localhost:3000/_next/static/chunks/db2ad__pnpm_bc426aec._.js:3642:29)
    at useTranslationsImpl.useMemo[translate] (http://localhost:3000/_next/static/chunks/db2ad__pnpm_bc426aec._.js:4163:378)
    at mountMemo (http://localhost:3000/_next/static/chunks/509c2_next_dist_compiled_react-dom_1698bfa6._.js:5424:25)
    at Object.useMemo (http://localhost:3000/_next/static/chunks/509c2_next_dist_compiled_react-dom_1698bfa6._.js:15003:24)
    at exports.useMemo (http://localhost:3000/_next/static/chunks/509c2_next_dist_compiled_9044104d._.js:1742:36)
    at useTranslationsImpl (http://localhost:3000/_next/static/chunks/db2ad__pnpm_bc426aec._.js:4162:416)
    at useTranslations (http://localhost:3000/_next/static/chunks/db2ad__pnpm_bc426aec._.js:4201:12)
    at http://localhost:3000/_next/static/chunks/db2ad__pnpm_ff96319a._.js:25:20
    at MetaMaskButton (http://localhost:3000/_next/static/chunks/pi-cwd-20260601_admin-platform_libs_e8399fc0._.js:4485:432)
    at Object.react_stack_bottom_frame (http://localhost:3000/_next/static/chunks/509c2_next_dist_compiled_react-dom_1698bfa6._.js:14826:24)
    at renderWithHooks (http://localhost:3000/_next/static/chunks/509c2_next_dist_compiled_react-dom_1698bfa6._.js:4651:24)
    at updateFunctionComponent (http://localhost:3000/_next/static/chunks/509c2_next_dist_compiled_react-dom_1698bfa6._.js:6112:21)
    at beginWork (http://localhost:3000/_next/static/chunks/509c2_next_dist_compiled_react-dom_1698bfa6._.js:6708:24)
    at runWithFiberInDEV (http://localhost:3000/_next/static/chunks/509c2_next_dist_compiled_react-dom_1698bfa6._.js:965:74)
    at performUnitOfWork (http://localhost:3000/_next/static/chunks/509c2_next_dist_compiled_react-dom_1698bfa6._.js:9562:97)
    at workLoopConcurrentByScheduler (http://localhost:3000/_next/static/chunks/509c2_next_dist_compiled_react-dom_1698bfa6._.js:9558:58)
    at renderRootConcurrent (http://localhost:3000/_next/static/chunks/509c2_next_dist_compiled_react-dom_1698bfa6._.js:9541:71)
    at performWorkOnRoot (http://localhost:3000/_next/static/chunks/509c2_next_dist_compiled_react-dom_1698bfa6._.js:9068:150)
    at performWorkOnRootViaSchedulerTask (http://localhost:3000/_next/static/chunks/509c2_next_dist_compiled_react-dom_1698bfa6._.js:10230:9)
    at MessagePort.performWorkUntilDeadline (http://localhost:3000/_next/static/chunks/509c2_next_dist_compiled_9044104d._.js:2647:64) @ http://localhost:3000/_next/static/chunks/509c2_next_dist_512df543._.js:3127
[  123905ms] [ERROR] IntlError: MISSING_MESSAGE: Could not resolve `auth` in messages for locale `en-US`.
    at getMessagesOrError (http://localhost:3000/_next/static/chunks/db2ad__pnpm_bc426aec._.js:3637:27)
    at createBaseTranslator (http://localhost:3000/_next/static/chunks/db2ad__pnpm_bc426aec._.js:3642:29)
    at useTranslationsImpl.useMemo[translate] (http://localhost:3000/_next/static/chunks/db2ad__pnpm_bc426aec._.js:4163:378)
    at mountMemo (http://localhost:3000/_next/static/chunks/509c2_next_dist_compiled_react-dom_1698bfa6._.js:5424:25)
    at Object.useMemo (http://localhost:3000/_next/static/chunks/509c2_next_dist_compiled_react-dom_1698bfa6._.js:15003:24)
    at exports.useMemo (http://localhost:3000/_next/static/chunks/509c2_next_dist_compiled_9044104d._.js:1742:36)
    at useTranslationsImpl (http://localhost:3000/_next/static/chunks/db2ad__pnpm_bc426aec._.js:4162:416)
    at useTranslations (http://localhost:3000/_next/static/chunks/db2ad__pnpm_bc426aec._.js:4201:12)
    at http://localhost:3000/_next/static/chunks/db2ad__pnpm_ff96319a._.js:25:20
    at LoginForm (http://localhost:3000/_next/static/chunks/pi-cwd-20260601_admin-platform_libs_e8399fc0._.js:4087:432)
    at Object.react_stack_bottom_frame (http://localhost:3000/_next/static/chunks/509c2_next_dist_compiled_react-dom_1698bfa6._.js:14826:24)
    at renderWithHooks (http://localhost:3000/_next/static/chunks/509c2_next_dist_compiled_react-dom_1698bfa6._.js:4651:24)
    at updateFunctionComponent (http://localhost:3000/_next/static/chunks/509c2_next_dist_compiled_react-dom_1698bfa6._.js:6112:21)
    at beginWork (http://localhost:3000/_next/static/chunks/509c2_next_dist_compiled_react-dom_1698bfa6._.js:6708:24)
    at runWithFiberInDEV (http://localhost:3000/_next/static/chunks/509c2_next_dist_compiled_react-dom_1698bfa6._.js:965:74)
    at performUnitOfWork (http://localhost:3000/_next/static/chunks/509c2_next_dist_compiled_react-dom_1698bfa6._.js:9562:97)
    at workLoopConcurrentByScheduler (http://localhost:3000/_next/static/chunks/509c2_next_dist_compiled_react-dom_1698bfa6._.js:9558:58)
    at renderRootConcurrent (http://localhost:3000/_next/static/chunks/509c2_next_dist_compiled_react-dom_1698bfa6._.js:9541:71)
    at performWorkOnRoot (http://localhost:3000/_next/static/chunks/509c2_next_dist_compiled_react-dom_1698bfa6._.js:9068:150)
    at performWorkOnRootViaSchedulerTask (http://localhost:3000/_next/static/chunks/509c2_next_dist_compiled_react-dom_1698bfa6._.js:10230:9)
    at MessagePort.performWorkUntilDeadline (http://localhost:3000/_next/static/chunks/509c2_next_dist_compiled_9044104d._.js:2647:64) @ http://localhost:3000/_next/static/chunks/509c2_next_dist_512df543._.js:3127
[  123906ms] [ERROR] IntlError: MISSING_MESSAGE: Could not resolve `auth` in messages for locale `en-US`.
    at getMessagesOrError (http://localhost:3000/_next/static/chunks/db2ad__pnpm_bc426aec._.js:3637:27)
    at createBaseTranslator (http://localhost:3000/_next/static/chunks/db2ad__pnpm_bc426aec._.js:3642:29)
    at useTranslationsImpl.useMemo[translate] (http://localhost:3000/_next/static/chunks/db2ad__pnpm_bc426aec._.js:4163:378)
    at mountMemo (http://localhost:3000/_next/static/chunks/509c2_next_dist_compiled_react-dom_1698bfa6._.js:5424:25)
    at Object.useMemo (http://localhost:3000/_next/static/chunks/509c2_next_dist_compiled_react-dom_1698bfa6._.js:15003:24)
    at exports.useMemo (http://localhost:3000/_next/static/chunks/509c2_next_dist_compiled_9044104d._.js:1742:36)
    at useTranslationsImpl (http://localhost:3000/_next/static/chunks/db2ad__pnpm_bc426aec._.js:4162:416)
    at useTranslations (http://localhost:3000/_next/static/chunks/db2ad__pnpm_bc426aec._.js:4201:12)
    at http://localhost:3000/_next/static/chunks/db2ad__pnpm_ff96319a._.js:25:20
    at LoginForm (http://localhost:3000/_next/static/chunks/pi-cwd-20260601_admin-platform_libs_e8399fc0._.js:4087:432)
    at Object.react_stack_bottom_frame (http://localhost:3000/_next/static/chunks/509c2_next_dist_compiled_react-dom_1698bfa6._.js:14826:24)
    at renderWithHooks (http://localhost:3000/_next/static/chunks/509c2_next_dist_compiled_react-dom_1698bfa6._.js:4651:24)
    at updateFunctionComponent (http://localhost:3000/_next/static/chunks/509c2_next_dist_compiled_react-dom_1698bfa6._.js:6112:21)
    at beginWork (http://localhost:3000/_next/static/chunks/509c2_next_dist_compiled_react-dom_1698bfa6._.js:6708:24)
    at runWithFiberInDEV (http://localhost:3000/_next/static/chunks/509c2_next_dist_compiled_react-dom_1698bfa6._.js:965:74)
    at performUnitOfWork (http://localhost:3000/_next/static/chunks/509c2_next_dist_compiled_react-dom_1698bfa6._.js:9562:97)
    at workLoopConcurrentByScheduler (http://localhost:3000/_next/static/chunks/509c2_next_dist_compiled_react-dom_1698bfa6._.js:9558:58)
    at renderRootConcurrent (http://localhost:3000/_next/static/chunks/509c2_next_dist_compiled_react-dom_1698bfa6._.js:9541:71)
    at performWorkOnRoot (http://localhost:3000/_next/static/chunks/509c2_next_dist_compiled_react-dom_1698bfa6._.js:9068:150)
    at performWorkOnRootViaSchedulerTask (http://localhost:3000/_next/static/chunks/509c2_next_dist_compiled_react-dom_1698bfa6._.js:10230:9)
    at MessagePort.performWorkUntilDeadline (http://localhost:3000/_next/static/chunks/509c2_next_dist_compiled_9044104d._.js:2647:64) @ http://localhost:3000/_next/static/chunks/509c2_next_dist_512df543._.js:3127
[  123906ms] [ERROR] IntlError: MISSING_MESSAGE: Could not resolve `auth` in messages for locale `en-US`.
    at getMessagesOrError (http://localhost:3000/_next/static/chunks/db2ad__pnpm_bc426aec._.js:3637:27)
    at createBaseTranslator (http://localhost:3000/_next/static/chunks/db2ad__pnpm_bc426aec._.js:3642:29)
    at useTranslationsImpl.useMemo[translate] (http://localhost:3000/_next/static/chunks/db2ad__pnpm_bc426aec._.js:4163:378)
    at mountMemo (http://localhost:3000/_next/static/chunks/509c2_next_dist_compiled_react-dom_1698bfa6._.js:5424:25)
    at Object.useMemo (http://localhost:3000/_next/static/chunks/509c2_next_dist_compiled_react-dom_1698bfa6._.js:15003:24)
    at exports.useMemo (http://localhost:3000/_next/static/chunks/509c2_next_dist_compiled_9044104d._.js:1742:36)
    at useTranslationsImpl (http://localhost:3000/_next/static/chunks/db2ad__pnpm_bc426aec._.js:4162:416)
    at useTranslations (http://localhost:3000/_next/static/chunks/db2ad__pnpm_bc426aec._.js:4201:12)
    at http://localhost:3000/_next/static/chunks/db2ad__pnpm_ff96319a._.js:25:20
    at LoginForm (http://localhost:3000/_next/static/chunks/pi-cwd-20260601_admin-platform_libs_e8399fc0._.js:4087:432)
    at Object.react_stack_bottom_frame (http://localhost:3000/_next/static/chunks/509c2_next_dist_compiled_react-dom_1698bfa6._.js:14826:24)
    at renderWithHooks (http://localhost:3000/_next/static/chunks/509c2_next_dist_compiled_react-dom_1698bfa6._.js:4651:24)
    at updateFunctionComponent (http://localhost:3000/_next/static/chunks/509c2_next_dist_compiled_react-dom_1698bfa6._.js:6112:21)
    at beginWork (http://localhost:3000/_next/static/chunks/509c2_next_dist_compiled_react-dom_1698bfa6._.js:6708:24)
    at runWithFiberInDEV (http://localhost:3000/_next/static/chunks/509c2_next_dist_compiled_react-dom_1698bfa6._.js:965:74)
    at performUnitOfWork (http://localhost:3000/_next/static/chunks/509c2_next_dist_compiled_react-dom_1698bfa6._.js:9562:97)
    at workLoopConcurrentByScheduler (http://localhost:3000/_next/static/chunks/509c2_next_dist_compiled_react-dom_1698bfa6._.js:9558:58)
    at renderRootConcurrent (http://localhost:3000/_next/static/chunks/509c2_next_dist_compiled_react-dom_1698bfa6._.js:9541:71)
    at performWorkOnRoot (http://localhost:3000/_next/static/chunks/509c2_next_dist_compiled_react-dom_1698bfa6._.js:9068:150)
    at performWorkOnRootViaSchedulerTask (http://localhost:3000/_next/static/chunks/509c2_next_dist_compiled_react-dom_1698bfa6._.js:10230:9)
    at MessagePort.performWorkUntilDeadline (http://localhost:3000/_next/static/chunks/509c2_next_dist_compiled_9044104d._.js:2647:64) @ http://localhost:3000/_next/static/chunks/509c2_next_dist_512df543._.js:3127
[  123907ms] [ERROR] IntlError: MISSING_MESSAGE: Could not resolve `auth` in messages for locale `en-US`.
    at getMessagesOrError (http://localhost:3000/_next/static/chunks/db2ad__pnpm_bc426aec._.js:3637:27)
    at createBaseTranslator (http://localhost:3000/_next/static/chunks/db2ad__pnpm_bc426aec._.js:3642:29)
    at useTranslationsImpl.useMemo[translate] (http://localhost:3000/_next/static/chunks/db2ad__pnpm_bc426aec._.js:4163:378)
    at mountMemo (http://localhost:3000/_next/static/chunks/509c2_next_dist_compiled_react-dom_1698bfa6._.js:5424:25)
    at Object.useMemo (http://localhost:3000/_next/static/chunks/509c2_next_dist_compiled_react-dom_1698bfa6._.js:15003:24)
    at exports.useMemo (http://localhost:3000/_next/static/chunks/509c2_next_dist_compiled_9044104d._.js:1742:36)
    at useTranslationsImpl (http://localhost:3000/_next/static/chunks/db2ad__pnpm_bc426aec._.js:4162:416)
    at useTranslations (http://localhost:3000/_next/static/chunks/db2ad__pnpm_bc426aec._.js:4201:12)
    at http://localhost:3000/_next/static/chunks/db2ad__pnpm_ff96319a._.js:25:20
    at LoginForm (http://localhost:3000/_next/static/chunks/pi-cwd-20260601_admin-platform_libs_e8399fc0._.js:4087:432)
    at Object.react_stack_bottom_frame (http://localhost:3000/_next/static/chunks/509c2_next_dist_compiled_react-dom_1698bfa6._.js:14826:24)
    at renderWithHooks (http://localhost:3000/_next/static/chunks/509c2_next_dist_compiled_react-dom_1698bfa6._.js:4651:24)
    at updateFunctionComponent (http://localhost:3000/_next/static/chunks/509c2_next_dist_compiled_react-dom_1698bfa6._.js:6112:21)
    at beginWork (http://localhost:3000/_next/static/chunks/509c2_next_dist_compiled_react-dom_1698bfa6._.js:6708:24)
    at runWithFiberInDEV (http://localhost:3000/_next/static/chunks/509c2_next_dist_compiled_react-dom_1698bfa6._.js:965:74)
    at performUnitOfWork (http://localhost:3000/_next/static/chunks/509c2_next_dist_compiled_react-dom_1698bfa6._.js:9562:97)
    at workLoopConcurrentByScheduler (http://localhost:3000/_next/static/chunks/509c2_next_dist_compiled_react-dom_1698bfa6._.js:9558:58)
    at renderRootConcurrent (http://localhost:3000/_next/static/chunks/509c2_next_dist_compiled_react-dom_1698bfa6._.js:9541:71)
    at performWorkOnRoot (http://localhost:3000/_next/static/chunks/509c2_next_dist_compiled_react-dom_1698bfa6._.js:9068:150)
    at performWorkOnRootViaSchedulerTask (http://localhost:3000/_next/static/chunks/509c2_next_dist_compiled_react-dom_1698bfa6._.js:10230:9)
    at MessagePort.performWorkUntilDeadline (http://localhost:3000/_next/static/chunks/509c2_next_dist_compiled_9044104d._.js:2647:64) @ http://localhost:3000/_next/static/chunks/509c2_next_dist_512df543._.js:3127
[  123908ms] [ERROR] IntlError: MISSING_MESSAGE: Could not resolve `auth` in messages for locale `en-US`.
    at getMessagesOrError (http://localhost:3000/_next/static/chunks/db2ad__pnpm_bc426aec._.js:3637:27)
    at createBaseTranslator (http://localhost:3000/_next/static/chunks/db2ad__pnpm_bc426aec._.js:3642:29)
    at useTranslationsImpl.useMemo[translate] (http://localhost:3000/_next/static/chunks/db2ad__pnpm_bc426aec._.js:4163:378)
    at mountMemo (http://localhost:3000/_next/static/chunks/509c2_next_dist_compiled_react-dom_1698bfa6._.js:5424:25)
    at Object.useMemo (http://localhost:3000/_next/static/chunks/509c2_next_dist_compiled_react-dom_1698bfa6._.js:15003:24)
    at exports.useMemo (http://localhost:3000/_next/static/chunks/509c2_next_dist_compiled_9044104d._.js:1742:36)
    at useTranslationsImpl (http://localhost:3000/_next/static/chunks/db2ad__pnpm_bc426aec._.js:4162:416)
    at useTranslations (http://localhost:3000/_next/static/chunks/db2ad__pnpm_bc426aec._.js:4201:12)
    at http://localhost:3000/_next/static/chunks/db2ad__pnpm_ff96319a._.js:25:20
    at LoginForm (http://localhost:3000/_next/static/chunks/pi-cwd-20260601_admin-platform_libs_e8399fc0._.js:4087:432)
    at Object.react_stack_bottom_frame (http://localhost:3000/_next/static/chunks/509c2_next_dist_compiled_react-dom_1698bfa6._.js:14826:24)
    at renderWithHooks (http://localhost:3000/_next/static/chunks/509c2_next_dist_compiled_react-dom_1698bfa6._.js:4651:24)
    at updateFunctionComponent (http://localhost:3000/_next/static/chunks/509c2_next_dist_compiled_react-dom_1698bfa6._.js:6112:21)
    at beginWork (http://localhost:3000/_next/static/chunks/509c2_next_dist_compiled_react-dom_1698bfa6._.js:6708:24)
    at runWithFiberInDEV (http://localhost:3000/_next/static/chunks/509c2_next_dist_compiled_react-dom_1698bfa6._.js:965:74)
    at performUnitOfWork (http://localhost:3000/_next/static/chunks/509c2_next_dist_compiled_react-dom_1698bfa6._.js:9562:97)
    at workLoopConcurrentByScheduler (http://localhost:3000/_next/static/chunks/509c2_next_dist_compiled_react-dom_1698bfa6._.js:9558:58)
    at renderRootConcurrent (http://localhost:3000/_next/static/chunks/509c2_next_dist_compiled_react-dom_1698bfa6._.js:9541:71)
    at performWorkOnRoot (http://localhost:3000/_next/static/chunks/509c2_next_dist_compiled_react-dom_1698bfa6._.js:9068:150)
    at performWorkOnRootViaSchedulerTask (http://localhost:3000/_next/static/chunks/509c2_next_dist_compiled_react-dom_1698bfa6._.js:10230:9)
    at MessagePort.performWorkUntilDeadline (http://localhost:3000/_next/static/chunks/509c2_next_dist_compiled_9044104d._.js:2647:64) @ http://localhost:3000/_next/static/chunks/509c2_next_dist_512df543._.js:3127
[  123910ms] [ERROR] IntlError: MISSING_MESSAGE: Could not resolve `auth` in messages for locale `en-US`.
    at getMessagesOrError (http://localhost:3000/_next/static/chunks/db2ad__pnpm_bc426aec._.js:3637:27)
    at createBaseTranslator (http://localhost:3000/_next/static/chunks/db2ad__pnpm_bc426aec._.js:3642:29)
    at useTranslationsImpl.useMemo[translate] (http://localhost:3000/_next/static/chunks/db2ad__pnpm_bc426aec._.js:4163:378)
    at mountMemo (http://localhost:3000/_next/static/chunks/509c2_next_dist_compiled_react-dom_1698bfa6._.js:5424:25)
    at Object.useMemo (http://localhost:3000/_next/static/chunks/509c2_next_dist_compiled_react-dom_1698bfa6._.js:15003:24)
    at exports.useMemo (http://localhost:3000/_next/static/chunks/509c2_next_dist_compiled_9044104d._.js:1742:36)
    at useTranslationsImpl (http://localhost:3000/_next/static/chunks/db2ad__pnpm_bc426aec._.js:4162:416)
    at useTranslations (http://localhost:3000/_next/static/chunks/db2ad__pnpm_bc426aec._.js:4201:12)
    at http://localhost:3000/_next/static/chunks/db2ad__pnpm_ff96319a._.js:25:20
    at LoginForm (http://localhost:3000/_next/static/chunks/pi-cwd-20260601_admin-platform_libs_e8399fc0._.js:4087:432)
    at Object.react_stack_bottom_frame (http://localhost:3000/_next/static/chunks/509c2_next_dist_compiled_react-dom_1698bfa6._.js:14826:24)
    at renderWithHooks (http://localhost:3000/_next/static/chunks/509c2_next_dist_compiled_react-dom_1698bfa6._.js:4651:24)
    at updateFunctionComponent (http://localhost:3000/_next/static/chunks/509c2_next_dist_compiled_react-dom_1698bfa6._.js:6112:21)
    at beginWork (http://localhost:3000/_next/static/chunks/509c2_next_dist_compiled_react-dom_1698bfa6._.js:6708:24)
    at runWithFiberInDEV (http://localhost:3000/_next/static/chunks/509c2_next_dist_compiled_react-dom_1698bfa6._.js:965:74)
    at performUnitOfWork (http://localhost:3000/_next/static/chunks/509c2_next_dist_compiled_react-dom_1698bfa6._.js:9562:97)
    at workLoopConcurrentByScheduler (http://localhost:3000/_next/static/chunks/509c2_next_dist_compiled_react-dom_1698bfa6._.js:9558:58)
    at renderRootConcurrent (http://localhost:3000/_next/static/chunks/509c2_next_dist_compiled_react-dom_1698bfa6._.js:9541:71)
    at performWorkOnRoot (http://localhost:3000/_next/static/chunks/509c2_next_dist_compiled_react-dom_1698bfa6._.js:9068:150)
    at performWorkOnRootViaSchedulerTask (http://localhost:3000/_next/static/chunks/509c2_next_dist_compiled_react-dom_1698bfa6._.js:10230:9)
    at MessagePort.performWorkUntilDeadline (http://localhost:3000/_next/static/chunks/509c2_next_dist_compiled_9044104d._.js:2647:64) @ http://localhost:3000/_next/static/chunks/509c2_next_dist_512df543._.js:3127
[  123912ms] [ERROR] IntlError: MISSING_MESSAGE: Could not resolve `auth` in messages for locale `en-US`.
    at getMessagesOrError (http://localhost:3000/_next/static/chunks/db2ad__pnpm_bc426aec._.js:3637:27)
    at createBaseTranslator (http://localhost:3000/_next/static/chunks/db2ad__pnpm_bc426aec._.js:3642:29)
    at useTranslationsImpl.useMemo[translate] (http://localhost:3000/_next/static/chunks/db2ad__pnpm_bc426aec._.js:4163:378)
    at mountMemo (http://localhost:3000/_next/static/chunks/509c2_next_dist_compiled_react-dom_1698bfa6._.js:5424:25)
    at Object.useMemo (http://localhost:3000/_next/static/chunks/509c2_next_dist_compiled_react-dom_1698bfa6._.js:15003:24)
    at exports.useMemo (http://localhost:3000/_next/static/chunks/509c2_next_dist_compiled_9044104d._.js:1742:36)
    at useTranslationsImpl (http://localhost:3000/_next/static/chunks/db2ad__pnpm_bc426aec._.js:4162:416)
    at useTranslations (http://localhost:3000/_next/static/chunks/db2ad__pnpm_bc426aec._.js:4201:12)
    at http://localhost:3000/_next/static/chunks/db2ad__pnpm_ff96319a._.js:25:20
    at LoginForm (http://localhost:3000/_next/static/chunks/pi-cwd-20260601_admin-platform_libs_e8399fc0._.js:4087:432)
    at Object.react_stack_bottom_frame (http://localhost:3000/_next/static/chunks/509c2_next_dist_compiled_react-dom_1698bfa6._.js:14826:24)
    at renderWithHooks (http://localhost:3000/_next/static/chunks/509c2_next_dist_compiled_react-dom_1698bfa6._.js:4651:24)
    at updateFunctionComponent (http://localhost:3000/_next/static/chunks/509c2_next_dist_compiled_react-dom_1698bfa6._.js:6112:21)
    at beginWork (http://localhost:3000/_next/static/chunks/509c2_next_dist_compiled_react-dom_1698bfa6._.js:6708:24)
    at runWithFiberInDEV (http://localhost:3000/_next/static/chunks/509c2_next_dist_compiled_react-dom_1698bfa6._.js:965:74)
    at performUnitOfWork (http://localhost:3000/_next/static/chunks/509c2_next_dist_compiled_react-dom_1698bfa6._.js:9562:97)
    at workLoopConcurrentByScheduler (http://localhost:3000/_next/static/chunks/509c2_next_dist_compiled_react-dom_1698bfa6._.js:9558:58)
    at renderRootConcurrent (http://localhost:3000/_next/static/chunks/509c2_next_dist_compiled_react-dom_1698bfa6._.js:9541:71)
    at performWorkOnRoot (http://localhost:3000/_next/static/chunks/509c2_next_dist_compiled_react-dom_1698bfa6._.js:9068:150)
    at performWorkOnRootViaSchedulerTask (http://localhost:3000/_next/static/chunks/509c2_next_dist_compiled_react-dom_1698bfa6._.js:10230:9)
    at MessagePort.performWorkUntilDeadline (http://localhost:3000/_next/static/chunks/509c2_next_dist_compiled_9044104d._.js:2647:64) @ http://localhost:3000/_next/static/chunks/509c2_next_dist_512df543._.js:3127
[  123912ms] [ERROR] IntlError: MISSING_MESSAGE: Could not resolve `auth` in messages for locale `en-US`.
    at getMessagesOrError (http://localhost:3000/_next/static/chunks/db2ad__pnpm_bc426aec._.js:3637:27)
    at createBaseTranslator (http://localhost:3000/_next/static/chunks/db2ad__pnpm_bc426aec._.js:3642:29)
    at useTranslationsImpl.useMemo[translate] (http://localhost:3000/_next/static/chunks/db2ad__pnpm_bc426aec._.js:4163:378)
    at mountMemo (http://localhost:3000/_next/static/chunks/509c2_next_dist_compiled_react-dom_1698bfa6._.js:5424:25)
    at Object.useMemo (http://localhost:3000/_next/static/chunks/509c2_next_dist_compiled_react-dom_1698bfa6._.js:15003:24)
    at exports.useMemo (http://localhost:3000/_next/static/chunks/509c2_next_dist_compiled_9044104d._.js:1742:36)
    at useTranslationsImpl (http://localhost:3000/_next/static/chunks/db2ad__pnpm_bc426aec._.js:4162:416)
    at useTranslations (http://localhost:3000/_next/static/chunks/db2ad__pnpm_bc426aec._.js:4201:12)
    at http://localhost:3000/_next/static/chunks/db2ad__pnpm_ff96319a._.js:25:20
    at LoginForm (http://localhost:3000/_next/static/chunks/pi-cwd-20260601_admin-platform_libs_e8399fc0._.js:4087:432)
    at Object.react_stack_bottom_frame (http://localhost:3000/_next/static/chunks/509c2_next_dist_compiled_react-dom_1698bfa6._.js:14826:24)
    at renderWithHooks (http://localhost:3000/_next/static/chunks/509c2_next_dist_compiled_react-dom_1698bfa6._.js:4651:24)
    at updateFunctionComponent (http://localhost:3000/_next/static/chunks/509c2_next_dist_compiled_react-dom_1698bfa6._.js:6112:21)
    at beginWork (http://localhost:3000/_next/static/chunks/509c2_next_dist_compiled_react-dom_1698bfa6._.js:6708:24)
    at runWithFiberInDEV (http://localhost:3000/_next/static/chunks/509c2_next_dist_compiled_react-dom_1698bfa6._.js:965:74)
    at performUnitOfWork (http://localhost:3000/_next/static/chunks/509c2_next_dist_compiled_react-dom_1698bfa6._.js:9562:97)
    at workLoopConcurrentByScheduler (http://localhost:3000/_next/static/chunks/509c2_next_dist_compiled_react-dom_1698bfa6._.js:9558:58)
    at renderRootConcurrent (http://localhost:3000/_next/static/chunks/509c2_next_dist_compiled_react-dom_1698bfa6._.js:9541:71)
    at performWorkOnRoot (http://localhost:3000/_next/static/chunks/509c2_next_dist_compiled_react-dom_1698bfa6._.js:9068:150)
    at performWorkOnRootViaSchedulerTask (http://localhost:3000/_next/static/chunks/509c2_next_dist_compiled_react-dom_1698bfa6._.js:10230:9)
    at MessagePort.performWorkUntilDeadline (http://localhost:3000/_next/static/chunks/509c2_next_dist_compiled_9044104d._.js:2647:64) @ http://localhost:3000/_next/static/chunks/509c2_next_dist_512df543._.js:3127
[  123913ms] [ERROR] IntlError: MISSING_MESSAGE: Could not resolve `auth` in messages for locale `en-US`.
    at getMessagesOrError (http://localhost:3000/_next/static/chunks/db2ad__pnpm_bc426aec._.js:3637:27)
    at createBaseTranslator (http://localhost:3000/_next/static/chunks/db2ad__pnpm_bc426aec._.js:3642:29)
    at useTranslationsImpl.useMemo[translate] (http://localhost:3000/_next/static/chunks/db2ad__pnpm_bc426aec._.js:4163:378)
    at mountMemo (http://localhost:3000/_next/static/chunks/509c2_next_dist_compiled_react-dom_1698bfa6._.js:5424:25)
    at Object.useMemo (http://localhost:3000/_next/static/chunks/509c2_next_dist_compiled_react-dom_1698bfa6._.js:15003:24)
    at exports.useMemo (http://localhost:3000/_next/static/chunks/509c2_next_dist_compiled_9044104d._.js:1742:36)
    at useTranslationsImpl (http://localhost:3000/_next/static/chunks/db2ad__pnpm_bc426aec._.js:4162:416)
    at useTranslations (http://localhost:3000/_next/static/chunks/db2ad__pnpm_bc426aec._.js:4201:12)
    at http://localhost:3000/_next/static/chunks/db2ad__pnpm_ff96319a._.js:25:20
    at LoginForm (http://localhost:3000/_next/static/chunks/pi-cwd-20260601_admin-platform_libs_e8399fc0._.js:4087:432)
    at Object.react_stack_bottom_frame (http://localhost:3000/_next/static/chunks/509c2_next_dist_compiled_react-dom_1698bfa6._.js:14826:24)
    at renderWithHooks (http://localhost:3000/_next/static/chunks/509c2_next_dist_compiled_react-dom_1698bfa6._.js:4651:24)
    at updateFunctionComponent (http://localhost:3000/_next/static/chunks/509c2_next_dist_compiled_react-dom_1698bfa6._.js:6112:21)
    at beginWork (http://localhost:3000/_next/static/chunks/509c2_next_dist_compiled_react-dom_1698bfa6._.js:6708:24)
    at runWithFiberInDEV (http://localhost:3000/_next/static/chunks/509c2_next_dist_compiled_react-dom_1698bfa6._.js:965:74)
    at performUnitOfWork (http://localhost:3000/_next/static/chunks/509c2_next_dist_compiled_react-dom_1698bfa6._.js:9562:97)
    at workLoopConcurrentByScheduler (http://localhost:3000/_next/static/chunks/509c2_next_dist_compiled_react-dom_1698bfa6._.js:9558:58)
    at renderRootConcurrent (http://localhost:3000/_next/static/chunks/509c2_next_dist_compiled_react-dom_1698bfa6._.js:9541:71)
    at performWorkOnRoot (http://localhost:3000/_next/static/chunks/509c2_next_dist_compiled_react-dom_1698bfa6._.js:9068:150)
    at performWorkOnRootViaSchedulerTask (http://localhost:3000/_next/static/chunks/509c2_next_dist_compiled_react-dom_1698bfa6._.js:10230:9)
    at MessagePort.performWorkUntilDeadline (http://localhost:3000/_next/static/chunks/509c2_next_dist_compiled_9044104d._.js:2647:64) @ http://localhost:3000/_next/static/chunks/509c2_next_dist_512df543._.js:3127
[  123913ms] [ERROR] IntlError: MISSING_MESSAGE: Could not resolve `auth` in messages for locale `en-US`.
    at getMessagesOrError (http://localhost:3000/_next/static/chunks/db2ad__pnpm_bc426aec._.js:3637:27)
    at createBaseTranslator (http://localhost:3000/_next/static/chunks/db2ad__pnpm_bc426aec._.js:3642:29)
    at useTranslationsImpl.useMemo[translate] (http://localhost:3000/_next/static/chunks/db2ad__pnpm_bc426aec._.js:4163:378)
    at mountMemo (http://localhost:3000/_next/static/chunks/509c2_next_dist_compiled_react-dom_1698bfa6._.js:5424:25)
    at Object.useMemo (http://localhost:3000/_next/static/chunks/509c2_next_dist_compiled_react-dom_1698bfa6._.js:15003:24)
    at exports.useMemo (http://localhost:3000/_next/static/chunks/509c2_next_dist_compiled_9044104d._.js:1742:36)
    at useTranslationsImpl (http://localhost:3000/_next/static/chunks/db2ad__pnpm_bc426aec._.js:4162:416)
    at useTranslations (http://localhost:3000/_next/static/chunks/db2ad__pnpm_bc426aec._.js:4201:12)
    at http://localhost:3000/_next/static/chunks/db2ad__pnpm_ff96319a._.js:25:20
    at LoginForm (http://localhost:3000/_next/static/chunks/pi-cwd-20260601_admin-platform_libs_e8399fc0._.js:4087:432)
    at Object.react_stack_bottom_frame (http://localhost:3000/_next/static/chunks/509c2_next_dist_compiled_react-dom_1698bfa6._.js:14826:24)
    at renderWithHooks (http://localhost:3000/_next/static/chunks/509c2_next_dist_compiled_react-dom_1698bfa6._.js:4651:24)
    at updateFunctionComponent (http://localhost:3000/_next/static/chunks/509c2_next_dist_compiled_react-dom_1698bfa6._.js:6112:21)
    at beginWork (http://localhost:3000/_next/static/chunks/509c2_next_dist_compiled_react-dom_1698bfa6._.js:6708:24)
    at runWithFiberInDEV (http://localhost:3000/_next/static/chunks/509c2_next_dist_compiled_react-dom_1698bfa6._.js:965:74)
    at performUnitOfWork (http://localhost:3000/_next/static/chunks/509c2_next_dist_compiled_react-dom_1698bfa6._.js:9562:97)
    at workLoopConcurrentByScheduler (http://localhost:3000/_next/static/chunks/509c2_next_dist_compiled_react-dom_1698bfa6._.js:9558:58)
    at renderRootConcurrent (http://localhost:3000/_next/static/chunks/509c2_next_dist_compiled_react-dom_1698bfa6._.js:9541:71)
    at performWorkOnRoot (http://localhost:3000/_next/static/chunks/509c2_next_dist_compiled_react-dom_1698bfa6._.js:9068:150)
    at performWorkOnRootViaSchedulerTask (http://localhost:3000/_next/static/chunks/509c2_next_dist_compiled_react-dom_1698bfa6._.js:10230:9)
    at MessagePort.performWorkUntilDeadline (http://localhost:3000/_next/static/chunks/509c2_next_dist_compiled_9044104d._.js:2647:64) @ http://localhost:3000/_next/static/chunks/509c2_next_dist_512df543._.js:3127
[  123913ms] [ERROR] IntlError: MISSING_MESSAGE: Could not resolve `auth` in messages for locale `en-US`.
    at getMessagesOrError (http://localhost:3000/_next/static/chunks/db2ad__pnpm_bc426aec._.js:3637:27)
    at createBaseTranslator (http://localhost:3000/_next/static/chunks/db2ad__pnpm_bc426aec._.js:3642:29)
    at useTranslationsImpl.useMemo[translate] (http://localhost:3000/_next/static/chunks/db2ad__pnpm_bc426aec._.js:4163:378)
    at mountMemo (http://localhost:3000/_next/static/chunks/509c2_next_dist_compiled_react-dom_1698bfa6._.js:5424:25)
    at Object.useMemo (http://localhost:3000/_next/static/chunks/509c2_next_dist_compiled_react-dom_1698bfa6._.js:15003:24)
    at exports.useMemo (http://localhost:3000/_next/static/chunks/509c2_next_dist_compiled_9044104d._.js:1742:36)
    at useTranslationsImpl (http://localhost:3000/_next/static/chunks/db2ad__pnpm_bc426aec._.js:4162:416)
    at useTranslations (http://localhost:3000/_next/static/chunks/db2ad__pnpm_bc426aec._.js:4201:12)
    at http://localhost:3000/_next/static/chunks/db2ad__pnpm_ff96319a._.js:25:20
    at LoginForm (http://localhost:3000/_next/static/chunks/pi-cwd-20260601_admin-platform_libs_e8399fc0._.js:4087:432)
    at Object.react_stack_bottom_frame (http://localhost:3000/_next/static/chunks/509c2_next_dist_compiled_react-dom_1698bfa6._.js:14826:24)
    at renderWithHooks (http://localhost:3000/_next/static/chunks/509c2_next_dist_compiled_react-dom_1698bfa6._.js:4651:24)
    at updateFunctionComponent (http://localhost:3000/_next/static/chunks/509c2_next_dist_compiled_react-dom_1698bfa6._.js:6112:21)
    at beginWork (http://localhost:3000/_next/static/chunks/509c2_next_dist_compiled_react-dom_1698bfa6._.js:6708:24)
    at runWithFiberInDEV (http://localhost:3000/_next/static/chunks/509c2_next_dist_compiled_react-dom_1698bfa6._.js:965:74)
    at performUnitOfWork (http://localhost:3000/_next/static/chunks/509c2_next_dist_compiled_react-dom_1698bfa6._.js:9562:97)
    at workLoopConcurrentByScheduler (http://localhost:3000/_next/static/chunks/509c2_next_dist_compiled_react-dom_1698bfa6._.js:9558:58)
    at renderRootConcurrent (http://localhost:3000/_next/static/chunks/509c2_next_dist_compiled_react-dom_1698bfa6._.js:9541:71)
    at performWorkOnRoot (http://localhost:3000/_next/static/chunks/509c2_next_dist_compiled_react-dom_1698bfa6._.js:9068:150)
    at performWorkOnRootViaSchedulerTask (http://localhost:3000/_next/static/chunks/509c2_next_dist_compiled_react-dom_1698bfa6._.js:10230:9)
    at MessagePort.performWorkUntilDeadline (http://localhost:3000/_next/static/chunks/509c2_next_dist_compiled_9044104d._.js:2647:64) @ http://localhost:3000/_next/static/chunks/509c2_next_dist_512df543._.js:3127
[  123914ms] [ERROR] IntlError: MISSING_MESSAGE: Could not resolve `auth` in messages for locale `en-US`.
    at getMessagesOrError (http://localhost:3000/_next/static/chunks/db2ad__pnpm_bc426aec._.js:3637:27)
    at createBaseTranslator (http://localhost:3000/_next/static/chunks/db2ad__pnpm_bc426aec._.js:3642:29)
    at useTranslationsImpl.useMemo[translate] (http://localhost:3000/_next/static/chunks/db2ad__pnpm_bc426aec._.js:4163:378)
    at mountMemo (http://localhost:3000/_next/static/chunks/509c2_next_dist_compiled_react-dom_1698bfa6._.js:5424:25)
    at Object.useMemo (http://localhost:3000/_next/static/chunks/509c2_next_dist_compiled_react-dom_1698bfa6._.js:15003:24)
    at exports.useMemo (http://localhost:3000/_next/static/chunks/509c2_next_dist_compiled_9044104d._.js:1742:36)
    at useTranslationsImpl (http://localhost:3000/_next/static/chunks/db2ad__pnpm_bc426aec._.js:4162:416)
    at useTranslations (http://localhost:3000/_next/static/chunks/db2ad__pnpm_bc426aec._.js:4201:12)
    at http://localhost:3000/_next/static/chunks/db2ad__pnpm_ff96319a._.js:25:20
    at LoginForm (http://localhost:3000/_next/static/chunks/pi-cwd-20260601_admin-platform_libs_e8399fc0._.js:4087:432)
    at Object.react_stack_bottom_frame (http://localhost:3000/_next/static/chunks/509c2_next_dist_compiled_react-dom_1698bfa6._.js:14826:24)
    at renderWithHooks (http://localhost:3000/_next/static/chunks/509c2_next_dist_compiled_react-dom_1698bfa6._.js:4651:24)
    at updateFunctionComponent (http://localhost:3000/_next/static/chunks/509c2_next_dist_compiled_react-dom_1698bfa6._.js:6112:21)
    at beginWork (http://localhost:3000/_next/static/chunks/509c2_next_dist_compiled_react-dom_1698bfa6._.js:6708:24)
    at runWithFiberInDEV (http://localhost:3000/_next/static/chunks/509c2_next_dist_compiled_react-dom_1698bfa6._.js:965:74)
    at performUnitOfWork (http://localhost:3000/_next/static/chunks/509c2_next_dist_compiled_react-dom_1698bfa6._.js:9562:97)
    at workLoopConcurrentByScheduler (http://localhost:3000/_next/static/chunks/509c2_next_dist_compiled_react-dom_1698bfa6._.js:9558:58)
    at renderRootConcurrent (http://localhost:3000/_next/static/chunks/509c2_next_dist_compiled_react-dom_1698bfa6._.js:9541:71)
    at performWorkOnRoot (http://localhost:3000/_next/static/chunks/509c2_next_dist_compiled_react-dom_1698bfa6._.js:9068:150)
    at performWorkOnRootViaSchedulerTask (http://localhost:3000/_next/static/chunks/509c2_next_dist_compiled_react-dom_1698bfa6._.js:10230:9)
    at MessagePort.performWorkUntilDeadline (http://localhost:3000/_next/static/chunks/509c2_next_dist_compiled_9044104d._.js:2647:64) @ http://localhost:3000/_next/static/chunks/509c2_next_dist_512df543._.js:3127
[  123914ms] [ERROR] IntlError: MISSING_MESSAGE: Could not resolve `auth` in messages for locale `en-US`.
    at getMessagesOrError (http://localhost:3000/_next/static/chunks/db2ad__pnpm_bc426aec._.js:3637:27)
    at createBaseTranslator (http://localhost:3000/_next/static/chunks/db2ad__pnpm_bc426aec._.js:3642:29)
    at useTranslationsImpl.useMemo[translate] (http://localhost:3000/_next/static/chunks/db2ad__pnpm_bc426aec._.js:4163:378)
    at mountMemo (http://localhost:3000/_next/static/chunks/509c2_next_dist_compiled_react-dom_1698bfa6._.js:5424:25)
    at Object.useMemo (http://localhost:3000/_next/static/chunks/509c2_next_dist_compiled_react-dom_1698bfa6._.js:15003:24)
    at exports.useMemo (http://localhost:3000/_next/static/chunks/509c2_next_dist_compiled_9044104d._.js:1742:36)
    at useTranslationsImpl (http://localhost:3000/_next/static/chunks/db2ad__pnpm_bc426aec._.js:4162:416)
    at useTranslations (http://localhost:3000/_next/static/chunks/db2ad__pnpm_bc426aec._.js:4201:12)
    at http://localhost:3000/_next/static/chunks/db2ad__pnpm_ff96319a._.js:25:20
    at LoginForm (http://localhost:3000/_next/static/chunks/pi-cwd-20260601_admin-platform_libs_e8399fc0._.js:4087:432)
    at Object.react_stack_bottom_frame (http://localhost:3000/_next/static/chunks/509c2_next_dist_compiled_react-dom_1698bfa6._.js:14826:24)
    at renderWithHooks (http://localhost:3000/_next/static/chunks/509c2_next_dist_compiled_react-dom_1698bfa6._.js:4651:24)
    at updateFunctionComponent (http://localhost:3000/_next/static/chunks/509c2_next_dist_compiled_react-dom_1698bfa6._.js:6112:21)
    at beginWork (http://localhost:3000/_next/static/chunks/509c2_next_dist_compiled_react-dom_1698bfa6._.js:6708:24)
    at runWithFiberInDEV (http://localhost:3000/_next/static/chunks/509c2_next_dist_compiled_react-dom_1698bfa6._.js:965:74)
    at performUnitOfWork (http://localhost:3000/_next/static/chunks/509c2_next_dist_compiled_react-dom_1698bfa6._.js:9562:97)
    at workLoopConcurrentByScheduler (http://localhost:3000/_next/static/chunks/509c2_next_dist_compiled_react-dom_1698bfa6._.js:9558:58)
    at renderRootConcurrent (http://localhost:3000/_next/static/chunks/509c2_next_dist_compiled_react-dom_1698bfa6._.js:9541:71)
    at performWorkOnRoot (http://localhost:3000/_next/static/chunks/509c2_next_dist_compiled_react-dom_1698bfa6._.js:9068:150)
    at performWorkOnRootViaSchedulerTask (http://localhost:3000/_next/static/chunks/509c2_next_dist_compiled_react-dom_1698bfa6._.js:10230:9)
    at MessagePort.performWorkUntilDeadline (http://localhost:3000/_next/static/chunks/509c2_next_dist_compiled_9044104d._.js:2647:64) @ http://localhost:3000/_next/static/chunks/509c2_next_dist_512df543._.js:3127
[  123915ms] [ERROR] IntlError: MISSING_MESSAGE: Could not resolve `auth` in messages for locale `en-US`.
    at getMessagesOrError (http://localhost:3000/_next/static/chunks/db2ad__pnpm_bc426aec._.js:3637:27)
    at createBaseTranslator (http://localhost:3000/_next/static/chunks/db2ad__pnpm_bc426aec._.js:3642:29)
    at useTranslationsImpl.useMemo[translate] (http://localhost:3000/_next/static/chunks/db2ad__pnpm_bc426aec._.js:4163:378)
    at mountMemo (http://localhost:3000/_next/static/chunks/509c2_next_dist_compiled_react-dom_1698bfa6._.js:5424:25)
    at Object.useMemo (http://localhost:3000/_next/static/chunks/509c2_next_dist_compiled_react-dom_1698bfa6._.js:15003:24)
    at exports.useMemo (http://localhost:3000/_next/static/chunks/509c2_next_dist_compiled_9044104d._.js:1742:36)
    at useTranslationsImpl (http://localhost:3000/_next/static/chunks/db2ad__pnpm_bc426aec._.js:4162:416)
    at useTranslations (http://localhost:3000/_next/static/chunks/db2ad__pnpm_bc426aec._.js:4201:12)
    at http://localhost:3000/_next/static/chunks/db2ad__pnpm_ff96319a._.js:25:20
    at LoginForm (http://localhost:3000/_next/static/chunks/pi-cwd-20260601_admin-platform_libs_e8399fc0._.js:4087:432)
    at Object.react_stack_bottom_frame (http://localhost:3000/_next/static/chunks/509c2_next_dist_compiled_react-dom_1698bfa6._.js:14826:24)
    at renderWithHooks (http://localhost:3000/_next/static/chunks/509c2_next_dist_compiled_react-dom_1698bfa6._.js:4651:24)
    at updateFunctionComponent (http://localhost:3000/_next/static/chunks/509c2_next_dist_compiled_react-dom_1698bfa6._.js:6112:21)
    at beginWork (http://localhost:3000/_next/static/chunks/509c2_next_dist_compiled_react-dom_1698bfa6._.js:6708:24)
    at runWithFiberInDEV (http://localhost:3000/_next/static/chunks/509c2_next_dist_compiled_react-dom_1698bfa6._.js:965:74)
    at performUnitOfWork (http://localhost:3000/_next/static/chunks/509c2_next_dist_compiled_react-dom_1698bfa6._.js:9562:97)
    at workLoopConcurrentByScheduler (http://localhost:3000/_next/static/chunks/509c2_next_dist_compiled_react-dom_1698bfa6._.js:9558:58)
    at renderRootConcurrent (http://localhost:3000/_next/static/chunks/509c2_next_dist_compiled_react-dom_1698bfa6._.js:9541:71)
    at performWorkOnRoot (http://localhost:3000/_next/static/chunks/509c2_next_dist_compiled_react-dom_1698bfa6._.js:9068:150)
    at performWorkOnRootViaSchedulerTask (http://localhost:3000/_next/static/chunks/509c2_next_dist_compiled_react-dom_1698bfa6._.js:10230:9)
    at MessagePort.performWorkUntilDeadline (http://localhost:3000/_next/static/chunks/509c2_next_dist_compiled_9044104d._.js:2647:64) @ http://localhost:3000/_next/static/chunks/509c2_next_dist_512df543._.js:3127
[  124245ms] [ERROR] IntlError: MISSING_MESSAGE: Could not resolve `auth` in messages for locale `en-US`.
    at getMessagesOrError (http://localhost:3000/_next/static/chunks/db2ad__pnpm_bc426aec._.js:3637:27)
    at createBaseTranslator (http://localhost:3000/_next/static/chunks/db2ad__pnpm_bc426aec._.js:3642:29)
    at useTranslationsImpl.useMemo[translate] (http://localhost:3000/_next/static/chunks/db2ad__pnpm_bc426aec._.js:4163:378)
    at mountMemo (http://localhost:3000/_next/static/chunks/509c2_next_dist_compiled_react-dom_1698bfa6._.js:5424:25)
    at Object.useMemo (http://localhost:3000/_next/static/chunks/509c2_next_dist_compiled_react-dom_1698bfa6._.js:15003:24)
    at exports.useMemo (http://localhost:3000/_next/static/chunks/509c2_next_dist_compiled_9044104d._.js:1742:36)
    at useTranslationsImpl (http://localhost:3000/_next/static/chunks/db2ad__pnpm_bc426aec._.js:4162:416)
    at useTranslations (http://localhost:3000/_next/static/chunks/db2ad__pnpm_bc426aec._.js:4201:12)
    at http://localhost:3000/_next/static/chunks/db2ad__pnpm_ff96319a._.js:25:20
    at LoginPage (http://localhost:3000/_next/static/chunks/pi-cwd-20260601_admin-platform_libs_e8399fc0._.js:4740:432)
    at Object.react_stack_bottom_frame (http://localhost:3000/_next/static/chunks/509c2_next_dist_compiled_react-dom_1698bfa6._.js:14826:24)
    at renderWithHooks (http://localhost:3000/_next/static/chunks/509c2_next_dist_compiled_react-dom_1698bfa6._.js:4651:24)
    at updateFunctionComponent (http://localhost:3000/_next/static/chunks/509c2_next_dist_compiled_react-dom_1698bfa6._.js:6112:21)
    at beginWork (http://localhost:3000/_next/static/chunks/509c2_next_dist_compiled_react-dom_1698bfa6._.js:6687:639)
    at runWithFiberInDEV (http://localhost:3000/_next/static/chunks/509c2_next_dist_compiled_react-dom_1698bfa6._.js:965:74)
    at performUnitOfWork (http://localhost:3000/_next/static/chunks/509c2_next_dist_compiled_react-dom_1698bfa6._.js:9562:97)
    at workLoopConcurrentByScheduler (http://localhost:3000/_next/static/chunks/509c2_next_dist_compiled_react-dom_1698bfa6._.js:9558:58)
    at renderRootConcurrent (http://localhost:3000/_next/static/chunks/509c2_next_dist_compiled_react-dom_1698bfa6._.js:9541:71)
    at performWorkOnRoot (http://localhost:3000/_next/static/chunks/509c2_next_dist_compiled_react-dom_1698bfa6._.js:9068:150)
    at performWorkOnRootViaSchedulerTask (http://localhost:3000/_next/static/chunks/509c2_next_dist_compiled_react-dom_1698bfa6._.js:10230:9)
    at MessagePort.performWorkUntilDeadline (http://localhost:3000/_next/static/chunks/509c2_next_dist_compiled_9044104d._.js:2647:64) @ http://localhost:3000/_next/static/chunks/509c2_next_dist_512df543._.js:3127
[  124246ms] [ERROR] IntlError: MISSING_MESSAGE: Could not resolve `auth` in messages for locale `en-US`.
    at getMessagesOrError (http://localhost:3000/_next/static/chunks/db2ad__pnpm_bc426aec._.js:3637:27)
    at createBaseTranslator (http://localhost:3000/_next/static/chunks/db2ad__pnpm_bc426aec._.js:3642:29)
    at useTranslationsImpl.useMemo[translate] (http://localhost:3000/_next/static/chunks/db2ad__pnpm_bc426aec._.js:4163:378)
    at mountMemo (http://localhost:3000/_next/static/chunks/509c2_next_dist_compiled_react-dom_1698bfa6._.js:5424:25)
    at Object.useMemo (http://localhost:3000/_next/static/chunks/509c2_next_dist_compiled_react-dom_1698bfa6._.js:15003:24)
    at exports.useMemo (http://localhost:3000/_next/static/chunks/509c2_next_dist_compiled_9044104d._.js:1742:36)
    at useTranslationsImpl (http://localhost:3000/_next/static/chunks/db2ad__pnpm_bc426aec._.js:4162:416)
    at useTranslations (http://localhost:3000/_next/static/chunks/db2ad__pnpm_bc426aec._.js:4201:12)
    at http://localhost:3000/_next/static/chunks/db2ad__pnpm_ff96319a._.js:25:20
    at LoginPage (http://localhost:3000/_next/static/chunks/pi-cwd-20260601_admin-platform_libs_e8399fc0._.js:4740:432)
    at Object.react_stack_bottom_frame (http://localhost:3000/_next/static/chunks/509c2_next_dist_compiled_react-dom_1698bfa6._.js:14826:24)
    at renderWithHooks (http://localhost:3000/_next/static/chunks/509c2_next_dist_compiled_react-dom_1698bfa6._.js:4651:24)
    at updateFunctionComponent (http://localhost:3000/_next/static/chunks/509c2_next_dist_compiled_react-dom_1698bfa6._.js:6112:21)
    at beginWork (http://localhost:3000/_next/static/chunks/509c2_next_dist_compiled_react-dom_1698bfa6._.js:6687:639)
    at runWithFiberInDEV (http://localhost:3000/_next/static/chunks/509c2_next_dist_compiled_react-dom_1698bfa6._.js:965:74)
    at performUnitOfWork (http://localhost:3000/_next/static/chunks/509c2_next_dist_compiled_react-dom_1698bfa6._.js:9562:97)
    at workLoopConcurrentByScheduler (http://localhost:3000/_next/static/chunks/509c2_next_dist_compiled_react-dom_1698bfa6._.js:9558:58)
    at renderRootConcurrent (http://localhost:3000/_next/static/chunks/509c2_next_dist_compiled_react-dom_1698bfa6._.js:9541:71)
    at performWorkOnRoot (http://localhost:3000/_next/static/chunks/509c2_next_dist_compiled_react-dom_1698bfa6._.js:9068:150)
    at performWorkOnRootViaSchedulerTask (http://localhost:3000/_next/static/chunks/509c2_next_dist_compiled_react-dom_1698bfa6._.js:10230:9)
    at MessagePort.performWorkUntilDeadline (http://localhost:3000/_next/static/chunks/509c2_next_dist_compiled_9044104d._.js:2647:64) @ http://localhost:3000/_next/static/chunks/509c2_next_dist_512df543._.js:3127
[  124246ms] [ERROR] IntlError: MISSING_MESSAGE: Could not resolve `auth` in messages for locale `en-US`.
    at getMessagesOrError (http://localhost:3000/_next/static/chunks/db2ad__pnpm_bc426aec._.js:3637:27)
    at createBaseTranslator (http://localhost:3000/_next/static/chunks/db2ad__pnpm_bc426aec._.js:3642:29)
    at useTranslationsImpl.useMemo[translate] (http://localhost:3000/_next/static/chunks/db2ad__pnpm_bc426aec._.js:4163:378)
    at mountMemo (http://localhost:3000/_next/static/chunks/509c2_next_dist_compiled_react-dom_1698bfa6._.js:5424:25)
    at Object.useMemo (http://localhost:3000/_next/static/chunks/509c2_next_dist_compiled_react-dom_1698bfa6._.js:15003:24)
    at exports.useMemo (http://localhost:3000/_next/static/chunks/509c2_next_dist_compiled_9044104d._.js:1742:36)
    at useTranslationsImpl (http://localhost:3000/_next/static/chunks/db2ad__pnpm_bc426aec._.js:4162:416)
    at useTranslations (http://localhost:3000/_next/static/chunks/db2ad__pnpm_bc426aec._.js:4201:12)
    at http://localhost:3000/_next/static/chunks/db2ad__pnpm_ff96319a._.js:25:20
    at LoginPage (http://localhost:3000/_next/static/chunks/pi-cwd-20260601_admin-platform_libs_e8399fc0._.js:4740:432)
    at Object.react_stack_bottom_frame (http://localhost:3000/_next/static/chunks/509c2_next_dist_compiled_react-dom_1698bfa6._.js:14826:24)
    at renderWithHooks (http://localhost:3000/_next/static/chunks/509c2_next_dist_compiled_react-dom_1698bfa6._.js:4651:24)
    at updateFunctionComponent (http://localhost:3000/_next/static/chunks/509c2_next_dist_compiled_react-dom_1698bfa6._.js:6112:21)
    at beginWork (http://localhost:3000/_next/static/chunks/509c2_next_dist_compiled_react-dom_1698bfa6._.js:6687:639)
    at runWithFiberInDEV (http://localhost:3000/_next/static/chunks/509c2_next_dist_compiled_react-dom_1698bfa6._.js:965:74)
    at performUnitOfWork (http://localhost:3000/_next/static/chunks/509c2_next_dist_compiled_react-dom_1698bfa6._.js:9562:97)
    at workLoopConcurrentByScheduler (http://localhost:3000/_next/static/chunks/509c2_next_dist_compiled_react-dom_1698bfa6._.js:9558:58)
    at renderRootConcurrent (http://localhost:3000/_next/static/chunks/509c2_next_dist_compiled_react-dom_1698bfa6._.js:9541:71)
    at performWorkOnRoot (http://localhost:3000/_next/static/chunks/509c2_next_dist_compiled_react-dom_1698bfa6._.js:9068:150)
    at performWorkOnRootViaSchedulerTask (http://localhost:3000/_next/static/chunks/509c2_next_dist_compiled_react-dom_1698bfa6._.js:10230:9)
    at MessagePort.performWorkUntilDeadline (http://localhost:3000/_next/static/chunks/509c2_next_dist_compiled_9044104d._.js:2647:64) @ http://localhost:3000/_next/static/chunks/509c2_next_dist_512df543._.js:3127
[  124247ms] [ERROR] IntlError: MISSING_MESSAGE: Could not resolve `auth` in messages for locale `en-US`.
    at getMessagesOrError (http://localhost:3000/_next/static/chunks/db2ad__pnpm_bc426aec._.js:3637:27)
    at createBaseTranslator (http://localhost:3000/_next/static/chunks/db2ad__pnpm_bc426aec._.js:3642:29)
    at useTranslationsImpl.useMemo[translate] (http://localhost:3000/_next/static/chunks/db2ad__pnpm_bc426aec._.js:4163:378)
    at mountMemo (http://localhost:3000/_next/static/chunks/509c2_next_dist_compiled_react-dom_1698bfa6._.js:5424:25)
    at Object.useMemo (http://localhost:3000/_next/static/chunks/509c2_next_dist_compiled_react-dom_1698bfa6._.js:15003:24)
    at exports.useMemo (http://localhost:3000/_next/static/chunks/509c2_next_dist_compiled_9044104d._.js:1742:36)
    at useTranslationsImpl (http://localhost:3000/_next/static/chunks/db2ad__pnpm_bc426aec._.js:4162:416)
    at useTranslations (http://localhost:3000/_next/static/chunks/db2ad__pnpm_bc426aec._.js:4201:12)
    at http://localhost:3000/_next/static/chunks/db2ad__pnpm_ff96319a._.js:25:20
    at LoginPage (http://localhost:3000/_next/static/chunks/pi-cwd-20260601_admin-platform_libs_e8399fc0._.js:4740:432)
    at Object.react_stack_bottom_frame (http://localhost:3000/_next/static/chunks/509c2_next_dist_compiled_react-dom_1698bfa6._.js:14826:24)
    at renderWithHooks (http://localhost:3000/_next/static/chunks/509c2_next_dist_compiled_react-dom_1698bfa6._.js:4651:24)
    at updateFunctionComponent (http://localhost:3000/_next/static/chunks/509c2_next_dist_compiled_react-dom_1698bfa6._.js:6112:21)
    at beginWork (http://localhost:3000/_next/static/chunks/509c2_next_dist_compiled_react-dom_1698bfa6._.js:6687:639)
    at runWithFiberInDEV (http://localhost:3000/_next/static/chunks/509c2_next_dist_compiled_react-dom_1698bfa6._.js:965:74)
    at performUnitOfWork (http://localhost:3000/_next/static/chunks/509c2_next_dist_compiled_react-dom_1698bfa6._.js:9562:97)
    at workLoopConcurrentByScheduler (http://localhost:3000/_next/static/chunks/509c2_next_dist_compiled_react-dom_1698bfa6._.js:9558:58)
    at renderRootConcurrent (http://localhost:3000/_next/static/chunks/509c2_next_dist_compiled_react-dom_1698bfa6._.js:9541:71)
    at performWorkOnRoot (http://localhost:3000/_next/static/chunks/509c2_next_dist_compiled_react-dom_1698bfa6._.js:9068:150)
    at performWorkOnRootViaSchedulerTask (http://localhost:3000/_next/static/chunks/509c2_next_dist_compiled_react-dom_1698bfa6._.js:10230:9)
    at MessagePort.performWorkUntilDeadline (http://localhost:3000/_next/static/chunks/509c2_next_dist_compiled_9044104d._.js:2647:64) @ http://localhost:3000/_next/static/chunks/509c2_next_dist_512df543._.js:3127
[  124247ms] [ERROR] IntlError: MISSING_MESSAGE: Could not resolve `auth` in messages for locale `en-US`.
    at getMessagesOrError (http://localhost:3000/_next/static/chunks/db2ad__pnpm_bc426aec._.js:3637:27)
    at createBaseTranslator (http://localhost:3000/_next/static/chunks/db2ad__pnpm_bc426aec._.js:3642:29)
    at useTranslationsImpl.useMemo[translate] (http://localhost:3000/_next/static/chunks/db2ad__pnpm_bc426aec._.js:4163:378)
    at mountMemo (http://localhost:3000/_next/static/chunks/509c2_next_dist_compiled_react-dom_1698bfa6._.js:5424:25)
    at Object.useMemo (http://localhost:3000/_next/static/chunks/509c2_next_dist_compiled_react-dom_1698bfa6._.js:15003:24)
    at exports.useMemo (http://localhost:3000/_next/static/chunks/509c2_next_dist_compiled_9044104d._.js:1742:36)
    at useTranslationsImpl (http://localhost:3000/_next/static/chunks/db2ad__pnpm_bc426aec._.js:4162:416)
    at useTranslations (http://localhost:3000/_next/static/chunks/db2ad__pnpm_bc426aec._.js:4201:12)
    at http://localhost:3000/_next/static/chunks/db2ad__pnpm_ff96319a._.js:25:20
    at LoginPage (http://localhost:3000/_next/static/chunks/pi-cwd-20260601_admin-platform_libs_e8399fc0._.js:4740:432)
    at Object.react_stack_bottom_frame (http://localhost:3000/_next/static/chunks/509c2_next_dist_compiled_react-dom_1698bfa6._.js:14826:24)
    at renderWithHooks (http://localhost:3000/_next/static/chunks/509c2_next_dist_compiled_react-dom_1698bfa6._.js:4651:24)
    at updateFunctionComponent (http://localhost:3000/_next/static/chunks/509c2_next_dist_compiled_react-dom_1698bfa6._.js:6112:21)
    at beginWork (http://localhost:3000/_next/static/chunks/509c2_next_dist_compiled_react-dom_1698bfa6._.js:6687:639)
    at runWithFiberInDEV (http://localhost:3000/_next/static/chunks/509c2_next_dist_compiled_react-dom_1698bfa6._.js:965:74)
    at performUnitOfWork (http://localhost:3000/_next/static/chunks/509c2_next_dist_compiled_react-dom_1698bfa6._.js:9562:97)
    at workLoopConcurrentByScheduler (http://localhost:3000/_next/static/chunks/509c2_next_dist_compiled_react-dom_1698bfa6._.js:9558:58)
    at renderRootConcurrent (http://localhost:3000/_next/static/chunks/509c2_next_dist_compiled_react-dom_1698bfa6._.js:9541:71)
    at performWorkOnRoot (http://localhost:3000/_next/static/chunks/509c2_next_dist_compiled_react-dom_1698bfa6._.js:9068:150)
    at performWorkOnRootViaSchedulerTask (http://localhost:3000/_next/static/chunks/509c2_next_dist_compiled_react-dom_1698bfa6._.js:10230:9)
    at MessagePort.performWorkUntilDeadline (http://localhost:3000/_next/static/chunks/509c2_next_dist_compiled_9044104d._.js:2647:64) @ http://localhost:3000/_next/static/chunks/509c2_next_dist_512df543._.js:3127
[  124248ms] [ERROR] IntlError: MISSING_MESSAGE: Could not resolve `auth` in messages for locale `en-US`.
    at getMessagesOrError (http://localhost:3000/_next/static/chunks/db2ad__pnpm_bc426aec._.js:3637:27)
    at createBaseTranslator (http://localhost:3000/_next/static/chunks/db2ad__pnpm_bc426aec._.js:3642:29)
    at useTranslationsImpl.useMemo[translate] (http://localhost:3000/_next/static/chunks/db2ad__pnpm_bc426aec._.js:4163:378)
    at mountMemo (http://localhost:3000/_next/static/chunks/509c2_next_dist_compiled_react-dom_1698bfa6._.js:5424:25)
    at Object.useMemo (http://localhost:3000/_next/static/chunks/509c2_next_dist_compiled_react-dom_1698bfa6._.js:15003:24)
    at exports.useMemo (http://localhost:3000/_next/static/chunks/509c2_next_dist_compiled_9044104d._.js:1742:36)
    at useTranslationsImpl (http://localhost:3000/_next/static/chunks/db2ad__pnpm_bc426aec._.js:4162:416)
    at useTranslations (http://localhost:3000/_next/static/chunks/db2ad__pnpm_bc426aec._.js:4201:12)
    at http://localhost:3000/_next/static/chunks/db2ad__pnpm_ff96319a._.js:25:20
    at LoginPage (http://localhost:3000/_next/static/chunks/pi-cwd-20260601_admin-platform_libs_e8399fc0._.js:4740:432)
    at Object.react_stack_bottom_frame (http://localhost:3000/_next/static/chunks/509c2_next_dist_compiled_react-dom_1698bfa6._.js:14826:24)
    at renderWithHooks (http://localhost:3000/_next/static/chunks/509c2_next_dist_compiled_react-dom_1698bfa6._.js:4651:24)
    at updateFunctionComponent (http://localhost:3000/_next/static/chunks/509c2_next_dist_compiled_react-dom_1698bfa6._.js:6112:21)
    at beginWork (http://localhost:3000/_next/static/chunks/509c2_next_dist_compiled_react-dom_1698bfa6._.js:6687:639)
    at runWithFiberInDEV (http://localhost:3000/_next/static/chunks/509c2_next_dist_compiled_react-dom_1698bfa6._.js:965:74)
    at performUnitOfWork (http://localhost:3000/_next/static/chunks/509c2_next_dist_compiled_react-dom_1698bfa6._.js:9562:97)
    at workLoopConcurrentByScheduler (http://localhost:3000/_next/static/chunks/509c2_next_dist_compiled_react-dom_1698bfa6._.js:9558:58)
    at renderRootConcurrent (http://localhost:3000/_next/static/chunks/509c2_next_dist_compiled_react-dom_1698bfa6._.js:9541:71)
    at performWorkOnRoot (http://localhost:3000/_next/static/chunks/509c2_next_dist_compiled_react-dom_1698bfa6._.js:9068:150)
    at performWorkOnRootViaSchedulerTask (http://localhost:3000/_next/static/chunks/509c2_next_dist_compiled_react-dom_1698bfa6._.js:10230:9)
    at MessagePort.performWorkUntilDeadline (http://localhost:3000/_next/static/chunks/509c2_next_dist_compiled_9044104d._.js:2647:64) @ http://localhost:3000/_next/static/chunks/509c2_next_dist_512df543._.js:3127
[  124248ms] [ERROR] IntlError: MISSING_MESSAGE: Could not resolve `auth` in messages for locale `en-US`.
    at getMessagesOrError (http://localhost:3000/_next/static/chunks/db2ad__pnpm_bc426aec._.js:3637:27)
    at createBaseTranslator (http://localhost:3000/_next/static/chunks/db2ad__pnpm_bc426aec._.js:3642:29)
    at useTranslationsImpl.useMemo[translate] (http://localhost:3000/_next/static/chunks/db2ad__pnpm_bc426aec._.js:4163:378)
    at mountMemo (http://localhost:3000/_next/static/chunks/509c2_next_dist_compiled_react-dom_1698bfa6._.js:5424:25)
    at Object.useMemo (http://localhost:3000/_next/static/chunks/509c2_next_dist_compiled_react-dom_1698bfa6._.js:15003:24)
    at exports.useMemo (http://localhost:3000/_next/static/chunks/509c2_next_dist_compiled_9044104d._.js:1742:36)
    at useTranslationsImpl (http://localhost:3000/_next/static/chunks/db2ad__pnpm_bc426aec._.js:4162:416)
    at useTranslations (http://localhost:3000/_next/static/chunks/db2ad__pnpm_bc426aec._.js:4201:12)
    at http://localhost:3000/_next/static/chunks/db2ad__pnpm_ff96319a._.js:25:20
    at LoginForm (http://localhost:3000/_next/static/chunks/pi-cwd-20260601_admin-platform_libs_e8399fc0._.js:4087:432)
    at Object.react_stack_bottom_frame (http://localhost:3000/_next/static/chunks/509c2_next_dist_compiled_react-dom_1698bfa6._.js:14826:24)
    at renderWithHooks (http://localhost:3000/_next/static/chunks/509c2_next_dist_compiled_react-dom_1698bfa6._.js:4651:24)
    at updateFunctionComponent (http://localhost:3000/_next/static/chunks/509c2_next_dist_compiled_react-dom_1698bfa6._.js:6112:21)
    at beginWork (http://localhost:3000/_next/static/chunks/509c2_next_dist_compiled_react-dom_1698bfa6._.js:6708:24)
    at runWithFiberInDEV (http://localhost:3000/_next/static/chunks/509c2_next_dist_compiled_react-dom_1698bfa6._.js:965:74)
    at performUnitOfWork (http://localhost:3000/_next/static/chunks/509c2_next_dist_compiled_react-dom_1698bfa6._.js:9562:97)
    at workLoopConcurrentByScheduler (http://localhost:3000/_next/static/chunks/509c2_next_dist_compiled_react-dom_1698bfa6._.js:9558:58)
    at renderRootConcurrent (http://localhost:3000/_next/static/chunks/509c2_next_dist_compiled_react-dom_1698bfa6._.js:9541:71)
    at performWorkOnRoot (http://localhost:3000/_next/static/chunks/509c2_next_dist_compiled_react-dom_1698bfa6._.js:9068:150)
    at performWorkOnRootViaSchedulerTask (http://localhost:3000/_next/static/chunks/509c2_next_dist_compiled_react-dom_1698bfa6._.js:10230:9)
    at MessagePort.performWorkUntilDeadline (http://localhost:3000/_next/static/chunks/509c2_next_dist_compiled_9044104d._.js:2647:64) @ http://localhost:3000/_next/static/chunks/509c2_next_dist_512df543._.js:3127
[  124249ms] [ERROR] IntlError: MISSING_MESSAGE: Could not resolve `auth` in messages for locale `en-US`.
    at getMessagesOrError (http://localhost:3000/_next/static/chunks/db2ad__pnpm_bc426aec._.js:3637:27)
    at createBaseTranslator (http://localhost:3000/_next/static/chunks/db2ad__pnpm_bc426aec._.js:3642:29)
    at useTranslationsImpl.useMemo[translate] (http://localhost:3000/_next/static/chunks/db2ad__pnpm_bc426aec._.js:4163:378)
    at mountMemo (http://localhost:3000/_next/static/chunks/509c2_next_dist_compiled_react-dom_1698bfa6._.js:5424:25)
    at Object.useMemo (http://localhost:3000/_next/static/chunks/509c2_next_dist_compiled_react-dom_1698bfa6._.js:15003:24)
    at exports.useMemo (http://localhost:3000/_next/static/chunks/509c2_next_dist_compiled_9044104d._.js:1742:36)
    at useTranslationsImpl (http://localhost:3000/_next/static/chunks/db2ad__pnpm_bc426aec._.js:4162:416)
    at useTranslations (http://localhost:3000/_next/static/chunks/db2ad__pnpm_bc426aec._.js:4201:12)
    at http://localhost:3000/_next/static/chunks/db2ad__pnpm_ff96319a._.js:25:20
    at LoginForm (http://localhost:3000/_next/static/chunks/pi-cwd-20260601_admin-platform_libs_e8399fc0._.js:4087:432)
    at Object.react_stack_bottom_frame (http://localhost:3000/_next/static/chunks/509c2_next_dist_compiled_react-dom_1698bfa6._.js:14826:24)
    at renderWithHooks (http://localhost:3000/_next/static/chunks/509c2_next_dist_compiled_react-dom_1698bfa6._.js:4651:24)
    at updateFunctionComponent (http://localhost:3000/_next/static/chunks/509c2_next_dist_compiled_react-dom_1698bfa6._.js:6112:21)
    at beginWork (http://localhost:3000/_next/static/chunks/509c2_next_dist_compiled_react-dom_1698bfa6._.js:6708:24)
    at runWithFiberInDEV (http://localhost:3000/_next/static/chunks/509c2_next_dist_compiled_react-dom_1698bfa6._.js:965:74)
    at performUnitOfWork (http://localhost:3000/_next/static/chunks/509c2_next_dist_compiled_react-dom_1698bfa6._.js:9562:97)
    at workLoopConcurrentByScheduler (http://localhost:3000/_next/static/chunks/509c2_next_dist_compiled_react-dom_1698bfa6._.js:9558:58)
    at renderRootConcurrent (http://localhost:3000/_next/static/chunks/509c2_next_dist_compiled_react-dom_1698bfa6._.js:9541:71)
    at performWorkOnRoot (http://localhost:3000/_next/static/chunks/509c2_next_dist_compiled_react-dom_1698bfa6._.js:9068:150)
    at performWorkOnRootViaSchedulerTask (http://localhost:3000/_next/static/chunks/509c2_next_dist_compiled_react-dom_1698bfa6._.js:10230:9)
    at MessagePort.performWorkUntilDeadline (http://localhost:3000/_next/static/chunks/509c2_next_dist_compiled_9044104d._.js:2647:64) @ http://localhost:3000/_next/static/chunks/509c2_next_dist_512df543._.js:3127
[  124249ms] [ERROR] IntlError: MISSING_MESSAGE: Could not resolve `auth` in messages for locale `en-US`.
    at getMessagesOrError (http://localhost:3000/_next/static/chunks/db2ad__pnpm_bc426aec._.js:3637:27)
    at createBaseTranslator (http://localhost:3000/_next/static/chunks/db2ad__pnpm_bc426aec._.js:3642:29)
    at useTranslationsImpl.useMemo[translate] (http://localhost:3000/_next/static/chunks/db2ad__pnpm_bc426aec._.js:4163:378)
    at mountMemo (http://localhost:3000/_next/static/chunks/509c2_next_dist_compiled_react-dom_1698bfa6._.js:5424:25)
    at Object.useMemo (http://localhost:3000/_next/static/chunks/509c2_next_dist_compiled_react-dom_1698bfa6._.js:15003:24)
    at exports.useMemo (http://localhost:3000/_next/static/chunks/509c2_next_dist_compiled_9044104d._.js:1742:36)
    at useTranslationsImpl (http://localhost:3000/_next/static/chunks/db2ad__pnpm_bc426aec._.js:4162:416)
    at useTranslations (http://localhost:3000/_next/static/chunks/db2ad__pnpm_bc426aec._.js:4201:12)
    at http://localhost:3000/_next/static/chunks/db2ad__pnpm_ff96319a._.js:25:20
    at LoginForm (http://localhost:3000/_next/static/chunks/pi-cwd-20260601_admin-platform_libs_e8399fc0._.js:4087:432)
    at Object.react_stack_bottom_frame (http://localhost:3000/_next/static/chunks/509c2_next_dist_compiled_react-dom_1698bfa6._.js:14826:24)
    at renderWithHooks (http://localhost:3000/_next/static/chunks/509c2_next_dist_compiled_react-dom_1698bfa6._.js:4651:24)
    at updateFunctionComponent (http://localhost:3000/_next/static/chunks/509c2_next_dist_compiled_react-dom_1698bfa6._.js:6112:21)
    at beginWork (http://localhost:3000/_next/static/chunks/509c2_next_dist_compiled_react-dom_1698bfa6._.js:6708:24)
    at runWithFiberInDEV (http://localhost:3000/_next/static/chunks/509c2_next_dist_compiled_react-dom_1698bfa6._.js:965:74)
    at performUnitOfWork (http://localhost:3000/_next/static/chunks/509c2_next_dist_compiled_react-dom_1698bfa6._.js:9562:97)
    at workLoopConcurrentByScheduler (http://localhost:3000/_next/static/chunks/509c2_next_dist_compiled_react-dom_1698bfa6._.js:9558:58)
    at renderRootConcurrent (http://localhost:3000/_next/static/chunks/509c2_next_dist_compiled_react-dom_1698bfa6._.js:9541:71)
    at performWorkOnRoot (http://localhost:3000/_next/static/chunks/509c2_next_dist_compiled_react-dom_1698bfa6._.js:9068:150)
    at performWorkOnRootViaSchedulerTask (http://localhost:3000/_next/static/chunks/509c2_next_dist_compiled_react-dom_1698bfa6._.js:10230:9)
    at MessagePort.performWorkUntilDeadline (http://localhost:3000/_next/static/chunks/509c2_next_dist_compiled_9044104d._.js:2647:64) @ http://localhost:3000/_next/static/chunks/509c2_next_dist_512df543._.js:3127
[  124250ms] [ERROR] IntlError: MISSING_MESSAGE: Could not resolve `auth` in messages for locale `en-US`.
    at getMessagesOrError (http://localhost:3000/_next/static/chunks/db2ad__pnpm_bc426aec._.js:3637:27)
    at createBaseTranslator (http://localhost:3000/_next/static/chunks/db2ad__pnpm_bc426aec._.js:3642:29)
    at useTranslationsImpl.useMemo[translate] (http://localhost:3000/_next/static/chunks/db2ad__pnpm_bc426aec._.js:4163:378)
    at mountMemo (http://localhost:3000/_next/static/chunks/509c2_next_dist_compiled_react-dom_1698bfa6._.js:5424:25)
    at Object.useMemo (http://localhost:3000/_next/static/chunks/509c2_next_dist_compiled_react-dom_1698bfa6._.js:15003:24)
    at exports.useMemo (http://localhost:3000/_next/static/chunks/509c2_next_dist_compiled_9044104d._.js:1742:36)
    at useTranslationsImpl (http://localhost:3000/_next/static/chunks/db2ad__pnpm_bc426aec._.js:4162:416)
    at useTranslations (http://localhost:3000/_next/static/chunks/db2ad__pnpm_bc426aec._.js:4201:12)
    at http://localhost:3000/_next/static/chunks/db2ad__pnpm_ff96319a._.js:25:20
    at LoginForm (http://localhost:3000/_next/static/chunks/pi-cwd-20260601_admin-platform_libs_e8399fc0._.js:4087:432)
    at Object.react_stack_bottom_frame (http://localhost:3000/_next/static/chunks/509c2_next_dist_compiled_react-dom_1698bfa6._.js:14826:24)
    at renderWithHooks (http://localhost:3000/_next/static/chunks/509c2_next_dist_compiled_react-dom_1698bfa6._.js:4651:24)
    at updateFunctionComponent (http://localhost:3000/_next/static/chunks/509c2_next_dist_compiled_react-dom_1698bfa6._.js:6112:21)
    at beginWork (http://localhost:3000/_next/static/chunks/509c2_next_dist_compiled_react-dom_1698bfa6._.js:6708:24)
    at runWithFiberInDEV (http://localhost:3000/_next/static/chunks/509c2_next_dist_compiled_react-dom_1698bfa6._.js:965:74)
    at performUnitOfWork (http://localhost:3000/_next/static/chunks/509c2_next_dist_compiled_react-dom_1698bfa6._.js:9562:97)
    at workLoopConcurrentByScheduler (http://localhost:3000/_next/static/chunks/509c2_next_dist_compiled_react-dom_1698bfa6._.js:9558:58)
    at renderRootConcurrent (http://localhost:3000/_next/static/chunks/509c2_next_dist_compiled_react-dom_1698bfa6._.js:9541:71)
    at performWorkOnRoot (http://localhost:3000/_next/static/chunks/509c2_next_dist_compiled_react-dom_1698bfa6._.js:9068:150)
    at performWorkOnRootViaSchedulerTask (http://localhost:3000/_next/static/chunks/509c2_next_dist_compiled_react-dom_1698bfa6._.js:10230:9)
    at MessagePort.performWorkUntilDeadline (http://localhost:3000/_next/static/chunks/509c2_next_dist_compiled_9044104d._.js:2647:64) @ http://localhost:3000/_next/static/chunks/509c2_next_dist_512df543._.js:3127
[  124250ms] [ERROR] IntlError: MISSING_MESSAGE: Could not resolve `auth` in messages for locale `en-US`.
    at getMessagesOrError (http://localhost:3000/_next/static/chunks/db2ad__pnpm_bc426aec._.js:3637:27)
    at createBaseTranslator (http://localhost:3000/_next/static/chunks/db2ad__pnpm_bc426aec._.js:3642:29)
    at useTranslationsImpl.useMemo[translate] (http://localhost:3000/_next/static/chunks/db2ad__pnpm_bc426aec._.js:4163:378)
    at mountMemo (http://localhost:3000/_next/static/chunks/509c2_next_dist_compiled_react-dom_1698bfa6._.js:5424:25)
    at Object.useMemo (http://localhost:3000/_next/static/chunks/509c2_next_dist_compiled_react-dom_1698bfa6._.js:15003:24)
    at exports.useMemo (http://localhost:3000/_next/static/chunks/509c2_next_dist_compiled_9044104d._.js:1742:36)
    at useTranslationsImpl (http://localhost:3000/_next/static/chunks/db2ad__pnpm_bc426aec._.js:4162:416)
    at useTranslations (http://localhost:3000/_next/static/chunks/db2ad__pnpm_bc426aec._.js:4201:12)
    at http://localhost:3000/_next/static/chunks/db2ad__pnpm_ff96319a._.js:25:20
    at LoginForm (http://localhost:3000/_next/static/chunks/pi-cwd-20260601_admin-platform_libs_e8399fc0._.js:4087:432)
    at Object.react_stack_bottom_frame (http://localhost:3000/_next/static/chunks/509c2_next_dist_compiled_react-dom_1698bfa6._.js:14826:24)
    at renderWithHooks (http://localhost:3000/_next/static/chunks/509c2_next_dist_compiled_react-dom_1698bfa6._.js:4651:24)
    at updateFunctionComponent (http://localhost:3000/_next/static/chunks/509c2_next_dist_compiled_react-dom_1698bfa6._.js:6112:21)
    at beginWork (http://localhost:3000/_next/static/chunks/509c2_next_dist_compiled_react-dom_1698bfa6._.js:6708:24)
    at runWithFiberInDEV (http://localhost:3000/_next/static/chunks/509c2_next_dist_compiled_react-dom_1698bfa6._.js:965:74)
    at performUnitOfWork (http://localhost:3000/_next/static/chunks/509c2_next_dist_compiled_react-dom_1698bfa6._.js:9562:97)
    at workLoopConcurrentByScheduler (http://localhost:3000/_next/static/chunks/509c2_next_dist_compiled_react-dom_1698bfa6._.js:9558:58)
    at renderRootConcurrent (http://localhost:3000/_next/static/chunks/509c2_next_dist_compiled_react-dom_1698bfa6._.js:9541:71)
    at performWorkOnRoot (http://localhost:3000/_next/static/chunks/509c2_next_dist_compiled_react-dom_1698bfa6._.js:9068:150)
    at performWorkOnRootViaSchedulerTask (http://localhost:3000/_next/static/chunks/509c2_next_dist_compiled_react-dom_1698bfa6._.js:10230:9)
    at MessagePort.performWorkUntilDeadline (http://localhost:3000/_next/static/chunks/509c2_next_dist_compiled_9044104d._.js:2647:64) @ http://localhost:3000/_next/static/chunks/509c2_next_dist_512df543._.js:3127
[  124251ms] [ERROR] IntlError: MISSING_MESSAGE: Could not resolve `auth` in messages for locale `en-US`.
    at getMessagesOrError (http://localhost:3000/_next/static/chunks/db2ad__pnpm_bc426aec._.js:3637:27)
    at createBaseTranslator (http://localhost:3000/_next/static/chunks/db2ad__pnpm_bc426aec._.js:3642:29)
    at useTranslationsImpl.useMemo[translate] (http://localhost:3000/_next/static/chunks/db2ad__pnpm_bc426aec._.js:4163:378)
    at mountMemo (http://localhost:3000/_next/static/chunks/509c2_next_dist_compiled_react-dom_1698bfa6._.js:5424:25)
    at Object.useMemo (http://localhost:3000/_next/static/chunks/509c2_next_dist_compiled_react-dom_1698bfa6._.js:15003:24)
    at exports.useMemo (http://localhost:3000/_next/static/chunks/509c2_next_dist_compiled_9044104d._.js:1742:36)
    at useTranslationsImpl (http://localhost:3000/_next/static/chunks/db2ad__pnpm_bc426aec._.js:4162:416)
    at useTranslations (http://localhost:3000/_next/static/chunks/db2ad__pnpm_bc426aec._.js:4201:12)
    at http://localhost:3000/_next/static/chunks/db2ad__pnpm_ff96319a._.js:25:20
    at LoginForm (http://localhost:3000/_next/static/chunks/pi-cwd-20260601_admin-platform_libs_e8399fc0._.js:4087:432)
    at Object.react_stack_bottom_frame (http://localhost:3000/_next/static/chunks/509c2_next_dist_compiled_react-dom_1698bfa6._.js:14826:24)
    at renderWithHooks (http://localhost:3000/_next/static/chunks/509c2_next_dist_compiled_react-dom_1698bfa6._.js:4651:24)
    at updateFunctionComponent (http://localhost:3000/_next/static/chunks/509c2_next_dist_compiled_react-dom_1698bfa6._.js:6112:21)
    at beginWork (http://localhost:3000/_next/static/chunks/509c2_next_dist_compiled_react-dom_1698bfa6._.js:6708:24)
    at runWithFiberInDEV (http://localhost:3000/_next/static/chunks/509c2_next_dist_compiled_react-dom_1698bfa6._.js:965:74)
    at performUnitOfWork (http://localhost:3000/_next/static/chunks/509c2_next_dist_compiled_react-dom_1698bfa6._.js:9562:97)
    at workLoopConcurrentByScheduler (http://localhost:3000/_next/static/chunks/509c2_next_dist_compiled_react-dom_1698bfa6._.js:9558:58)
    at renderRootConcurrent (http://localhost:3000/_next/static/chunks/509c2_next_dist_compiled_react-dom_1698bfa6._.js:9541:71)
    at performWorkOnRoot (http://localhost:3000/_next/static/chunks/509c2_next_dist_compiled_react-dom_1698bfa6._.js:9068:150)
    at performWorkOnRootViaSchedulerTask (http://localhost:3000/_next/static/chunks/509c2_next_dist_compiled_react-dom_1698bfa6._.js:10230:9)
    at MessagePort.performWorkUntilDeadline (http://localhost:3000/_next/static/chunks/509c2_next_dist_compiled_9044104d._.js:2647:64) @ http://localhost:3000/_next/static/chunks/509c2_next_dist_512df543._.js:3127
[  124251ms] [ERROR] IntlError: MISSING_MESSAGE: Could not resolve `auth` in messages for locale `en-US`.
    at getMessagesOrError (http://localhost:3000/_next/static/chunks/db2ad__pnpm_bc426aec._.js:3637:27)
    at createBaseTranslator (http://localhost:3000/_next/static/chunks/db2ad__pnpm_bc426aec._.js:3642:29)
    at useTranslationsImpl.useMemo[translate] (http://localhost:3000/_next/static/chunks/db2ad__pnpm_bc426aec._.js:4163:378)
    at mountMemo (http://localhost:3000/_next/static/chunks/509c2_next_dist_compiled_react-dom_1698bfa6._.js:5424:25)
    at Object.useMemo (http://localhost:3000/_next/static/chunks/509c2_next_dist_compiled_react-dom_1698bfa6._.js:15003:24)
    at exports.useMemo (http://localhost:3000/_next/static/chunks/509c2_next_dist_compiled_9044104d._.js:1742:36)
    at useTranslationsImpl (http://localhost:3000/_next/static/chunks/db2ad__pnpm_bc426aec._.js:4162:416)
    at useTranslations (http://localhost:3000/_next/static/chunks/db2ad__pnpm_bc426aec._.js:4201:12)
    at http://localhost:3000/_next/static/chunks/db2ad__pnpm_ff96319a._.js:25:20
    at LoginForm (http://localhost:3000/_next/static/chunks/pi-cwd-20260601_admin-platform_libs_e8399fc0._.js:4087:432)
    at Object.react_stack_bottom_frame (http://localhost:3000/_next/static/chunks/509c2_next_dist_compiled_react-dom_1698bfa6._.js:14826:24)
    at renderWithHooks (http://localhost:3000/_next/static/chunks/509c2_next_dist_compiled_react-dom_1698bfa6._.js:4651:24)
    at updateFunctionComponent (http://localhost:3000/_next/static/chunks/509c2_next_dist_compiled_react-dom_1698bfa6._.js:6112:21)
    at beginWork (http://localhost:3000/_next/static/chunks/509c2_next_dist_compiled_react-dom_1698bfa6._.js:6708:24)
    at runWithFiberInDEV (http://localhost:3000/_next/static/chunks/509c2_next_dist_compiled_react-dom_1698bfa6._.js:965:74)
    at performUnitOfWork (http://localhost:3000/_next/static/chunks/509c2_next_dist_compiled_react-dom_1698bfa6._.js:9562:97)
    at workLoopConcurrentByScheduler (http://localhost:3000/_next/static/chunks/509c2_next_dist_compiled_react-dom_1698bfa6._.js:9558:58)
    at renderRootConcurrent (http://localhost:3000/_next/static/chunks/509c2_next_dist_compiled_react-dom_1698bfa6._.js:9541:71)
    at performWorkOnRoot (http://localhost:3000/_next/static/chunks/509c2_next_dist_compiled_react-dom_1698bfa6._.js:9068:150)
    at performWorkOnRootViaSchedulerTask (http://localhost:3000/_next/static/chunks/509c2_next_dist_compiled_react-dom_1698bfa6._.js:10230:9)
    at MessagePort.performWorkUntilDeadline (http://localhost:3000/_next/static/chunks/509c2_next_dist_compiled_9044104d._.js:2647:64) @ http://localhost:3000/_next/static/chunks/509c2_next_dist_512df543._.js:3127
[  124252ms] [ERROR] IntlError: MISSING_MESSAGE: Could not resolve `auth` in messages for locale `en-US`.
    at getMessagesOrError (http://localhost:3000/_next/static/chunks/db2ad__pnpm_bc426aec._.js:3637:27)
    at createBaseTranslator (http://localhost:3000/_next/static/chunks/db2ad__pnpm_bc426aec._.js:3642:29)
    at useTranslationsImpl.useMemo[translate] (http://localhost:3000/_next/static/chunks/db2ad__pnpm_bc426aec._.js:4163:378)
    at mountMemo (http://localhost:3000/_next/static/chunks/509c2_next_dist_compiled_react-dom_1698bfa6._.js:5424:25)
    at Object.useMemo (http://localhost:3000/_next/static/chunks/509c2_next_dist_compiled_react-dom_1698bfa6._.js:15003:24)
    at exports.useMemo (http://localhost:3000/_next/static/chunks/509c2_next_dist_compiled_9044104d._.js:1742:36)
    at useTranslationsImpl (http://localhost:3000/_next/static/chunks/db2ad__pnpm_bc426aec._.js:4162:416)
    at useTranslations (http://localhost:3000/_next/static/chunks/db2ad__pnpm_bc426aec._.js:4201:12)
    at http://localhost:3000/_next/static/chunks/db2ad__pnpm_ff96319a._.js:25:20
    at LoginForm (http://localhost:3000/_next/static/chunks/pi-cwd-20260601_admin-platform_libs_e8399fc0._.js:4087:432)
    at Object.react_stack_bottom_frame (http://localhost:3000/_next/static/chunks/509c2_next_dist_compiled_react-dom_1698bfa6._.js:14826:24)
    at renderWithHooks (http://localhost:3000/_next/static/chunks/509c2_next_dist_compiled_react-dom_1698bfa6._.js:4651:24)
    at updateFunctionComponent (http://localhost:3000/_next/static/chunks/509c2_next_dist_compiled_react-dom_1698bfa6._.js:6112:21)
    at beginWork (http://localhost:3000/_next/static/chunks/509c2_next_dist_compiled_react-dom_1698bfa6._.js:6708:24)
    at runWithFiberInDEV (http://localhost:3000/_next/static/chunks/509c2_next_dist_compiled_react-dom_1698bfa6._.js:965:74)
    at performUnitOfWork (http://localhost:3000/_next/static/chunks/509c2_next_dist_compiled_react-dom_1698bfa6._.js:9562:97)
    at workLoopConcurrentByScheduler (http://localhost:3000/_next/static/chunks/509c2_next_dist_compiled_react-dom_1698bfa6._.js:9558:58)
    at renderRootConcurrent (http://localhost:3000/_next/static/chunks/509c2_next_dist_compiled_react-dom_1698bfa6._.js:9541:71)
    at performWorkOnRoot (http://localhost:3000/_next/static/chunks/509c2_next_dist_compiled_react-dom_1698bfa6._.js:9068:150)
    at performWorkOnRootViaSchedulerTask (http://localhost:3000/_next/static/chunks/509c2_next_dist_compiled_react-dom_1698bfa6._.js:10230:9)
    at MessagePort.performWorkUntilDeadline (http://localhost:3000/_next/static/chunks/509c2_next_dist_compiled_9044104d._.js:2647:64) @ http://localhost:3000/_next/static/chunks/509c2_next_dist_512df543._.js:3127
[  124252ms] [ERROR] IntlError: MISSING_MESSAGE: Could not resolve `auth` in messages for locale `en-US`.
    at getMessagesOrError (http://localhost:3000/_next/static/chunks/db2ad__pnpm_bc426aec._.js:3637:27)
    at createBaseTranslator (http://localhost:3000/_next/static/chunks/db2ad__pnpm_bc426aec._.js:3642:29)
    at useTranslationsImpl.useMemo[translate] (http://localhost:3000/_next/static/chunks/db2ad__pnpm_bc426aec._.js:4163:378)
    at mountMemo (http://localhost:3000/_next/static/chunks/509c2_next_dist_compiled_react-dom_1698bfa6._.js:5424:25)
    at Object.useMemo (http://localhost:3000/_next/static/chunks/509c2_next_dist_compiled_react-dom_1698bfa6._.js:15003:24)
    at exports.useMemo (http://localhost:3000/_next/static/chunks/509c2_next_dist_compiled_9044104d._.js:1742:36)
    at useTranslationsImpl (http://localhost:3000/_next/static/chunks/db2ad__pnpm_bc426aec._.js:4162:416)
    at useTranslations (http://localhost:3000/_next/static/chunks/db2ad__pnpm_bc426aec._.js:4201:12)
    at http://localhost:3000/_next/static/chunks/db2ad__pnpm_ff96319a._.js:25:20
    at LoginForm (http://localhost:3000/_next/static/chunks/pi-cwd-20260601_admin-platform_libs_e8399fc0._.js:4087:432)
    at Object.react_stack_bottom_frame (http://localhost:3000/_next/static/chunks/509c2_next_dist_compiled_react-dom_1698bfa6._.js:14826:24)
    at renderWithHooks (http://localhost:3000/_next/static/chunks/509c2_next_dist_compiled_react-dom_1698bfa6._.js:4651:24)
    at updateFunctionComponent (http://localhost:3000/_next/static/chunks/509c2_next_dist_compiled_react-dom_1698bfa6._.js:6112:21)
    at beginWork (http://localhost:3000/_next/static/chunks/509c2_next_dist_compiled_react-dom_1698bfa6._.js:6708:24)
    at runWithFiberInDEV (http://localhost:3000/_next/static/chunks/509c2_next_dist_compiled_react-dom_1698bfa6._.js:965:74)
    at performUnitOfWork (http://localhost:3000/_next/static/chunks/509c2_next_dist_compiled_react-dom_1698bfa6._.js:9562:97)
    at workLoopConcurrentByScheduler (http://localhost:3000/_next/static/chunks/509c2_next_dist_compiled_react-dom_1698bfa6._.js:9558:58)
    at renderRootConcurrent (http://localhost:3000/_next/static/chunks/509c2_next_dist_compiled_react-dom_1698bfa6._.js:9541:71)
    at performWorkOnRoot (http://localhost:3000/_next/static/chunks/509c2_next_dist_compiled_react-dom_1698bfa6._.js:9068:150)
    at performWorkOnRootViaSchedulerTask (http://localhost:3000/_next/static/chunks/509c2_next_dist_compiled_react-dom_1698bfa6._.js:10230:9)
    at MessagePort.performWorkUntilDeadline (http://localhost:3000/_next/static/chunks/509c2_next_dist_compiled_9044104d._.js:2647:64) @ http://localhost:3000/_next/static/chunks/509c2_next_dist_512df543._.js:3127
[  124253ms] [ERROR] IntlError: MISSING_MESSAGE: Could not resolve `auth` in messages for locale `en-US`.
    at getMessagesOrError (http://localhost:3000/_next/static/chunks/db2ad__pnpm_bc426aec._.js:3637:27)
    at createBaseTranslator (http://localhost:3000/_next/static/chunks/db2ad__pnpm_bc426aec._.js:3642:29)
    at useTranslationsImpl.useMemo[translate] (http://localhost:3000/_next/static/chunks/db2ad__pnpm_bc426aec._.js:4163:378)
    at mountMemo (http://localhost:3000/_next/static/chunks/509c2_next_dist_compiled_react-dom_1698bfa6._.js:5424:25)
    at Object.useMemo (http://localhost:3000/_next/static/chunks/509c2_next_dist_compiled_react-dom_1698bfa6._.js:15003:24)
    at exports.useMemo (http://localhost:3000/_next/static/chunks/509c2_next_dist_compiled_9044104d._.js:1742:36)
    at useTranslationsImpl (http://localhost:3000/_next/static/chunks/db2ad__pnpm_bc426aec._.js:4162:416)
    at useTranslations (http://localhost:3000/_next/static/chunks/db2ad__pnpm_bc426aec._.js:4201:12)
    at http://localhost:3000/_next/static/chunks/db2ad__pnpm_ff96319a._.js:25:20
    at LoginForm (http://localhost:3000/_next/static/chunks/pi-cwd-20260601_admin-platform_libs_e8399fc0._.js:4087:432)
    at Object.react_stack_bottom_frame (http://localhost:3000/_next/static/chunks/509c2_next_dist_compiled_react-dom_1698bfa6._.js:14826:24)
    at renderWithHooks (http://localhost:3000/_next/static/chunks/509c2_next_dist_compiled_react-dom_1698bfa6._.js:4651:24)
    at updateFunctionComponent (http://localhost:3000/_next/static/chunks/509c2_next_dist_compiled_react-dom_1698bfa6._.js:6112:21)
    at beginWork (http://localhost:3000/_next/static/chunks/509c2_next_dist_compiled_react-dom_1698bfa6._.js:6708:24)
    at runWithFiberInDEV (http://localhost:3000/_next/static/chunks/509c2_next_dist_compiled_react-dom_1698bfa6._.js:965:74)
    at performUnitOfWork (http://localhost:3000/_next/static/chunks/509c2_next_dist_compiled_react-dom_1698bfa6._.js:9562:97)
    at workLoopConcurrentByScheduler (http://localhost:3000/_next/static/chunks/509c2_next_dist_compiled_react-dom_1698bfa6._.js:9558:58)
    at renderRootConcurrent (http://localhost:3000/_next/static/chunks/509c2_next_dist_compiled_react-dom_1698bfa6._.js:9541:71)
    at performWorkOnRoot (http://localhost:3000/_next/static/chunks/509c2_next_dist_compiled_react-dom_1698bfa6._.js:9068:150)
    at performWorkOnRootViaSchedulerTask (http://localhost:3000/_next/static/chunks/509c2_next_dist_compiled_react-dom_1698bfa6._.js:10230:9)
    at MessagePort.performWorkUntilDeadline (http://localhost:3000/_next/static/chunks/509c2_next_dist_compiled_9044104d._.js:2647:64) @ http://localhost:3000/_next/static/chunks/509c2_next_dist_512df543._.js:3127
[  124253ms] [ERROR] IntlError: MISSING_MESSAGE: Could not resolve `auth` in messages for locale `en-US`.
    at getMessagesOrError (http://localhost:3000/_next/static/chunks/db2ad__pnpm_bc426aec._.js:3637:27)
    at createBaseTranslator (http://localhost:3000/_next/static/chunks/db2ad__pnpm_bc426aec._.js:3642:29)
    at useTranslationsImpl.useMemo[translate] (http://localhost:3000/_next/static/chunks/db2ad__pnpm_bc426aec._.js:4163:378)
    at mountMemo (http://localhost:3000/_next/static/chunks/509c2_next_dist_compiled_react-dom_1698bfa6._.js:5424:25)
    at Object.useMemo (http://localhost:3000/_next/static/chunks/509c2_next_dist_compiled_react-dom_1698bfa6._.js:15003:24)
    at exports.useMemo (http://localhost:3000/_next/static/chunks/509c2_next_dist_compiled_9044104d._.js:1742:36)
    at useTranslationsImpl (http://localhost:3000/_next/static/chunks/db2ad__pnpm_bc426aec._.js:4162:416)
    at useTranslations (http://localhost:3000/_next/static/chunks/db2ad__pnpm_bc426aec._.js:4201:12)
    at http://localhost:3000/_next/static/chunks/db2ad__pnpm_ff96319a._.js:25:20
    at LoginForm (http://localhost:3000/_next/static/chunks/pi-cwd-20260601_admin-platform_libs_e8399fc0._.js:4087:432)
    at Object.react_stack_bottom_frame (http://localhost:3000/_next/static/chunks/509c2_next_dist_compiled_react-dom_1698bfa6._.js:14826:24)
    at renderWithHooks (http://localhost:3000/_next/static/chunks/509c2_next_dist_compiled_react-dom_1698bfa6._.js:4651:24)
    at updateFunctionComponent (http://localhost:3000/_next/static/chunks/509c2_next_dist_compiled_react-dom_1698bfa6._.js:6112:21)
    at beginWork (http://localhost:3000/_next/static/chunks/509c2_next_dist_compiled_react-dom_1698bfa6._.js:6708:24)
    at runWithFiberInDEV (http://localhost:3000/_next/static/chunks/509c2_next_dist_compiled_react-dom_1698bfa6._.js:965:74)
    at performUnitOfWork (http://localhost:3000/_next/static/chunks/509c2_next_dist_compiled_react-dom_1698bfa6._.js:9562:97)
    at workLoopConcurrentByScheduler (http://localhost:3000/_next/static/chunks/509c2_next_dist_compiled_react-dom_1698bfa6._.js:9558:58)
    at renderRootConcurrent (http://localhost:3000/_next/static/chunks/509c2_next_dist_compiled_react-dom_1698bfa6._.js:9541:71)
    at performWorkOnRoot (http://localhost:3000/_next/static/chunks/509c2_next_dist_compiled_react-dom_1698bfa6._.js:9068:150)
    at performWorkOnRootViaSchedulerTask (http://localhost:3000/_next/static/chunks/509c2_next_dist_compiled_react-dom_1698bfa6._.js:10230:9)
    at MessagePort.performWorkUntilDeadline (http://localhost:3000/_next/static/chunks/509c2_next_dist_compiled_9044104d._.js:2647:64) @ http://localhost:3000/_next/static/chunks/509c2_next_dist_512df543._.js:3127
[  124253ms] [ERROR] IntlError: MISSING_MESSAGE: Could not resolve `auth` in messages for locale `en-US`.
    at getMessagesOrError (http://localhost:3000/_next/static/chunks/db2ad__pnpm_bc426aec._.js:3637:27)
    at createBaseTranslator (http://localhost:3000/_next/static/chunks/db2ad__pnpm_bc426aec._.js:3642:29)
    at useTranslationsImpl.useMemo[translate] (http://localhost:3000/_next/static/chunks/db2ad__pnpm_bc426aec._.js:4163:378)
    at mountMemo (http://localhost:3000/_next/static/chunks/509c2_next_dist_compiled_react-dom_1698bfa6._.js:5424:25)
    at Object.useMemo (http://localhost:3000/_next/static/chunks/509c2_next_dist_compiled_react-dom_1698bfa6._.js:15003:24)
    at exports.useMemo (http://localhost:3000/_next/static/chunks/509c2_next_dist_compiled_9044104d._.js:1742:36)
    at useTranslationsImpl (http://localhost:3000/_next/static/chunks/db2ad__pnpm_bc426aec._.js:4162:416)
    at useTranslations (http://localhost:3000/_next/static/chunks/db2ad__pnpm_bc426aec._.js:4201:12)
    at http://localhost:3000/_next/static/chunks/db2ad__pnpm_ff96319a._.js:25:20
    at LoginForm (http://localhost:3000/_next/static/chunks/pi-cwd-20260601_admin-platform_libs_e8399fc0._.js:4087:432)
    at Object.react_stack_bottom_frame (http://localhost:3000/_next/static/chunks/509c2_next_dist_compiled_react-dom_1698bfa6._.js:14826:24)
    at renderWithHooks (http://localhost:3000/_next/static/chunks/509c2_next_dist_compiled_react-dom_1698bfa6._.js:4651:24)
    at updateFunctionComponent (http://localhost:3000/_next/static/chunks/509c2_next_dist_compiled_react-dom_1698bfa6._.js:6112:21)
    at beginWork (http://localhost:3000/_next/static/chunks/509c2_next_dist_compiled_react-dom_1698bfa6._.js:6708:24)
    at runWithFiberInDEV (http://localhost:3000/_next/static/chunks/509c2_next_dist_compiled_react-dom_1698bfa6._.js:965:74)
    at performUnitOfWork (http://localhost:3000/_next/static/chunks/509c2_next_dist_compiled_react-dom_1698bfa6._.js:9562:97)
    at workLoopConcurrentByScheduler (http://localhost:3000/_next/static/chunks/509c2_next_dist_compiled_react-dom_1698bfa6._.js:9558:58)
    at renderRootConcurrent (http://localhost:3000/_next/static/chunks/509c2_next_dist_compiled_react-dom_1698bfa6._.js:9541:71)
    at performWorkOnRoot (http://localhost:3000/_next/static/chunks/509c2_next_dist_compiled_react-dom_1698bfa6._.js:9068:150)
    at performWorkOnRootViaSchedulerTask (http://localhost:3000/_next/static/chunks/509c2_next_dist_compiled_react-dom_1698bfa6._.js:10230:9)
    at MessagePort.performWorkUntilDeadline (http://localhost:3000/_next/static/chunks/509c2_next_dist_compiled_9044104d._.js:2647:64) @ http://localhost:3000/_next/static/chunks/509c2_next_dist_512df543._.js:3127
[  124254ms] [ERROR] IntlError: MISSING_MESSAGE: Could not resolve `auth` in messages for locale `en-US`.
    at getMessagesOrError (http://localhost:3000/_next/static/chunks/db2ad__pnpm_bc426aec._.js:3637:27)
    at createBaseTranslator (http://localhost:3000/_next/static/chunks/db2ad__pnpm_bc426aec._.js:3642:29)
    at useTranslationsImpl.useMemo[translate] (http://localhost:3000/_next/static/chunks/db2ad__pnpm_bc426aec._.js:4163:378)
    at mountMemo (http://localhost:3000/_next/static/chunks/509c2_next_dist_compiled_react-dom_1698bfa6._.js:5424:25)
    at Object.useMemo (http://localhost:3000/_next/static/chunks/509c2_next_dist_compiled_react-dom_1698bfa6._.js:15003:24)
    at exports.useMemo (http://localhost:3000/_next/static/chunks/509c2_next_dist_compiled_9044104d._.js:1742:36)
    at useTranslationsImpl (http://localhost:3000/_next/static/chunks/db2ad__pnpm_bc426aec._.js:4162:416)
    at useTranslations (http://localhost:3000/_next/static/chunks/db2ad__pnpm_bc426aec._.js:4201:12)
    at http://localhost:3000/_next/static/chunks/db2ad__pnpm_ff96319a._.js:25:20
    at LoginForm (http://localhost:3000/_next/static/chunks/pi-cwd-20260601_admin-platform_libs_e8399fc0._.js:4087:432)
    at Object.react_stack_bottom_frame (http://localhost:3000/_next/static/chunks/509c2_next_dist_compiled_react-dom_1698bfa6._.js:14826:24)
    at renderWithHooks (http://localhost:3000/_next/static/chunks/509c2_next_dist_compiled_react-dom_1698bfa6._.js:4651:24)
    at updateFunctionComponent (http://localhost:3000/_next/static/chunks/509c2_next_dist_compiled_react-dom_1698bfa6._.js:6112:21)
    at beginWork (http://localhost:3000/_next/static/chunks/509c2_next_dist_compiled_react-dom_1698bfa6._.js:6708:24)
    at runWithFiberInDEV (http://localhost:3000/_next/static/chunks/509c2_next_dist_compiled_react-dom_1698bfa6._.js:965:74)
    at performUnitOfWork (http://localhost:3000/_next/static/chunks/509c2_next_dist_compiled_react-dom_1698bfa6._.js:9562:97)
    at workLoopConcurrentByScheduler (http://localhost:3000/_next/static/chunks/509c2_next_dist_compiled_react-dom_1698bfa6._.js:9558:58)
    at renderRootConcurrent (http://localhost:3000/_next/static/chunks/509c2_next_dist_compiled_react-dom_1698bfa6._.js:9541:71)
    at performWorkOnRoot (http://localhost:3000/_next/static/chunks/509c2_next_dist_compiled_react-dom_1698bfa6._.js:9068:150)
    at performWorkOnRootViaSchedulerTask (http://localhost:3000/_next/static/chunks/509c2_next_dist_compiled_react-dom_1698bfa6._.js:10230:9)
    at MessagePort.performWorkUntilDeadline (http://localhost:3000/_next/static/chunks/509c2_next_dist_compiled_9044104d._.js:2647:64) @ http://localhost:3000/_next/static/chunks/509c2_next_dist_512df543._.js:3127
[  124254ms] [ERROR] IntlError: MISSING_MESSAGE: Could not resolve `auth` in messages for locale `en-US`.
    at getMessagesOrError (http://localhost:3000/_next/static/chunks/db2ad__pnpm_bc426aec._.js:3637:27)
    at createBaseTranslator (http://localhost:3000/_next/static/chunks/db2ad__pnpm_bc426aec._.js:3642:29)
    at useTranslationsImpl.useMemo[translate] (http://localhost:3000/_next/static/chunks/db2ad__pnpm_bc426aec._.js:4163:378)
    at mountMemo (http://localhost:3000/_next/static/chunks/509c2_next_dist_compiled_react-dom_1698bfa6._.js:5424:25)
    at Object.useMemo (http://localhost:3000/_next/static/chunks/509c2_next_dist_compiled_react-dom_1698bfa6._.js:15003:24)
    at exports.useMemo (http://localhost:3000/_next/static/chunks/509c2_next_dist_compiled_9044104d._.js:1742:36)
    at useTranslationsImpl (http://localhost:3000/_next/static/chunks/db2ad__pnpm_bc426aec._.js:4162:416)
    at useTranslations (http://localhost:3000/_next/static/chunks/db2ad__pnpm_bc426aec._.js:4201:12)
    at http://localhost:3000/_next/static/chunks/db2ad__pnpm_ff96319a._.js:25:20
    at LoginForm (http://localhost:3000/_next/static/chunks/pi-cwd-20260601_admin-platform_libs_e8399fc0._.js:4087:432)
    at Object.react_stack_bottom_frame (http://localhost:3000/_next/static/chunks/509c2_next_dist_compiled_react-dom_1698bfa6._.js:14826:24)
    at renderWithHooks (http://localhost:3000/_next/static/chunks/509c2_next_dist_compiled_react-dom_1698bfa6._.js:4651:24)
    at updateFunctionComponent (http://localhost:3000/_next/static/chunks/509c2_next_dist_compiled_react-dom_1698bfa6._.js:6112:21)
    at beginWork (http://localhost:3000/_next/static/chunks/509c2_next_dist_compiled_react-dom_1698bfa6._.js:6708:24)
    at runWithFiberInDEV (http://localhost:3000/_next/static/chunks/509c2_next_dist_compiled_react-dom_1698bfa6._.js:965:74)
    at performUnitOfWork (http://localhost:3000/_next/static/chunks/509c2_next_dist_compiled_react-dom_1698bfa6._.js:9562:97)
    at workLoopConcurrentByScheduler (http://localhost:3000/_next/static/chunks/509c2_next_dist_compiled_react-dom_1698bfa6._.js:9558:58)
    at renderRootConcurrent (http://localhost:3000/_next/static/chunks/509c2_next_dist_compiled_react-dom_1698bfa6._.js:9541:71)
    at performWorkOnRoot (http://localhost:3000/_next/static/chunks/509c2_next_dist_compiled_react-dom_1698bfa6._.js:9068:150)
    at performWorkOnRootViaSchedulerTask (http://localhost:3000/_next/static/chunks/509c2_next_dist_compiled_react-dom_1698bfa6._.js:10230:9)
    at MessagePort.performWorkUntilDeadline (http://localhost:3000/_next/static/chunks/509c2_next_dist_compiled_9044104d._.js:2647:64) @ http://localhost:3000/_next/static/chunks/509c2_next_dist_512df543._.js:3127
[  124255ms] [ERROR] IntlError: MISSING_MESSAGE: Could not resolve `auth` in messages for locale `en-US`.
    at getMessagesOrError (http://localhost:3000/_next/static/chunks/db2ad__pnpm_bc426aec._.js:3637:27)
    at createBaseTranslator (http://localhost:3000/_next/static/chunks/db2ad__pnpm_bc426aec._.js:3642:29)
    at useTranslationsImpl.useMemo[translate] (http://localhost:3000/_next/static/chunks/db2ad__pnpm_bc426aec._.js:4163:378)
    at mountMemo (http://localhost:3000/_next/static/chunks/509c2_next_dist_compiled_react-dom_1698bfa6._.js:5424:25)
    at Object.useMemo (http://localhost:3000/_next/static/chunks/509c2_next_dist_compiled_react-dom_1698bfa6._.js:15003:24)
    at exports.useMemo (http://localhost:3000/_next/static/chunks/509c2_next_dist_compiled_9044104d._.js:1742:36)
    at useTranslationsImpl (http://localhost:3000/_next/static/chunks/db2ad__pnpm_bc426aec._.js:4162:416)
    at useTranslations (http://localhost:3000/_next/static/chunks/db2ad__pnpm_bc426aec._.js:4201:12)
    at http://localhost:3000/_next/static/chunks/db2ad__pnpm_ff96319a._.js:25:20
    at LoginForm (http://localhost:3000/_next/static/chunks/pi-cwd-20260601_admin-platform_libs_e8399fc0._.js:4087:432)
    at Object.react_stack_bottom_frame (http://localhost:3000/_next/static/chunks/509c2_next_dist_compiled_react-dom_1698bfa6._.js:14826:24)
    at renderWithHooks (http://localhost:3000/_next/static/chunks/509c2_next_dist_compiled_react-dom_1698bfa6._.js:4651:24)
    at updateFunctionComponent (http://localhost:3000/_next/static/chunks/509c2_next_dist_compiled_react-dom_1698bfa6._.js:6112:21)
    at beginWork (http://localhost:3000/_next/static/chunks/509c2_next_dist_compiled_react-dom_1698bfa6._.js:6708:24)
    at runWithFiberInDEV (http://localhost:3000/_next/static/chunks/509c2_next_dist_compiled_react-dom_1698bfa6._.js:965:74)
    at performUnitOfWork (http://localhost:3000/_next/static/chunks/509c2_next_dist_compiled_react-dom_1698bfa6._.js:9562:97)
    at workLoopConcurrentByScheduler (http://localhost:3000/_next/static/chunks/509c2_next_dist_compiled_react-dom_1698bfa6._.js:9558:58)
    at renderRootConcurrent (http://localhost:3000/_next/static/chunks/509c2_next_dist_compiled_react-dom_1698bfa6._.js:9541:71)
    at performWorkOnRoot (http://localhost:3000/_next/static/chunks/509c2_next_dist_compiled_react-dom_1698bfa6._.js:9068:150)
    at performWorkOnRootViaSchedulerTask (http://localhost:3000/_next/static/chunks/509c2_next_dist_compiled_react-dom_1698bfa6._.js:10230:9)
    at MessagePort.performWorkUntilDeadline (http://localhost:3000/_next/static/chunks/509c2_next_dist_compiled_9044104d._.js:2647:64) @ http://localhost:3000/_next/static/chunks/509c2_next_dist_512df543._.js:3127
[  124255ms] [ERROR] IntlError: MISSING_MESSAGE: Could not resolve `auth` in messages for locale `en-US`.
    at getMessagesOrError (http://localhost:3000/_next/static/chunks/db2ad__pnpm_bc426aec._.js:3637:27)
    at createBaseTranslator (http://localhost:3000/_next/static/chunks/db2ad__pnpm_bc426aec._.js:3642:29)
    at useTranslationsImpl.useMemo[translate] (http://localhost:3000/_next/static/chunks/db2ad__pnpm_bc426aec._.js:4163:378)
    at mountMemo (http://localhost:3000/_next/static/chunks/509c2_next_dist_compiled_react-dom_1698bfa6._.js:5424:25)
    at Object.useMemo (http://localhost:3000/_next/static/chunks/509c2_next_dist_compiled_react-dom_1698bfa6._.js:15003:24)
    at exports.useMemo (http://localhost:3000/_next/static/chunks/509c2_next_dist_compiled_9044104d._.js:1742:36)
    at useTranslationsImpl (http://localhost:3000/_next/static/chunks/db2ad__pnpm_bc426aec._.js:4162:416)
    at useTranslations (http://localhost:3000/_next/static/chunks/db2ad__pnpm_bc426aec._.js:4201:12)
    at http://localhost:3000/_next/static/chunks/db2ad__pnpm_ff96319a._.js:25:20
    at LoginForm (http://localhost:3000/_next/static/chunks/pi-cwd-20260601_admin-platform_libs_e8399fc0._.js:4087:432)
    at Object.react_stack_bottom_frame (http://localhost:3000/_next/static/chunks/509c2_next_dist_compiled_react-dom_1698bfa6._.js:14826:24)
    at renderWithHooks (http://localhost:3000/_next/static/chunks/509c2_next_dist_compiled_react-dom_1698bfa6._.js:4651:24)
    at updateFunctionComponent (http://localhost:3000/_next/static/chunks/509c2_next_dist_compiled_react-dom_1698bfa6._.js:6112:21)
    at beginWork (http://localhost:3000/_next/static/chunks/509c2_next_dist_compiled_react-dom_1698bfa6._.js:6708:24)
    at runWithFiberInDEV (http://localhost:3000/_next/static/chunks/509c2_next_dist_compiled_react-dom_1698bfa6._.js:965:74)
    at performUnitOfWork (http://localhost:3000/_next/static/chunks/509c2_next_dist_compiled_react-dom_1698bfa6._.js:9562:97)
    at workLoopConcurrentByScheduler (http://localhost:3000/_next/static/chunks/509c2_next_dist_compiled_react-dom_1698bfa6._.js:9558:58)
    at renderRootConcurrent (http://localhost:3000/_next/static/chunks/509c2_next_dist_compiled_react-dom_1698bfa6._.js:9541:71)
    at performWorkOnRoot (http://localhost:3000/_next/static/chunks/509c2_next_dist_compiled_react-dom_1698bfa6._.js:9068:150)
    at performWorkOnRootViaSchedulerTask (http://localhost:3000/_next/static/chunks/509c2_next_dist_compiled_react-dom_1698bfa6._.js:10230:9)
    at MessagePort.performWorkUntilDeadline (http://localhost:3000/_next/static/chunks/509c2_next_dist_compiled_9044104d._.js:2647:64) @ http://localhost:3000/_next/static/chunks/509c2_next_dist_512df543._.js:3127
[  124265ms] [ERROR] IntlError: MISSING_MESSAGE: Could not resolve `auth` in messages for locale `en-US`.
    at getMessagesOrError (http://localhost:3000/_next/static/chunks/db2ad__pnpm_bc426aec._.js:3637:27)
    at createBaseTranslator (http://localhost:3000/_next/static/chunks/db2ad__pnpm_bc426aec._.js:3642:29)
    at useTranslationsImpl.useMemo[translate] (http://localhost:3000/_next/static/chunks/db2ad__pnpm_bc426aec._.js:4163:378)
    at mountMemo (http://localhost:3000/_next/static/chunks/509c2_next_dist_compiled_react-dom_1698bfa6._.js:5424:25)
    at Object.useMemo (http://localhost:3000/_next/static/chunks/509c2_next_dist_compiled_react-dom_1698bfa6._.js:15003:24)
    at exports.useMemo (http://localhost:3000/_next/static/chunks/509c2_next_dist_compiled_9044104d._.js:1742:36)
    at useTranslationsImpl (http://localhost:3000/_next/static/chunks/db2ad__pnpm_bc426aec._.js:4162:416)
    at useTranslations (http://localhost:3000/_next/static/chunks/db2ad__pnpm_bc426aec._.js:4201:12)
    at http://localhost:3000/_next/static/chunks/db2ad__pnpm_ff96319a._.js:25:20
    at MetaMaskButton (http://localhost:3000/_next/static/chunks/pi-cwd-20260601_admin-platform_libs_e8399fc0._.js:4485:432)
    at Object.react_stack_bottom_frame (http://localhost:3000/_next/static/chunks/509c2_next_dist_compiled_react-dom_1698bfa6._.js:14826:24)
    at renderWithHooks (http://localhost:3000/_next/static/chunks/509c2_next_dist_compiled_react-dom_1698bfa6._.js:4651:24)
    at updateFunctionComponent (http://localhost:3000/_next/static/chunks/509c2_next_dist_compiled_react-dom_1698bfa6._.js:6112:21)
    at beginWork (http://localhost:3000/_next/static/chunks/509c2_next_dist_compiled_react-dom_1698bfa6._.js:6708:24)
    at runWithFiberInDEV (http://localhost:3000/_next/static/chunks/509c2_next_dist_compiled_react-dom_1698bfa6._.js:965:74)
    at performUnitOfWork (http://localhost:3000/_next/static/chunks/509c2_next_dist_compiled_react-dom_1698bfa6._.js:9562:97)
    at workLoopConcurrentByScheduler (http://localhost:3000/_next/static/chunks/509c2_next_dist_compiled_react-dom_1698bfa6._.js:9558:58)
    at renderRootConcurrent (http://localhost:3000/_next/static/chunks/509c2_next_dist_compiled_react-dom_1698bfa6._.js:9541:71)
    at performWorkOnRoot (http://localhost:3000/_next/static/chunks/509c2_next_dist_compiled_react-dom_1698bfa6._.js:9068:150)
    at performWorkOnRootViaSchedulerTask (http://localhost:3000/_next/static/chunks/509c2_next_dist_compiled_react-dom_1698bfa6._.js:10230:9)
    at MessagePort.performWorkUntilDeadline (http://localhost:3000/_next/static/chunks/509c2_next_dist_compiled_9044104d._.js:2647:64) @ http://localhost:3000/_next/static/chunks/509c2_next_dist_512df543._.js:3127
[  124266ms] [ERROR] IntlError: MISSING_MESSAGE: Could not resolve `auth` in messages for locale `en-US`.
    at getMessagesOrError (http://localhost:3000/_next/static/chunks/db2ad__pnpm_bc426aec._.js:3637:27)
    at createBaseTranslator (http://localhost:3000/_next/static/chunks/db2ad__pnpm_bc426aec._.js:3642:29)
    at useTranslationsImpl.useMemo[translate] (http://localhost:3000/_next/static/chunks/db2ad__pnpm_bc426aec._.js:4163:378)
    at mountMemo (http://localhost:3000/_next/static/chunks/509c2_next_dist_compiled_react-dom_1698bfa6._.js:5424:25)
    at Object.useMemo (http://localhost:3000/_next/static/chunks/509c2_next_dist_compiled_react-dom_1698bfa6._.js:15003:24)
    at exports.useMemo (http://localhost:3000/_next/static/chunks/509c2_next_dist_compiled_9044104d._.js:1742:36)
    at useTranslationsImpl (http://localhost:3000/_next/static/chunks/db2ad__pnpm_bc426aec._.js:4162:416)
    at useTranslations (http://localhost:3000/_next/static/chunks/db2ad__pnpm_bc426aec._.js:4201:12)
    at http://localhost:3000/_next/static/chunks/db2ad__pnpm_ff96319a._.js:25:20
    at MetaMaskButton (http://localhost:3000/_next/static/chunks/pi-cwd-20260601_admin-platform_libs_e8399fc0._.js:4485:432)
    at Object.react_stack_bottom_frame (http://localhost:3000/_next/static/chunks/509c2_next_dist_compiled_react-dom_1698bfa6._.js:14826:24)
    at renderWithHooks (http://localhost:3000/_next/static/chunks/509c2_next_dist_compiled_react-dom_1698bfa6._.js:4651:24)
    at updateFunctionComponent (http://localhost:3000/_next/static/chunks/509c2_next_dist_compiled_react-dom_1698bfa6._.js:6112:21)
    at beginWork (http://localhost:3000/_next/static/chunks/509c2_next_dist_compiled_react-dom_1698bfa6._.js:6708:24)
    at runWithFiberInDEV (http://localhost:3000/_next/static/chunks/509c2_next_dist_compiled_react-dom_1698bfa6._.js:965:74)
    at performUnitOfWork (http://localhost:3000/_next/static/chunks/509c2_next_dist_compiled_react-dom_1698bfa6._.js:9562:97)
    at workLoopConcurrentByScheduler (http://localhost:3000/_next/static/chunks/509c2_next_dist_compiled_react-dom_1698bfa6._.js:9558:58)
    at renderRootConcurrent (http://localhost:3000/_next/static/chunks/509c2_next_dist_compiled_react-dom_1698bfa6._.js:9541:71)
    at performWorkOnRoot (http://localhost:3000/_next/static/chunks/509c2_next_dist_compiled_react-dom_1698bfa6._.js:9068:150)
    at performWorkOnRootViaSchedulerTask (http://localhost:3000/_next/static/chunks/509c2_next_dist_compiled_react-dom_1698bfa6._.js:10230:9)
    at MessagePort.performWorkUntilDeadline (http://localhost:3000/_next/static/chunks/509c2_next_dist_compiled_9044104d._.js:2647:64) @ http://localhost:3000/_next/static/chunks/509c2_next_dist_512df543._.js:3127
[  124270ms] [ERROR] IntlError: MISSING_MESSAGE: Could not resolve `auth` in messages for locale `en-US`.
    at getMessagesOrError (http://localhost:3000/_next/static/chunks/db2ad__pnpm_bc426aec._.js:3637:27)
    at createBaseTranslator (http://localhost:3000/_next/static/chunks/db2ad__pnpm_bc426aec._.js:3642:29)
    at useTranslationsImpl.useMemo[translate] (http://localhost:3000/_next/static/chunks/db2ad__pnpm_bc426aec._.js:4163:378)
    at mountMemo (http://localhost:3000/_next/static/chunks/509c2_next_dist_compiled_react-dom_1698bfa6._.js:5424:25)
    at Object.useMemo (http://localhost:3000/_next/static/chunks/509c2_next_dist_compiled_react-dom_1698bfa6._.js:15003:24)
    at exports.useMemo (http://localhost:3000/_next/static/chunks/509c2_next_dist_compiled_9044104d._.js:1742:36)
    at useTranslationsImpl (http://localhost:3000/_next/static/chunks/db2ad__pnpm_bc426aec._.js:4162:416)
    at useTranslations (http://localhost:3000/_next/static/chunks/db2ad__pnpm_bc426aec._.js:4201:12)
    at http://localhost:3000/_next/static/chunks/db2ad__pnpm_ff96319a._.js:25:20
    at MetaMaskButton (http://localhost:3000/_next/static/chunks/pi-cwd-20260601_admin-platform_libs_e8399fc0._.js:4485:432)
    at Object.react_stack_bottom_frame (http://localhost:3000/_next/static/chunks/509c2_next_dist_compiled_react-dom_1698bfa6._.js:14826:24)
    at renderWithHooks (http://localhost:3000/_next/static/chunks/509c2_next_dist_compiled_react-dom_1698bfa6._.js:4651:24)
    at updateFunctionComponent (http://localhost:3000/_next/static/chunks/509c2_next_dist_compiled_react-dom_1698bfa6._.js:6112:21)
    at beginWork (http://localhost:3000/_next/static/chunks/509c2_next_dist_compiled_react-dom_1698bfa6._.js:6708:24)
    at runWithFiberInDEV (http://localhost:3000/_next/static/chunks/509c2_next_dist_compiled_react-dom_1698bfa6._.js:965:74)
    at performUnitOfWork (http://localhost:3000/_next/static/chunks/509c2_next_dist_compiled_react-dom_1698bfa6._.js:9562:97)
    at workLoopConcurrentByScheduler (http://localhost:3000/_next/static/chunks/509c2_next_dist_compiled_react-dom_1698bfa6._.js:9558:58)
    at renderRootConcurrent (http://localhost:3000/_next/static/chunks/509c2_next_dist_compiled_react-dom_1698bfa6._.js:9541:71)
    at performWorkOnRoot (http://localhost:3000/_next/static/chunks/509c2_next_dist_compiled_react-dom_1698bfa6._.js:9068:150)
    at performWorkOnRootViaSchedulerTask (http://localhost:3000/_next/static/chunks/509c2_next_dist_compiled_react-dom_1698bfa6._.js:10230:9)
    at MessagePort.performWorkUntilDeadline (http://localhost:3000/_next/static/chunks/509c2_next_dist_compiled_9044104d._.js:2647:64) @ http://localhost:3000/_next/static/chunks/509c2_next_dist_512df543._.js:3127
[  124271ms] [ERROR] IntlError: MISSING_MESSAGE: Could not resolve `auth` in messages for locale `en-US`.
    at getMessagesOrError (http://localhost:3000/_next/static/chunks/db2ad__pnpm_bc426aec._.js:3637:27)
    at createBaseTranslator (http://localhost:3000/_next/static/chunks/db2ad__pnpm_bc426aec._.js:3642:29)
    at useTranslationsImpl.useMemo[translate] (http://localhost:3000/_next/static/chunks/db2ad__pnpm_bc426aec._.js:4163:378)
    at mountMemo (http://localhost:3000/_next/static/chunks/509c2_next_dist_compiled_react-dom_1698bfa6._.js:5424:25)
    at Object.useMemo (http://localhost:3000/_next/static/chunks/509c2_next_dist_compiled_react-dom_1698bfa6._.js:15003:24)
    at exports.useMemo (http://localhost:3000/_next/static/chunks/509c2_next_dist_compiled_9044104d._.js:1742:36)
    at useTranslationsImpl (http://localhost:3000/_next/static/chunks/db2ad__pnpm_bc426aec._.js:4162:416)
    at useTranslations (http://localhost:3000/_next/static/chunks/db2ad__pnpm_bc426aec._.js:4201:12)
    at http://localhost:3000/_next/static/chunks/db2ad__pnpm_ff96319a._.js:25:20
    at MetaMaskButton (http://localhost:3000/_next/static/chunks/pi-cwd-20260601_admin-platform_libs_e8399fc0._.js:4485:432)
    at Object.react_stack_bottom_frame (http://localhost:3000/_next/static/chunks/509c2_next_dist_compiled_react-dom_1698bfa6._.js:14826:24)
    at renderWithHooks (http://localhost:3000/_next/static/chunks/509c2_next_dist_compiled_react-dom_1698bfa6._.js:4651:24)
    at updateFunctionComponent (http://localhost:3000/_next/static/chunks/509c2_next_dist_compiled_react-dom_1698bfa6._.js:6112:21)
    at beginWork (http://localhost:3000/_next/static/chunks/509c2_next_dist_compiled_react-dom_1698bfa6._.js:6708:24)
    at runWithFiberInDEV (http://localhost:3000/_next/static/chunks/509c2_next_dist_compiled_react-dom_1698bfa6._.js:965:74)
    at performUnitOfWork (http://localhost:3000/_next/static/chunks/509c2_next_dist_compiled_react-dom_1698bfa6._.js:9562:97)
    at workLoopConcurrentByScheduler (http://localhost:3000/_next/static/chunks/509c2_next_dist_compiled_react-dom_1698bfa6._.js:9558:58)
    at renderRootConcurrent (http://localhost:3000/_next/static/chunks/509c2_next_dist_compiled_react-dom_1698bfa6._.js:9541:71)
    at performWorkOnRoot (http://localhost:3000/_next/static/chunks/509c2_next_dist_compiled_react-dom_1698bfa6._.js:9068:150)
    at performWorkOnRootViaSchedulerTask (http://localhost:3000/_next/static/chunks/509c2_next_dist_compiled_react-dom_1698bfa6._.js:10230:9)
    at MessagePort.performWorkUntilDeadline (http://localhost:3000/_next/static/chunks/509c2_next_dist_compiled_9044104d._.js:2647:64) @ http://localhost:3000/_next/static/chunks/509c2_next_dist_512df543._.js:3127
[  124272ms] [ERROR] IntlError: MISSING_MESSAGE: Could not resolve `auth` in messages for locale `en-US`.
    at getMessagesOrError (http://localhost:3000/_next/static/chunks/db2ad__pnpm_bc426aec._.js:3637:27)
    at createBaseTranslator (http://localhost:3000/_next/static/chunks/db2ad__pnpm_bc426aec._.js:3642:29)
    at useTranslationsImpl.useMemo[translate] (http://localhost:3000/_next/static/chunks/db2ad__pnpm_bc426aec._.js:4163:378)
    at mountMemo (http://localhost:3000/_next/static/chunks/509c2_next_dist_compiled_react-dom_1698bfa6._.js:5424:25)
    at Object.useMemo (http://localhost:3000/_next/static/chunks/509c2_next_dist_compiled_react-dom_1698bfa6._.js:15003:24)
    at exports.useMemo (http://localhost:3000/_next/static/chunks/509c2_next_dist_compiled_9044104d._.js:1742:36)
    at useTranslationsImpl (http://localhost:3000/_next/static/chunks/db2ad__pnpm_bc426aec._.js:4162:416)
    at useTranslations (http://localhost:3000/_next/static/chunks/db2ad__pnpm_bc426aec._.js:4201:12)
    at http://localhost:3000/_next/static/chunks/db2ad__pnpm_ff96319a._.js:25:20
    at MetaMaskButton (http://localhost:3000/_next/static/chunks/pi-cwd-20260601_admin-platform_libs_e8399fc0._.js:4485:432)
    at Object.react_stack_bottom_frame (http://localhost:3000/_next/static/chunks/509c2_next_dist_compiled_react-dom_1698bfa6._.js:14826:24)
    at renderWithHooks (http://localhost:3000/_next/static/chunks/509c2_next_dist_compiled_react-dom_1698bfa6._.js:4651:24)
    at updateFunctionComponent (http://localhost:3000/_next/static/chunks/509c2_next_dist_compiled_react-dom_1698bfa6._.js:6112:21)
    at beginWork (http://localhost:3000/_next/static/chunks/509c2_next_dist_compiled_react-dom_1698bfa6._.js:6708:24)
    at runWithFiberInDEV (http://localhost:3000/_next/static/chunks/509c2_next_dist_compiled_react-dom_1698bfa6._.js:965:74)
    at performUnitOfWork (http://localhost:3000/_next/static/chunks/509c2_next_dist_compiled_react-dom_1698bfa6._.js:9562:97)
    at workLoopConcurrentByScheduler (http://localhost:3000/_next/static/chunks/509c2_next_dist_compiled_react-dom_1698bfa6._.js:9558:58)
    at renderRootConcurrent (http://localhost:3000/_next/static/chunks/509c2_next_dist_compiled_react-dom_1698bfa6._.js:9541:71)
    at performWorkOnRoot (http://localhost:3000/_next/static/chunks/509c2_next_dist_compiled_react-dom_1698bfa6._.js:9068:150)
    at performWorkOnRootViaSchedulerTask (http://localhost:3000/_next/static/chunks/509c2_next_dist_compiled_react-dom_1698bfa6._.js:10230:9)
    at MessagePort.performWorkUntilDeadline (http://localhost:3000/_next/static/chunks/509c2_next_dist_compiled_9044104d._.js:2647:64) @ http://localhost:3000/_next/static/chunks/509c2_next_dist_512df543._.js:3127
[  124273ms] [ERROR] IntlError: MISSING_MESSAGE: Could not resolve `auth` in messages for locale `en-US`.
    at getMessagesOrError (http://localhost:3000/_next/static/chunks/db2ad__pnpm_bc426aec._.js:3637:27)
    at createBaseTranslator (http://localhost:3000/_next/static/chunks/db2ad__pnpm_bc426aec._.js:3642:29)
    at useTranslationsImpl.useMemo[translate] (http://localhost:3000/_next/static/chunks/db2ad__pnpm_bc426aec._.js:4163:378)
    at mountMemo (http://localhost:3000/_next/static/chunks/509c2_next_dist_compiled_react-dom_1698bfa6._.js:5424:25)
    at Object.useMemo (http://localhost:3000/_next/static/chunks/509c2_next_dist_compiled_react-dom_1698bfa6._.js:15003:24)
    at exports.useMemo (http://localhost:3000/_next/static/chunks/509c2_next_dist_compiled_9044104d._.js:1742:36)
    at useTranslationsImpl (http://localhost:3000/_next/static/chunks/db2ad__pnpm_bc426aec._.js:4162:416)
    at useTranslations (http://localhost:3000/_next/static/chunks/db2ad__pnpm_bc426aec._.js:4201:12)
    at http://localhost:3000/_next/static/chunks/db2ad__pnpm_ff96319a._.js:25:20
    at MetaMaskButton (http://localhost:3000/_next/static/chunks/pi-cwd-20260601_admin-platform_libs_e8399fc0._.js:4485:432)
    at Object.react_stack_bottom_frame (http://localhost:3000/_next/static/chunks/509c2_next_dist_compiled_react-dom_1698bfa6._.js:14826:24)
    at renderWithHooks (http://localhost:3000/_next/static/chunks/509c2_next_dist_compiled_react-dom_1698bfa6._.js:4651:24)
    at updateFunctionComponent (http://localhost:3000/_next/static/chunks/509c2_next_dist_compiled_react-dom_1698bfa6._.js:6112:21)
    at beginWork (http://localhost:3000/_next/static/chunks/509c2_next_dist_compiled_react-dom_1698bfa6._.js:6708:24)
    at runWithFiberInDEV (http://localhost:3000/_next/static/chunks/509c2_next_dist_compiled_react-dom_1698bfa6._.js:965:74)
    at performUnitOfWork (http://localhost:3000/_next/static/chunks/509c2_next_dist_compiled_react-dom_1698bfa6._.js:9562:97)
    at workLoopConcurrentByScheduler (http://localhost:3000/_next/static/chunks/509c2_next_dist_compiled_react-dom_1698bfa6._.js:9558:58)
    at renderRootConcurrent (http://localhost:3000/_next/static/chunks/509c2_next_dist_compiled_react-dom_1698bfa6._.js:9541:71)
    at performWorkOnRoot (http://localhost:3000/_next/static/chunks/509c2_next_dist_compiled_react-dom_1698bfa6._.js:9068:150)
    at performWorkOnRootViaSchedulerTask (http://localhost:3000/_next/static/chunks/509c2_next_dist_compiled_react-dom_1698bfa6._.js:10230:9)
    at MessagePort.performWorkUntilDeadline (http://localhost:3000/_next/static/chunks/509c2_next_dist_compiled_9044104d._.js:2647:64) @ http://localhost:3000/_next/static/chunks/509c2_next_dist_512df543._.js:3127
[  134034ms] [LOG] [Fast Refresh] done in 10468ms @ http://localhost:3000/_next/static/chunks/509c2_next_dist_512df543._.js:2297
[  176279ms] [LOG] [Fast Refresh] rebuilding @ http://localhost:3000/_next/static/chunks/509c2_next_dist_512df543._.js:2297
[  176575ms] [LOG] [Fast Refresh] done in 287ms @ http://localhost:3000/_next/static/chunks/509c2_next_dist_512df543._.js:2297
[  176742ms] [LOG] [Fast Refresh] rebuilding @ http://localhost:3000/_next/static/chunks/509c2_next_dist_512df543._.js:2297
[  177145ms] [LOG] [Fast Refresh] done in 503ms @ http://localhost:3000/_next/static/chunks/509c2_next_dist_512df543._.js:2297
[  187663ms] [ERROR] WebSocket connection to 'ws://localhost:3000/_next/webpack-hmr?id=2w0Hm4OPUUejACr4cEbRw' failed:  @ http://localhost:3000/_next/static/chunks/509c2_next_dist_client_2680adc2._.js:10878
[  188672ms] [ERROR] WebSocket connection to 'ws://localhost:3000/_next/webpack-hmr?id=2w0Hm4OPUUejACr4cEbRw' failed: Error in connection establishment: net::ERR_CONNECTION_REFUSED @ http://localhost:3000/_next/static/chunks/509c2_next_dist_client_2680adc2._.js:10878
[  189674ms] [ERROR] WebSocket connection to 'ws://localhost:3000/_next/webpack-hmr?id=2w0Hm4OPUUejACr4cEbRw' failed: Error in connection establishment: net::ERR_CONNECTION_REFUSED @ http://localhost:3000/_next/static/chunks/509c2_next_dist_client_2680adc2._.js:10878
[  190676ms] [ERROR] WebSocket connection to 'ws://localhost:3000/_next/webpack-hmr?id=2w0Hm4OPUUejACr4cEbRw' failed: Error in connection establishment: net::ERR_CONNECTION_REFUSED @ http://localhost:3000/_next/static/chunks/509c2_next_dist_client_2680adc2._.js:10878
[  191679ms] [ERROR] WebSocket connection to 'ws://localhost:3000/_next/webpack-hmr?id=2w0Hm4OPUUejACr4cEbRw' failed: Error in connection establishment: net::ERR_CONNECTION_REFUSED @ http://localhost:3000/_next/static/chunks/509c2_next_dist_client_2680adc2._.js:10878
[  192681ms] [ERROR] WebSocket connection to 'ws://localhost:3000/_next/webpack-hmr?id=2w0Hm4OPUUejACr4cEbRw' failed: Error in connection establishment: net::ERR_CONNECTION_REFUSED @ http://localhost:3000/_next/static/chunks/509c2_next_dist_client_2680adc2._.js:10878
[  197683ms] [ERROR] WebSocket connection to 'ws://localhost:3000/_next/webpack-hmr?id=2w0Hm4OPUUejACr4cEbRw' failed: Error in connection establishment: net::ERR_CONNECTION_REFUSED @ http://localhost:3000/_next/static/chunks/509c2_next_dist_client_2680adc2._.js:10878
[  202694ms] [ERROR] WebSocket connection to 'ws://localhost:3000/_next/webpack-hmr?id=2w0Hm4OPUUejACr4cEbRw' failed: Error in connection establishment: net::ERR_CONNECTION_REFUSED @ http://localhost:3000/_next/static/chunks/509c2_next_dist_client_2680adc2._.js:10878
[  209136ms] [LOG] [HMR] connected @ http://localhost:3000/_next/static/chunks/509c2_next_dist_512df543._.js:2297
[  218599ms] [VERBOSE] [DOM] Input elements should have autocomplete attributes (suggested: "current-password"): (More info: https://goo.gl/9p2vKq) %o @ http://localhost:3000/en-US/login:0
[  218667ms] [INFO] %cDownload the React DevTools for a better development experience: https://react.dev/link/react-devtools font-weight:bold @ http://localhost:3000/_next/static/chunks/509c2_next_dist_512df543._.js:2297
[  218999ms] [LOG] [HMR] connected @ http://localhost:3000/_next/static/chunks/509c2_next_dist_512df543._.js:2297
[  219251ms] [LOG] [Fast Refresh] rebuilding @ http://localhost:3000/_next/static/chunks/509c2_next_dist_512df543._.js:2297
[  228266ms] [LOG] [Fast Refresh] done in 9141ms @ http://localhost:3000/_next/static/chunks/509c2_next_dist_512df543._.js:2297
[  228368ms] [LOG] [Fast Refresh] rebuilding @ http://localhost:3000/_next/static/chunks/509c2_next_dist_512df543._.js:2297
[  228523ms] [LOG] [Fast Refresh] done in 256ms @ http://localhost:3000/_next/static/chunks/509c2_next_dist_512df543._.js:2297
