[     309ms] [ERROR] Failed to load resource: the server responded with a status of 404 (Not Found) @ http://localhost:3000/logo.svg:0
[    1137ms] [INFO] %cDownload the React DevTools for a better development experience: https://react.dev/link/react-devtools font-weight:bold @ webpack-internal:///(app-pages-browser)/../../node_modules/.pnpm/next@16.1.7_@babel+core@7.29.7_@playwright+test@1.60.0_react-dom@19.2.7_react@19.2.7/node_modules/next/dist/next-devtools/shared/forward-logs-shared.js:27
[    1360ms] [LOG] [HMR] connected @ webpack-internal:///(app-pages-browser)/../../node_modules/.pnpm/next@16.1.7_@babel+core@7.29.7_@playwright+test@1.60.0_react-dom@19.2.7_react@19.2.7/node_modules/next/dist/next-devtools/shared/forward-logs-shared.js:27
[    1392ms] [WARNING] ../../libs/modules/user/data-access/src/index.ts
export 'ResultInfo' (reexported as 'ResultInfo') was not found in './lib/user.api' (possible exports: deleteUser, getRoleOptions, getTdOptions, getUserDetail, getUserList, resetUserPassword, saveUser, updateUser, updateUserStatus) @ webpack-internal:///(app-pages-browser)/../../node_modules/.pnpm/next@16.1.7_@babel+core@7.29.7_@playwright+test@1.60.0_react-dom@19.2.7_react@19.2.7/node_modules/next/dist/next-devtools/shared/forward-logs-shared.js:27
[    2039ms] [ERROR] IntlError: MISSING_MESSAGE: Could not resolve `modules.tokenized-deposit.tokenized_deposit_0112` in messages for locale `en-US`.
    at getFallbackFromErrorAndNotify (webpack-internal:///(app-pages-browser)/../../node_modules/.pnpm/use-intl@4.13.0_react@19.2.7/node_modules/use-intl/dist/esm/development/initializeConfig-CUsOI8u2.js:108:19)
    at translateBaseFn (webpack-internal:///(app-pages-browser)/../../node_modules/.pnpm/use-intl@4.13.0_react@19.2.7/node_modules/use-intl/dist/esm/development/initializeConfig-CUsOI8u2.js:141:18)
    at translateFn (webpack-internal:///(app-pages-browser)/../../node_modules/.pnpm/use-intl@4.13.0_react@19.2.7/node_modules/use-intl/dist/esm/development/initializeConfig-CUsOI8u2.js:173:20)
    at WalletFieldGroup (webpack-internal:///(app-pages-browser)/../../libs/modules/tokenized-deposit/feature/src/lib/tokenized-deposit-edit/wallet-field-group.tsx:20:32)
    at Object.react_stack_bottom_frame (webpack-internal:///(app-pages-browser)/../../node_modules/.pnpm/next@16.1.7_@babel+core@7.29.7_@playwright+test@1.60.0_react-dom@19.2.7_react@19.2.7/node_modules/next/dist/compiled/react-dom/cjs/react-dom-client.development.js:28039:20)
    at renderWithHooks (webpack-internal:///(app-pages-browser)/../../node_modules/.pnpm/next@16.1.7_@babel+core@7.29.7_@playwright+test@1.60.0_react-dom@19.2.7_react@19.2.7/node_modules/next/dist/compiled/react-dom/cjs/react-dom-client.development.js:7985:22)
    at updateFunctionComponent (webpack-internal:///(app-pages-browser)/../../node_modules/.pnpm/next@16.1.7_@babel+core@7.29.7_@playwright+test@1.60.0_react-dom@19.2.7_react@19.2.7/node_modules/next/dist/compiled/react-dom/cjs/react-dom-client.development.js:10502:19)
    at beginWork (webpack-internal:///(app-pages-browser)/../../node_modules/.pnpm/next@16.1.7_@babel+core@7.29.7_@playwright+test@1.60.0_react-dom@19.2.7_react@19.2.7/node_modules/next/dist/compiled/react-dom/cjs/react-dom-client.development.js:12137:18)
    at runWithFiberInDEV (webpack-internal:///(app-pages-browser)/../../node_modules/.pnpm/next@16.1.7_@babel+core@7.29.7_@playwright+test@1.60.0_react-dom@19.2.7_react@19.2.7/node_modules/next/dist/compiled/react-dom/cjs/react-dom-client.development.js:987:30)
    at performUnitOfWork (webpack-internal:///(app-pages-browser)/../../node_modules/.pnpm/next@16.1.7_@babel+core@7.29.7_@playwright+test@1.60.0_react-dom@19.2.7_react@19.2.7/node_modules/next/dist/compiled/react-dom/cjs/react-dom-client.development.js:18998:22)
    at workLoopConcurrentByScheduler (webpack-internal:///(app-pages-browser)/../../node_modules/.pnpm/next@16.1.7_@babel+core@7.29.7_@playwright+test@1.60.0_react-dom@19.2.7_react@19.2.7/node_modules/next/dist/compiled/react-dom/cjs/react-dom-client.development.js:18992:9)
    at renderRootConcurrent (webpack-internal:///(app-pages-browser)/../../node_modules/.pnpm/next@16.1.7_@babel+core@7.29.7_@playwright+test@1.60.0_react-dom@19.2.7_react@19.2.7/node_modules/next/dist/compiled/react-dom/cjs/react-dom-client.development.js:18974:15)
    at performWorkOnRoot (webpack-internal:///(app-pages-browser)/../../node_modules/.pnpm/next@16.1.7_@babel+core@7.29.7_@playwright+test@1.60.0_react-dom@19.2.7_react@19.2.7/node_modules/next/dist/compiled/react-dom/cjs/react-dom-client.development.js:17835:11)
    at performWorkOnRootViaSchedulerTask (webpack-internal:///(app-pages-browser)/../../node_modules/.pnpm/next@16.1.7_@babel+core@7.29.7_@playwright+test@1.60.0_react-dom@19.2.7_react@19.2.7/node_modules/next/dist/compiled/react-dom/cjs/react-dom-client.development.js:20385:7)
    at MessagePort.performWorkUntilDeadline (webpack-internal:///(app-pages-browser)/../../node_modules/.pnpm/next@16.1.7_@babel+core@7.29.7_@playwright+test@1.60.0_react-dom@19.2.7_react@19.2.7/node_modules/next/dist/compiled/scheduler/cjs/scheduler.development.js:45:48) @ webpack-internal:///(app-pages-browser)/../../node_modules/.pnpm/next@16.1.7_@babel+core@7.29.7_@playwright+test@1.60.0_react-dom@19.2.7_react@19.2.7/node_modules/next/dist/next-devtools/userspace/app/errors/intercept-console-error.js:51
[    2040ms] [ERROR] IntlError: MISSING_MESSAGE: Could not resolve `modules.tokenized-deposit.tokenized_deposit_0112` in messages for locale `en-US`.
    at getFallbackFromErrorAndNotify (webpack-internal:///(app-pages-browser)/../../node_modules/.pnpm/use-intl@4.13.0_react@19.2.7/node_modules/use-intl/dist/esm/development/initializeConfig-CUsOI8u2.js:108:19)
    at translateBaseFn (webpack-internal:///(app-pages-browser)/../../node_modules/.pnpm/use-intl@4.13.0_react@19.2.7/node_modules/use-intl/dist/esm/development/initializeConfig-CUsOI8u2.js:141:18)
    at translateFn (webpack-internal:///(app-pages-browser)/../../node_modules/.pnpm/use-intl@4.13.0_react@19.2.7/node_modules/use-intl/dist/esm/development/initializeConfig-CUsOI8u2.js:173:20)
    at WalletFieldGroup (webpack-internal:///(app-pages-browser)/../../libs/modules/tokenized-deposit/feature/src/lib/tokenized-deposit-edit/wallet-field-group.tsx:20:32)
    at Object.react_stack_bottom_frame (webpack-internal:///(app-pages-browser)/../../node_modules/.pnpm/next@16.1.7_@babel+core@7.29.7_@playwright+test@1.60.0_react-dom@19.2.7_react@19.2.7/node_modules/next/dist/compiled/react-dom/cjs/react-dom-client.development.js:28039:20)
    at renderWithHooksAgain (webpack-internal:///(app-pages-browser)/../../node_modules/.pnpm/next@16.1.7_@babel+core@7.29.7_@playwright+test@1.60.0_react-dom@19.2.7_react@19.2.7/node_modules/next/dist/compiled/react-dom/cjs/react-dom-client.development.js:8085:20)
    at renderWithHooks (webpack-internal:///(app-pages-browser)/../../node_modules/.pnpm/next@16.1.7_@babel+core@7.29.7_@playwright+test@1.60.0_react-dom@19.2.7_react@19.2.7/node_modules/next/dist/compiled/react-dom/cjs/react-dom-client.development.js:7997:22)
    at updateFunctionComponent (webpack-internal:///(app-pages-browser)/../../node_modules/.pnpm/next@16.1.7_@babel+core@7.29.7_@playwright+test@1.60.0_react-dom@19.2.7_react@19.2.7/node_modules/next/dist/compiled/react-dom/cjs/react-dom-client.development.js:10502:19)
    at beginWork (webpack-internal:///(app-pages-browser)/../../node_modules/.pnpm/next@16.1.7_@babel+core@7.29.7_@playwright+test@1.60.0_react-dom@19.2.7_react@19.2.7/node_modules/next/dist/compiled/react-dom/cjs/react-dom-client.development.js:12137:18)
    at runWithFiberInDEV (webpack-internal:///(app-pages-browser)/../../node_modules/.pnpm/next@16.1.7_@babel+core@7.29.7_@playwright+test@1.60.0_react-dom@19.2.7_react@19.2.7/node_modules/next/dist/compiled/react-dom/cjs/react-dom-client.development.js:987:30)
    at performUnitOfWork (webpack-internal:///(app-pages-browser)/../../node_modules/.pnpm/next@16.1.7_@babel+core@7.29.7_@playwright+test@1.60.0_react-dom@19.2.7_react@19.2.7/node_modules/next/dist/compiled/react-dom/cjs/react-dom-client.development.js:18998:22)
    at workLoopConcurrentByScheduler (webpack-internal:///(app-pages-browser)/../../node_modules/.pnpm/next@16.1.7_@babel+core@7.29.7_@playwright+test@1.60.0_react-dom@19.2.7_react@19.2.7/node_modules/next/dist/compiled/react-dom/cjs/react-dom-client.development.js:18992:9)
    at renderRootConcurrent (webpack-internal:///(app-pages-browser)/../../node_modules/.pnpm/next@16.1.7_@babel+core@7.29.7_@playwright+test@1.60.0_react-dom@19.2.7_react@19.2.7/node_modules/next/dist/compiled/react-dom/cjs/react-dom-client.development.js:18974:15)
    at performWorkOnRoot (webpack-internal:///(app-pages-browser)/../../node_modules/.pnpm/next@16.1.7_@babel+core@7.29.7_@playwright+test@1.60.0_react-dom@19.2.7_react@19.2.7/node_modules/next/dist/compiled/react-dom/cjs/react-dom-client.development.js:17835:11)
    at performWorkOnRootViaSchedulerTask (webpack-internal:///(app-pages-browser)/../../node_modules/.pnpm/next@16.1.7_@babel+core@7.29.7_@playwright+test@1.60.0_react-dom@19.2.7_react@19.2.7/node_modules/next/dist/compiled/react-dom/cjs/react-dom-client.development.js:20385:7)
    at MessagePort.performWorkUntilDeadline (webpack-internal:///(app-pages-browser)/../../node_modules/.pnpm/next@16.1.7_@babel+core@7.29.7_@playwright+test@1.60.0_react-dom@19.2.7_react@19.2.7/node_modules/next/dist/compiled/scheduler/cjs/scheduler.development.js:45:48) @ webpack-internal:///(app-pages-browser)/../../node_modules/.pnpm/next@16.1.7_@babel+core@7.29.7_@playwright+test@1.60.0_react-dom@19.2.7_react@19.2.7/node_modules/next/dist/next-devtools/userspace/app/errors/intercept-console-error.js:51
[    2042ms] [ERROR] IntlError: MISSING_MESSAGE: Could not resolve `modules.tokenized-deposit.tokenized_deposit_0113` in messages for locale `en-US`.
    at getFallbackFromErrorAndNotify (webpack-internal:///(app-pages-browser)/../../node_modules/.pnpm/use-intl@4.13.0_react@19.2.7/node_modules/use-intl/dist/esm/development/initializeConfig-CUsOI8u2.js:108:19)
    at translateBaseFn (webpack-internal:///(app-pages-browser)/../../node_modules/.pnpm/use-intl@4.13.0_react@19.2.7/node_modules/use-intl/dist/esm/development/initializeConfig-CUsOI8u2.js:141:18)
    at translateFn (webpack-internal:///(app-pages-browser)/../../node_modules/.pnpm/use-intl@4.13.0_react@19.2.7/node_modules/use-intl/dist/esm/development/initializeConfig-CUsOI8u2.js:173:20)
    at WalletFieldGroup (webpack-internal:///(app-pages-browser)/../../libs/modules/tokenized-deposit/feature/src/lib/tokenized-deposit-edit/wallet-field-group.tsx:20:32)
    at Object.react_stack_bottom_frame (webpack-internal:///(app-pages-browser)/../../node_modules/.pnpm/next@16.1.7_@babel+core@7.29.7_@playwright+test@1.60.0_react-dom@19.2.7_react@19.2.7/node_modules/next/dist/compiled/react-dom/cjs/react-dom-client.development.js:28039:20)
    at renderWithHooks (webpack-internal:///(app-pages-browser)/../../node_modules/.pnpm/next@16.1.7_@babel+core@7.29.7_@playwright+test@1.60.0_react-dom@19.2.7_react@19.2.7/node_modules/next/dist/compiled/react-dom/cjs/react-dom-client.development.js:7985:22)
    at updateFunctionComponent (webpack-internal:///(app-pages-browser)/../../node_modules/.pnpm/next@16.1.7_@babel+core@7.29.7_@playwright+test@1.60.0_react-dom@19.2.7_react@19.2.7/node_modules/next/dist/compiled/react-dom/cjs/react-dom-client.development.js:10502:19)
    at beginWork (webpack-internal:///(app-pages-browser)/../../node_modules/.pnpm/next@16.1.7_@babel+core@7.29.7_@playwright+test@1.60.0_react-dom@19.2.7_react@19.2.7/node_modules/next/dist/compiled/react-dom/cjs/react-dom-client.development.js:12137:18)
    at runWithFiberInDEV (webpack-internal:///(app-pages-browser)/../../node_modules/.pnpm/next@16.1.7_@babel+core@7.29.7_@playwright+test@1.60.0_react-dom@19.2.7_react@19.2.7/node_modules/next/dist/compiled/react-dom/cjs/react-dom-client.development.js:987:30)
    at performUnitOfWork (webpack-internal:///(app-pages-browser)/../../node_modules/.pnpm/next@16.1.7_@babel+core@7.29.7_@playwright+test@1.60.0_react-dom@19.2.7_react@19.2.7/node_modules/next/dist/compiled/react-dom/cjs/react-dom-client.development.js:18998:22)
    at workLoopConcurrentByScheduler (webpack-internal:///(app-pages-browser)/../../node_modules/.pnpm/next@16.1.7_@babel+core@7.29.7_@playwright+test@1.60.0_react-dom@19.2.7_react@19.2.7/node_modules/next/dist/compiled/react-dom/cjs/react-dom-client.development.js:18992:9)
    at renderRootConcurrent (webpack-internal:///(app-pages-browser)/../../node_modules/.pnpm/next@16.1.7_@babel+core@7.29.7_@playwright+test@1.60.0_react-dom@19.2.7_react@19.2.7/node_modules/next/dist/compiled/react-dom/cjs/react-dom-client.development.js:18974:15)
    at performWorkOnRoot (webpack-internal:///(app-pages-browser)/../../node_modules/.pnpm/next@16.1.7_@babel+core@7.29.7_@playwright+test@1.60.0_react-dom@19.2.7_react@19.2.7/node_modules/next/dist/compiled/react-dom/cjs/react-dom-client.development.js:17835:11)
    at performWorkOnRootViaSchedulerTask (webpack-internal:///(app-pages-browser)/../../node_modules/.pnpm/next@16.1.7_@babel+core@7.29.7_@playwright+test@1.60.0_react-dom@19.2.7_react@19.2.7/node_modules/next/dist/compiled/react-dom/cjs/react-dom-client.development.js:20385:7)
    at MessagePort.performWorkUntilDeadline (webpack-internal:///(app-pages-browser)/../../node_modules/.pnpm/next@16.1.7_@babel+core@7.29.7_@playwright+test@1.60.0_react-dom@19.2.7_react@19.2.7/node_modules/next/dist/compiled/scheduler/cjs/scheduler.development.js:45:48) @ webpack-internal:///(app-pages-browser)/../../node_modules/.pnpm/next@16.1.7_@babel+core@7.29.7_@playwright+test@1.60.0_react-dom@19.2.7_react@19.2.7/node_modules/next/dist/next-devtools/userspace/app/errors/intercept-console-error.js:51
[    2043ms] [ERROR] IntlError: MISSING_MESSAGE: Could not resolve `modules.tokenized-deposit.tokenized_deposit_0113` in messages for locale `en-US`.
    at getFallbackFromErrorAndNotify (webpack-internal:///(app-pages-browser)/../../node_modules/.pnpm/use-intl@4.13.0_react@19.2.7/node_modules/use-intl/dist/esm/development/initializeConfig-CUsOI8u2.js:108:19)
    at translateBaseFn (webpack-internal:///(app-pages-browser)/../../node_modules/.pnpm/use-intl@4.13.0_react@19.2.7/node_modules/use-intl/dist/esm/development/initializeConfig-CUsOI8u2.js:141:18)
    at translateFn (webpack-internal:///(app-pages-browser)/../../node_modules/.pnpm/use-intl@4.13.0_react@19.2.7/node_modules/use-intl/dist/esm/development/initializeConfig-CUsOI8u2.js:173:20)
    at WalletFieldGroup (webpack-internal:///(app-pages-browser)/../../libs/modules/tokenized-deposit/feature/src/lib/tokenized-deposit-edit/wallet-field-group.tsx:20:32)
    at Object.react_stack_bottom_frame (webpack-internal:///(app-pages-browser)/../../node_modules/.pnpm/next@16.1.7_@babel+core@7.29.7_@playwright+test@1.60.0_react-dom@19.2.7_react@19.2.7/node_modules/next/dist/compiled/react-dom/cjs/react-dom-client.development.js:28039:20)
    at renderWithHooksAgain (webpack-internal:///(app-pages-browser)/../../node_modules/.pnpm/next@16.1.7_@babel+core@7.29.7_@playwright+test@1.60.0_react-dom@19.2.7_react@19.2.7/node_modules/next/dist/compiled/react-dom/cjs/react-dom-client.development.js:8085:20)
    at renderWithHooks (webpack-internal:///(app-pages-browser)/../../node_modules/.pnpm/next@16.1.7_@babel+core@7.29.7_@playwright+test@1.60.0_react-dom@19.2.7_react@19.2.7/node_modules/next/dist/compiled/react-dom/cjs/react-dom-client.development.js:7997:22)
    at updateFunctionComponent (webpack-internal:///(app-pages-browser)/../../node_modules/.pnpm/next@16.1.7_@babel+core@7.29.7_@playwright+test@1.60.0_react-dom@19.2.7_react@19.2.7/node_modules/next/dist/compiled/react-dom/cjs/react-dom-client.development.js:10502:19)
    at beginWork (webpack-internal:///(app-pages-browser)/../../node_modules/.pnpm/next@16.1.7_@babel+core@7.29.7_@playwright+test@1.60.0_react-dom@19.2.7_react@19.2.7/node_modules/next/dist/compiled/react-dom/cjs/react-dom-client.development.js:12137:18)
    at runWithFiberInDEV (webpack-internal:///(app-pages-browser)/../../node_modules/.pnpm/next@16.1.7_@babel+core@7.29.7_@playwright+test@1.60.0_react-dom@19.2.7_react@19.2.7/node_modules/next/dist/compiled/react-dom/cjs/react-dom-client.development.js:987:30)
    at performUnitOfWork (webpack-internal:///(app-pages-browser)/../../node_modules/.pnpm/next@16.1.7_@babel+core@7.29.7_@playwright+test@1.60.0_react-dom@19.2.7_react@19.2.7/node_modules/next/dist/compiled/react-dom/cjs/react-dom-client.development.js:18998:22)
    at workLoopConcurrentByScheduler (webpack-internal:///(app-pages-browser)/../../node_modules/.pnpm/next@16.1.7_@babel+core@7.29.7_@playwright+test@1.60.0_react-dom@19.2.7_react@19.2.7/node_modules/next/dist/compiled/react-dom/cjs/react-dom-client.development.js:18992:9)
    at renderRootConcurrent (webpack-internal:///(app-pages-browser)/../../node_modules/.pnpm/next@16.1.7_@babel+core@7.29.7_@playwright+test@1.60.0_react-dom@19.2.7_react@19.2.7/node_modules/next/dist/compiled/react-dom/cjs/react-dom-client.development.js:18974:15)
    at performWorkOnRoot (webpack-internal:///(app-pages-browser)/../../node_modules/.pnpm/next@16.1.7_@babel+core@7.29.7_@playwright+test@1.60.0_react-dom@19.2.7_react@19.2.7/node_modules/next/dist/compiled/react-dom/cjs/react-dom-client.development.js:17835:11)
    at performWorkOnRootViaSchedulerTask (webpack-internal:///(app-pages-browser)/../../node_modules/.pnpm/next@16.1.7_@babel+core@7.29.7_@playwright+test@1.60.0_react-dom@19.2.7_react@19.2.7/node_modules/next/dist/compiled/react-dom/cjs/react-dom-client.development.js:20385:7)
    at MessagePort.performWorkUntilDeadline (webpack-internal:///(app-pages-browser)/../../node_modules/.pnpm/next@16.1.7_@babel+core@7.29.7_@playwright+test@1.60.0_react-dom@19.2.7_react@19.2.7/node_modules/next/dist/compiled/scheduler/cjs/scheduler.development.js:45:48) @ webpack-internal:///(app-pages-browser)/../../node_modules/.pnpm/next@16.1.7_@babel+core@7.29.7_@playwright+test@1.60.0_react-dom@19.2.7_react@19.2.7/node_modules/next/dist/next-devtools/userspace/app/errors/intercept-console-error.js:51
[    2051ms] [ERROR] IntlError: MISSING_MESSAGE: Could not resolve `modules.tokenized-deposit.tokenized_deposit_0114` in messages for locale `en-US`.
    at getFallbackFromErrorAndNotify (webpack-internal:///(app-pages-browser)/../../node_modules/.pnpm/use-intl@4.13.0_react@19.2.7/node_modules/use-intl/dist/esm/development/initializeConfig-CUsOI8u2.js:108:19)
    at translateBaseFn (webpack-internal:///(app-pages-browser)/../../node_modules/.pnpm/use-intl@4.13.0_react@19.2.7/node_modules/use-intl/dist/esm/development/initializeConfig-CUsOI8u2.js:141:18)
    at translateFn (webpack-internal:///(app-pages-browser)/../../node_modules/.pnpm/use-intl@4.13.0_react@19.2.7/node_modules/use-intl/dist/esm/development/initializeConfig-CUsOI8u2.js:173:20)
    at WalletFieldGroup (webpack-internal:///(app-pages-browser)/../../libs/modules/tokenized-deposit/feature/src/lib/tokenized-deposit-edit/wallet-field-group.tsx:20:32)
    at Object.react_stack_bottom_frame (webpack-internal:///(app-pages-browser)/../../node_modules/.pnpm/next@16.1.7_@babel+core@7.29.7_@playwright+test@1.60.0_react-dom@19.2.7_react@19.2.7/node_modules/next/dist/compiled/react-dom/cjs/react-dom-client.development.js:28039:20)
    at renderWithHooks (webpack-internal:///(app-pages-browser)/../../node_modules/.pnpm/next@16.1.7_@babel+core@7.29.7_@playwright+test@1.60.0_react-dom@19.2.7_react@19.2.7/node_modules/next/dist/compiled/react-dom/cjs/react-dom-client.development.js:7985:22)
    at updateFunctionComponent (webpack-internal:///(app-pages-browser)/../../node_modules/.pnpm/next@16.1.7_@babel+core@7.29.7_@playwright+test@1.60.0_react-dom@19.2.7_react@19.2.7/node_modules/next/dist/compiled/react-dom/cjs/react-dom-client.development.js:10502:19)
    at beginWork (webpack-internal:///(app-pages-browser)/../../node_modules/.pnpm/next@16.1.7_@babel+core@7.29.7_@playwright+test@1.60.0_react-dom@19.2.7_react@19.2.7/node_modules/next/dist/compiled/react-dom/cjs/react-dom-client.development.js:12137:18)
    at runWithFiberInDEV (webpack-internal:///(app-pages-browser)/../../node_modules/.pnpm/next@16.1.7_@babel+core@7.29.7_@playwright+test@1.60.0_react-dom@19.2.7_react@19.2.7/node_modules/next/dist/compiled/react-dom/cjs/react-dom-client.development.js:987:30)
    at performUnitOfWork (webpack-internal:///(app-pages-browser)/../../node_modules/.pnpm/next@16.1.7_@babel+core@7.29.7_@playwright+test@1.60.0_react-dom@19.2.7_react@19.2.7/node_modules/next/dist/compiled/react-dom/cjs/react-dom-client.development.js:18998:22)
    at workLoopConcurrentByScheduler (webpack-internal:///(app-pages-browser)/../../node_modules/.pnpm/next@16.1.7_@babel+core@7.29.7_@playwright+test@1.60.0_react-dom@19.2.7_react@19.2.7/node_modules/next/dist/compiled/react-dom/cjs/react-dom-client.development.js:18992:9)
    at renderRootConcurrent (webpack-internal:///(app-pages-browser)/../../node_modules/.pnpm/next@16.1.7_@babel+core@7.29.7_@playwright+test@1.60.0_react-dom@19.2.7_react@19.2.7/node_modules/next/dist/compiled/react-dom/cjs/react-dom-client.development.js:18974:15)
    at performWorkOnRoot (webpack-internal:///(app-pages-browser)/../../node_modules/.pnpm/next@16.1.7_@babel+core@7.29.7_@playwright+test@1.60.0_react-dom@19.2.7_react@19.2.7/node_modules/next/dist/compiled/react-dom/cjs/react-dom-client.development.js:17835:11)
    at performWorkOnRootViaSchedulerTask (webpack-internal:///(app-pages-browser)/../../node_modules/.pnpm/next@16.1.7_@babel+core@7.29.7_@playwright+test@1.60.0_react-dom@19.2.7_react@19.2.7/node_modules/next/dist/compiled/react-dom/cjs/react-dom-client.development.js:20385:7)
    at MessagePort.performWorkUntilDeadline (webpack-internal:///(app-pages-browser)/../../node_modules/.pnpm/next@16.1.7_@babel+core@7.29.7_@playwright+test@1.60.0_react-dom@19.2.7_react@19.2.7/node_modules/next/dist/compiled/scheduler/cjs/scheduler.development.js:45:48) @ webpack-internal:///(app-pages-browser)/../../node_modules/.pnpm/next@16.1.7_@babel+core@7.29.7_@playwright+test@1.60.0_react-dom@19.2.7_react@19.2.7/node_modules/next/dist/next-devtools/userspace/app/errors/intercept-console-error.js:51
[    2051ms] [ERROR] IntlError: MISSING_MESSAGE: Could not resolve `modules.tokenized-deposit.tokenized_deposit_0114` in messages for locale `en-US`.
    at getFallbackFromErrorAndNotify (webpack-internal:///(app-pages-browser)/../../node_modules/.pnpm/use-intl@4.13.0_react@19.2.7/node_modules/use-intl/dist/esm/development/initializeConfig-CUsOI8u2.js:108:19)
    at translateBaseFn (webpack-internal:///(app-pages-browser)/../../node_modules/.pnpm/use-intl@4.13.0_react@19.2.7/node_modules/use-intl/dist/esm/development/initializeConfig-CUsOI8u2.js:141:18)
    at translateFn (webpack-internal:///(app-pages-browser)/../../node_modules/.pnpm/use-intl@4.13.0_react@19.2.7/node_modules/use-intl/dist/esm/development/initializeConfig-CUsOI8u2.js:173:20)
    at WalletFieldGroup (webpack-internal:///(app-pages-browser)/../../libs/modules/tokenized-deposit/feature/src/lib/tokenized-deposit-edit/wallet-field-group.tsx:20:32)
    at Object.react_stack_bottom_frame (webpack-internal:///(app-pages-browser)/../../node_modules/.pnpm/next@16.1.7_@babel+core@7.29.7_@playwright+test@1.60.0_react-dom@19.2.7_react@19.2.7/node_modules/next/dist/compiled/react-dom/cjs/react-dom-client.development.js:28039:20)
    at renderWithHooksAgain (webpack-internal:///(app-pages-browser)/../../node_modules/.pnpm/next@16.1.7_@babel+core@7.29.7_@playwright+test@1.60.0_react-dom@19.2.7_react@19.2.7/node_modules/next/dist/compiled/react-dom/cjs/react-dom-client.development.js:8085:20)
    at renderWithHooks (webpack-internal:///(app-pages-browser)/../../node_modules/.pnpm/next@16.1.7_@babel+core@7.29.7_@playwright+test@1.60.0_react-dom@19.2.7_react@19.2.7/node_modules/next/dist/compiled/react-dom/cjs/react-dom-client.development.js:7997:22)
    at updateFunctionComponent (webpack-internal:///(app-pages-browser)/../../node_modules/.pnpm/next@16.1.7_@babel+core@7.29.7_@playwright+test@1.60.0_react-dom@19.2.7_react@19.2.7/node_modules/next/dist/compiled/react-dom/cjs/react-dom-client.development.js:10502:19)
    at beginWork (webpack-internal:///(app-pages-browser)/../../node_modules/.pnpm/next@16.1.7_@babel+core@7.29.7_@playwright+test@1.60.0_react-dom@19.2.7_react@19.2.7/node_modules/next/dist/compiled/react-dom/cjs/react-dom-client.development.js:12137:18)
    at runWithFiberInDEV (webpack-internal:///(app-pages-browser)/../../node_modules/.pnpm/next@16.1.7_@babel+core@7.29.7_@playwright+test@1.60.0_react-dom@19.2.7_react@19.2.7/node_modules/next/dist/compiled/react-dom/cjs/react-dom-client.development.js:987:30)
    at performUnitOfWork (webpack-internal:///(app-pages-browser)/../../node_modules/.pnpm/next@16.1.7_@babel+core@7.29.7_@playwright+test@1.60.0_react-dom@19.2.7_react@19.2.7/node_modules/next/dist/compiled/react-dom/cjs/react-dom-client.development.js:18998:22)
    at workLoopConcurrentByScheduler (webpack-internal:///(app-pages-browser)/../../node_modules/.pnpm/next@16.1.7_@babel+core@7.29.7_@playwright+test@1.60.0_react-dom@19.2.7_react@19.2.7/node_modules/next/dist/compiled/react-dom/cjs/react-dom-client.development.js:18992:9)
    at renderRootConcurrent (webpack-internal:///(app-pages-browser)/../../node_modules/.pnpm/next@16.1.7_@babel+core@7.29.7_@playwright+test@1.60.0_react-dom@19.2.7_react@19.2.7/node_modules/next/dist/compiled/react-dom/cjs/react-dom-client.development.js:18974:15)
    at performWorkOnRoot (webpack-internal:///(app-pages-browser)/../../node_modules/.pnpm/next@16.1.7_@babel+core@7.29.7_@playwright+test@1.60.0_react-dom@19.2.7_react@19.2.7/node_modules/next/dist/compiled/react-dom/cjs/react-dom-client.development.js:17835:11)
    at performWorkOnRootViaSchedulerTask (webpack-internal:///(app-pages-browser)/../../node_modules/.pnpm/next@16.1.7_@babel+core@7.29.7_@playwright+test@1.60.0_react-dom@19.2.7_react@19.2.7/node_modules/next/dist/compiled/react-dom/cjs/react-dom-client.development.js:20385:7)
    at MessagePort.performWorkUntilDeadline (webpack-internal:///(app-pages-browser)/../../node_modules/.pnpm/next@16.1.7_@babel+core@7.29.7_@playwright+test@1.60.0_react-dom@19.2.7_react@19.2.7/node_modules/next/dist/compiled/scheduler/cjs/scheduler.development.js:45:48) @ webpack-internal:///(app-pages-browser)/../../node_modules/.pnpm/next@16.1.7_@babel+core@7.29.7_@playwright+test@1.60.0_react-dom@19.2.7_react@19.2.7/node_modules/next/dist/next-devtools/userspace/app/errors/intercept-console-error.js:51
[    2071ms] [ERROR] IntlError: MISSING_MESSAGE: Could not resolve `modules.tokenized-deposit.tokenized_deposit_0112` in messages for locale `en-US`.
    at getFallbackFromErrorAndNotify (webpack-internal:///(app-pages-browser)/../../node_modules/.pnpm/use-intl@4.13.0_react@19.2.7/node_modules/use-intl/dist/esm/development/initializeConfig-CUsOI8u2.js:108:19)
    at translateBaseFn (webpack-internal:///(app-pages-browser)/../../node_modules/.pnpm/use-intl@4.13.0_react@19.2.7/node_modules/use-intl/dist/esm/development/initializeConfig-CUsOI8u2.js:141:18)
    at translateFn (webpack-internal:///(app-pages-browser)/../../node_modules/.pnpm/use-intl@4.13.0_react@19.2.7/node_modules/use-intl/dist/esm/development/initializeConfig-CUsOI8u2.js:173:20)
    at RigsecWalletModal (webpack-internal:///(app-pages-browser)/../../libs/modules/tokenized-deposit/feature/src/lib/tokenized-deposit-edit/rigsec-wallet-modal.tsx:23:23)
    at Object.react_stack_bottom_frame (webpack-internal:///(app-pages-browser)/../../node_modules/.pnpm/next@16.1.7_@babel+core@7.29.7_@playwright+test@1.60.0_react-dom@19.2.7_react@19.2.7/node_modules/next/dist/compiled/react-dom/cjs/react-dom-client.development.js:28039:20)
    at renderWithHooks (webpack-internal:///(app-pages-browser)/../../node_modules/.pnpm/next@16.1.7_@babel+core@7.29.7_@playwright+test@1.60.0_react-dom@19.2.7_react@19.2.7/node_modules/next/dist/compiled/react-dom/cjs/react-dom-client.development.js:7985:22)
    at updateFunctionComponent (webpack-internal:///(app-pages-browser)/../../node_modules/.pnpm/next@16.1.7_@babel+core@7.29.7_@playwright+test@1.60.0_react-dom@19.2.7_react@19.2.7/node_modules/next/dist/compiled/react-dom/cjs/react-dom-client.development.js:10502:19)
    at beginWork (webpack-internal:///(app-pages-browser)/../../node_modules/.pnpm/next@16.1.7_@babel+core@7.29.7_@playwright+test@1.60.0_react-dom@19.2.7_react@19.2.7/node_modules/next/dist/compiled/react-dom/cjs/react-dom-client.development.js:12137:18)
    at runWithFiberInDEV (webpack-internal:///(app-pages-browser)/../../node_modules/.pnpm/next@16.1.7_@babel+core@7.29.7_@playwright+test@1.60.0_react-dom@19.2.7_react@19.2.7/node_modules/next/dist/compiled/react-dom/cjs/react-dom-client.development.js:987:30)
    at performUnitOfWork (webpack-internal:///(app-pages-browser)/../../node_modules/.pnpm/next@16.1.7_@babel+core@7.29.7_@playwright+test@1.60.0_react-dom@19.2.7_react@19.2.7/node_modules/next/dist/compiled/react-dom/cjs/react-dom-client.development.js:18998:22)
    at workLoopConcurrentByScheduler (webpack-internal:///(app-pages-browser)/../../node_modules/.pnpm/next@16.1.7_@babel+core@7.29.7_@playwright+test@1.60.0_react-dom@19.2.7_react@19.2.7/node_modules/next/dist/compiled/react-dom/cjs/react-dom-client.development.js:18992:9)
    at renderRootConcurrent (webpack-internal:///(app-pages-browser)/../../node_modules/.pnpm/next@16.1.7_@babel+core@7.29.7_@playwright+test@1.60.0_react-dom@19.2.7_react@19.2.7/node_modules/next/dist/compiled/react-dom/cjs/react-dom-client.development.js:18974:15)
    at performWorkOnRoot (webpack-internal:///(app-pages-browser)/../../node_modules/.pnpm/next@16.1.7_@babel+core@7.29.7_@playwright+test@1.60.0_react-dom@19.2.7_react@19.2.7/node_modules/next/dist/compiled/react-dom/cjs/react-dom-client.development.js:17835:11)
    at performWorkOnRootViaSchedulerTask (webpack-internal:///(app-pages-browser)/../../node_modules/.pnpm/next@16.1.7_@babel+core@7.29.7_@playwright+test@1.60.0_react-dom@19.2.7_react@19.2.7/node_modules/next/dist/compiled/react-dom/cjs/react-dom-client.development.js:20385:7)
    at MessagePort.performWorkUntilDeadline (webpack-internal:///(app-pages-browser)/../../node_modules/.pnpm/next@16.1.7_@babel+core@7.29.7_@playwright+test@1.60.0_react-dom@19.2.7_react@19.2.7/node_modules/next/dist/compiled/scheduler/cjs/scheduler.development.js:45:48) @ webpack-internal:///(app-pages-browser)/../../node_modules/.pnpm/next@16.1.7_@babel+core@7.29.7_@playwright+test@1.60.0_react-dom@19.2.7_react@19.2.7/node_modules/next/dist/next-devtools/userspace/app/errors/intercept-console-error.js:51
[    2073ms] [ERROR] IntlError: MISSING_MESSAGE: Could not resolve `modules.tokenized-deposit.tokenized_deposit_0112` in messages for locale `en-US`.
    at getFallbackFromErrorAndNotify (webpack-internal:///(app-pages-browser)/../../node_modules/.pnpm/use-intl@4.13.0_react@19.2.7/node_modules/use-intl/dist/esm/development/initializeConfig-CUsOI8u2.js:108:19)
    at translateBaseFn (webpack-internal:///(app-pages-browser)/../../node_modules/.pnpm/use-intl@4.13.0_react@19.2.7/node_modules/use-intl/dist/esm/development/initializeConfig-CUsOI8u2.js:141:18)
    at translateFn (webpack-internal:///(app-pages-browser)/../../node_modules/.pnpm/use-intl@4.13.0_react@19.2.7/node_modules/use-intl/dist/esm/development/initializeConfig-CUsOI8u2.js:173:20)
    at RigsecWalletModal (webpack-internal:///(app-pages-browser)/../../libs/modules/tokenized-deposit/feature/src/lib/tokenized-deposit-edit/rigsec-wallet-modal.tsx:23:23)
    at Object.react_stack_bottom_frame (webpack-internal:///(app-pages-browser)/../../node_modules/.pnpm/next@16.1.7_@babel+core@7.29.7_@playwright+test@1.60.0_react-dom@19.2.7_react@19.2.7/node_modules/next/dist/compiled/react-dom/cjs/react-dom-client.development.js:28039:20)
    at renderWithHooksAgain (webpack-internal:///(app-pages-browser)/../../node_modules/.pnpm/next@16.1.7_@babel+core@7.29.7_@playwright+test@1.60.0_react-dom@19.2.7_react@19.2.7/node_modules/next/dist/compiled/react-dom/cjs/react-dom-client.development.js:8085:20)
    at renderWithHooks (webpack-internal:///(app-pages-browser)/../../node_modules/.pnpm/next@16.1.7_@babel+core@7.29.7_@playwright+test@1.60.0_react-dom@19.2.7_react@19.2.7/node_modules/next/dist/compiled/react-dom/cjs/react-dom-client.development.js:7997:22)
    at updateFunctionComponent (webpack-internal:///(app-pages-browser)/../../node_modules/.pnpm/next@16.1.7_@babel+core@7.29.7_@playwright+test@1.60.0_react-dom@19.2.7_react@19.2.7/node_modules/next/dist/compiled/react-dom/cjs/react-dom-client.development.js:10502:19)
    at beginWork (webpack-internal:///(app-pages-browser)/../../node_modules/.pnpm/next@16.1.7_@babel+core@7.29.7_@playwright+test@1.60.0_react-dom@19.2.7_react@19.2.7/node_modules/next/dist/compiled/react-dom/cjs/react-dom-client.development.js:12137:18)
    at runWithFiberInDEV (webpack-internal:///(app-pages-browser)/../../node_modules/.pnpm/next@16.1.7_@babel+core@7.29.7_@playwright+test@1.60.0_react-dom@19.2.7_react@19.2.7/node_modules/next/dist/compiled/react-dom/cjs/react-dom-client.development.js:987:30)
    at performUnitOfWork (webpack-internal:///(app-pages-browser)/../../node_modules/.pnpm/next@16.1.7_@babel+core@7.29.7_@playwright+test@1.60.0_react-dom@19.2.7_react@19.2.7/node_modules/next/dist/compiled/react-dom/cjs/react-dom-client.development.js:18998:22)
    at workLoopConcurrentByScheduler (webpack-internal:///(app-pages-browser)/../../node_modules/.pnpm/next@16.1.7_@babel+core@7.29.7_@playwright+test@1.60.0_react-dom@19.2.7_react@19.2.7/node_modules/next/dist/compiled/react-dom/cjs/react-dom-client.development.js:18992:9)
    at renderRootConcurrent (webpack-internal:///(app-pages-browser)/../../node_modules/.pnpm/next@16.1.7_@babel+core@7.29.7_@playwright+test@1.60.0_react-dom@19.2.7_react@19.2.7/node_modules/next/dist/compiled/react-dom/cjs/react-dom-client.development.js:18974:15)
    at performWorkOnRoot (webpack-internal:///(app-pages-browser)/../../node_modules/.pnpm/next@16.1.7_@babel+core@7.29.7_@playwright+test@1.60.0_react-dom@19.2.7_react@19.2.7/node_modules/next/dist/compiled/react-dom/cjs/react-dom-client.development.js:17835:11)
    at performWorkOnRootViaSchedulerTask (webpack-internal:///(app-pages-browser)/../../node_modules/.pnpm/next@16.1.7_@babel+core@7.29.7_@playwright+test@1.60.0_react-dom@19.2.7_react@19.2.7/node_modules/next/dist/compiled/react-dom/cjs/react-dom-client.development.js:20385:7)
    at MessagePort.performWorkUntilDeadline (webpack-internal:///(app-pages-browser)/../../node_modules/.pnpm/next@16.1.7_@babel+core@7.29.7_@playwright+test@1.60.0_react-dom@19.2.7_react@19.2.7/node_modules/next/dist/compiled/scheduler/cjs/scheduler.development.js:45:48) @ webpack-internal:///(app-pages-browser)/../../node_modules/.pnpm/next@16.1.7_@babel+core@7.29.7_@playwright+test@1.60.0_react-dom@19.2.7_react@19.2.7/node_modules/next/dist/next-devtools/userspace/app/errors/intercept-console-error.js:51
[    2154ms] [ERROR] IntlError: MISSING_MESSAGE: Could not resolve `modules.tokenized-deposit.tokenized_deposit_0112` in messages for locale `en-US`.
    at getFallbackFromErrorAndNotify (webpack-internal:///(app-pages-browser)/../../node_modules/.pnpm/use-intl@4.13.0_react@19.2.7/node_modules/use-intl/dist/esm/development/initializeConfig-CUsOI8u2.js:108:19)
    at translateBaseFn (webpack-internal:///(app-pages-browser)/../../node_modules/.pnpm/use-intl@4.13.0_react@19.2.7/node_modules/use-intl/dist/esm/development/initializeConfig-CUsOI8u2.js:141:18)
    at translateFn (webpack-internal:///(app-pages-browser)/../../node_modules/.pnpm/use-intl@4.13.0_react@19.2.7/node_modules/use-intl/dist/esm/development/initializeConfig-CUsOI8u2.js:173:20)
    at WalletFieldGroup (webpack-internal:///(app-pages-browser)/../../libs/modules/tokenized-deposit/feature/src/lib/tokenized-deposit-edit/wallet-field-group.tsx:20:32)
    at Object.react_stack_bottom_frame (webpack-internal:///(app-pages-browser)/../../node_modules/.pnpm/next@16.1.7_@babel+core@7.29.7_@playwright+test@1.60.0_react-dom@19.2.7_react@19.2.7/node_modules/next/dist/compiled/react-dom/cjs/react-dom-client.development.js:28039:20)
    at renderWithHooks (webpack-internal:///(app-pages-browser)/../../node_modules/.pnpm/next@16.1.7_@babel+core@7.29.7_@playwright+test@1.60.0_react-dom@19.2.7_react@19.2.7/node_modules/next/dist/compiled/react-dom/cjs/react-dom-client.development.js:7985:22)
    at updateFunctionComponent (webpack-internal:///(app-pages-browser)/../../node_modules/.pnpm/next@16.1.7_@babel+core@7.29.7_@playwright+test@1.60.0_react-dom@19.2.7_react@19.2.7/node_modules/next/dist/compiled/react-dom/cjs/react-dom-client.development.js:10502:19)
    at beginWork (webpack-internal:///(app-pages-browser)/../../node_modules/.pnpm/next@16.1.7_@babel+core@7.29.7_@playwright+test@1.60.0_react-dom@19.2.7_react@19.2.7/node_modules/next/dist/compiled/react-dom/cjs/react-dom-client.development.js:12137:18)
    at runWithFiberInDEV (webpack-internal:///(app-pages-browser)/../../node_modules/.pnpm/next@16.1.7_@babel+core@7.29.7_@playwright+test@1.60.0_react-dom@19.2.7_react@19.2.7/node_modules/next/dist/compiled/react-dom/cjs/react-dom-client.development.js:987:30)
    at performUnitOfWork (webpack-internal:///(app-pages-browser)/../../node_modules/.pnpm/next@16.1.7_@babel+core@7.29.7_@playwright+test@1.60.0_react-dom@19.2.7_react@19.2.7/node_modules/next/dist/compiled/react-dom/cjs/react-dom-client.development.js:18998:22)
    at workLoopSync (webpack-internal:///(app-pages-browser)/../../node_modules/.pnpm/next@16.1.7_@babel+core@7.29.7_@playwright+test@1.60.0_react-dom@19.2.7_react@19.2.7/node_modules/next/dist/compiled/react-dom/cjs/react-dom-client.development.js:18826:41)
    at renderRootSync (webpack-internal:///(app-pages-browser)/../../node_modules/.pnpm/next@16.1.7_@babel+core@7.29.7_@playwright+test@1.60.0_react-dom@19.2.7_react@19.2.7/node_modules/next/dist/compiled/react-dom/cjs/react-dom-client.development.js:18807:11)
    at performWorkOnRoot (webpack-internal:///(app-pages-browser)/../../node_modules/.pnpm/next@16.1.7_@babel+core@7.29.7_@playwright+test@1.60.0_react-dom@19.2.7_react@19.2.7/node_modules/next/dist/compiled/react-dom/cjs/react-dom-client.development.js:17836:11)
    at performSyncWorkOnRoot (webpack-internal:///(app-pages-browser)/../../node_modules/.pnpm/next@16.1.7_@babel+core@7.29.7_@playwright+test@1.60.0_react-dom@19.2.7_react@19.2.7/node_modules/next/dist/compiled/react-dom/cjs/react-dom-client.development.js:20400:7)
    at flushSyncWorkAcrossRoots_impl (webpack-internal:///(app-pages-browser)/../../node_modules/.pnpm/next@16.1.7_@babel+core@7.29.7_@playwright+test@1.60.0_react-dom@19.2.7_react@19.2.7/node_modules/next/dist/compiled/react-dom/cjs/react-dom-client.development.js:20242:21)
    at flushSpawnedWork (webpack-internal:///(app-pages-browser)/../../node_modules/.pnpm/next@16.1.7_@babel+core@7.29.7_@playwright+test@1.60.0_react-dom@19.2.7_react@19.2.7/node_modules/next/dist/compiled/react-dom/cjs/react-dom-client.development.js:19753:9)
    at commitRoot (webpack-internal:///(app-pages-browser)/../../node_modules/.pnpm/next@16.1.7_@babel+core@7.29.7_@playwright+test@1.60.0_react-dom@19.2.7_react@19.2.7/node_modules/next/dist/compiled/react-dom/cjs/react-dom-client.development.js:19336:60)
    at commitRootWhenReady (webpack-internal:///(app-pages-browser)/../../node_modules/.pnpm/next@16.1.7_@babel+core@7.29.7_@playwright+test@1.60.0_react-dom@19.2.7_react@19.2.7/node_modules/next/dist/compiled/react-dom/cjs/react-dom-client.development.js:18179:7)
    at performWorkOnRoot (webpack-internal:///(app-pages-browser)/../../node_modules/.pnpm/next@16.1.7_@babel+core@7.29.7_@playwright+test@1.60.0_react-dom@19.2.7_react@19.2.7/node_modules/next/dist/compiled/react-dom/cjs/react-dom-client.development.js:18055:15)
    at performWorkOnRootViaSchedulerTask (webpack-internal:///(app-pages-browser)/../../node_modules/.pnpm/next@16.1.7_@babel+core@7.29.7_@playwright+test@1.60.0_react-dom@19.2.7_react@19.2.7/node_modules/next/dist/compiled/react-dom/cjs/react-dom-client.development.js:20385:7)
    at MessagePort.performWorkUntilDeadline (webpack-internal:///(app-pages-browser)/../../node_modules/.pnpm/next@16.1.7_@babel+core@7.29.7_@playwright+test@1.60.0_react-dom@19.2.7_react@19.2.7/node_modules/next/dist/compiled/scheduler/cjs/scheduler.development.js:45:48) @ webpack-internal:///(app-pages-browser)/../../node_modules/.pnpm/next@16.1.7_@babel+core@7.29.7_@playwright+test@1.60.0_react-dom@19.2.7_react@19.2.7/node_modules/next/dist/next-devtools/userspace/app/errors/intercept-console-error.js:51
[    2155ms] [ERROR] IntlError: MISSING_MESSAGE: Could not resolve `modules.tokenized-deposit.tokenized_deposit_0112` in messages for locale `en-US`.
    at getFallbackFromErrorAndNotify (webpack-internal:///(app-pages-browser)/../../node_modules/.pnpm/use-intl@4.13.0_react@19.2.7/node_modules/use-intl/dist/esm/development/initializeConfig-CUsOI8u2.js:108:19)
    at translateBaseFn (webpack-internal:///(app-pages-browser)/../../node_modules/.pnpm/use-intl@4.13.0_react@19.2.7/node_modules/use-intl/dist/esm/development/initializeConfig-CUsOI8u2.js:141:18)
    at translateFn (webpack-internal:///(app-pages-browser)/../../node_modules/.pnpm/use-intl@4.13.0_react@19.2.7/node_modules/use-intl/dist/esm/development/initializeConfig-CUsOI8u2.js:173:20)
    at WalletFieldGroup (webpack-internal:///(app-pages-browser)/../../libs/modules/tokenized-deposit/feature/src/lib/tokenized-deposit-edit/wallet-field-group.tsx:20:32)
    at Object.react_stack_bottom_frame (webpack-internal:///(app-pages-browser)/../../node_modules/.pnpm/next@16.1.7_@babel+core@7.29.7_@playwright+test@1.60.0_react-dom@19.2.7_react@19.2.7/node_modules/next/dist/compiled/react-dom/cjs/react-dom-client.development.js:28039:20)
    at renderWithHooksAgain (webpack-internal:///(app-pages-browser)/../../node_modules/.pnpm/next@16.1.7_@babel+core@7.29.7_@playwright+test@1.60.0_react-dom@19.2.7_react@19.2.7/node_modules/next/dist/compiled/react-dom/cjs/react-dom-client.development.js:8085:20)
    at renderWithHooks (webpack-internal:///(app-pages-browser)/../../node_modules/.pnpm/next@16.1.7_@babel+core@7.29.7_@playwright+test@1.60.0_react-dom@19.2.7_react@19.2.7/node_modules/next/dist/compiled/react-dom/cjs/react-dom-client.development.js:7997:22)
    at updateFunctionComponent (webpack-internal:///(app-pages-browser)/../../node_modules/.pnpm/next@16.1.7_@babel+core@7.29.7_@playwright+test@1.60.0_react-dom@19.2.7_react@19.2.7/node_modules/next/dist/compiled/react-dom/cjs/react-dom-client.development.js:10502:19)
    at beginWork (webpack-internal:///(app-pages-browser)/../../node_modules/.pnpm/next@16.1.7_@babel+core@7.29.7_@playwright+test@1.60.0_react-dom@19.2.7_react@19.2.7/node_modules/next/dist/compiled/react-dom/cjs/react-dom-client.development.js:12137:18)
    at runWithFiberInDEV (webpack-internal:///(app-pages-browser)/../../node_modules/.pnpm/next@16.1.7_@babel+core@7.29.7_@playwright+test@1.60.0_react-dom@19.2.7_react@19.2.7/node_modules/next/dist/compiled/react-dom/cjs/react-dom-client.development.js:987:30)
    at performUnitOfWork (webpack-internal:///(app-pages-browser)/../../node_modules/.pnpm/next@16.1.7_@babel+core@7.29.7_@playwright+test@1.60.0_react-dom@19.2.7_react@19.2.7/node_modules/next/dist/compiled/react-dom/cjs/react-dom-client.development.js:18998:22)
    at workLoopSync (webpack-internal:///(app-pages-browser)/../../node_modules/.pnpm/next@16.1.7_@babel+core@7.29.7_@playwright+test@1.60.0_react-dom@19.2.7_react@19.2.7/node_modules/next/dist/compiled/react-dom/cjs/react-dom-client.development.js:18826:41)
    at renderRootSync (webpack-internal:///(app-pages-browser)/../../node_modules/.pnpm/next@16.1.7_@babel+core@7.29.7_@playwright+test@1.60.0_react-dom@19.2.7_react@19.2.7/node_modules/next/dist/compiled/react-dom/cjs/react-dom-client.development.js:18807:11)
    at performWorkOnRoot (webpack-internal:///(app-pages-browser)/../../node_modules/.pnpm/next@16.1.7_@babel+core@7.29.7_@playwright+test@1.60.0_react-dom@19.2.7_react@19.2.7/node_modules/next/dist/compiled/react-dom/cjs/react-dom-client.development.js:17836:11)
    at performSyncWorkOnRoot (webpack-internal:///(app-pages-browser)/../../node_modules/.pnpm/next@16.1.7_@babel+core@7.29.7_@playwright+test@1.60.0_react-dom@19.2.7_react@19.2.7/node_modules/next/dist/compiled/react-dom/cjs/react-dom-client.development.js:20400:7)
    at flushSyncWorkAcrossRoots_impl (webpack-internal:///(app-pages-browser)/../../node_modules/.pnpm/next@16.1.7_@babel+core@7.29.7_@playwright+test@1.60.0_react-dom@19.2.7_react@19.2.7/node_modules/next/dist/compiled/react-dom/cjs/react-dom-client.development.js:20242:21)
    at flushSpawnedWork (webpack-internal:///(app-pages-browser)/../../node_modules/.pnpm/next@16.1.7_@babel+core@7.29.7_@playwright+test@1.60.0_react-dom@19.2.7_react@19.2.7/node_modules/next/dist/compiled/react-dom/cjs/react-dom-client.development.js:19753:9)
    at commitRoot (webpack-internal:///(app-pages-browser)/../../node_modules/.pnpm/next@16.1.7_@babel+core@7.29.7_@playwright+test@1.60.0_react-dom@19.2.7_react@19.2.7/node_modules/next/dist/compiled/react-dom/cjs/react-dom-client.development.js:19336:60)
    at commitRootWhenReady (webpack-internal:///(app-pages-browser)/../../node_modules/.pnpm/next@16.1.7_@babel+core@7.29.7_@playwright+test@1.60.0_react-dom@19.2.7_react@19.2.7/node_modules/next/dist/compiled/react-dom/cjs/react-dom-client.development.js:18179:7)
    at performWorkOnRoot (webpack-internal:///(app-pages-browser)/../../node_modules/.pnpm/next@16.1.7_@babel+core@7.29.7_@playwright+test@1.60.0_react-dom@19.2.7_react@19.2.7/node_modules/next/dist/compiled/react-dom/cjs/react-dom-client.development.js:18055:15)
    at performWorkOnRootViaSchedulerTask (webpack-internal:///(app-pages-browser)/../../node_modules/.pnpm/next@16.1.7_@babel+core@7.29.7_@playwright+test@1.60.0_react-dom@19.2.7_react@19.2.7/node_modules/next/dist/compiled/react-dom/cjs/react-dom-client.development.js:20385:7)
    at MessagePort.performWorkUntilDeadline (webpack-internal:///(app-pages-browser)/../../node_modules/.pnpm/next@16.1.7_@babel+core@7.29.7_@playwright+test@1.60.0_react-dom@19.2.7_react@19.2.7/node_modules/next/dist/compiled/scheduler/cjs/scheduler.development.js:45:48) @ webpack-internal:///(app-pages-browser)/../../node_modules/.pnpm/next@16.1.7_@babel+core@7.29.7_@playwright+test@1.60.0_react-dom@19.2.7_react@19.2.7/node_modules/next/dist/next-devtools/userspace/app/errors/intercept-console-error.js:51
[    2157ms] [ERROR] IntlError: MISSING_MESSAGE: Could not resolve `modules.tokenized-deposit.tokenized_deposit_0113` in messages for locale `en-US`.
    at getFallbackFromErrorAndNotify (webpack-internal:///(app-pages-browser)/../../node_modules/.pnpm/use-intl@4.13.0_react@19.2.7/node_modules/use-intl/dist/esm/development/initializeConfig-CUsOI8u2.js:108:19)
    at translateBaseFn (webpack-internal:///(app-pages-browser)/../../node_modules/.pnpm/use-intl@4.13.0_react@19.2.7/node_modules/use-intl/dist/esm/development/initializeConfig-CUsOI8u2.js:141:18)
    at translateFn (webpack-internal:///(app-pages-browser)/../../node_modules/.pnpm/use-intl@4.13.0_react@19.2.7/node_modules/use-intl/dist/esm/development/initializeConfig-CUsOI8u2.js:173:20)
    at WalletFieldGroup (webpack-internal:///(app-pages-browser)/../../libs/modules/tokenized-deposit/feature/src/lib/tokenized-deposit-edit/wallet-field-group.tsx:20:32)
    at Object.react_stack_bottom_frame (webpack-internal:///(app-pages-browser)/../../node_modules/.pnpm/next@16.1.7_@babel+core@7.29.7_@playwright+test@1.60.0_react-dom@19.2.7_react@19.2.7/node_modules/next/dist/compiled/react-dom/cjs/react-dom-client.development.js:28039:20)
    at renderWithHooks (webpack-internal:///(app-pages-browser)/../../node_modules/.pnpm/next@16.1.7_@babel+core@7.29.7_@playwright+test@1.60.0_react-dom@19.2.7_react@19.2.7/node_modules/next/dist/compiled/react-dom/cjs/react-dom-client.development.js:7985:22)
    at updateFunctionComponent (webpack-internal:///(app-pages-browser)/../../node_modules/.pnpm/next@16.1.7_@babel+core@7.29.7_@playwright+test@1.60.0_react-dom@19.2.7_react@19.2.7/node_modules/next/dist/compiled/react-dom/cjs/react-dom-client.development.js:10502:19)
    at beginWork (webpack-internal:///(app-pages-browser)/../../node_modules/.pnpm/next@16.1.7_@babel+core@7.29.7_@playwright+test@1.60.0_react-dom@19.2.7_react@19.2.7/node_modules/next/dist/compiled/react-dom/cjs/react-dom-client.development.js:12137:18)
    at runWithFiberInDEV (webpack-internal:///(app-pages-browser)/../../node_modules/.pnpm/next@16.1.7_@babel+core@7.29.7_@playwright+test@1.60.0_react-dom@19.2.7_react@19.2.7/node_modules/next/dist/compiled/react-dom/cjs/react-dom-client.development.js:987:30)
    at performUnitOfWork (webpack-internal:///(app-pages-browser)/../../node_modules/.pnpm/next@16.1.7_@babel+core@7.29.7_@playwright+test@1.60.0_react-dom@19.2.7_react@19.2.7/node_modules/next/dist/compiled/react-dom/cjs/react-dom-client.development.js:18998:22)
    at workLoopSync (webpack-internal:///(app-pages-browser)/../../node_modules/.pnpm/next@16.1.7_@babel+core@7.29.7_@playwright+test@1.60.0_react-dom@19.2.7_react@19.2.7/node_modules/next/dist/compiled/react-dom/cjs/react-dom-client.development.js:18826:41)
    at renderRootSync (webpack-internal:///(app-pages-browser)/../../node_modules/.pnpm/next@16.1.7_@babel+core@7.29.7_@playwright+test@1.60.0_react-dom@19.2.7_react@19.2.7/node_modules/next/dist/compiled/react-dom/cjs/react-dom-client.development.js:18807:11)
    at performWorkOnRoot (webpack-internal:///(app-pages-browser)/../../node_modules/.pnpm/next@16.1.7_@babel+core@7.29.7_@playwright+test@1.60.0_react-dom@19.2.7_react@19.2.7/node_modules/next/dist/compiled/react-dom/cjs/react-dom-client.development.js:17836:11)
    at performSyncWorkOnRoot (webpack-internal:///(app-pages-browser)/../../node_modules/.pnpm/next@16.1.7_@babel+core@7.29.7_@playwright+test@1.60.0_react-dom@19.2.7_react@19.2.7/node_modules/next/dist/compiled/react-dom/cjs/react-dom-client.development.js:20400:7)
    at flushSyncWorkAcrossRoots_impl (webpack-internal:///(app-pages-browser)/../../node_modules/.pnpm/next@16.1.7_@babel+core@7.29.7_@playwright+test@1.60.0_react-dom@19.2.7_react@19.2.7/node_modules/next/dist/compiled/react-dom/cjs/react-dom-client.development.js:20242:21)
    at flushSpawnedWork (webpack-internal:///(app-pages-browser)/../../node_modules/.pnpm/next@16.1.7_@babel+core@7.29.7_@playwright+test@1.60.0_react-dom@19.2.7_react@19.2.7/node_modules/next/dist/compiled/react-dom/cjs/react-dom-client.development.js:19753:9)
    at commitRoot (webpack-internal:///(app-pages-browser)/../../node_modules/.pnpm/next@16.1.7_@babel+core@7.29.7_@playwright+test@1.60.0_react-dom@19.2.7_react@19.2.7/node_modules/next/dist/compiled/react-dom/cjs/react-dom-client.development.js:19336:60)
    at commitRootWhenReady (webpack-internal:///(app-pages-browser)/../../node_modules/.pnpm/next@16.1.7_@babel+core@7.29.7_@playwright+test@1.60.0_react-dom@19.2.7_react@19.2.7/node_modules/next/dist/compiled/react-dom/cjs/react-dom-client.development.js:18179:7)
    at performWorkOnRoot (webpack-internal:///(app-pages-browser)/../../node_modules/.pnpm/next@16.1.7_@babel+core@7.29.7_@playwright+test@1.60.0_react-dom@19.2.7_react@19.2.7/node_modules/next/dist/compiled/react-dom/cjs/react-dom-client.development.js:18055:15)
    at performWorkOnRootViaSchedulerTask (webpack-internal:///(app-pages-browser)/../../node_modules/.pnpm/next@16.1.7_@babel+core@7.29.7_@playwright+test@1.60.0_react-dom@19.2.7_react@19.2.7/node_modules/next/dist/compiled/react-dom/cjs/react-dom-client.development.js:20385:7)
    at MessagePort.performWorkUntilDeadline (webpack-internal:///(app-pages-browser)/../../node_modules/.pnpm/next@16.1.7_@babel+core@7.29.7_@playwright+test@1.60.0_react-dom@19.2.7_react@19.2.7/node_modules/next/dist/compiled/scheduler/cjs/scheduler.development.js:45:48) @ webpack-internal:///(app-pages-browser)/../../node_modules/.pnpm/next@16.1.7_@babel+core@7.29.7_@playwright+test@1.60.0_react-dom@19.2.7_react@19.2.7/node_modules/next/dist/next-devtools/userspace/app/errors/intercept-console-error.js:51
[    2157ms] [ERROR] IntlError: MISSING_MESSAGE: Could not resolve `modules.tokenized-deposit.tokenized_deposit_0113` in messages for locale `en-US`.
    at getFallbackFromErrorAndNotify (webpack-internal:///(app-pages-browser)/../../node_modules/.pnpm/use-intl@4.13.0_react@19.2.7/node_modules/use-intl/dist/esm/development/initializeConfig-CUsOI8u2.js:108:19)
    at translateBaseFn (webpack-internal:///(app-pages-browser)/../../node_modules/.pnpm/use-intl@4.13.0_react@19.2.7/node_modules/use-intl/dist/esm/development/initializeConfig-CUsOI8u2.js:141:18)
    at translateFn (webpack-internal:///(app-pages-browser)/../../node_modules/.pnpm/use-intl@4.13.0_react@19.2.7/node_modules/use-intl/dist/esm/development/initializeConfig-CUsOI8u2.js:173:20)
    at WalletFieldGroup (webpack-internal:///(app-pages-browser)/../../libs/modules/tokenized-deposit/feature/src/lib/tokenized-deposit-edit/wallet-field-group.tsx:20:32)
    at Object.react_stack_bottom_frame (webpack-internal:///(app-pages-browser)/../../node_modules/.pnpm/next@16.1.7_@babel+core@7.29.7_@playwright+test@1.60.0_react-dom@19.2.7_react@19.2.7/node_modules/next/dist/compiled/react-dom/cjs/react-dom-client.development.js:28039:20)
    at renderWithHooksAgain (webpack-internal:///(app-pages-browser)/../../node_modules/.pnpm/next@16.1.7_@babel+core@7.29.7_@playwright+test@1.60.0_react-dom@19.2.7_react@19.2.7/node_modules/next/dist/compiled/react-dom/cjs/react-dom-client.development.js:8085:20)
    at renderWithHooks (webpack-internal:///(app-pages-browser)/../../node_modules/.pnpm/next@16.1.7_@babel+core@7.29.7_@playwright+test@1.60.0_react-dom@19.2.7_react@19.2.7/node_modules/next/dist/compiled/react-dom/cjs/react-dom-client.development.js:7997:22)
    at updateFunctionComponent (webpack-internal:///(app-pages-browser)/../../node_modules/.pnpm/next@16.1.7_@babel+core@7.29.7_@playwright+test@1.60.0_react-dom@19.2.7_react@19.2.7/node_modules/next/dist/compiled/react-dom/cjs/react-dom-client.development.js:10502:19)
    at beginWork (webpack-internal:///(app-pages-browser)/../../node_modules/.pnpm/next@16.1.7_@babel+core@7.29.7_@playwright+test@1.60.0_react-dom@19.2.7_react@19.2.7/node_modules/next/dist/compiled/react-dom/cjs/react-dom-client.development.js:12137:18)
    at runWithFiberInDEV (webpack-internal:///(app-pages-browser)/../../node_modules/.pnpm/next@16.1.7_@babel+core@7.29.7_@playwright+test@1.60.0_react-dom@19.2.7_react@19.2.7/node_modules/next/dist/compiled/react-dom/cjs/react-dom-client.development.js:987:30)
    at performUnitOfWork (webpack-internal:///(app-pages-browser)/../../node_modules/.pnpm/next@16.1.7_@babel+core@7.29.7_@playwright+test@1.60.0_react-dom@19.2.7_react@19.2.7/node_modules/next/dist/compiled/react-dom/cjs/react-dom-client.development.js:18998:22)
    at workLoopSync (webpack-internal:///(app-pages-browser)/../../node_modules/.pnpm/next@16.1.7_@babel+core@7.29.7_@playwright+test@1.60.0_react-dom@19.2.7_react@19.2.7/node_modules/next/dist/compiled/react-dom/cjs/react-dom-client.development.js:18826:41)
    at renderRootSync (webpack-internal:///(app-pages-browser)/../../node_modules/.pnpm/next@16.1.7_@babel+core@7.29.7_@playwright+test@1.60.0_react-dom@19.2.7_react@19.2.7/node_modules/next/dist/compiled/react-dom/cjs/react-dom-client.development.js:18807:11)
    at performWorkOnRoot (webpack-internal:///(app-pages-browser)/../../node_modules/.pnpm/next@16.1.7_@babel+core@7.29.7_@playwright+test@1.60.0_react-dom@19.2.7_react@19.2.7/node_modules/next/dist/compiled/react-dom/cjs/react-dom-client.development.js:17836:11)
    at performSyncWorkOnRoot (webpack-internal:///(app-pages-browser)/../../node_modules/.pnpm/next@16.1.7_@babel+core@7.29.7_@playwright+test@1.60.0_react-dom@19.2.7_react@19.2.7/node_modules/next/dist/compiled/react-dom/cjs/react-dom-client.development.js:20400:7)
    at flushSyncWorkAcrossRoots_impl (webpack-internal:///(app-pages-browser)/../../node_modules/.pnpm/next@16.1.7_@babel+core@7.29.7_@playwright+test@1.60.0_react-dom@19.2.7_react@19.2.7/node_modules/next/dist/compiled/react-dom/cjs/react-dom-client.development.js:20242:21)
    at flushSpawnedWork (webpack-internal:///(app-pages-browser)/../../node_modules/.pnpm/next@16.1.7_@babel+core@7.29.7_@playwright+test@1.60.0_react-dom@19.2.7_react@19.2.7/node_modules/next/dist/compiled/react-dom/cjs/react-dom-client.development.js:19753:9)
    at commitRoot (webpack-internal:///(app-pages-browser)/../../node_modules/.pnpm/next@16.1.7_@babel+core@7.29.7_@playwright+test@1.60.0_react-dom@19.2.7_react@19.2.7/node_modules/next/dist/compiled/react-dom/cjs/react-dom-client.development.js:19336:60)
    at commitRootWhenReady (webpack-internal:///(app-pages-browser)/../../node_modules/.pnpm/next@16.1.7_@babel+core@7.29.7_@playwright+test@1.60.0_react-dom@19.2.7_react@19.2.7/node_modules/next/dist/compiled/react-dom/cjs/react-dom-client.development.js:18179:7)
    at performWorkOnRoot (webpack-internal:///(app-pages-browser)/../../node_modules/.pnpm/next@16.1.7_@babel+core@7.29.7_@playwright+test@1.60.0_react-dom@19.2.7_react@19.2.7/node_modules/next/dist/compiled/react-dom/cjs/react-dom-client.development.js:18055:15)
    at performWorkOnRootViaSchedulerTask (webpack-internal:///(app-pages-browser)/../../node_modules/.pnpm/next@16.1.7_@babel+core@7.29.7_@playwright+test@1.60.0_react-dom@19.2.7_react@19.2.7/node_modules/next/dist/compiled/react-dom/cjs/react-dom-client.development.js:20385:7)
    at MessagePort.performWorkUntilDeadline (webpack-internal:///(app-pages-browser)/../../node_modules/.pnpm/next@16.1.7_@babel+core@7.29.7_@playwright+test@1.60.0_react-dom@19.2.7_react@19.2.7/node_modules/next/dist/compiled/scheduler/cjs/scheduler.development.js:45:48) @ webpack-internal:///(app-pages-browser)/../../node_modules/.pnpm/next@16.1.7_@babel+core@7.29.7_@playwright+test@1.60.0_react-dom@19.2.7_react@19.2.7/node_modules/next/dist/next-devtools/userspace/app/errors/intercept-console-error.js:51
[    2159ms] [ERROR] IntlError: MISSING_MESSAGE: Could not resolve `modules.tokenized-deposit.tokenized_deposit_0114` in messages for locale `en-US`.
    at getFallbackFromErrorAndNotify (webpack-internal:///(app-pages-browser)/../../node_modules/.pnpm/use-intl@4.13.0_react@19.2.7/node_modules/use-intl/dist/esm/development/initializeConfig-CUsOI8u2.js:108:19)
    at translateBaseFn (webpack-internal:///(app-pages-browser)/../../node_modules/.pnpm/use-intl@4.13.0_react@19.2.7/node_modules/use-intl/dist/esm/development/initializeConfig-CUsOI8u2.js:141:18)
    at translateFn (webpack-internal:///(app-pages-browser)/../../node_modules/.pnpm/use-intl@4.13.0_react@19.2.7/node_modules/use-intl/dist/esm/development/initializeConfig-CUsOI8u2.js:173:20)
    at WalletFieldGroup (webpack-internal:///(app-pages-browser)/../../libs/modules/tokenized-deposit/feature/src/lib/tokenized-deposit-edit/wallet-field-group.tsx:20:32)
    at Object.react_stack_bottom_frame (webpack-internal:///(app-pages-browser)/../../node_modules/.pnpm/next@16.1.7_@babel+core@7.29.7_@playwright+test@1.60.0_react-dom@19.2.7_react@19.2.7/node_modules/next/dist/compiled/react-dom/cjs/react-dom-client.development.js:28039:20)
    at renderWithHooks (webpack-internal:///(app-pages-browser)/../../node_modules/.pnpm/next@16.1.7_@babel+core@7.29.7_@playwright+test@1.60.0_react-dom@19.2.7_react@19.2.7/node_modules/next/dist/compiled/react-dom/cjs/react-dom-client.development.js:7985:22)
    at updateFunctionComponent (webpack-internal:///(app-pages-browser)/../../node_modules/.pnpm/next@16.1.7_@babel+core@7.29.7_@playwright+test@1.60.0_react-dom@19.2.7_react@19.2.7/node_modules/next/dist/compiled/react-dom/cjs/react-dom-client.development.js:10502:19)
    at beginWork (webpack-internal:///(app-pages-browser)/../../node_modules/.pnpm/next@16.1.7_@babel+core@7.29.7_@playwright+test@1.60.0_react-dom@19.2.7_react@19.2.7/node_modules/next/dist/compiled/react-dom/cjs/react-dom-client.development.js:12137:18)
    at runWithFiberInDEV (webpack-internal:///(app-pages-browser)/../../node_modules/.pnpm/next@16.1.7_@babel+core@7.29.7_@playwright+test@1.60.0_react-dom@19.2.7_react@19.2.7/node_modules/next/dist/compiled/react-dom/cjs/react-dom-client.development.js:987:30)
    at performUnitOfWork (webpack-internal:///(app-pages-browser)/../../node_modules/.pnpm/next@16.1.7_@babel+core@7.29.7_@playwright+test@1.60.0_react-dom@19.2.7_react@19.2.7/node_modules/next/dist/compiled/react-dom/cjs/react-dom-client.development.js:18998:22)
    at workLoopSync (webpack-internal:///(app-pages-browser)/../../node_modules/.pnpm/next@16.1.7_@babel+core@7.29.7_@playwright+test@1.60.0_react-dom@19.2.7_react@19.2.7/node_modules/next/dist/compiled/react-dom/cjs/react-dom-client.development.js:18826:41)
    at renderRootSync (webpack-internal:///(app-pages-browser)/../../node_modules/.pnpm/next@16.1.7_@babel+core@7.29.7_@playwright+test@1.60.0_react-dom@19.2.7_react@19.2.7/node_modules/next/dist/compiled/react-dom/cjs/react-dom-client.development.js:18807:11)
    at performWorkOnRoot (webpack-internal:///(app-pages-browser)/../../node_modules/.pnpm/next@16.1.7_@babel+core@7.29.7_@playwright+test@1.60.0_react-dom@19.2.7_react@19.2.7/node_modules/next/dist/compiled/react-dom/cjs/react-dom-client.development.js:17836:11)
    at performSyncWorkOnRoot (webpack-internal:///(app-pages-browser)/../../node_modules/.pnpm/next@16.1.7_@babel+core@7.29.7_@playwright+test@1.60.0_react-dom@19.2.7_react@19.2.7/node_modules/next/dist/compiled/react-dom/cjs/react-dom-client.development.js:20400:7)
    at flushSyncWorkAcrossRoots_impl (webpack-internal:///(app-pages-browser)/../../node_modules/.pnpm/next@16.1.7_@babel+core@7.29.7_@playwright+test@1.60.0_react-dom@19.2.7_react@19.2.7/node_modules/next/dist/compiled/react-dom/cjs/react-dom-client.development.js:20242:21)
    at flushSpawnedWork (webpack-internal:///(app-pages-browser)/../../node_modules/.pnpm/next@16.1.7_@babel+core@7.29.7_@playwright+test@1.60.0_react-dom@19.2.7_react@19.2.7/node_modules/next/dist/compiled/react-dom/cjs/react-dom-client.development.js:19753:9)
    at commitRoot (webpack-internal:///(app-pages-browser)/../../node_modules/.pnpm/next@16.1.7_@babel+core@7.29.7_@playwright+test@1.60.0_react-dom@19.2.7_react@19.2.7/node_modules/next/dist/compiled/react-dom/cjs/react-dom-client.development.js:19336:60)
    at commitRootWhenReady (webpack-internal:///(app-pages-browser)/../../node_modules/.pnpm/next@16.1.7_@babel+core@7.29.7_@playwright+test@1.60.0_react-dom@19.2.7_react@19.2.7/node_modules/next/dist/compiled/react-dom/cjs/react-dom-client.development.js:18179:7)
    at performWorkOnRoot (webpack-internal:///(app-pages-browser)/../../node_modules/.pnpm/next@16.1.7_@babel+core@7.29.7_@playwright+test@1.60.0_react-dom@19.2.7_react@19.2.7/node_modules/next/dist/compiled/react-dom/cjs/react-dom-client.development.js:18055:15)
    at performWorkOnRootViaSchedulerTask (webpack-internal:///(app-pages-browser)/../../node_modules/.pnpm/next@16.1.7_@babel+core@7.29.7_@playwright+test@1.60.0_react-dom@19.2.7_react@19.2.7/node_modules/next/dist/compiled/react-dom/cjs/react-dom-client.development.js:20385:7)
    at MessagePort.performWorkUntilDeadline (webpack-internal:///(app-pages-browser)/../../node_modules/.pnpm/next@16.1.7_@babel+core@7.29.7_@playwright+test@1.60.0_react-dom@19.2.7_react@19.2.7/node_modules/next/dist/compiled/scheduler/cjs/scheduler.development.js:45:48) @ webpack-internal:///(app-pages-browser)/../../node_modules/.pnpm/next@16.1.7_@babel+core@7.29.7_@playwright+test@1.60.0_react-dom@19.2.7_react@19.2.7/node_modules/next/dist/next-devtools/userspace/app/errors/intercept-console-error.js:51
[    2160ms] [ERROR] IntlError: MISSING_MESSAGE: Could not resolve `modules.tokenized-deposit.tokenized_deposit_0114` in messages for locale `en-US`.
    at getFallbackFromErrorAndNotify (webpack-internal:///(app-pages-browser)/../../node_modules/.pnpm/use-intl@4.13.0_react@19.2.7/node_modules/use-intl/dist/esm/development/initializeConfig-CUsOI8u2.js:108:19)
    at translateBaseFn (webpack-internal:///(app-pages-browser)/../../node_modules/.pnpm/use-intl@4.13.0_react@19.2.7/node_modules/use-intl/dist/esm/development/initializeConfig-CUsOI8u2.js:141:18)
    at translateFn (webpack-internal:///(app-pages-browser)/../../node_modules/.pnpm/use-intl@4.13.0_react@19.2.7/node_modules/use-intl/dist/esm/development/initializeConfig-CUsOI8u2.js:173:20)
    at WalletFieldGroup (webpack-internal:///(app-pages-browser)/../../libs/modules/tokenized-deposit/feature/src/lib/tokenized-deposit-edit/wallet-field-group.tsx:20:32)
    at Object.react_stack_bottom_frame (webpack-internal:///(app-pages-browser)/../../node_modules/.pnpm/next@16.1.7_@babel+core@7.29.7_@playwright+test@1.60.0_react-dom@19.2.7_react@19.2.7/node_modules/next/dist/compiled/react-dom/cjs/react-dom-client.development.js:28039:20)
    at renderWithHooksAgain (webpack-internal:///(app-pages-browser)/../../node_modules/.pnpm/next@16.1.7_@babel+core@7.29.7_@playwright+test@1.60.0_react-dom@19.2.7_react@19.2.7/node_modules/next/dist/compiled/react-dom/cjs/react-dom-client.development.js:8085:20)
    at renderWithHooks (webpack-internal:///(app-pages-browser)/../../node_modules/.pnpm/next@16.1.7_@babel+core@7.29.7_@playwright+test@1.60.0_react-dom@19.2.7_react@19.2.7/node_modules/next/dist/compiled/react-dom/cjs/react-dom-client.development.js:7997:22)
    at updateFunctionComponent (webpack-internal:///(app-pages-browser)/../../node_modules/.pnpm/next@16.1.7_@babel+core@7.29.7_@playwright+test@1.60.0_react-dom@19.2.7_react@19.2.7/node_modules/next/dist/compiled/react-dom/cjs/react-dom-client.development.js:10502:19)
    at beginWork (webpack-internal:///(app-pages-browser)/../../node_modules/.pnpm/next@16.1.7_@babel+core@7.29.7_@playwright+test@1.60.0_react-dom@19.2.7_react@19.2.7/node_modules/next/dist/compiled/react-dom/cjs/react-dom-client.development.js:12137:18)
    at runWithFiberInDEV (webpack-internal:///(app-pages-browser)/../../node_modules/.pnpm/next@16.1.7_@babel+core@7.29.7_@playwright+test@1.60.0_react-dom@19.2.7_react@19.2.7/node_modules/next/dist/compiled/react-dom/cjs/react-dom-client.development.js:987:30)
    at performUnitOfWork (webpack-internal:///(app-pages-browser)/../../node_modules/.pnpm/next@16.1.7_@babel+core@7.29.7_@playwright+test@1.60.0_react-dom@19.2.7_react@19.2.7/node_modules/next/dist/compiled/react-dom/cjs/react-dom-client.development.js:18998:22)
    at workLoopSync (webpack-internal:///(app-pages-browser)/../../node_modules/.pnpm/next@16.1.7_@babel+core@7.29.7_@playwright+test@1.60.0_react-dom@19.2.7_react@19.2.7/node_modules/next/dist/compiled/react-dom/cjs/react-dom-client.development.js:18826:41)
    at renderRootSync (webpack-internal:///(app-pages-browser)/../../node_modules/.pnpm/next@16.1.7_@babel+core@7.29.7_@playwright+test@1.60.0_react-dom@19.2.7_react@19.2.7/node_modules/next/dist/compiled/react-dom/cjs/react-dom-client.development.js:18807:11)
    at performWorkOnRoot (webpack-internal:///(app-pages-browser)/../../node_modules/.pnpm/next@16.1.7_@babel+core@7.29.7_@playwright+test@1.60.0_react-dom@19.2.7_react@19.2.7/node_modules/next/dist/compiled/react-dom/cjs/react-dom-client.development.js:17836:11)
    at performSyncWorkOnRoot (webpack-internal:///(app-pages-browser)/../../node_modules/.pnpm/next@16.1.7_@babel+core@7.29.7_@playwright+test@1.60.0_react-dom@19.2.7_react@19.2.7/node_modules/next/dist/compiled/react-dom/cjs/react-dom-client.development.js:20400:7)
    at flushSyncWorkAcrossRoots_impl (webpack-internal:///(app-pages-browser)/../../node_modules/.pnpm/next@16.1.7_@babel+core@7.29.7_@playwright+test@1.60.0_react-dom@19.2.7_react@19.2.7/node_modules/next/dist/compiled/react-dom/cjs/react-dom-client.development.js:20242:21)
    at flushSpawnedWork (webpack-internal:///(app-pages-browser)/../../node_modules/.pnpm/next@16.1.7_@babel+core@7.29.7_@playwright+test@1.60.0_react-dom@19.2.7_react@19.2.7/node_modules/next/dist/compiled/react-dom/cjs/react-dom-client.development.js:19753:9)
    at commitRoot (webpack-internal:///(app-pages-browser)/../../node_modules/.pnpm/next@16.1.7_@babel+core@7.29.7_@playwright+test@1.60.0_react-dom@19.2.7_react@19.2.7/node_modules/next/dist/compiled/react-dom/cjs/react-dom-client.development.js:19336:60)
    at commitRootWhenReady (webpack-internal:///(app-pages-browser)/../../node_modules/.pnpm/next@16.1.7_@babel+core@7.29.7_@playwright+test@1.60.0_react-dom@19.2.7_react@19.2.7/node_modules/next/dist/compiled/react-dom/cjs/react-dom-client.development.js:18179:7)
    at performWorkOnRoot (webpack-internal:///(app-pages-browser)/../../node_modules/.pnpm/next@16.1.7_@babel+core@7.29.7_@playwright+test@1.60.0_react-dom@19.2.7_react@19.2.7/node_modules/next/dist/compiled/react-dom/cjs/react-dom-client.development.js:18055:15)
    at performWorkOnRootViaSchedulerTask (webpack-internal:///(app-pages-browser)/../../node_modules/.pnpm/next@16.1.7_@babel+core@7.29.7_@playwright+test@1.60.0_react-dom@19.2.7_react@19.2.7/node_modules/next/dist/compiled/react-dom/cjs/react-dom-client.development.js:20385:7)
    at MessagePort.performWorkUntilDeadline (webpack-internal:///(app-pages-browser)/../../node_modules/.pnpm/next@16.1.7_@babel+core@7.29.7_@playwright+test@1.60.0_react-dom@19.2.7_react@19.2.7/node_modules/next/dist/compiled/scheduler/cjs/scheduler.development.js:45:48) @ webpack-internal:///(app-pages-browser)/../../node_modules/.pnpm/next@16.1.7_@babel+core@7.29.7_@playwright+test@1.60.0_react-dom@19.2.7_react@19.2.7/node_modules/next/dist/next-devtools/userspace/app/errors/intercept-console-error.js:51
[    2164ms] [ERROR] IntlError: MISSING_MESSAGE: Could not resolve `modules.tokenized-deposit.tokenized_deposit_0112` in messages for locale `en-US`.
    at getFallbackFromErrorAndNotify (webpack-internal:///(app-pages-browser)/../../node_modules/.pnpm/use-intl@4.13.0_react@19.2.7/node_modules/use-intl/dist/esm/development/initializeConfig-CUsOI8u2.js:108:19)
    at translateBaseFn (webpack-internal:///(app-pages-browser)/../../node_modules/.pnpm/use-intl@4.13.0_react@19.2.7/node_modules/use-intl/dist/esm/development/initializeConfig-CUsOI8u2.js:141:18)
    at translateFn (webpack-internal:///(app-pages-browser)/../../node_modules/.pnpm/use-intl@4.13.0_react@19.2.7/node_modules/use-intl/dist/esm/development/initializeConfig-CUsOI8u2.js:173:20)
    at RigsecWalletModal (webpack-internal:///(app-pages-browser)/../../libs/modules/tokenized-deposit/feature/src/lib/tokenized-deposit-edit/rigsec-wallet-modal.tsx:23:23)
    at Object.react_stack_bottom_frame (webpack-internal:///(app-pages-browser)/../../node_modules/.pnpm/next@16.1.7_@babel+core@7.29.7_@playwright+test@1.60.0_react-dom@19.2.7_react@19.2.7/node_modules/next/dist/compiled/react-dom/cjs/react-dom-client.development.js:28039:20)
    at renderWithHooks (webpack-internal:///(app-pages-browser)/../../node_modules/.pnpm/next@16.1.7_@babel+core@7.29.7_@playwright+test@1.60.0_react-dom@19.2.7_react@19.2.7/node_modules/next/dist/compiled/react-dom/cjs/react-dom-client.development.js:7985:22)
    at updateFunctionComponent (webpack-internal:///(app-pages-browser)/../../node_modules/.pnpm/next@16.1.7_@babel+core@7.29.7_@playwright+test@1.60.0_react-dom@19.2.7_react@19.2.7/node_modules/next/dist/compiled/react-dom/cjs/react-dom-client.development.js:10502:19)
    at beginWork (webpack-internal:///(app-pages-browser)/../../node_modules/.pnpm/next@16.1.7_@babel+core@7.29.7_@playwright+test@1.60.0_react-dom@19.2.7_react@19.2.7/node_modules/next/dist/compiled/react-dom/cjs/react-dom-client.development.js:12137:18)
    at runWithFiberInDEV (webpack-internal:///(app-pages-browser)/../../node_modules/.pnpm/next@16.1.7_@babel+core@7.29.7_@playwright+test@1.60.0_react-dom@19.2.7_react@19.2.7/node_modules/next/dist/compiled/react-dom/cjs/react-dom-client.development.js:987:30)
    at performUnitOfWork (webpack-internal:///(app-pages-browser)/../../node_modules/.pnpm/next@16.1.7_@babel+core@7.29.7_@playwright+test@1.60.0_react-dom@19.2.7_react@19.2.7/node_modules/next/dist/compiled/react-dom/cjs/react-dom-client.development.js:18998:22)
    at workLoopSync (webpack-internal:///(app-pages-browser)/../../node_modules/.pnpm/next@16.1.7_@babel+core@7.29.7_@playwright+test@1.60.0_react-dom@19.2.7_react@19.2.7/node_modules/next/dist/compiled/react-dom/cjs/react-dom-client.development.js:18826:41)
    at renderRootSync (webpack-internal:///(app-pages-browser)/../../node_modules/.pnpm/next@16.1.7_@babel+core@7.29.7_@playwright+test@1.60.0_react-dom@19.2.7_react@19.2.7/node_modules/next/dist/compiled/react-dom/cjs/react-dom-client.development.js:18807:11)
    at performWorkOnRoot (webpack-internal:///(app-pages-browser)/../../node_modules/.pnpm/next@16.1.7_@babel+core@7.29.7_@playwright+test@1.60.0_react-dom@19.2.7_react@19.2.7/node_modules/next/dist/compiled/react-dom/cjs/react-dom-client.development.js:17836:11)
    at performSyncWorkOnRoot (webpack-internal:///(app-pages-browser)/../../node_modules/.pnpm/next@16.1.7_@babel+core@7.29.7_@playwright+test@1.60.0_react-dom@19.2.7_react@19.2.7/node_modules/next/dist/compiled/react-dom/cjs/react-dom-client.development.js:20400:7)
    at flushSyncWorkAcrossRoots_impl (webpack-internal:///(app-pages-browser)/../../node_modules/.pnpm/next@16.1.7_@babel+core@7.29.7_@playwright+test@1.60.0_react-dom@19.2.7_react@19.2.7/node_modules/next/dist/compiled/react-dom/cjs/react-dom-client.development.js:20242:21)
    at flushSpawnedWork (webpack-internal:///(app-pages-browser)/../../node_modules/.pnpm/next@16.1.7_@babel+core@7.29.7_@playwright+test@1.60.0_react-dom@19.2.7_react@19.2.7/node_modules/next/dist/compiled/react-dom/cjs/react-dom-client.development.js:19753:9)
    at commitRoot (webpack-internal:///(app-pages-browser)/../../node_modules/.pnpm/next@16.1.7_@babel+core@7.29.7_@playwright+test@1.60.0_react-dom@19.2.7_react@19.2.7/node_modules/next/dist/compiled/react-dom/cjs/react-dom-client.development.js:19336:60)
    at commitRootWhenReady (webpack-internal:///(app-pages-browser)/../../node_modules/.pnpm/next@16.1.7_@babel+core@7.29.7_@playwright+test@1.60.0_react-dom@19.2.7_react@19.2.7/node_modules/next/dist/compiled/react-dom/cjs/react-dom-client.development.js:18179:7)
    at performWorkOnRoot (webpack-internal:///(app-pages-browser)/../../node_modules/.pnpm/next@16.1.7_@babel+core@7.29.7_@playwright+test@1.60.0_react-dom@19.2.7_react@19.2.7/node_modules/next/dist/compiled/react-dom/cjs/react-dom-client.development.js:18055:15)
    at performWorkOnRootViaSchedulerTask (webpack-internal:///(app-pages-browser)/../../node_modules/.pnpm/next@16.1.7_@babel+core@7.29.7_@playwright+test@1.60.0_react-dom@19.2.7_react@19.2.7/node_modules/next/dist/compiled/react-dom/cjs/react-dom-client.development.js:20385:7)
    at MessagePort.performWorkUntilDeadline (webpack-internal:///(app-pages-browser)/../../node_modules/.pnpm/next@16.1.7_@babel+core@7.29.7_@playwright+test@1.60.0_react-dom@19.2.7_react@19.2.7/node_modules/next/dist/compiled/scheduler/cjs/scheduler.development.js:45:48) @ webpack-internal:///(app-pages-browser)/../../node_modules/.pnpm/next@16.1.7_@babel+core@7.29.7_@playwright+test@1.60.0_react-dom@19.2.7_react@19.2.7/node_modules/next/dist/next-devtools/userspace/app/errors/intercept-console-error.js:51
[    2165ms] [ERROR] IntlError: MISSING_MESSAGE: Could not resolve `modules.tokenized-deposit.tokenized_deposit_0112` in messages for locale `en-US`.
    at getFallbackFromErrorAndNotify (webpack-internal:///(app-pages-browser)/../../node_modules/.pnpm/use-intl@4.13.0_react@19.2.7/node_modules/use-intl/dist/esm/development/initializeConfig-CUsOI8u2.js:108:19)
    at translateBaseFn (webpack-internal:///(app-pages-browser)/../../node_modules/.pnpm/use-intl@4.13.0_react@19.2.7/node_modules/use-intl/dist/esm/development/initializeConfig-CUsOI8u2.js:141:18)
    at translateFn (webpack-internal:///(app-pages-browser)/../../node_modules/.pnpm/use-intl@4.13.0_react@19.2.7/node_modules/use-intl/dist/esm/development/initializeConfig-CUsOI8u2.js:173:20)
    at RigsecWalletModal (webpack-internal:///(app-pages-browser)/../../libs/modules/tokenized-deposit/feature/src/lib/tokenized-deposit-edit/rigsec-wallet-modal.tsx:23:23)
    at Object.react_stack_bottom_frame (webpack-internal:///(app-pages-browser)/../../node_modules/.pnpm/next@16.1.7_@babel+core@7.29.7_@playwright+test@1.60.0_react-dom@19.2.7_react@19.2.7/node_modules/next/dist/compiled/react-dom/cjs/react-dom-client.development.js:28039:20)
    at renderWithHooksAgain (webpack-internal:///(app-pages-browser)/../../node_modules/.pnpm/next@16.1.7_@babel+core@7.29.7_@playwright+test@1.60.0_react-dom@19.2.7_react@19.2.7/node_modules/next/dist/compiled/react-dom/cjs/react-dom-client.development.js:8085:20)
    at renderWithHooks (webpack-internal:///(app-pages-browser)/../../node_modules/.pnpm/next@16.1.7_@babel+core@7.29.7_@playwright+test@1.60.0_react-dom@19.2.7_react@19.2.7/node_modules/next/dist/compiled/react-dom/cjs/react-dom-client.development.js:7997:22)
    at updateFunctionComponent (webpack-internal:///(app-pages-browser)/../../node_modules/.pnpm/next@16.1.7_@babel+core@7.29.7_@playwright+test@1.60.0_react-dom@19.2.7_react@19.2.7/node_modules/next/dist/compiled/react-dom/cjs/react-dom-client.development.js:10502:19)
    at beginWork (webpack-internal:///(app-pages-browser)/../../node_modules/.pnpm/next@16.1.7_@babel+core@7.29.7_@playwright+test@1.60.0_react-dom@19.2.7_react@19.2.7/node_modules/next/dist/compiled/react-dom/cjs/react-dom-client.development.js:12137:18)
    at runWithFiberInDEV (webpack-internal:///(app-pages-browser)/../../node_modules/.pnpm/next@16.1.7_@babel+core@7.29.7_@playwright+test@1.60.0_react-dom@19.2.7_react@19.2.7/node_modules/next/dist/compiled/react-dom/cjs/react-dom-client.development.js:987:30)
    at performUnitOfWork (webpack-internal:///(app-pages-browser)/../../node_modules/.pnpm/next@16.1.7_@babel+core@7.29.7_@playwright+test@1.60.0_react-dom@19.2.7_react@19.2.7/node_modules/next/dist/compiled/react-dom/cjs/react-dom-client.development.js:18998:22)
    at workLoopSync (webpack-internal:///(app-pages-browser)/../../node_modules/.pnpm/next@16.1.7_@babel+core@7.29.7_@playwright+test@1.60.0_react-dom@19.2.7_react@19.2.7/node_modules/next/dist/compiled/react-dom/cjs/react-dom-client.development.js:18826:41)
    at renderRootSync (webpack-internal:///(app-pages-browser)/../../node_modules/.pnpm/next@16.1.7_@babel+core@7.29.7_@playwright+test@1.60.0_react-dom@19.2.7_react@19.2.7/node_modules/next/dist/compiled/react-dom/cjs/react-dom-client.development.js:18807:11)
    at performWorkOnRoot (webpack-internal:///(app-pages-browser)/../../node_modules/.pnpm/next@16.1.7_@babel+core@7.29.7_@playwright+test@1.60.0_react-dom@19.2.7_react@19.2.7/node_modules/next/dist/compiled/react-dom/cjs/react-dom-client.development.js:17836:11)
    at performSyncWorkOnRoot (webpack-internal:///(app-pages-browser)/../../node_modules/.pnpm/next@16.1.7_@babel+core@7.29.7_@playwright+test@1.60.0_react-dom@19.2.7_react@19.2.7/node_modules/next/dist/compiled/react-dom/cjs/react-dom-client.development.js:20400:7)
    at flushSyncWorkAcrossRoots_impl (webpack-internal:///(app-pages-browser)/../../node_modules/.pnpm/next@16.1.7_@babel+core@7.29.7_@playwright+test@1.60.0_react-dom@19.2.7_react@19.2.7/node_modules/next/dist/compiled/react-dom/cjs/react-dom-client.development.js:20242:21)
    at flushSpawnedWork (webpack-internal:///(app-pages-browser)/../../node_modules/.pnpm/next@16.1.7_@babel+core@7.29.7_@playwright+test@1.60.0_react-dom@19.2.7_react@19.2.7/node_modules/next/dist/compiled/react-dom/cjs/react-dom-client.development.js:19753:9)
    at commitRoot (webpack-internal:///(app-pages-browser)/../../node_modules/.pnpm/next@16.1.7_@babel+core@7.29.7_@playwright+test@1.60.0_react-dom@19.2.7_react@19.2.7/node_modules/next/dist/compiled/react-dom/cjs/react-dom-client.development.js:19336:60)
    at commitRootWhenReady (webpack-internal:///(app-pages-browser)/../../node_modules/.pnpm/next@16.1.7_@babel+core@7.29.7_@playwright+test@1.60.0_react-dom@19.2.7_react@19.2.7/node_modules/next/dist/compiled/react-dom/cjs/react-dom-client.development.js:18179:7)
    at performWorkOnRoot (webpack-internal:///(app-pages-browser)/../../node_modules/.pnpm/next@16.1.7_@babel+core@7.29.7_@playwright+test@1.60.0_react-dom@19.2.7_react@19.2.7/node_modules/next/dist/compiled/react-dom/cjs/react-dom-client.development.js:18055:15)
    at performWorkOnRootViaSchedulerTask (webpack-internal:///(app-pages-browser)/../../node_modules/.pnpm/next@16.1.7_@babel+core@7.29.7_@playwright+test@1.60.0_react-dom@19.2.7_react@19.2.7/node_modules/next/dist/compiled/react-dom/cjs/react-dom-client.development.js:20385:7)
    at MessagePort.performWorkUntilDeadline (webpack-internal:///(app-pages-browser)/../../node_modules/.pnpm/next@16.1.7_@babel+core@7.29.7_@playwright+test@1.60.0_react-dom@19.2.7_react@19.2.7/node_modules/next/dist/compiled/scheduler/cjs/scheduler.development.js:45:48) @ webpack-internal:///(app-pages-browser)/../../node_modules/.pnpm/next@16.1.7_@babel+core@7.29.7_@playwright+test@1.60.0_react-dom@19.2.7_react@19.2.7/node_modules/next/dist/next-devtools/userspace/app/errors/intercept-console-error.js:51
[    2378ms] [ERROR] IntlError: MISSING_MESSAGE: Could not resolve `modules.tokenized-deposit.tokenized_deposit_0112` in messages for locale `en-US`.
    at getFallbackFromErrorAndNotify (webpack-internal:///(app-pages-browser)/../../node_modules/.pnpm/use-intl@4.13.0_react@19.2.7/node_modules/use-intl/dist/esm/development/initializeConfig-CUsOI8u2.js:108:19)
    at translateBaseFn (webpack-internal:///(app-pages-browser)/../../node_modules/.pnpm/use-intl@4.13.0_react@19.2.7/node_modules/use-intl/dist/esm/development/initializeConfig-CUsOI8u2.js:141:18)
    at translateFn (webpack-internal:///(app-pages-browser)/../../node_modules/.pnpm/use-intl@4.13.0_react@19.2.7/node_modules/use-intl/dist/esm/development/initializeConfig-CUsOI8u2.js:173:20)
    at WalletFieldGroup (webpack-internal:///(app-pages-browser)/../../libs/modules/tokenized-deposit/feature/src/lib/tokenized-deposit-edit/wallet-field-group.tsx:20:32)
    at Object.react_stack_bottom_frame (webpack-internal:///(app-pages-browser)/../../node_modules/.pnpm/next@16.1.7_@babel+core@7.29.7_@playwright+test@1.60.0_react-dom@19.2.7_react@19.2.7/node_modules/next/dist/compiled/react-dom/cjs/react-dom-client.development.js:28039:20)
    at renderWithHooks (webpack-internal:///(app-pages-browser)/../../node_modules/.pnpm/next@16.1.7_@babel+core@7.29.7_@playwright+test@1.60.0_react-dom@19.2.7_react@19.2.7/node_modules/next/dist/compiled/react-dom/cjs/react-dom-client.development.js:7985:22)
    at updateFunctionComponent (webpack-internal:///(app-pages-browser)/../../node_modules/.pnpm/next@16.1.7_@babel+core@7.29.7_@playwright+test@1.60.0_react-dom@19.2.7_react@19.2.7/node_modules/next/dist/compiled/react-dom/cjs/react-dom-client.development.js:10502:19)
    at beginWork (webpack-internal:///(app-pages-browser)/../../node_modules/.pnpm/next@16.1.7_@babel+core@7.29.7_@playwright+test@1.60.0_react-dom@19.2.7_react@19.2.7/node_modules/next/dist/compiled/react-dom/cjs/react-dom-client.development.js:12137:18)
    at runWithFiberInDEV (webpack-internal:///(app-pages-browser)/../../node_modules/.pnpm/next@16.1.7_@babel+core@7.29.7_@playwright+test@1.60.0_react-dom@19.2.7_react@19.2.7/node_modules/next/dist/compiled/react-dom/cjs/react-dom-client.development.js:987:30)
    at performUnitOfWork (webpack-internal:///(app-pages-browser)/../../node_modules/.pnpm/next@16.1.7_@babel+core@7.29.7_@playwright+test@1.60.0_react-dom@19.2.7_react@19.2.7/node_modules/next/dist/compiled/react-dom/cjs/react-dom-client.development.js:18998:22)
    at workLoopSync (webpack-internal:///(app-pages-browser)/../../node_modules/.pnpm/next@16.1.7_@babel+core@7.29.7_@playwright+test@1.60.0_react-dom@19.2.7_react@19.2.7/node_modules/next/dist/compiled/react-dom/cjs/react-dom-client.development.js:18826:41)
    at renderRootSync (webpack-internal:///(app-pages-browser)/../../node_modules/.pnpm/next@16.1.7_@babel+core@7.29.7_@playwright+test@1.60.0_react-dom@19.2.7_react@19.2.7/node_modules/next/dist/compiled/react-dom/cjs/react-dom-client.development.js:18807:11)
    at performWorkOnRoot (webpack-internal:///(app-pages-browser)/../../node_modules/.pnpm/next@16.1.7_@babel+core@7.29.7_@playwright+test@1.60.0_react-dom@19.2.7_react@19.2.7/node_modules/next/dist/compiled/react-dom/cjs/react-dom-client.development.js:17836:11)
    at performSyncWorkOnRoot (webpack-internal:///(app-pages-browser)/../../node_modules/.pnpm/next@16.1.7_@babel+core@7.29.7_@playwright+test@1.60.0_react-dom@19.2.7_react@19.2.7/node_modules/next/dist/compiled/react-dom/cjs/react-dom-client.development.js:20400:7)
    at flushSyncWorkAcrossRoots_impl (webpack-internal:///(app-pages-browser)/../../node_modules/.pnpm/next@16.1.7_@babel+core@7.29.7_@playwright+test@1.60.0_react-dom@19.2.7_react@19.2.7/node_modules/next/dist/compiled/react-dom/cjs/react-dom-client.development.js:20242:21)
    at processRootScheduleInMicrotask (webpack-internal:///(app-pages-browser)/../../node_modules/.pnpm/next@16.1.7_@babel+core@7.29.7_@playwright+test@1.60.0_react-dom@19.2.7_react@19.2.7/node_modules/next/dist/compiled/react-dom/cjs/react-dom-client.development.js:20281:9)
    at eval (webpack-internal:///(app-pages-browser)/../../node_modules/.pnpm/next@16.1.7_@babel+core@7.29.7_@playwright+test@1.60.0_react-dom@19.2.7_react@19.2.7/node_modules/next/dist/compiled/react-dom/cjs/react-dom-client.development.js:20419:13) @ webpack-internal:///(app-pages-browser)/../../node_modules/.pnpm/next@16.1.7_@babel+core@7.29.7_@playwright+test@1.60.0_react-dom@19.2.7_react@19.2.7/node_modules/next/dist/next-devtools/userspace/app/errors/intercept-console-error.js:51
[    2379ms] [ERROR] IntlError: MISSING_MESSAGE: Could not resolve `modules.tokenized-deposit.tokenized_deposit_0112` in messages for locale `en-US`.
    at getFallbackFromErrorAndNotify (webpack-internal:///(app-pages-browser)/../../node_modules/.pnpm/use-intl@4.13.0_react@19.2.7/node_modules/use-intl/dist/esm/development/initializeConfig-CUsOI8u2.js:108:19)
    at translateBaseFn (webpack-internal:///(app-pages-browser)/../../node_modules/.pnpm/use-intl@4.13.0_react@19.2.7/node_modules/use-intl/dist/esm/development/initializeConfig-CUsOI8u2.js:141:18)
    at translateFn (webpack-internal:///(app-pages-browser)/../../node_modules/.pnpm/use-intl@4.13.0_react@19.2.7/node_modules/use-intl/dist/esm/development/initializeConfig-CUsOI8u2.js:173:20)
    at WalletFieldGroup (webpack-internal:///(app-pages-browser)/../../libs/modules/tokenized-deposit/feature/src/lib/tokenized-deposit-edit/wallet-field-group.tsx:20:32)
    at Object.react_stack_bottom_frame (webpack-internal:///(app-pages-browser)/../../node_modules/.pnpm/next@16.1.7_@babel+core@7.29.7_@playwright+test@1.60.0_react-dom@19.2.7_react@19.2.7/node_modules/next/dist/compiled/react-dom/cjs/react-dom-client.development.js:28039:20)
    at renderWithHooksAgain (webpack-internal:///(app-pages-browser)/../../node_modules/.pnpm/next@16.1.7_@babel+core@7.29.7_@playwright+test@1.60.0_react-dom@19.2.7_react@19.2.7/node_modules/next/dist/compiled/react-dom/cjs/react-dom-client.development.js:8085:20)
    at renderWithHooks (webpack-internal:///(app-pages-browser)/../../node_modules/.pnpm/next@16.1.7_@babel+core@7.29.7_@playwright+test@1.60.0_react-dom@19.2.7_react@19.2.7/node_modules/next/dist/compiled/react-dom/cjs/react-dom-client.development.js:7997:22)
    at updateFunctionComponent (webpack-internal:///(app-pages-browser)/../../node_modules/.pnpm/next@16.1.7_@babel+core@7.29.7_@playwright+test@1.60.0_react-dom@19.2.7_react@19.2.7/node_modules/next/dist/compiled/react-dom/cjs/react-dom-client.development.js:10502:19)
    at beginWork (webpack-internal:///(app-pages-browser)/../../node_modules/.pnpm/next@16.1.7_@babel+core@7.29.7_@playwright+test@1.60.0_react-dom@19.2.7_react@19.2.7/node_modules/next/dist/compiled/react-dom/cjs/react-dom-client.development.js:12137:18)
    at runWithFiberInDEV (webpack-internal:///(app-pages-browser)/../../node_modules/.pnpm/next@16.1.7_@babel+core@7.29.7_@playwright+test@1.60.0_react-dom@19.2.7_react@19.2.7/node_modules/next/dist/compiled/react-dom/cjs/react-dom-client.development.js:987:30)
    at performUnitOfWork (webpack-internal:///(app-pages-browser)/../../node_modules/.pnpm/next@16.1.7_@babel+core@7.29.7_@playwright+test@1.60.0_react-dom@19.2.7_react@19.2.7/node_modules/next/dist/compiled/react-dom/cjs/react-dom-client.development.js:18998:22)
    at workLoopSync (webpack-internal:///(app-pages-browser)/../../node_modules/.pnpm/next@16.1.7_@babel+core@7.29.7_@playwright+test@1.60.0_react-dom@19.2.7_react@19.2.7/node_modules/next/dist/compiled/react-dom/cjs/react-dom-client.development.js:18826:41)
    at renderRootSync (webpack-internal:///(app-pages-browser)/../../node_modules/.pnpm/next@16.1.7_@babel+core@7.29.7_@playwright+test@1.60.0_react-dom@19.2.7_react@19.2.7/node_modules/next/dist/compiled/react-dom/cjs/react-dom-client.development.js:18807:11)
    at performWorkOnRoot (webpack-internal:///(app-pages-browser)/../../node_modules/.pnpm/next@16.1.7_@babel+core@7.29.7_@playwright+test@1.60.0_react-dom@19.2.7_react@19.2.7/node_modules/next/dist/compiled/react-dom/cjs/react-dom-client.development.js:17836:11)
    at performSyncWorkOnRoot (webpack-internal:///(app-pages-browser)/../../node_modules/.pnpm/next@16.1.7_@babel+core@7.29.7_@playwright+test@1.60.0_react-dom@19.2.7_react@19.2.7/node_modules/next/dist/compiled/react-dom/cjs/react-dom-client.development.js:20400:7)
    at flushSyncWorkAcrossRoots_impl (webpack-internal:///(app-pages-browser)/../../node_modules/.pnpm/next@16.1.7_@babel+core@7.29.7_@playwright+test@1.60.0_react-dom@19.2.7_react@19.2.7/node_modules/next/dist/compiled/react-dom/cjs/react-dom-client.development.js:20242:21)
    at processRootScheduleInMicrotask (webpack-internal:///(app-pages-browser)/../../node_modules/.pnpm/next@16.1.7_@babel+core@7.29.7_@playwright+test@1.60.0_react-dom@19.2.7_react@19.2.7/node_modules/next/dist/compiled/react-dom/cjs/react-dom-client.development.js:20281:9)
    at eval (webpack-internal:///(app-pages-browser)/../../node_modules/.pnpm/next@16.1.7_@babel+core@7.29.7_@playwright+test@1.60.0_react-dom@19.2.7_react@19.2.7/node_modules/next/dist/compiled/react-dom/cjs/react-dom-client.development.js:20419:13) @ webpack-internal:///(app-pages-browser)/../../node_modules/.pnpm/next@16.1.7_@babel+core@7.29.7_@playwright+test@1.60.0_react-dom@19.2.7_react@19.2.7/node_modules/next/dist/next-devtools/userspace/app/errors/intercept-console-error.js:51
[    2380ms] [ERROR] IntlError: MISSING_MESSAGE: Could not resolve `modules.tokenized-deposit.tokenized_deposit_0113` in messages for locale `en-US`.
    at getFallbackFromErrorAndNotify (webpack-internal:///(app-pages-browser)/../../node_modules/.pnpm/use-intl@4.13.0_react@19.2.7/node_modules/use-intl/dist/esm/development/initializeConfig-CUsOI8u2.js:108:19)
    at translateBaseFn (webpack-internal:///(app-pages-browser)/../../node_modules/.pnpm/use-intl@4.13.0_react@19.2.7/node_modules/use-intl/dist/esm/development/initializeConfig-CUsOI8u2.js:141:18)
    at translateFn (webpack-internal:///(app-pages-browser)/../../node_modules/.pnpm/use-intl@4.13.0_react@19.2.7/node_modules/use-intl/dist/esm/development/initializeConfig-CUsOI8u2.js:173:20)
    at WalletFieldGroup (webpack-internal:///(app-pages-browser)/../../libs/modules/tokenized-deposit/feature/src/lib/tokenized-deposit-edit/wallet-field-group.tsx:20:32)
    at Object.react_stack_bottom_frame (webpack-internal:///(app-pages-browser)/../../node_modules/.pnpm/next@16.1.7_@babel+core@7.29.7_@playwright+test@1.60.0_react-dom@19.2.7_react@19.2.7/node_modules/next/dist/compiled/react-dom/cjs/react-dom-client.development.js:28039:20)
    at renderWithHooks (webpack-internal:///(app-pages-browser)/../../node_modules/.pnpm/next@16.1.7_@babel+core@7.29.7_@playwright+test@1.60.0_react-dom@19.2.7_react@19.2.7/node_modules/next/dist/compiled/react-dom/cjs/react-dom-client.development.js:7985:22)
    at updateFunctionComponent (webpack-internal:///(app-pages-browser)/../../node_modules/.pnpm/next@16.1.7_@babel+core@7.29.7_@playwright+test@1.60.0_react-dom@19.2.7_react@19.2.7/node_modules/next/dist/compiled/react-dom/cjs/react-dom-client.development.js:10502:19)
    at beginWork (webpack-internal:///(app-pages-browser)/../../node_modules/.pnpm/next@16.1.7_@babel+core@7.29.7_@playwright+test@1.60.0_react-dom@19.2.7_react@19.2.7/node_modules/next/dist/compiled/react-dom/cjs/react-dom-client.development.js:12137:18)
    at runWithFiberInDEV (webpack-internal:///(app-pages-browser)/../../node_modules/.pnpm/next@16.1.7_@babel+core@7.29.7_@playwright+test@1.60.0_react-dom@19.2.7_react@19.2.7/node_modules/next/dist/compiled/react-dom/cjs/react-dom-client.development.js:987:30)
    at performUnitOfWork (webpack-internal:///(app-pages-browser)/../../node_modules/.pnpm/next@16.1.7_@babel+core@7.29.7_@playwright+test@1.60.0_react-dom@19.2.7_react@19.2.7/node_modules/next/dist/compiled/react-dom/cjs/react-dom-client.development.js:18998:22)
    at workLoopSync (webpack-internal:///(app-pages-browser)/../../node_modules/.pnpm/next@16.1.7_@babel+core@7.29.7_@playwright+test@1.60.0_react-dom@19.2.7_react@19.2.7/node_modules/next/dist/compiled/react-dom/cjs/react-dom-client.development.js:18826:41)
    at renderRootSync (webpack-internal:///(app-pages-browser)/../../node_modules/.pnpm/next@16.1.7_@babel+core@7.29.7_@playwright+test@1.60.0_react-dom@19.2.7_react@19.2.7/node_modules/next/dist/compiled/react-dom/cjs/react-dom-client.development.js:18807:11)
    at performWorkOnRoot (webpack-internal:///(app-pages-browser)/../../node_modules/.pnpm/next@16.1.7_@babel+core@7.29.7_@playwright+test@1.60.0_react-dom@19.2.7_react@19.2.7/node_modules/next/dist/compiled/react-dom/cjs/react-dom-client.development.js:17836:11)
    at performSyncWorkOnRoot (webpack-internal:///(app-pages-browser)/../../node_modules/.pnpm/next@16.1.7_@babel+core@7.29.7_@playwright+test@1.60.0_react-dom@19.2.7_react@19.2.7/node_modules/next/dist/compiled/react-dom/cjs/react-dom-client.development.js:20400:7)
    at flushSyncWorkAcrossRoots_impl (webpack-internal:///(app-pages-browser)/../../node_modules/.pnpm/next@16.1.7_@babel+core@7.29.7_@playwright+test@1.60.0_react-dom@19.2.7_react@19.2.7/node_modules/next/dist/compiled/react-dom/cjs/react-dom-client.development.js:20242:21)
    at processRootScheduleInMicrotask (webpack-internal:///(app-pages-browser)/../../node_modules/.pnpm/next@16.1.7_@babel+core@7.29.7_@playwright+test@1.60.0_react-dom@19.2.7_react@19.2.7/node_modules/next/dist/compiled/react-dom/cjs/react-dom-client.development.js:20281:9)
    at eval (webpack-internal:///(app-pages-browser)/../../node_modules/.pnpm/next@16.1.7_@babel+core@7.29.7_@playwright+test@1.60.0_react-dom@19.2.7_react@19.2.7/node_modules/next/dist/compiled/react-dom/cjs/react-dom-client.development.js:20419:13) @ webpack-internal:///(app-pages-browser)/../../node_modules/.pnpm/next@16.1.7_@babel+core@7.29.7_@playwright+test@1.60.0_react-dom@19.2.7_react@19.2.7/node_modules/next/dist/next-devtools/userspace/app/errors/intercept-console-error.js:51
[    2380ms] [ERROR] IntlError: MISSING_MESSAGE: Could not resolve `modules.tokenized-deposit.tokenized_deposit_0113` in messages for locale `en-US`.
    at getFallbackFromErrorAndNotify (webpack-internal:///(app-pages-browser)/../../node_modules/.pnpm/use-intl@4.13.0_react@19.2.7/node_modules/use-intl/dist/esm/development/initializeConfig-CUsOI8u2.js:108:19)
    at translateBaseFn (webpack-internal:///(app-pages-browser)/../../node_modules/.pnpm/use-intl@4.13.0_react@19.2.7/node_modules/use-intl/dist/esm/development/initializeConfig-CUsOI8u2.js:141:18)
    at translateFn (webpack-internal:///(app-pages-browser)/../../node_modules/.pnpm/use-intl@4.13.0_react@19.2.7/node_modules/use-intl/dist/esm/development/initializeConfig-CUsOI8u2.js:173:20)
    at WalletFieldGroup (webpack-internal:///(app-pages-browser)/../../libs/modules/tokenized-deposit/feature/src/lib/tokenized-deposit-edit/wallet-field-group.tsx:20:32)
    at Object.react_stack_bottom_frame (webpack-internal:///(app-pages-browser)/../../node_modules/.pnpm/next@16.1.7_@babel+core@7.29.7_@playwright+test@1.60.0_react-dom@19.2.7_react@19.2.7/node_modules/next/dist/compiled/react-dom/cjs/react-dom-client.development.js:28039:20)
    at renderWithHooksAgain (webpack-internal:///(app-pages-browser)/../../node_modules/.pnpm/next@16.1.7_@babel+core@7.29.7_@playwright+test@1.60.0_react-dom@19.2.7_react@19.2.7/node_modules/next/dist/compiled/react-dom/cjs/react-dom-client.development.js:8085:20)
    at renderWithHooks (webpack-internal:///(app-pages-browser)/../../node_modules/.pnpm/next@16.1.7_@babel+core@7.29.7_@playwright+test@1.60.0_react-dom@19.2.7_react@19.2.7/node_modules/next/dist/compiled/react-dom/cjs/react-dom-client.development.js:7997:22)
    at updateFunctionComponent (webpack-internal:///(app-pages-browser)/../../node_modules/.pnpm/next@16.1.7_@babel+core@7.29.7_@playwright+test@1.60.0_react-dom@19.2.7_react@19.2.7/node_modules/next/dist/compiled/react-dom/cjs/react-dom-client.development.js:10502:19)
    at beginWork (webpack-internal:///(app-pages-browser)/../../node_modules/.pnpm/next@16.1.7_@babel+core@7.29.7_@playwright+test@1.60.0_react-dom@19.2.7_react@19.2.7/node_modules/next/dist/compiled/react-dom/cjs/react-dom-client.development.js:12137:18)
    at runWithFiberInDEV (webpack-internal:///(app-pages-browser)/../../node_modules/.pnpm/next@16.1.7_@babel+core@7.29.7_@playwright+test@1.60.0_react-dom@19.2.7_react@19.2.7/node_modules/next/dist/compiled/react-dom/cjs/react-dom-client.development.js:987:30)
    at performUnitOfWork (webpack-internal:///(app-pages-browser)/../../node_modules/.pnpm/next@16.1.7_@babel+core@7.29.7_@playwright+test@1.60.0_react-dom@19.2.7_react@19.2.7/node_modules/next/dist/compiled/react-dom/cjs/react-dom-client.development.js:18998:22)
    at workLoopSync (webpack-internal:///(app-pages-browser)/../../node_modules/.pnpm/next@16.1.7_@babel+core@7.29.7_@playwright+test@1.60.0_react-dom@19.2.7_react@19.2.7/node_modules/next/dist/compiled/react-dom/cjs/react-dom-client.development.js:18826:41)
    at renderRootSync (webpack-internal:///(app-pages-browser)/../../node_modules/.pnpm/next@16.1.7_@babel+core@7.29.7_@playwright+test@1.60.0_react-dom@19.2.7_react@19.2.7/node_modules/next/dist/compiled/react-dom/cjs/react-dom-client.development.js:18807:11)
    at performWorkOnRoot (webpack-internal:///(app-pages-browser)/../../node_modules/.pnpm/next@16.1.7_@babel+core@7.29.7_@playwright+test@1.60.0_react-dom@19.2.7_react@19.2.7/node_modules/next/dist/compiled/react-dom/cjs/react-dom-client.development.js:17836:11)
    at performSyncWorkOnRoot (webpack-internal:///(app-pages-browser)/../../node_modules/.pnpm/next@16.1.7_@babel+core@7.29.7_@playwright+test@1.60.0_react-dom@19.2.7_react@19.2.7/node_modules/next/dist/compiled/react-dom/cjs/react-dom-client.development.js:20400:7)
    at flushSyncWorkAcrossRoots_impl (webpack-internal:///(app-pages-browser)/../../node_modules/.pnpm/next@16.1.7_@babel+core@7.29.7_@playwright+test@1.60.0_react-dom@19.2.7_react@19.2.7/node_modules/next/dist/compiled/react-dom/cjs/react-dom-client.development.js:20242:21)
    at processRootScheduleInMicrotask (webpack-internal:///(app-pages-browser)/../../node_modules/.pnpm/next@16.1.7_@babel+core@7.29.7_@playwright+test@1.60.0_react-dom@19.2.7_react@19.2.7/node_modules/next/dist/compiled/react-dom/cjs/react-dom-client.development.js:20281:9)
    at eval (webpack-internal:///(app-pages-browser)/../../node_modules/.pnpm/next@16.1.7_@babel+core@7.29.7_@playwright+test@1.60.0_react-dom@19.2.7_react@19.2.7/node_modules/next/dist/compiled/react-dom/cjs/react-dom-client.development.js:20419:13) @ webpack-internal:///(app-pages-browser)/../../node_modules/.pnpm/next@16.1.7_@babel+core@7.29.7_@playwright+test@1.60.0_react-dom@19.2.7_react@19.2.7/node_modules/next/dist/next-devtools/userspace/app/errors/intercept-console-error.js:51
[    2381ms] [ERROR] IntlError: MISSING_MESSAGE: Could not resolve `modules.tokenized-deposit.tokenized_deposit_0114` in messages for locale `en-US`.
    at getFallbackFromErrorAndNotify (webpack-internal:///(app-pages-browser)/../../node_modules/.pnpm/use-intl@4.13.0_react@19.2.7/node_modules/use-intl/dist/esm/development/initializeConfig-CUsOI8u2.js:108:19)
    at translateBaseFn (webpack-internal:///(app-pages-browser)/../../node_modules/.pnpm/use-intl@4.13.0_react@19.2.7/node_modules/use-intl/dist/esm/development/initializeConfig-CUsOI8u2.js:141:18)
    at translateFn (webpack-internal:///(app-pages-browser)/../../node_modules/.pnpm/use-intl@4.13.0_react@19.2.7/node_modules/use-intl/dist/esm/development/initializeConfig-CUsOI8u2.js:173:20)
    at WalletFieldGroup (webpack-internal:///(app-pages-browser)/../../libs/modules/tokenized-deposit/feature/src/lib/tokenized-deposit-edit/wallet-field-group.tsx:20:32)
    at Object.react_stack_bottom_frame (webpack-internal:///(app-pages-browser)/../../node_modules/.pnpm/next@16.1.7_@babel+core@7.29.7_@playwright+test@1.60.0_react-dom@19.2.7_react@19.2.7/node_modules/next/dist/compiled/react-dom/cjs/react-dom-client.development.js:28039:20)
    at renderWithHooks (webpack-internal:///(app-pages-browser)/../../node_modules/.pnpm/next@16.1.7_@babel+core@7.29.7_@playwright+test@1.60.0_react-dom@19.2.7_react@19.2.7/node_modules/next/dist/compiled/react-dom/cjs/react-dom-client.development.js:7985:22)
    at updateFunctionComponent (webpack-internal:///(app-pages-browser)/../../node_modules/.pnpm/next@16.1.7_@babel+core@7.29.7_@playwright+test@1.60.0_react-dom@19.2.7_react@19.2.7/node_modules/next/dist/compiled/react-dom/cjs/react-dom-client.development.js:10502:19)
    at beginWork (webpack-internal:///(app-pages-browser)/../../node_modules/.pnpm/next@16.1.7_@babel+core@7.29.7_@playwright+test@1.60.0_react-dom@19.2.7_react@19.2.7/node_modules/next/dist/compiled/react-dom/cjs/react-dom-client.development.js:12137:18)
    at runWithFiberInDEV (webpack-internal:///(app-pages-browser)/../../node_modules/.pnpm/next@16.1.7_@babel+core@7.29.7_@playwright+test@1.60.0_react-dom@19.2.7_react@19.2.7/node_modules/next/dist/compiled/react-dom/cjs/react-dom-client.development.js:987:30)
    at performUnitOfWork (webpack-internal:///(app-pages-browser)/../../node_modules/.pnpm/next@16.1.7_@babel+core@7.29.7_@playwright+test@1.60.0_react-dom@19.2.7_react@19.2.7/node_modules/next/dist/compiled/react-dom/cjs/react-dom-client.development.js:18998:22)
    at workLoopSync (webpack-internal:///(app-pages-browser)/../../node_modules/.pnpm/next@16.1.7_@babel+core@7.29.7_@playwright+test@1.60.0_react-dom@19.2.7_react@19.2.7/node_modules/next/dist/compiled/react-dom/cjs/react-dom-client.development.js:18826:41)
    at renderRootSync (webpack-internal:///(app-pages-browser)/../../node_modules/.pnpm/next@16.1.7_@babel+core@7.29.7_@playwright+test@1.60.0_react-dom@19.2.7_react@19.2.7/node_modules/next/dist/compiled/react-dom/cjs/react-dom-client.development.js:18807:11)
    at performWorkOnRoot (webpack-internal:///(app-pages-browser)/../../node_modules/.pnpm/next@16.1.7_@babel+core@7.29.7_@playwright+test@1.60.0_react-dom@19.2.7_react@19.2.7/node_modules/next/dist/compiled/react-dom/cjs/react-dom-client.development.js:17836:11)
    at performSyncWorkOnRoot (webpack-internal:///(app-pages-browser)/../../node_modules/.pnpm/next@16.1.7_@babel+core@7.29.7_@playwright+test@1.60.0_react-dom@19.2.7_react@19.2.7/node_modules/next/dist/compiled/react-dom/cjs/react-dom-client.development.js:20400:7)
    at flushSyncWorkAcrossRoots_impl (webpack-internal:///(app-pages-browser)/../../node_modules/.pnpm/next@16.1.7_@babel+core@7.29.7_@playwright+test@1.60.0_react-dom@19.2.7_react@19.2.7/node_modules/next/dist/compiled/react-dom/cjs/react-dom-client.development.js:20242:21)
    at processRootScheduleInMicrotask (webpack-internal:///(app-pages-browser)/../../node_modules/.pnpm/next@16.1.7_@babel+core@7.29.7_@playwright+test@1.60.0_react-dom@19.2.7_react@19.2.7/node_modules/next/dist/compiled/react-dom/cjs/react-dom-client.development.js:20281:9)
    at eval (webpack-internal:///(app-pages-browser)/../../node_modules/.pnpm/next@16.1.7_@babel+core@7.29.7_@playwright+test@1.60.0_react-dom@19.2.7_react@19.2.7/node_modules/next/dist/compiled/react-dom/cjs/react-dom-client.development.js:20419:13) @ webpack-internal:///(app-pages-browser)/../../node_modules/.pnpm/next@16.1.7_@babel+core@7.29.7_@playwright+test@1.60.0_react-dom@19.2.7_react@19.2.7/node_modules/next/dist/next-devtools/userspace/app/errors/intercept-console-error.js:51
[    2382ms] [ERROR] IntlError: MISSING_MESSAGE: Could not resolve `modules.tokenized-deposit.tokenized_deposit_0114` in messages for locale `en-US`.
    at getFallbackFromErrorAndNotify (webpack-internal:///(app-pages-browser)/../../node_modules/.pnpm/use-intl@4.13.0_react@19.2.7/node_modules/use-intl/dist/esm/development/initializeConfig-CUsOI8u2.js:108:19)
    at translateBaseFn (webpack-internal:///(app-pages-browser)/../../node_modules/.pnpm/use-intl@4.13.0_react@19.2.7/node_modules/use-intl/dist/esm/development/initializeConfig-CUsOI8u2.js:141:18)
    at translateFn (webpack-internal:///(app-pages-browser)/../../node_modules/.pnpm/use-intl@4.13.0_react@19.2.7/node_modules/use-intl/dist/esm/development/initializeConfig-CUsOI8u2.js:173:20)
    at WalletFieldGroup (webpack-internal:///(app-pages-browser)/../../libs/modules/tokenized-deposit/feature/src/lib/tokenized-deposit-edit/wallet-field-group.tsx:20:32)
    at Object.react_stack_bottom_frame (webpack-internal:///(app-pages-browser)/../../node_modules/.pnpm/next@16.1.7_@babel+core@7.29.7_@playwright+test@1.60.0_react-dom@19.2.7_react@19.2.7/node_modules/next/dist/compiled/react-dom/cjs/react-dom-client.development.js:28039:20)
    at renderWithHooksAgain (webpack-internal:///(app-pages-browser)/../../node_modules/.pnpm/next@16.1.7_@babel+core@7.29.7_@playwright+test@1.60.0_react-dom@19.2.7_react@19.2.7/node_modules/next/dist/compiled/react-dom/cjs/react-dom-client.development.js:8085:20)
    at renderWithHooks (webpack-internal:///(app-pages-browser)/../../node_modules/.pnpm/next@16.1.7_@babel+core@7.29.7_@playwright+test@1.60.0_react-dom@19.2.7_react@19.2.7/node_modules/next/dist/compiled/react-dom/cjs/react-dom-client.development.js:7997:22)
    at updateFunctionComponent (webpack-internal:///(app-pages-browser)/../../node_modules/.pnpm/next@16.1.7_@babel+core@7.29.7_@playwright+test@1.60.0_react-dom@19.2.7_react@19.2.7/node_modules/next/dist/compiled/react-dom/cjs/react-dom-client.development.js:10502:19)
    at beginWork (webpack-internal:///(app-pages-browser)/../../node_modules/.pnpm/next@16.1.7_@babel+core@7.29.7_@playwright+test@1.60.0_react-dom@19.2.7_react@19.2.7/node_modules/next/dist/compiled/react-dom/cjs/react-dom-client.development.js:12137:18)
    at runWithFiberInDEV (webpack-internal:///(app-pages-browser)/../../node_modules/.pnpm/next@16.1.7_@babel+core@7.29.7_@playwright+test@1.60.0_react-dom@19.2.7_react@19.2.7/node_modules/next/dist/compiled/react-dom/cjs/react-dom-client.development.js:987:30)
    at performUnitOfWork (webpack-internal:///(app-pages-browser)/../../node_modules/.pnpm/next@16.1.7_@babel+core@7.29.7_@playwright+test@1.60.0_react-dom@19.2.7_react@19.2.7/node_modules/next/dist/compiled/react-dom/cjs/react-dom-client.development.js:18998:22)
    at workLoopSync (webpack-internal:///(app-pages-browser)/../../node_modules/.pnpm/next@16.1.7_@babel+core@7.29.7_@playwright+test@1.60.0_react-dom@19.2.7_react@19.2.7/node_modules/next/dist/compiled/react-dom/cjs/react-dom-client.development.js:18826:41)
    at renderRootSync (webpack-internal:///(app-pages-browser)/../../node_modules/.pnpm/next@16.1.7_@babel+core@7.29.7_@playwright+test@1.60.0_react-dom@19.2.7_react@19.2.7/node_modules/next/dist/compiled/react-dom/cjs/react-dom-client.development.js:18807:11)
    at performWorkOnRoot (webpack-internal:///(app-pages-browser)/../../node_modules/.pnpm/next@16.1.7_@babel+core@7.29.7_@playwright+test@1.60.0_react-dom@19.2.7_react@19.2.7/node_modules/next/dist/compiled/react-dom/cjs/react-dom-client.development.js:17836:11)
    at performSyncWorkOnRoot (webpack-internal:///(app-pages-browser)/../../node_modules/.pnpm/next@16.1.7_@babel+core@7.29.7_@playwright+test@1.60.0_react-dom@19.2.7_react@19.2.7/node_modules/next/dist/compiled/react-dom/cjs/react-dom-client.development.js:20400:7)
    at flushSyncWorkAcrossRoots_impl (webpack-internal:///(app-pages-browser)/../../node_modules/.pnpm/next@16.1.7_@babel+core@7.29.7_@playwright+test@1.60.0_react-dom@19.2.7_react@19.2.7/node_modules/next/dist/compiled/react-dom/cjs/react-dom-client.development.js:20242:21)
    at processRootScheduleInMicrotask (webpack-internal:///(app-pages-browser)/../../node_modules/.pnpm/next@16.1.7_@babel+core@7.29.7_@playwright+test@1.60.0_react-dom@19.2.7_react@19.2.7/node_modules/next/dist/compiled/react-dom/cjs/react-dom-client.development.js:20281:9)
    at eval (webpack-internal:///(app-pages-browser)/../../node_modules/.pnpm/next@16.1.7_@babel+core@7.29.7_@playwright+test@1.60.0_react-dom@19.2.7_react@19.2.7/node_modules/next/dist/compiled/react-dom/cjs/react-dom-client.development.js:20419:13) @ webpack-internal:///(app-pages-browser)/../../node_modules/.pnpm/next@16.1.7_@babel+core@7.29.7_@playwright+test@1.60.0_react-dom@19.2.7_react@19.2.7/node_modules/next/dist/next-devtools/userspace/app/errors/intercept-console-error.js:51
[    2384ms] [ERROR] IntlError: MISSING_MESSAGE: Could not resolve `modules.tokenized-deposit.tokenized_deposit_0112` in messages for locale `en-US`.
    at getFallbackFromErrorAndNotify (webpack-internal:///(app-pages-browser)/../../node_modules/.pnpm/use-intl@4.13.0_react@19.2.7/node_modules/use-intl/dist/esm/development/initializeConfig-CUsOI8u2.js:108:19)
    at translateBaseFn (webpack-internal:///(app-pages-browser)/../../node_modules/.pnpm/use-intl@4.13.0_react@19.2.7/node_modules/use-intl/dist/esm/development/initializeConfig-CUsOI8u2.js:141:18)
    at translateFn (webpack-internal:///(app-pages-browser)/../../node_modules/.pnpm/use-intl@4.13.0_react@19.2.7/node_modules/use-intl/dist/esm/development/initializeConfig-CUsOI8u2.js:173:20)
    at RigsecWalletModal (webpack-internal:///(app-pages-browser)/../../libs/modules/tokenized-deposit/feature/src/lib/tokenized-deposit-edit/rigsec-wallet-modal.tsx:23:23)
    at Object.react_stack_bottom_frame (webpack-internal:///(app-pages-browser)/../../node_modules/.pnpm/next@16.1.7_@babel+core@7.29.7_@playwright+test@1.60.0_react-dom@19.2.7_react@19.2.7/node_modules/next/dist/compiled/react-dom/cjs/react-dom-client.development.js:28039:20)
    at renderWithHooks (webpack-internal:///(app-pages-browser)/../../node_modules/.pnpm/next@16.1.7_@babel+core@7.29.7_@playwright+test@1.60.0_react-dom@19.2.7_react@19.2.7/node_modules/next/dist/compiled/react-dom/cjs/react-dom-client.development.js:7985:22)
    at updateFunctionComponent (webpack-internal:///(app-pages-browser)/../../node_modules/.pnpm/next@16.1.7_@babel+core@7.29.7_@playwright+test@1.60.0_react-dom@19.2.7_react@19.2.7/node_modules/next/dist/compiled/react-dom/cjs/react-dom-client.development.js:10502:19)
    at beginWork (webpack-internal:///(app-pages-browser)/../../node_modules/.pnpm/next@16.1.7_@babel+core@7.29.7_@playwright+test@1.60.0_react-dom@19.2.7_react@19.2.7/node_modules/next/dist/compiled/react-dom/cjs/react-dom-client.development.js:12137:18)
    at runWithFiberInDEV (webpack-internal:///(app-pages-browser)/../../node_modules/.pnpm/next@16.1.7_@babel+core@7.29.7_@playwright+test@1.60.0_react-dom@19.2.7_react@19.2.7/node_modules/next/dist/compiled/react-dom/cjs/react-dom-client.development.js:987:30)
    at performUnitOfWork (webpack-internal:///(app-pages-browser)/../../node_modules/.pnpm/next@16.1.7_@babel+core@7.29.7_@playwright+test@1.60.0_react-dom@19.2.7_react@19.2.7/node_modules/next/dist/compiled/react-dom/cjs/react-dom-client.development.js:18998:22)
    at workLoopSync (webpack-internal:///(app-pages-browser)/../../node_modules/.pnpm/next@16.1.7_@babel+core@7.29.7_@playwright+test@1.60.0_react-dom@19.2.7_react@19.2.7/node_modules/next/dist/compiled/react-dom/cjs/react-dom-client.development.js:18826:41)
    at renderRootSync (webpack-internal:///(app-pages-browser)/../../node_modules/.pnpm/next@16.1.7_@babel+core@7.29.7_@playwright+test@1.60.0_react-dom@19.2.7_react@19.2.7/node_modules/next/dist/compiled/react-dom/cjs/react-dom-client.development.js:18807:11)
    at performWorkOnRoot (webpack-internal:///(app-pages-browser)/../../node_modules/.pnpm/next@16.1.7_@babel+core@7.29.7_@playwright+test@1.60.0_react-dom@19.2.7_react@19.2.7/node_modules/next/dist/compiled/react-dom/cjs/react-dom-client.development.js:17836:11)
    at performSyncWorkOnRoot (webpack-internal:///(app-pages-browser)/../../node_modules/.pnpm/next@16.1.7_@babel+core@7.29.7_@playwright+test@1.60.0_react-dom@19.2.7_react@19.2.7/node_modules/next/dist/compiled/react-dom/cjs/react-dom-client.development.js:20400:7)
    at flushSyncWorkAcrossRoots_impl (webpack-internal:///(app-pages-browser)/../../node_modules/.pnpm/next@16.1.7_@babel+core@7.29.7_@playwright+test@1.60.0_react-dom@19.2.7_react@19.2.7/node_modules/next/dist/compiled/react-dom/cjs/react-dom-client.development.js:20242:21)
    at processRootScheduleInMicrotask (webpack-internal:///(app-pages-browser)/../../node_modules/.pnpm/next@16.1.7_@babel+core@7.29.7_@playwright+test@1.60.0_react-dom@19.2.7_react@19.2.7/node_modules/next/dist/compiled/react-dom/cjs/react-dom-client.development.js:20281:9)
    at eval (webpack-internal:///(app-pages-browser)/../../node_modules/.pnpm/next@16.1.7_@babel+core@7.29.7_@playwright+test@1.60.0_react-dom@19.2.7_react@19.2.7/node_modules/next/dist/compiled/react-dom/cjs/react-dom-client.development.js:20419:13) @ webpack-internal:///(app-pages-browser)/../../node_modules/.pnpm/next@16.1.7_@babel+core@7.29.7_@playwright+test@1.60.0_react-dom@19.2.7_react@19.2.7/node_modules/next/dist/next-devtools/userspace/app/errors/intercept-console-error.js:51
[    2385ms] [ERROR] IntlError: MISSING_MESSAGE: Could not resolve `modules.tokenized-deposit.tokenized_deposit_0112` in messages for locale `en-US`.
    at getFallbackFromErrorAndNotify (webpack-internal:///(app-pages-browser)/../../node_modules/.pnpm/use-intl@4.13.0_react@19.2.7/node_modules/use-intl/dist/esm/development/initializeConfig-CUsOI8u2.js:108:19)
    at translateBaseFn (webpack-internal:///(app-pages-browser)/../../node_modules/.pnpm/use-intl@4.13.0_react@19.2.7/node_modules/use-intl/dist/esm/development/initializeConfig-CUsOI8u2.js:141:18)
    at translateFn (webpack-internal:///(app-pages-browser)/../../node_modules/.pnpm/use-intl@4.13.0_react@19.2.7/node_modules/use-intl/dist/esm/development/initializeConfig-CUsOI8u2.js:173:20)
    at RigsecWalletModal (webpack-internal:///(app-pages-browser)/../../libs/modules/tokenized-deposit/feature/src/lib/tokenized-deposit-edit/rigsec-wallet-modal.tsx:23:23)
    at Object.react_stack_bottom_frame (webpack-internal:///(app-pages-browser)/../../node_modules/.pnpm/next@16.1.7_@babel+core@7.29.7_@playwright+test@1.60.0_react-dom@19.2.7_react@19.2.7/node_modules/next/dist/compiled/react-dom/cjs/react-dom-client.development.js:28039:20)
    at renderWithHooksAgain (webpack-internal:///(app-pages-browser)/../../node_modules/.pnpm/next@16.1.7_@babel+core@7.29.7_@playwright+test@1.60.0_react-dom@19.2.7_react@19.2.7/node_modules/next/dist/compiled/react-dom/cjs/react-dom-client.development.js:8085:20)
    at renderWithHooks (webpack-internal:///(app-pages-browser)/../../node_modules/.pnpm/next@16.1.7_@babel+core@7.29.7_@playwright+test@1.60.0_react-dom@19.2.7_react@19.2.7/node_modules/next/dist/compiled/react-dom/cjs/react-dom-client.development.js:7997:22)
    at updateFunctionComponent (webpack-internal:///(app-pages-browser)/../../node_modules/.pnpm/next@16.1.7_@babel+core@7.29.7_@playwright+test@1.60.0_react-dom@19.2.7_react@19.2.7/node_modules/next/dist/compiled/react-dom/cjs/react-dom-client.development.js:10502:19)
    at beginWork (webpack-internal:///(app-pages-browser)/../../node_modules/.pnpm/next@16.1.7_@babel+core@7.29.7_@playwright+test@1.60.0_react-dom@19.2.7_react@19.2.7/node_modules/next/dist/compiled/react-dom/cjs/react-dom-client.development.js:12137:18)
    at runWithFiberInDEV (webpack-internal:///(app-pages-browser)/../../node_modules/.pnpm/next@16.1.7_@babel+core@7.29.7_@playwright+test@1.60.0_react-dom@19.2.7_react@19.2.7/node_modules/next/dist/compiled/react-dom/cjs/react-dom-client.development.js:987:30)
    at performUnitOfWork (webpack-internal:///(app-pages-browser)/../../node_modules/.pnpm/next@16.1.7_@babel+core@7.29.7_@playwright+test@1.60.0_react-dom@19.2.7_react@19.2.7/node_modules/next/dist/compiled/react-dom/cjs/react-dom-client.development.js:18998:22)
    at workLoopSync (webpack-internal:///(app-pages-browser)/../../node_modules/.pnpm/next@16.1.7_@babel+core@7.29.7_@playwright+test@1.60.0_react-dom@19.2.7_react@19.2.7/node_modules/next/dist/compiled/react-dom/cjs/react-dom-client.development.js:18826:41)
    at renderRootSync (webpack-internal:///(app-pages-browser)/../../node_modules/.pnpm/next@16.1.7_@babel+core@7.29.7_@playwright+test@1.60.0_react-dom@19.2.7_react@19.2.7/node_modules/next/dist/compiled/react-dom/cjs/react-dom-client.development.js:18807:11)
    at performWorkOnRoot (webpack-internal:///(app-pages-browser)/../../node_modules/.pnpm/next@16.1.7_@babel+core@7.29.7_@playwright+test@1.60.0_react-dom@19.2.7_react@19.2.7/node_modules/next/dist/compiled/react-dom/cjs/react-dom-client.development.js:17836:11)
    at performSyncWorkOnRoot (webpack-internal:///(app-pages-browser)/../../node_modules/.pnpm/next@16.1.7_@babel+core@7.29.7_@playwright+test@1.60.0_react-dom@19.2.7_react@19.2.7/node_modules/next/dist/compiled/react-dom/cjs/react-dom-client.development.js:20400:7)
    at flushSyncWorkAcrossRoots_impl (webpack-internal:///(app-pages-browser)/../../node_modules/.pnpm/next@16.1.7_@babel+core@7.29.7_@playwright+test@1.60.0_react-dom@19.2.7_react@19.2.7/node_modules/next/dist/compiled/react-dom/cjs/react-dom-client.development.js:20242:21)
    at processRootScheduleInMicrotask (webpack-internal:///(app-pages-browser)/../../node_modules/.pnpm/next@16.1.7_@babel+core@7.29.7_@playwright+test@1.60.0_react-dom@19.2.7_react@19.2.7/node_modules/next/dist/compiled/react-dom/cjs/react-dom-client.development.js:20281:9)
    at eval (webpack-internal:///(app-pages-browser)/../../node_modules/.pnpm/next@16.1.7_@babel+core@7.29.7_@playwright+test@1.60.0_react-dom@19.2.7_react@19.2.7/node_modules/next/dist/compiled/react-dom/cjs/react-dom-client.development.js:20419:13) @ webpack-internal:///(app-pages-browser)/../../node_modules/.pnpm/next@16.1.7_@babel+core@7.29.7_@playwright+test@1.60.0_react-dom@19.2.7_react@19.2.7/node_modules/next/dist/next-devtools/userspace/app/errors/intercept-console-error.js:51
[    2462ms] [ERROR] IntlError: MISSING_MESSAGE: Could not resolve `modules.tokenized-deposit.tokenized_deposit_0112` in messages for locale `en-US`.
    at getFallbackFromErrorAndNotify (webpack-internal:///(app-pages-browser)/../../node_modules/.pnpm/use-intl@4.13.0_react@19.2.7/node_modules/use-intl/dist/esm/development/initializeConfig-CUsOI8u2.js:108:19)
    at translateBaseFn (webpack-internal:///(app-pages-browser)/../../node_modules/.pnpm/use-intl@4.13.0_react@19.2.7/node_modules/use-intl/dist/esm/development/initializeConfig-CUsOI8u2.js:141:18)
    at translateFn (webpack-internal:///(app-pages-browser)/../../node_modules/.pnpm/use-intl@4.13.0_react@19.2.7/node_modules/use-intl/dist/esm/development/initializeConfig-CUsOI8u2.js:173:20)
    at WalletFieldGroup (webpack-internal:///(app-pages-browser)/../../libs/modules/tokenized-deposit/feature/src/lib/tokenized-deposit-edit/wallet-field-group.tsx:20:32)
    at Object.react_stack_bottom_frame (webpack-internal:///(app-pages-browser)/../../node_modules/.pnpm/next@16.1.7_@babel+core@7.29.7_@playwright+test@1.60.0_react-dom@19.2.7_react@19.2.7/node_modules/next/dist/compiled/react-dom/cjs/react-dom-client.development.js:28039:20)
    at renderWithHooks (webpack-internal:///(app-pages-browser)/../../node_modules/.pnpm/next@16.1.7_@babel+core@7.29.7_@playwright+test@1.60.0_react-dom@19.2.7_react@19.2.7/node_modules/next/dist/compiled/react-dom/cjs/react-dom-client.development.js:7985:22)
    at updateFunctionComponent (webpack-internal:///(app-pages-browser)/../../node_modules/.pnpm/next@16.1.7_@babel+core@7.29.7_@playwright+test@1.60.0_react-dom@19.2.7_react@19.2.7/node_modules/next/dist/compiled/react-dom/cjs/react-dom-client.development.js:10502:19)
    at beginWork (webpack-internal:///(app-pages-browser)/../../node_modules/.pnpm/next@16.1.7_@babel+core@7.29.7_@playwright+test@1.60.0_react-dom@19.2.7_react@19.2.7/node_modules/next/dist/compiled/react-dom/cjs/react-dom-client.development.js:12137:18)
    at runWithFiberInDEV (webpack-internal:///(app-pages-browser)/../../node_modules/.pnpm/next@16.1.7_@babel+core@7.29.7_@playwright+test@1.60.0_react-dom@19.2.7_react@19.2.7/node_modules/next/dist/compiled/react-dom/cjs/react-dom-client.development.js:987:30)
    at performUnitOfWork (webpack-internal:///(app-pages-browser)/../../node_modules/.pnpm/next@16.1.7_@babel+core@7.29.7_@playwright+test@1.60.0_react-dom@19.2.7_react@19.2.7/node_modules/next/dist/compiled/react-dom/cjs/react-dom-client.development.js:18998:22)
    at workLoopSync (webpack-internal:///(app-pages-browser)/../../node_modules/.pnpm/next@16.1.7_@babel+core@7.29.7_@playwright+test@1.60.0_react-dom@19.2.7_react@19.2.7/node_modules/next/dist/compiled/react-dom/cjs/react-dom-client.development.js:18826:41)
    at renderRootSync (webpack-internal:///(app-pages-browser)/../../node_modules/.pnpm/next@16.1.7_@babel+core@7.29.7_@playwright+test@1.60.0_react-dom@19.2.7_react@19.2.7/node_modules/next/dist/compiled/react-dom/cjs/react-dom-client.development.js:18807:11)
    at performWorkOnRoot (webpack-internal:///(app-pages-browser)/../../node_modules/.pnpm/next@16.1.7_@babel+core@7.29.7_@playwright+test@1.60.0_react-dom@19.2.7_react@19.2.7/node_modules/next/dist/compiled/react-dom/cjs/react-dom-client.development.js:17836:11)
    at performSyncWorkOnRoot (webpack-internal:///(app-pages-browser)/../../node_modules/.pnpm/next@16.1.7_@babel+core@7.29.7_@playwright+test@1.60.0_react-dom@19.2.7_react@19.2.7/node_modules/next/dist/compiled/react-dom/cjs/react-dom-client.development.js:20400:7)
    at flushSyncWorkAcrossRoots_impl (webpack-internal:///(app-pages-browser)/../../node_modules/.pnpm/next@16.1.7_@babel+core@7.29.7_@playwright+test@1.60.0_react-dom@19.2.7_react@19.2.7/node_modules/next/dist/compiled/react-dom/cjs/react-dom-client.development.js:20242:21)
    at processRootScheduleInMicrotask (webpack-internal:///(app-pages-browser)/../../node_modules/.pnpm/next@16.1.7_@babel+core@7.29.7_@playwright+test@1.60.0_react-dom@19.2.7_react@19.2.7/node_modules/next/dist/compiled/react-dom/cjs/react-dom-client.development.js:20281:9)
    at eval (webpack-internal:///(app-pages-browser)/../../node_modules/.pnpm/next@16.1.7_@babel+core@7.29.7_@playwright+test@1.60.0_react-dom@19.2.7_react@19.2.7/node_modules/next/dist/compiled/react-dom/cjs/react-dom-client.development.js:20419:13) @ webpack-internal:///(app-pages-browser)/../../node_modules/.pnpm/next@16.1.7_@babel+core@7.29.7_@playwright+test@1.60.0_react-dom@19.2.7_react@19.2.7/node_modules/next/dist/next-devtools/userspace/app/errors/intercept-console-error.js:51
[    2462ms] [ERROR] IntlError: MISSING_MESSAGE: Could not resolve `modules.tokenized-deposit.tokenized_deposit_0112` in messages for locale `en-US`.
    at getFallbackFromErrorAndNotify (webpack-internal:///(app-pages-browser)/../../node_modules/.pnpm/use-intl@4.13.0_react@19.2.7/node_modules/use-intl/dist/esm/development/initializeConfig-CUsOI8u2.js:108:19)
    at translateBaseFn (webpack-internal:///(app-pages-browser)/../../node_modules/.pnpm/use-intl@4.13.0_react@19.2.7/node_modules/use-intl/dist/esm/development/initializeConfig-CUsOI8u2.js:141:18)
    at translateFn (webpack-internal:///(app-pages-browser)/../../node_modules/.pnpm/use-intl@4.13.0_react@19.2.7/node_modules/use-intl/dist/esm/development/initializeConfig-CUsOI8u2.js:173:20)
    at WalletFieldGroup (webpack-internal:///(app-pages-browser)/../../libs/modules/tokenized-deposit/feature/src/lib/tokenized-deposit-edit/wallet-field-group.tsx:20:32)
    at Object.react_stack_bottom_frame (webpack-internal:///(app-pages-browser)/../../node_modules/.pnpm/next@16.1.7_@babel+core@7.29.7_@playwright+test@1.60.0_react-dom@19.2.7_react@19.2.7/node_modules/next/dist/compiled/react-dom/cjs/react-dom-client.development.js:28039:20)
    at renderWithHooksAgain (webpack-internal:///(app-pages-browser)/../../node_modules/.pnpm/next@16.1.7_@babel+core@7.29.7_@playwright+test@1.60.0_react-dom@19.2.7_react@19.2.7/node_modules/next/dist/compiled/react-dom/cjs/react-dom-client.development.js:8085:20)
    at renderWithHooks (webpack-internal:///(app-pages-browser)/../../node_modules/.pnpm/next@16.1.7_@babel+core@7.29.7_@playwright+test@1.60.0_react-dom@19.2.7_react@19.2.7/node_modules/next/dist/compiled/react-dom/cjs/react-dom-client.development.js:7997:22)
    at updateFunctionComponent (webpack-internal:///(app-pages-browser)/../../node_modules/.pnpm/next@16.1.7_@babel+core@7.29.7_@playwright+test@1.60.0_react-dom@19.2.7_react@19.2.7/node_modules/next/dist/compiled/react-dom/cjs/react-dom-client.development.js:10502:19)
    at beginWork (webpack-internal:///(app-pages-browser)/../../node_modules/.pnpm/next@16.1.7_@babel+core@7.29.7_@playwright+test@1.60.0_react-dom@19.2.7_react@19.2.7/node_modules/next/dist/compiled/react-dom/cjs/react-dom-client.development.js:12137:18)
    at runWithFiberInDEV (webpack-internal:///(app-pages-browser)/../../node_modules/.pnpm/next@16.1.7_@babel+core@7.29.7_@playwright+test@1.60.0_react-dom@19.2.7_react@19.2.7/node_modules/next/dist/compiled/react-dom/cjs/react-dom-client.development.js:987:30)
    at performUnitOfWork (webpack-internal:///(app-pages-browser)/../../node_modules/.pnpm/next@16.1.7_@babel+core@7.29.7_@playwright+test@1.60.0_react-dom@19.2.7_react@19.2.7/node_modules/next/dist/compiled/react-dom/cjs/react-dom-client.development.js:18998:22)
    at workLoopSync (webpack-internal:///(app-pages-browser)/../../node_modules/.pnpm/next@16.1.7_@babel+core@7.29.7_@playwright+test@1.60.0_react-dom@19.2.7_react@19.2.7/node_modules/next/dist/compiled/react-dom/cjs/react-dom-client.development.js:18826:41)
    at renderRootSync (webpack-internal:///(app-pages-browser)/../../node_modules/.pnpm/next@16.1.7_@babel+core@7.29.7_@playwright+test@1.60.0_react-dom@19.2.7_react@19.2.7/node_modules/next/dist/compiled/react-dom/cjs/react-dom-client.development.js:18807:11)
    at performWorkOnRoot (webpack-internal:///(app-pages-browser)/../../node_modules/.pnpm/next@16.1.7_@babel+core@7.29.7_@playwright+test@1.60.0_react-dom@19.2.7_react@19.2.7/node_modules/next/dist/compiled/react-dom/cjs/react-dom-client.development.js:17836:11)
    at performSyncWorkOnRoot (webpack-internal:///(app-pages-browser)/../../node_modules/.pnpm/next@16.1.7_@babel+core@7.29.7_@playwright+test@1.60.0_react-dom@19.2.7_react@19.2.7/node_modules/next/dist/compiled/react-dom/cjs/react-dom-client.development.js:20400:7)
    at flushSyncWorkAcrossRoots_impl (webpack-internal:///(app-pages-browser)/../../node_modules/.pnpm/next@16.1.7_@babel+core@7.29.7_@playwright+test@1.60.0_react-dom@19.2.7_react@19.2.7/node_modules/next/dist/compiled/react-dom/cjs/react-dom-client.development.js:20242:21)
    at processRootScheduleInMicrotask (webpack-internal:///(app-pages-browser)/../../node_modules/.pnpm/next@16.1.7_@babel+core@7.29.7_@playwright+test@1.60.0_react-dom@19.2.7_react@19.2.7/node_modules/next/dist/compiled/react-dom/cjs/react-dom-client.development.js:20281:9)
    at eval (webpack-internal:///(app-pages-browser)/../../node_modules/.pnpm/next@16.1.7_@babel+core@7.29.7_@playwright+test@1.60.0_react-dom@19.2.7_react@19.2.7/node_modules/next/dist/compiled/react-dom/cjs/react-dom-client.development.js:20419:13) @ webpack-internal:///(app-pages-browser)/../../node_modules/.pnpm/next@16.1.7_@babel+core@7.29.7_@playwright+test@1.60.0_react-dom@19.2.7_react@19.2.7/node_modules/next/dist/next-devtools/userspace/app/errors/intercept-console-error.js:51
[    2464ms] [ERROR] IntlError: MISSING_MESSAGE: Could not resolve `modules.tokenized-deposit.tokenized_deposit_0113` in messages for locale `en-US`.
    at getFallbackFromErrorAndNotify (webpack-internal:///(app-pages-browser)/../../node_modules/.pnpm/use-intl@4.13.0_react@19.2.7/node_modules/use-intl/dist/esm/development/initializeConfig-CUsOI8u2.js:108:19)
    at translateBaseFn (webpack-internal:///(app-pages-browser)/../../node_modules/.pnpm/use-intl@4.13.0_react@19.2.7/node_modules/use-intl/dist/esm/development/initializeConfig-CUsOI8u2.js:141:18)
    at translateFn (webpack-internal:///(app-pages-browser)/../../node_modules/.pnpm/use-intl@4.13.0_react@19.2.7/node_modules/use-intl/dist/esm/development/initializeConfig-CUsOI8u2.js:173:20)
    at WalletFieldGroup (webpack-internal:///(app-pages-browser)/../../libs/modules/tokenized-deposit/feature/src/lib/tokenized-deposit-edit/wallet-field-group.tsx:20:32)
    at Object.react_stack_bottom_frame (webpack-internal:///(app-pages-browser)/../../node_modules/.pnpm/next@16.1.7_@babel+core@7.29.7_@playwright+test@1.60.0_react-dom@19.2.7_react@19.2.7/node_modules/next/dist/compiled/react-dom/cjs/react-dom-client.development.js:28039:20)
    at renderWithHooks (webpack-internal:///(app-pages-browser)/../../node_modules/.pnpm/next@16.1.7_@babel+core@7.29.7_@playwright+test@1.60.0_react-dom@19.2.7_react@19.2.7/node_modules/next/dist/compiled/react-dom/cjs/react-dom-client.development.js:7985:22)
    at updateFunctionComponent (webpack-internal:///(app-pages-browser)/../../node_modules/.pnpm/next@16.1.7_@babel+core@7.29.7_@playwright+test@1.60.0_react-dom@19.2.7_react@19.2.7/node_modules/next/dist/compiled/react-dom/cjs/react-dom-client.development.js:10502:19)
    at beginWork (webpack-internal:///(app-pages-browser)/../../node_modules/.pnpm/next@16.1.7_@babel+core@7.29.7_@playwright+test@1.60.0_react-dom@19.2.7_react@19.2.7/node_modules/next/dist/compiled/react-dom/cjs/react-dom-client.development.js:12137:18)
    at runWithFiberInDEV (webpack-internal:///(app-pages-browser)/../../node_modules/.pnpm/next@16.1.7_@babel+core@7.29.7_@playwright+test@1.60.0_react-dom@19.2.7_react@19.2.7/node_modules/next/dist/compiled/react-dom/cjs/react-dom-client.development.js:987:30)
    at performUnitOfWork (webpack-internal:///(app-pages-browser)/../../node_modules/.pnpm/next@16.1.7_@babel+core@7.29.7_@playwright+test@1.60.0_react-dom@19.2.7_react@19.2.7/node_modules/next/dist/compiled/react-dom/cjs/react-dom-client.development.js:18998:22)
    at workLoopSync (webpack-internal:///(app-pages-browser)/../../node_modules/.pnpm/next@16.1.7_@babel+core@7.29.7_@playwright+test@1.60.0_react-dom@19.2.7_react@19.2.7/node_modules/next/dist/compiled/react-dom/cjs/react-dom-client.development.js:18826:41)
    at renderRootSync (webpack-internal:///(app-pages-browser)/../../node_modules/.pnpm/next@16.1.7_@babel+core@7.29.7_@playwright+test@1.60.0_react-dom@19.2.7_react@19.2.7/node_modules/next/dist/compiled/react-dom/cjs/react-dom-client.development.js:18807:11)
    at performWorkOnRoot (webpack-internal:///(app-pages-browser)/../../node_modules/.pnpm/next@16.1.7_@babel+core@7.29.7_@playwright+test@1.60.0_react-dom@19.2.7_react@19.2.7/node_modules/next/dist/compiled/react-dom/cjs/react-dom-client.development.js:17836:11)
    at performSyncWorkOnRoot (webpack-internal:///(app-pages-browser)/../../node_modules/.pnpm/next@16.1.7_@babel+core@7.29.7_@playwright+test@1.60.0_react-dom@19.2.7_react@19.2.7/node_modules/next/dist/compiled/react-dom/cjs/react-dom-client.development.js:20400:7)
    at flushSyncWorkAcrossRoots_impl (webpack-internal:///(app-pages-browser)/../../node_modules/.pnpm/next@16.1.7_@babel+core@7.29.7_@playwright+test@1.60.0_react-dom@19.2.7_react@19.2.7/node_modules/next/dist/compiled/react-dom/cjs/react-dom-client.development.js:20242:21)
    at processRootScheduleInMicrotask (webpack-internal:///(app-pages-browser)/../../node_modules/.pnpm/next@16.1.7_@babel+core@7.29.7_@playwright+test@1.60.0_react-dom@19.2.7_react@19.2.7/node_modules/next/dist/compiled/react-dom/cjs/react-dom-client.development.js:20281:9)
    at eval (webpack-internal:///(app-pages-browser)/../../node_modules/.pnpm/next@16.1.7_@babel+core@7.29.7_@playwright+test@1.60.0_react-dom@19.2.7_react@19.2.7/node_modules/next/dist/compiled/react-dom/cjs/react-dom-client.development.js:20419:13) @ webpack-internal:///(app-pages-browser)/../../node_modules/.pnpm/next@16.1.7_@babel+core@7.29.7_@playwright+test@1.60.0_react-dom@19.2.7_react@19.2.7/node_modules/next/dist/next-devtools/userspace/app/errors/intercept-console-error.js:51
[    2464ms] [ERROR] IntlError: MISSING_MESSAGE: Could not resolve `modules.tokenized-deposit.tokenized_deposit_0113` in messages for locale `en-US`.
    at getFallbackFromErrorAndNotify (webpack-internal:///(app-pages-browser)/../../node_modules/.pnpm/use-intl@4.13.0_react@19.2.7/node_modules/use-intl/dist/esm/development/initializeConfig-CUsOI8u2.js:108:19)
    at translateBaseFn (webpack-internal:///(app-pages-browser)/../../node_modules/.pnpm/use-intl@4.13.0_react@19.2.7/node_modules/use-intl/dist/esm/development/initializeConfig-CUsOI8u2.js:141:18)
    at translateFn (webpack-internal:///(app-pages-browser)/../../node_modules/.pnpm/use-intl@4.13.0_react@19.2.7/node_modules/use-intl/dist/esm/development/initializeConfig-CUsOI8u2.js:173:20)
    at WalletFieldGroup (webpack-internal:///(app-pages-browser)/../../libs/modules/tokenized-deposit/feature/src/lib/tokenized-deposit-edit/wallet-field-group.tsx:20:32)
    at Object.react_stack_bottom_frame (webpack-internal:///(app-pages-browser)/../../node_modules/.pnpm/next@16.1.7_@babel+core@7.29.7_@playwright+test@1.60.0_react-dom@19.2.7_react@19.2.7/node_modules/next/dist/compiled/react-dom/cjs/react-dom-client.development.js:28039:20)
    at renderWithHooksAgain (webpack-internal:///(app-pages-browser)/../../node_modules/.pnpm/next@16.1.7_@babel+core@7.29.7_@playwright+test@1.60.0_react-dom@19.2.7_react@19.2.7/node_modules/next/dist/compiled/react-dom/cjs/react-dom-client.development.js:8085:20)
    at renderWithHooks (webpack-internal:///(app-pages-browser)/../../node_modules/.pnpm/next@16.1.7_@babel+core@7.29.7_@playwright+test@1.60.0_react-dom@19.2.7_react@19.2.7/node_modules/next/dist/compiled/react-dom/cjs/react-dom-client.development.js:7997:22)
    at updateFunctionComponent (webpack-internal:///(app-pages-browser)/../../node_modules/.pnpm/next@16.1.7_@babel+core@7.29.7_@playwright+test@1.60.0_react-dom@19.2.7_react@19.2.7/node_modules/next/dist/compiled/react-dom/cjs/react-dom-client.development.js:10502:19)
    at beginWork (webpack-internal:///(app-pages-browser)/../../node_modules/.pnpm/next@16.1.7_@babel+core@7.29.7_@playwright+test@1.60.0_react-dom@19.2.7_react@19.2.7/node_modules/next/dist/compiled/react-dom/cjs/react-dom-client.development.js:12137:18)
    at runWithFiberInDEV (webpack-internal:///(app-pages-browser)/../../node_modules/.pnpm/next@16.1.7_@babel+core@7.29.7_@playwright+test@1.60.0_react-dom@19.2.7_react@19.2.7/node_modules/next/dist/compiled/react-dom/cjs/react-dom-client.development.js:987:30)
    at performUnitOfWork (webpack-internal:///(app-pages-browser)/../../node_modules/.pnpm/next@16.1.7_@babel+core@7.29.7_@playwright+test@1.60.0_react-dom@19.2.7_react@19.2.7/node_modules/next/dist/compiled/react-dom/cjs/react-dom-client.development.js:18998:22)
    at workLoopSync (webpack-internal:///(app-pages-browser)/../../node_modules/.pnpm/next@16.1.7_@babel+core@7.29.7_@playwright+test@1.60.0_react-dom@19.2.7_react@19.2.7/node_modules/next/dist/compiled/react-dom/cjs/react-dom-client.development.js:18826:41)
    at renderRootSync (webpack-internal:///(app-pages-browser)/../../node_modules/.pnpm/next@16.1.7_@babel+core@7.29.7_@playwright+test@1.60.0_react-dom@19.2.7_react@19.2.7/node_modules/next/dist/compiled/react-dom/cjs/react-dom-client.development.js:18807:11)
    at performWorkOnRoot (webpack-internal:///(app-pages-browser)/../../node_modules/.pnpm/next@16.1.7_@babel+core@7.29.7_@playwright+test@1.60.0_react-dom@19.2.7_react@19.2.7/node_modules/next/dist/compiled/react-dom/cjs/react-dom-client.development.js:17836:11)
    at performSyncWorkOnRoot (webpack-internal:///(app-pages-browser)/../../node_modules/.pnpm/next@16.1.7_@babel+core@7.29.7_@playwright+test@1.60.0_react-dom@19.2.7_react@19.2.7/node_modules/next/dist/compiled/react-dom/cjs/react-dom-client.development.js:20400:7)
    at flushSyncWorkAcrossRoots_impl (webpack-internal:///(app-pages-browser)/../../node_modules/.pnpm/next@16.1.7_@babel+core@7.29.7_@playwright+test@1.60.0_react-dom@19.2.7_react@19.2.7/node_modules/next/dist/compiled/react-dom/cjs/react-dom-client.development.js:20242:21)
    at processRootScheduleInMicrotask (webpack-internal:///(app-pages-browser)/../../node_modules/.pnpm/next@16.1.7_@babel+core@7.29.7_@playwright+test@1.60.0_react-dom@19.2.7_react@19.2.7/node_modules/next/dist/compiled/react-dom/cjs/react-dom-client.development.js:20281:9)
    at eval (webpack-internal:///(app-pages-browser)/../../node_modules/.pnpm/next@16.1.7_@babel+core@7.29.7_@playwright+test@1.60.0_react-dom@19.2.7_react@19.2.7/node_modules/next/dist/compiled/react-dom/cjs/react-dom-client.development.js:20419:13) @ webpack-internal:///(app-pages-browser)/../../node_modules/.pnpm/next@16.1.7_@babel+core@7.29.7_@playwright+test@1.60.0_react-dom@19.2.7_react@19.2.7/node_modules/next/dist/next-devtools/userspace/app/errors/intercept-console-error.js:51
[    2465ms] [ERROR] IntlError: MISSING_MESSAGE: Could not resolve `modules.tokenized-deposit.tokenized_deposit_0114` in messages for locale `en-US`.
    at getFallbackFromErrorAndNotify (webpack-internal:///(app-pages-browser)/../../node_modules/.pnpm/use-intl@4.13.0_react@19.2.7/node_modules/use-intl/dist/esm/development/initializeConfig-CUsOI8u2.js:108:19)
    at translateBaseFn (webpack-internal:///(app-pages-browser)/../../node_modules/.pnpm/use-intl@4.13.0_react@19.2.7/node_modules/use-intl/dist/esm/development/initializeConfig-CUsOI8u2.js:141:18)
    at translateFn (webpack-internal:///(app-pages-browser)/../../node_modules/.pnpm/use-intl@4.13.0_react@19.2.7/node_modules/use-intl/dist/esm/development/initializeConfig-CUsOI8u2.js:173:20)
    at WalletFieldGroup (webpack-internal:///(app-pages-browser)/../../libs/modules/tokenized-deposit/feature/src/lib/tokenized-deposit-edit/wallet-field-group.tsx:20:32)
    at Object.react_stack_bottom_frame (webpack-internal:///(app-pages-browser)/../../node_modules/.pnpm/next@16.1.7_@babel+core@7.29.7_@playwright+test@1.60.0_react-dom@19.2.7_react@19.2.7/node_modules/next/dist/compiled/react-dom/cjs/react-dom-client.development.js:28039:20)
    at renderWithHooks (webpack-internal:///(app-pages-browser)/../../node_modules/.pnpm/next@16.1.7_@babel+core@7.29.7_@playwright+test@1.60.0_react-dom@19.2.7_react@19.2.7/node_modules/next/dist/compiled/react-dom/cjs/react-dom-client.development.js:7985:22)
    at updateFunctionComponent (webpack-internal:///(app-pages-browser)/../../node_modules/.pnpm/next@16.1.7_@babel+core@7.29.7_@playwright+test@1.60.0_react-dom@19.2.7_react@19.2.7/node_modules/next/dist/compiled/react-dom/cjs/react-dom-client.development.js:10502:19)
    at beginWork (webpack-internal:///(app-pages-browser)/../../node_modules/.pnpm/next@16.1.7_@babel+core@7.29.7_@playwright+test@1.60.0_react-dom@19.2.7_react@19.2.7/node_modules/next/dist/compiled/react-dom/cjs/react-dom-client.development.js:12137:18)
    at runWithFiberInDEV (webpack-internal:///(app-pages-browser)/../../node_modules/.pnpm/next@16.1.7_@babel+core@7.29.7_@playwright+test@1.60.0_react-dom@19.2.7_react@19.2.7/node_modules/next/dist/compiled/react-dom/cjs/react-dom-client.development.js:987:30)
    at performUnitOfWork (webpack-internal:///(app-pages-browser)/../../node_modules/.pnpm/next@16.1.7_@babel+core@7.29.7_@playwright+test@1.60.0_react-dom@19.2.7_react@19.2.7/node_modules/next/dist/compiled/react-dom/cjs/react-dom-client.development.js:18998:22)
    at workLoopSync (webpack-internal:///(app-pages-browser)/../../node_modules/.pnpm/next@16.1.7_@babel+core@7.29.7_@playwright+test@1.60.0_react-dom@19.2.7_react@19.2.7/node_modules/next/dist/compiled/react-dom/cjs/react-dom-client.development.js:18826:41)
    at renderRootSync (webpack-internal:///(app-pages-browser)/../../node_modules/.pnpm/next@16.1.7_@babel+core@7.29.7_@playwright+test@1.60.0_react-dom@19.2.7_react@19.2.7/node_modules/next/dist/compiled/react-dom/cjs/react-dom-client.development.js:18807:11)
    at performWorkOnRoot (webpack-internal:///(app-pages-browser)/../../node_modules/.pnpm/next@16.1.7_@babel+core@7.29.7_@playwright+test@1.60.0_react-dom@19.2.7_react@19.2.7/node_modules/next/dist/compiled/react-dom/cjs/react-dom-client.development.js:17836:11)
    at performSyncWorkOnRoot (webpack-internal:///(app-pages-browser)/../../node_modules/.pnpm/next@16.1.7_@babel+core@7.29.7_@playwright+test@1.60.0_react-dom@19.2.7_react@19.2.7/node_modules/next/dist/compiled/react-dom/cjs/react-dom-client.development.js:20400:7)
    at flushSyncWorkAcrossRoots_impl (webpack-internal:///(app-pages-browser)/../../node_modules/.pnpm/next@16.1.7_@babel+core@7.29.7_@playwright+test@1.60.0_react-dom@19.2.7_react@19.2.7/node_modules/next/dist/compiled/react-dom/cjs/react-dom-client.development.js:20242:21)
    at processRootScheduleInMicrotask (webpack-internal:///(app-pages-browser)/../../node_modules/.pnpm/next@16.1.7_@babel+core@7.29.7_@playwright+test@1.60.0_react-dom@19.2.7_react@19.2.7/node_modules/next/dist/compiled/react-dom/cjs/react-dom-client.development.js:20281:9)
    at eval (webpack-internal:///(app-pages-browser)/../../node_modules/.pnpm/next@16.1.7_@babel+core@7.29.7_@playwright+test@1.60.0_react-dom@19.2.7_react@19.2.7/node_modules/next/dist/compiled/react-dom/cjs/react-dom-client.development.js:20419:13) @ webpack-internal:///(app-pages-browser)/../../node_modules/.pnpm/next@16.1.7_@babel+core@7.29.7_@playwright+test@1.60.0_react-dom@19.2.7_react@19.2.7/node_modules/next/dist/next-devtools/userspace/app/errors/intercept-console-error.js:51
[    2466ms] [ERROR] IntlError: MISSING_MESSAGE: Could not resolve `modules.tokenized-deposit.tokenized_deposit_0114` in messages for locale `en-US`.
    at getFallbackFromErrorAndNotify (webpack-internal:///(app-pages-browser)/../../node_modules/.pnpm/use-intl@4.13.0_react@19.2.7/node_modules/use-intl/dist/esm/development/initializeConfig-CUsOI8u2.js:108:19)
    at translateBaseFn (webpack-internal:///(app-pages-browser)/../../node_modules/.pnpm/use-intl@4.13.0_react@19.2.7/node_modules/use-intl/dist/esm/development/initializeConfig-CUsOI8u2.js:141:18)
    at translateFn (webpack-internal:///(app-pages-browser)/../../node_modules/.pnpm/use-intl@4.13.0_react@19.2.7/node_modules/use-intl/dist/esm/development/initializeConfig-CUsOI8u2.js:173:20)
    at WalletFieldGroup (webpack-internal:///(app-pages-browser)/../../libs/modules/tokenized-deposit/feature/src/lib/tokenized-deposit-edit/wallet-field-group.tsx:20:32)
    at Object.react_stack_bottom_frame (webpack-internal:///(app-pages-browser)/../../node_modules/.pnpm/next@16.1.7_@babel+core@7.29.7_@playwright+test@1.60.0_react-dom@19.2.7_react@19.2.7/node_modules/next/dist/compiled/react-dom/cjs/react-dom-client.development.js:28039:20)
    at renderWithHooksAgain (webpack-internal:///(app-pages-browser)/../../node_modules/.pnpm/next@16.1.7_@babel+core@7.29.7_@playwright+test@1.60.0_react-dom@19.2.7_react@19.2.7/node_modules/next/dist/compiled/react-dom/cjs/react-dom-client.development.js:8085:20)
    at renderWithHooks (webpack-internal:///(app-pages-browser)/../../node_modules/.pnpm/next@16.1.7_@babel+core@7.29.7_@playwright+test@1.60.0_react-dom@19.2.7_react@19.2.7/node_modules/next/dist/compiled/react-dom/cjs/react-dom-client.development.js:7997:22)
    at updateFunctionComponent (webpack-internal:///(app-pages-browser)/../../node_modules/.pnpm/next@16.1.7_@babel+core@7.29.7_@playwright+test@1.60.0_react-dom@19.2.7_react@19.2.7/node_modules/next/dist/compiled/react-dom/cjs/react-dom-client.development.js:10502:19)
    at beginWork (webpack-internal:///(app-pages-browser)/../../node_modules/.pnpm/next@16.1.7_@babel+core@7.29.7_@playwright+test@1.60.0_react-dom@19.2.7_react@19.2.7/node_modules/next/dist/compiled/react-dom/cjs/react-dom-client.development.js:12137:18)
    at runWithFiberInDEV (webpack-internal:///(app-pages-browser)/../../node_modules/.pnpm/next@16.1.7_@babel+core@7.29.7_@playwright+test@1.60.0_react-dom@19.2.7_react@19.2.7/node_modules/next/dist/compiled/react-dom/cjs/react-dom-client.development.js:987:30)
    at performUnitOfWork (webpack-internal:///(app-pages-browser)/../../node_modules/.pnpm/next@16.1.7_@babel+core@7.29.7_@playwright+test@1.60.0_react-dom@19.2.7_react@19.2.7/node_modules/next/dist/compiled/react-dom/cjs/react-dom-client.development.js:18998:22)
    at workLoopSync (webpack-internal:///(app-pages-browser)/../../node_modules/.pnpm/next@16.1.7_@babel+core@7.29.7_@playwright+test@1.60.0_react-dom@19.2.7_react@19.2.7/node_modules/next/dist/compiled/react-dom/cjs/react-dom-client.development.js:18826:41)
    at renderRootSync (webpack-internal:///(app-pages-browser)/../../node_modules/.pnpm/next@16.1.7_@babel+core@7.29.7_@playwright+test@1.60.0_react-dom@19.2.7_react@19.2.7/node_modules/next/dist/compiled/react-dom/cjs/react-dom-client.development.js:18807:11)
    at performWorkOnRoot (webpack-internal:///(app-pages-browser)/../../node_modules/.pnpm/next@16.1.7_@babel+core@7.29.7_@playwright+test@1.60.0_react-dom@19.2.7_react@19.2.7/node_modules/next/dist/compiled/react-dom/cjs/react-dom-client.development.js:17836:11)
    at performSyncWorkOnRoot (webpack-internal:///(app-pages-browser)/../../node_modules/.pnpm/next@16.1.7_@babel+core@7.29.7_@playwright+test@1.60.0_react-dom@19.2.7_react@19.2.7/node_modules/next/dist/compiled/react-dom/cjs/react-dom-client.development.js:20400:7)
    at flushSyncWorkAcrossRoots_impl (webpack-internal:///(app-pages-browser)/../../node_modules/.pnpm/next@16.1.7_@babel+core@7.29.7_@playwright+test@1.60.0_react-dom@19.2.7_react@19.2.7/node_modules/next/dist/compiled/react-dom/cjs/react-dom-client.development.js:20242:21)
    at processRootScheduleInMicrotask (webpack-internal:///(app-pages-browser)/../../node_modules/.pnpm/next@16.1.7_@babel+core@7.29.7_@playwright+test@1.60.0_react-dom@19.2.7_react@19.2.7/node_modules/next/dist/compiled/react-dom/cjs/react-dom-client.development.js:20281:9)
    at eval (webpack-internal:///(app-pages-browser)/../../node_modules/.pnpm/next@16.1.7_@babel+core@7.29.7_@playwright+test@1.60.0_react-dom@19.2.7_react@19.2.7/node_modules/next/dist/compiled/react-dom/cjs/react-dom-client.development.js:20419:13) @ webpack-internal:///(app-pages-browser)/../../node_modules/.pnpm/next@16.1.7_@babel+core@7.29.7_@playwright+test@1.60.0_react-dom@19.2.7_react@19.2.7/node_modules/next/dist/next-devtools/userspace/app/errors/intercept-console-error.js:51
[    2468ms] [ERROR] IntlError: MISSING_MESSAGE: Could not resolve `modules.tokenized-deposit.tokenized_deposit_0112` in messages for locale `en-US`.
    at getFallbackFromErrorAndNotify (webpack-internal:///(app-pages-browser)/../../node_modules/.pnpm/use-intl@4.13.0_react@19.2.7/node_modules/use-intl/dist/esm/development/initializeConfig-CUsOI8u2.js:108:19)
    at translateBaseFn (webpack-internal:///(app-pages-browser)/../../node_modules/.pnpm/use-intl@4.13.0_react@19.2.7/node_modules/use-intl/dist/esm/development/initializeConfig-CUsOI8u2.js:141:18)
    at translateFn (webpack-internal:///(app-pages-browser)/../../node_modules/.pnpm/use-intl@4.13.0_react@19.2.7/node_modules/use-intl/dist/esm/development/initializeConfig-CUsOI8u2.js:173:20)
    at RigsecWalletModal (webpack-internal:///(app-pages-browser)/../../libs/modules/tokenized-deposit/feature/src/lib/tokenized-deposit-edit/rigsec-wallet-modal.tsx:23:23)
    at Object.react_stack_bottom_frame (webpack-internal:///(app-pages-browser)/../../node_modules/.pnpm/next@16.1.7_@babel+core@7.29.7_@playwright+test@1.60.0_react-dom@19.2.7_react@19.2.7/node_modules/next/dist/compiled/react-dom/cjs/react-dom-client.development.js:28039:20)
    at renderWithHooks (webpack-internal:///(app-pages-browser)/../../node_modules/.pnpm/next@16.1.7_@babel+core@7.29.7_@playwright+test@1.60.0_react-dom@19.2.7_react@19.2.7/node_modules/next/dist/compiled/react-dom/cjs/react-dom-client.development.js:7985:22)
    at updateFunctionComponent (webpack-internal:///(app-pages-browser)/../../node_modules/.pnpm/next@16.1.7_@babel+core@7.29.7_@playwright+test@1.60.0_react-dom@19.2.7_react@19.2.7/node_modules/next/dist/compiled/react-dom/cjs/react-dom-client.development.js:10502:19)
    at beginWork (webpack-internal:///(app-pages-browser)/../../node_modules/.pnpm/next@16.1.7_@babel+core@7.29.7_@playwright+test@1.60.0_react-dom@19.2.7_react@19.2.7/node_modules/next/dist/compiled/react-dom/cjs/react-dom-client.development.js:12137:18)
    at runWithFiberInDEV (webpack-internal:///(app-pages-browser)/../../node_modules/.pnpm/next@16.1.7_@babel+core@7.29.7_@playwright+test@1.60.0_react-dom@19.2.7_react@19.2.7/node_modules/next/dist/compiled/react-dom/cjs/react-dom-client.development.js:987:30)
    at performUnitOfWork (webpack-internal:///(app-pages-browser)/../../node_modules/.pnpm/next@16.1.7_@babel+core@7.29.7_@playwright+test@1.60.0_react-dom@19.2.7_react@19.2.7/node_modules/next/dist/compiled/react-dom/cjs/react-dom-client.development.js:18998:22)
    at workLoopSync (webpack-internal:///(app-pages-browser)/../../node_modules/.pnpm/next@16.1.7_@babel+core@7.29.7_@playwright+test@1.60.0_react-dom@19.2.7_react@19.2.7/node_modules/next/dist/compiled/react-dom/cjs/react-dom-client.development.js:18826:41)
    at renderRootSync (webpack-internal:///(app-pages-browser)/../../node_modules/.pnpm/next@16.1.7_@babel+core@7.29.7_@playwright+test@1.60.0_react-dom@19.2.7_react@19.2.7/node_modules/next/dist/compiled/react-dom/cjs/react-dom-client.development.js:18807:11)
    at performWorkOnRoot (webpack-internal:///(app-pages-browser)/../../node_modules/.pnpm/next@16.1.7_@babel+core@7.29.7_@playwright+test@1.60.0_react-dom@19.2.7_react@19.2.7/node_modules/next/dist/compiled/react-dom/cjs/react-dom-client.development.js:17836:11)
    at performSyncWorkOnRoot (webpack-internal:///(app-pages-browser)/../../node_modules/.pnpm/next@16.1.7_@babel+core@7.29.7_@playwright+test@1.60.0_react-dom@19.2.7_react@19.2.7/node_modules/next/dist/compiled/react-dom/cjs/react-dom-client.development.js:20400:7)
    at flushSyncWorkAcrossRoots_impl (webpack-internal:///(app-pages-browser)/../../node_modules/.pnpm/next@16.1.7_@babel+core@7.29.7_@playwright+test@1.60.0_react-dom@19.2.7_react@19.2.7/node_modules/next/dist/compiled/react-dom/cjs/react-dom-client.development.js:20242:21)
    at processRootScheduleInMicrotask (webpack-internal:///(app-pages-browser)/../../node_modules/.pnpm/next@16.1.7_@babel+core@7.29.7_@playwright+test@1.60.0_react-dom@19.2.7_react@19.2.7/node_modules/next/dist/compiled/react-dom/cjs/react-dom-client.development.js:20281:9)
    at eval (webpack-internal:///(app-pages-browser)/../../node_modules/.pnpm/next@16.1.7_@babel+core@7.29.7_@playwright+test@1.60.0_react-dom@19.2.7_react@19.2.7/node_modules/next/dist/compiled/react-dom/cjs/react-dom-client.development.js:20419:13) @ webpack-internal:///(app-pages-browser)/../../node_modules/.pnpm/next@16.1.7_@babel+core@7.29.7_@playwright+test@1.60.0_react-dom@19.2.7_react@19.2.7/node_modules/next/dist/next-devtools/userspace/app/errors/intercept-console-error.js:51
[    2469ms] [ERROR] IntlError: MISSING_MESSAGE: Could not resolve `modules.tokenized-deposit.tokenized_deposit_0112` in messages for locale `en-US`.
    at getFallbackFromErrorAndNotify (webpack-internal:///(app-pages-browser)/../../node_modules/.pnpm/use-intl@4.13.0_react@19.2.7/node_modules/use-intl/dist/esm/development/initializeConfig-CUsOI8u2.js:108:19)
    at translateBaseFn (webpack-internal:///(app-pages-browser)/../../node_modules/.pnpm/use-intl@4.13.0_react@19.2.7/node_modules/use-intl/dist/esm/development/initializeConfig-CUsOI8u2.js:141:18)
    at translateFn (webpack-internal:///(app-pages-browser)/../../node_modules/.pnpm/use-intl@4.13.0_react@19.2.7/node_modules/use-intl/dist/esm/development/initializeConfig-CUsOI8u2.js:173:20)
    at RigsecWalletModal (webpack-internal:///(app-pages-browser)/../../libs/modules/tokenized-deposit/feature/src/lib/tokenized-deposit-edit/rigsec-wallet-modal.tsx:23:23)
    at Object.react_stack_bottom_frame (webpack-internal:///(app-pages-browser)/../../node_modules/.pnpm/next@16.1.7_@babel+core@7.29.7_@playwright+test@1.60.0_react-dom@19.2.7_react@19.2.7/node_modules/next/dist/compiled/react-dom/cjs/react-dom-client.development.js:28039:20)
    at renderWithHooksAgain (webpack-internal:///(app-pages-browser)/../../node_modules/.pnpm/next@16.1.7_@babel+core@7.29.7_@playwright+test@1.60.0_react-dom@19.2.7_react@19.2.7/node_modules/next/dist/compiled/react-dom/cjs/react-dom-client.development.js:8085:20)
    at renderWithHooks (webpack-internal:///(app-pages-browser)/../../node_modules/.pnpm/next@16.1.7_@babel+core@7.29.7_@playwright+test@1.60.0_react-dom@19.2.7_react@19.2.7/node_modules/next/dist/compiled/react-dom/cjs/react-dom-client.development.js:7997:22)
    at updateFunctionComponent (webpack-internal:///(app-pages-browser)/../../node_modules/.pnpm/next@16.1.7_@babel+core@7.29.7_@playwright+test@1.60.0_react-dom@19.2.7_react@19.2.7/node_modules/next/dist/compiled/react-dom/cjs/react-dom-client.development.js:10502:19)
    at beginWork (webpack-internal:///(app-pages-browser)/../../node_modules/.pnpm/next@16.1.7_@babel+core@7.29.7_@playwright+test@1.60.0_react-dom@19.2.7_react@19.2.7/node_modules/next/dist/compiled/react-dom/cjs/react-dom-client.development.js:12137:18)
    at runWithFiberInDEV (webpack-internal:///(app-pages-browser)/../../node_modules/.pnpm/next@16.1.7_@babel+core@7.29.7_@playwright+test@1.60.0_react-dom@19.2.7_react@19.2.7/node_modules/next/dist/compiled/react-dom/cjs/react-dom-client.development.js:987:30)
    at performUnitOfWork (webpack-internal:///(app-pages-browser)/../../node_modules/.pnpm/next@16.1.7_@babel+core@7.29.7_@playwright+test@1.60.0_react-dom@19.2.7_react@19.2.7/node_modules/next/dist/compiled/react-dom/cjs/react-dom-client.development.js:18998:22)
    at workLoopSync (webpack-internal:///(app-pages-browser)/../../node_modules/.pnpm/next@16.1.7_@babel+core@7.29.7_@playwright+test@1.60.0_react-dom@19.2.7_react@19.2.7/node_modules/next/dist/compiled/react-dom/cjs/react-dom-client.development.js:18826:41)
    at renderRootSync (webpack-internal:///(app-pages-browser)/../../node_modules/.pnpm/next@16.1.7_@babel+core@7.29.7_@playwright+test@1.60.0_react-dom@19.2.7_react@19.2.7/node_modules/next/dist/compiled/react-dom/cjs/react-dom-client.development.js:18807:11)
    at performWorkOnRoot (webpack-internal:///(app-pages-browser)/../../node_modules/.pnpm/next@16.1.7_@babel+core@7.29.7_@playwright+test@1.60.0_react-dom@19.2.7_react@19.2.7/node_modules/next/dist/compiled/react-dom/cjs/react-dom-client.development.js:17836:11)
    at performSyncWorkOnRoot (webpack-internal:///(app-pages-browser)/../../node_modules/.pnpm/next@16.1.7_@babel+core@7.29.7_@playwright+test@1.60.0_react-dom@19.2.7_react@19.2.7/node_modules/next/dist/compiled/react-dom/cjs/react-dom-client.development.js:20400:7)
    at flushSyncWorkAcrossRoots_impl (webpack-internal:///(app-pages-browser)/../../node_modules/.pnpm/next@16.1.7_@babel+core@7.29.7_@playwright+test@1.60.0_react-dom@19.2.7_react@19.2.7/node_modules/next/dist/compiled/react-dom/cjs/react-dom-client.development.js:20242:21)
    at processRootScheduleInMicrotask (webpack-internal:///(app-pages-browser)/../../node_modules/.pnpm/next@16.1.7_@babel+core@7.29.7_@playwright+test@1.60.0_react-dom@19.2.7_react@19.2.7/node_modules/next/dist/compiled/react-dom/cjs/react-dom-client.development.js:20281:9)
    at eval (webpack-internal:///(app-pages-browser)/../../node_modules/.pnpm/next@16.1.7_@babel+core@7.29.7_@playwright+test@1.60.0_react-dom@19.2.7_react@19.2.7/node_modules/next/dist/compiled/react-dom/cjs/react-dom-client.development.js:20419:13) @ webpack-internal:///(app-pages-browser)/../../node_modules/.pnpm/next@16.1.7_@babel+core@7.29.7_@playwright+test@1.60.0_react-dom@19.2.7_react@19.2.7/node_modules/next/dist/next-devtools/userspace/app/errors/intercept-console-error.js:51
[    2597ms] [ERROR] IntlError: MISSING_MESSAGE: Could not resolve `modules.tokenized-deposit.tokenized_deposit_0112` in messages for locale `en-US`.
    at getFallbackFromErrorAndNotify (webpack-internal:///(app-pages-browser)/../../node_modules/.pnpm/use-intl@4.13.0_react@19.2.7/node_modules/use-intl/dist/esm/development/initializeConfig-CUsOI8u2.js:108:19)
    at translateBaseFn (webpack-internal:///(app-pages-browser)/../../node_modules/.pnpm/use-intl@4.13.0_react@19.2.7/node_modules/use-intl/dist/esm/development/initializeConfig-CUsOI8u2.js:141:18)
    at translateFn (webpack-internal:///(app-pages-browser)/../../node_modules/.pnpm/use-intl@4.13.0_react@19.2.7/node_modules/use-intl/dist/esm/development/initializeConfig-CUsOI8u2.js:173:20)
    at WalletFieldGroup (webpack-internal:///(app-pages-browser)/../../libs/modules/tokenized-deposit/feature/src/lib/tokenized-deposit-edit/wallet-field-group.tsx:20:32)
    at Object.react_stack_bottom_frame (webpack-internal:///(app-pages-browser)/../../node_modules/.pnpm/next@16.1.7_@babel+core@7.29.7_@playwright+test@1.60.0_react-dom@19.2.7_react@19.2.7/node_modules/next/dist/compiled/react-dom/cjs/react-dom-client.development.js:28039:20)
    at renderWithHooks (webpack-internal:///(app-pages-browser)/../../node_modules/.pnpm/next@16.1.7_@babel+core@7.29.7_@playwright+test@1.60.0_react-dom@19.2.7_react@19.2.7/node_modules/next/dist/compiled/react-dom/cjs/react-dom-client.development.js:7985:22)
    at updateFunctionComponent (webpack-internal:///(app-pages-browser)/../../node_modules/.pnpm/next@16.1.7_@babel+core@7.29.7_@playwright+test@1.60.0_react-dom@19.2.7_react@19.2.7/node_modules/next/dist/compiled/react-dom/cjs/react-dom-client.development.js:10502:19)
    at beginWork (webpack-internal:///(app-pages-browser)/../../node_modules/.pnpm/next@16.1.7_@babel+core@7.29.7_@playwright+test@1.60.0_react-dom@19.2.7_react@19.2.7/node_modules/next/dist/compiled/react-dom/cjs/react-dom-client.development.js:12137:18)
    at runWithFiberInDEV (webpack-internal:///(app-pages-browser)/../../node_modules/.pnpm/next@16.1.7_@babel+core@7.29.7_@playwright+test@1.60.0_react-dom@19.2.7_react@19.2.7/node_modules/next/dist/compiled/react-dom/cjs/react-dom-client.development.js:987:30)
    at performUnitOfWork (webpack-internal:///(app-pages-browser)/../../node_modules/.pnpm/next@16.1.7_@babel+core@7.29.7_@playwright+test@1.60.0_react-dom@19.2.7_react@19.2.7/node_modules/next/dist/compiled/react-dom/cjs/react-dom-client.development.js:18998:22)
    at workLoopSync (webpack-internal:///(app-pages-browser)/../../node_modules/.pnpm/next@16.1.7_@babel+core@7.29.7_@playwright+test@1.60.0_react-dom@19.2.7_react@19.2.7/node_modules/next/dist/compiled/react-dom/cjs/react-dom-client.development.js:18826:41)
    at renderRootSync (webpack-internal:///(app-pages-browser)/../../node_modules/.pnpm/next@16.1.7_@babel+core@7.29.7_@playwright+test@1.60.0_react-dom@19.2.7_react@19.2.7/node_modules/next/dist/compiled/react-dom/cjs/react-dom-client.development.js:18807:11)
    at performWorkOnRoot (webpack-internal:///(app-pages-browser)/../../node_modules/.pnpm/next@16.1.7_@babel+core@7.29.7_@playwright+test@1.60.0_react-dom@19.2.7_react@19.2.7/node_modules/next/dist/compiled/react-dom/cjs/react-dom-client.development.js:17836:11)
    at performSyncWorkOnRoot (webpack-internal:///(app-pages-browser)/../../node_modules/.pnpm/next@16.1.7_@babel+core@7.29.7_@playwright+test@1.60.0_react-dom@19.2.7_react@19.2.7/node_modules/next/dist/compiled/react-dom/cjs/react-dom-client.development.js:20400:7)
    at flushSyncWorkAcrossRoots_impl (webpack-internal:///(app-pages-browser)/../../node_modules/.pnpm/next@16.1.7_@babel+core@7.29.7_@playwright+test@1.60.0_react-dom@19.2.7_react@19.2.7/node_modules/next/dist/compiled/react-dom/cjs/react-dom-client.development.js:20242:21)
    at processRootScheduleInMicrotask (webpack-internal:///(app-pages-browser)/../../node_modules/.pnpm/next@16.1.7_@babel+core@7.29.7_@playwright+test@1.60.0_react-dom@19.2.7_react@19.2.7/node_modules/next/dist/compiled/react-dom/cjs/react-dom-client.development.js:20281:9)
    at eval (webpack-internal:///(app-pages-browser)/../../node_modules/.pnpm/next@16.1.7_@babel+core@7.29.7_@playwright+test@1.60.0_react-dom@19.2.7_react@19.2.7/node_modules/next/dist/compiled/react-dom/cjs/react-dom-client.development.js:20419:13) @ webpack-internal:///(app-pages-browser)/../../node_modules/.pnpm/next@16.1.7_@babel+core@7.29.7_@playwright+test@1.60.0_react-dom@19.2.7_react@19.2.7/node_modules/next/dist/next-devtools/userspace/app/errors/intercept-console-error.js:51
[    2597ms] [ERROR] IntlError: MISSING_MESSAGE: Could not resolve `modules.tokenized-deposit.tokenized_deposit_0112` in messages for locale `en-US`.
    at getFallbackFromErrorAndNotify (webpack-internal:///(app-pages-browser)/../../node_modules/.pnpm/use-intl@4.13.0_react@19.2.7/node_modules/use-intl/dist/esm/development/initializeConfig-CUsOI8u2.js:108:19)
    at translateBaseFn (webpack-internal:///(app-pages-browser)/../../node_modules/.pnpm/use-intl@4.13.0_react@19.2.7/node_modules/use-intl/dist/esm/development/initializeConfig-CUsOI8u2.js:141:18)
    at translateFn (webpack-internal:///(app-pages-browser)/../../node_modules/.pnpm/use-intl@4.13.0_react@19.2.7/node_modules/use-intl/dist/esm/development/initializeConfig-CUsOI8u2.js:173:20)
    at WalletFieldGroup (webpack-internal:///(app-pages-browser)/../../libs/modules/tokenized-deposit/feature/src/lib/tokenized-deposit-edit/wallet-field-group.tsx:20:32)
    at Object.react_stack_bottom_frame (webpack-internal:///(app-pages-browser)/../../node_modules/.pnpm/next@16.1.7_@babel+core@7.29.7_@playwright+test@1.60.0_react-dom@19.2.7_react@19.2.7/node_modules/next/dist/compiled/react-dom/cjs/react-dom-client.development.js:28039:20)
    at renderWithHooksAgain (webpack-internal:///(app-pages-browser)/../../node_modules/.pnpm/next@16.1.7_@babel+core@7.29.7_@playwright+test@1.60.0_react-dom@19.2.7_react@19.2.7/node_modules/next/dist/compiled/react-dom/cjs/react-dom-client.development.js:8085:20)
    at renderWithHooks (webpack-internal:///(app-pages-browser)/../../node_modules/.pnpm/next@16.1.7_@babel+core@7.29.7_@playwright+test@1.60.0_react-dom@19.2.7_react@19.2.7/node_modules/next/dist/compiled/react-dom/cjs/react-dom-client.development.js:7997:22)
    at updateFunctionComponent (webpack-internal:///(app-pages-browser)/../../node_modules/.pnpm/next@16.1.7_@babel+core@7.29.7_@playwright+test@1.60.0_react-dom@19.2.7_react@19.2.7/node_modules/next/dist/compiled/react-dom/cjs/react-dom-client.development.js:10502:19)
    at beginWork (webpack-internal:///(app-pages-browser)/../../node_modules/.pnpm/next@16.1.7_@babel+core@7.29.7_@playwright+test@1.60.0_react-dom@19.2.7_react@19.2.7/node_modules/next/dist/compiled/react-dom/cjs/react-dom-client.development.js:12137:18)
    at runWithFiberInDEV (webpack-internal:///(app-pages-browser)/../../node_modules/.pnpm/next@16.1.7_@babel+core@7.29.7_@playwright+test@1.60.0_react-dom@19.2.7_react@19.2.7/node_modules/next/dist/compiled/react-dom/cjs/react-dom-client.development.js:987:30)
    at performUnitOfWork (webpack-internal:///(app-pages-browser)/../../node_modules/.pnpm/next@16.1.7_@babel+core@7.29.7_@playwright+test@1.60.0_react-dom@19.2.7_react@19.2.7/node_modules/next/dist/compiled/react-dom/cjs/react-dom-client.development.js:18998:22)
    at workLoopSync (webpack-internal:///(app-pages-browser)/../../node_modules/.pnpm/next@16.1.7_@babel+core@7.29.7_@playwright+test@1.60.0_react-dom@19.2.7_react@19.2.7/node_modules/next/dist/compiled/react-dom/cjs/react-dom-client.development.js:18826:41)
    at renderRootSync (webpack-internal:///(app-pages-browser)/../../node_modules/.pnpm/next@16.1.7_@babel+core@7.29.7_@playwright+test@1.60.0_react-dom@19.2.7_react@19.2.7/node_modules/next/dist/compiled/react-dom/cjs/react-dom-client.development.js:18807:11)
    at performWorkOnRoot (webpack-internal:///(app-pages-browser)/../../node_modules/.pnpm/next@16.1.7_@babel+core@7.29.7_@playwright+test@1.60.0_react-dom@19.2.7_react@19.2.7/node_modules/next/dist/compiled/react-dom/cjs/react-dom-client.development.js:17836:11)
    at performSyncWorkOnRoot (webpack-internal:///(app-pages-browser)/../../node_modules/.pnpm/next@16.1.7_@babel+core@7.29.7_@playwright+test@1.60.0_react-dom@19.2.7_react@19.2.7/node_modules/next/dist/compiled/react-dom/cjs/react-dom-client.development.js:20400:7)
    at flushSyncWorkAcrossRoots_impl (webpack-internal:///(app-pages-browser)/../../node_modules/.pnpm/next@16.1.7_@babel+core@7.29.7_@playwright+test@1.60.0_react-dom@19.2.7_react@19.2.7/node_modules/next/dist/compiled/react-dom/cjs/react-dom-client.development.js:20242:21)
    at processRootScheduleInMicrotask (webpack-internal:///(app-pages-browser)/../../node_modules/.pnpm/next@16.1.7_@babel+core@7.29.7_@playwright+test@1.60.0_react-dom@19.2.7_react@19.2.7/node_modules/next/dist/compiled/react-dom/cjs/react-dom-client.development.js:20281:9)
    at eval (webpack-internal:///(app-pages-browser)/../../node_modules/.pnpm/next@16.1.7_@babel+core@7.29.7_@playwright+test@1.60.0_react-dom@19.2.7_react@19.2.7/node_modules/next/dist/compiled/react-dom/cjs/react-dom-client.development.js:20419:13) @ webpack-internal:///(app-pages-browser)/../../node_modules/.pnpm/next@16.1.7_@babel+core@7.29.7_@playwright+test@1.60.0_react-dom@19.2.7_react@19.2.7/node_modules/next/dist/next-devtools/userspace/app/errors/intercept-console-error.js:51
[    2598ms] [ERROR] IntlError: MISSING_MESSAGE: Could not resolve `modules.tokenized-deposit.tokenized_deposit_0113` in messages for locale `en-US`.
    at getFallbackFromErrorAndNotify (webpack-internal:///(app-pages-browser)/../../node_modules/.pnpm/use-intl@4.13.0_react@19.2.7/node_modules/use-intl/dist/esm/development/initializeConfig-CUsOI8u2.js:108:19)
    at translateBaseFn (webpack-internal:///(app-pages-browser)/../../node_modules/.pnpm/use-intl@4.13.0_react@19.2.7/node_modules/use-intl/dist/esm/development/initializeConfig-CUsOI8u2.js:141:18)
    at translateFn (webpack-internal:///(app-pages-browser)/../../node_modules/.pnpm/use-intl@4.13.0_react@19.2.7/node_modules/use-intl/dist/esm/development/initializeConfig-CUsOI8u2.js:173:20)
    at WalletFieldGroup (webpack-internal:///(app-pages-browser)/../../libs/modules/tokenized-deposit/feature/src/lib/tokenized-deposit-edit/wallet-field-group.tsx:20:32)
    at Object.react_stack_bottom_frame (webpack-internal:///(app-pages-browser)/../../node_modules/.pnpm/next@16.1.7_@babel+core@7.29.7_@playwright+test@1.60.0_react-dom@19.2.7_react@19.2.7/node_modules/next/dist/compiled/react-dom/cjs/react-dom-client.development.js:28039:20)
    at renderWithHooks (webpack-internal:///(app-pages-browser)/../../node_modules/.pnpm/next@16.1.7_@babel+core@7.29.7_@playwright+test@1.60.0_react-dom@19.2.7_react@19.2.7/node_modules/next/dist/compiled/react-dom/cjs/react-dom-client.development.js:7985:22)
    at updateFunctionComponent (webpack-internal:///(app-pages-browser)/../../node_modules/.pnpm/next@16.1.7_@babel+core@7.29.7_@playwright+test@1.60.0_react-dom@19.2.7_react@19.2.7/node_modules/next/dist/compiled/react-dom/cjs/react-dom-client.development.js:10502:19)
    at beginWork (webpack-internal:///(app-pages-browser)/../../node_modules/.pnpm/next@16.1.7_@babel+core@7.29.7_@playwright+test@1.60.0_react-dom@19.2.7_react@19.2.7/node_modules/next/dist/compiled/react-dom/cjs/react-dom-client.development.js:12137:18)
    at runWithFiberInDEV (webpack-internal:///(app-pages-browser)/../../node_modules/.pnpm/next@16.1.7_@babel+core@7.29.7_@playwright+test@1.60.0_react-dom@19.2.7_react@19.2.7/node_modules/next/dist/compiled/react-dom/cjs/react-dom-client.development.js:987:30)
    at performUnitOfWork (webpack-internal:///(app-pages-browser)/../../node_modules/.pnpm/next@16.1.7_@babel+core@7.29.7_@playwright+test@1.60.0_react-dom@19.2.7_react@19.2.7/node_modules/next/dist/compiled/react-dom/cjs/react-dom-client.development.js:18998:22)
    at workLoopSync (webpack-internal:///(app-pages-browser)/../../node_modules/.pnpm/next@16.1.7_@babel+core@7.29.7_@playwright+test@1.60.0_react-dom@19.2.7_react@19.2.7/node_modules/next/dist/compiled/react-dom/cjs/react-dom-client.development.js:18826:41)
    at renderRootSync (webpack-internal:///(app-pages-browser)/../../node_modules/.pnpm/next@16.1.7_@babel+core@7.29.7_@playwright+test@1.60.0_react-dom@19.2.7_react@19.2.7/node_modules/next/dist/compiled/react-dom/cjs/react-dom-client.development.js:18807:11)
    at performWorkOnRoot (webpack-internal:///(app-pages-browser)/../../node_modules/.pnpm/next@16.1.7_@babel+core@7.29.7_@playwright+test@1.60.0_react-dom@19.2.7_react@19.2.7/node_modules/next/dist/compiled/react-dom/cjs/react-dom-client.development.js:17836:11)
    at performSyncWorkOnRoot (webpack-internal:///(app-pages-browser)/../../node_modules/.pnpm/next@16.1.7_@babel+core@7.29.7_@playwright+test@1.60.0_react-dom@19.2.7_react@19.2.7/node_modules/next/dist/compiled/react-dom/cjs/react-dom-client.development.js:20400:7)
    at flushSyncWorkAcrossRoots_impl (webpack-internal:///(app-pages-browser)/../../node_modules/.pnpm/next@16.1.7_@babel+core@7.29.7_@playwright+test@1.60.0_react-dom@19.2.7_react@19.2.7/node_modules/next/dist/compiled/react-dom/cjs/react-dom-client.development.js:20242:21)
    at processRootScheduleInMicrotask (webpack-internal:///(app-pages-browser)/../../node_modules/.pnpm/next@16.1.7_@babel+core@7.29.7_@playwright+test@1.60.0_react-dom@19.2.7_react@19.2.7/node_modules/next/dist/compiled/react-dom/cjs/react-dom-client.development.js:20281:9)
    at eval (webpack-internal:///(app-pages-browser)/../../node_modules/.pnpm/next@16.1.7_@babel+core@7.29.7_@playwright+test@1.60.0_react-dom@19.2.7_react@19.2.7/node_modules/next/dist/compiled/react-dom/cjs/react-dom-client.development.js:20419:13) @ webpack-internal:///(app-pages-browser)/../../node_modules/.pnpm/next@16.1.7_@babel+core@7.29.7_@playwright+test@1.60.0_react-dom@19.2.7_react@19.2.7/node_modules/next/dist/next-devtools/userspace/app/errors/intercept-console-error.js:51
[    2598ms] [ERROR] IntlError: MISSING_MESSAGE: Could not resolve `modules.tokenized-deposit.tokenized_deposit_0113` in messages for locale `en-US`.
    at getFallbackFromErrorAndNotify (webpack-internal:///(app-pages-browser)/../../node_modules/.pnpm/use-intl@4.13.0_react@19.2.7/node_modules/use-intl/dist/esm/development/initializeConfig-CUsOI8u2.js:108:19)
    at translateBaseFn (webpack-internal:///(app-pages-browser)/../../node_modules/.pnpm/use-intl@4.13.0_react@19.2.7/node_modules/use-intl/dist/esm/development/initializeConfig-CUsOI8u2.js:141:18)
    at translateFn (webpack-internal:///(app-pages-browser)/../../node_modules/.pnpm/use-intl@4.13.0_react@19.2.7/node_modules/use-intl/dist/esm/development/initializeConfig-CUsOI8u2.js:173:20)
    at WalletFieldGroup (webpack-internal:///(app-pages-browser)/../../libs/modules/tokenized-deposit/feature/src/lib/tokenized-deposit-edit/wallet-field-group.tsx:20:32)
    at Object.react_stack_bottom_frame (webpack-internal:///(app-pages-browser)/../../node_modules/.pnpm/next@16.1.7_@babel+core@7.29.7_@playwright+test@1.60.0_react-dom@19.2.7_react@19.2.7/node_modules/next/dist/compiled/react-dom/cjs/react-dom-client.development.js:28039:20)
    at renderWithHooksAgain (webpack-internal:///(app-pages-browser)/../../node_modules/.pnpm/next@16.1.7_@babel+core@7.29.7_@playwright+test@1.60.0_react-dom@19.2.7_react@19.2.7/node_modules/next/dist/compiled/react-dom/cjs/react-dom-client.development.js:8085:20)
    at renderWithHooks (webpack-internal:///(app-pages-browser)/../../node_modules/.pnpm/next@16.1.7_@babel+core@7.29.7_@playwright+test@1.60.0_react-dom@19.2.7_react@19.2.7/node_modules/next/dist/compiled/react-dom/cjs/react-dom-client.development.js:7997:22)
    at updateFunctionComponent (webpack-internal:///(app-pages-browser)/../../node_modules/.pnpm/next@16.1.7_@babel+core@7.29.7_@playwright+test@1.60.0_react-dom@19.2.7_react@19.2.7/node_modules/next/dist/compiled/react-dom/cjs/react-dom-client.development.js:10502:19)
    at beginWork (webpack-internal:///(app-pages-browser)/../../node_modules/.pnpm/next@16.1.7_@babel+core@7.29.7_@playwright+test@1.60.0_react-dom@19.2.7_react@19.2.7/node_modules/next/dist/compiled/react-dom/cjs/react-dom-client.development.js:12137:18)
    at runWithFiberInDEV (webpack-internal:///(app-pages-browser)/../../node_modules/.pnpm/next@16.1.7_@babel+core@7.29.7_@playwright+test@1.60.0_react-dom@19.2.7_react@19.2.7/node_modules/next/dist/compiled/react-dom/cjs/react-dom-client.development.js:987:30)
    at performUnitOfWork (webpack-internal:///(app-pages-browser)/../../node_modules/.pnpm/next@16.1.7_@babel+core@7.29.7_@playwright+test@1.60.0_react-dom@19.2.7_react@19.2.7/node_modules/next/dist/compiled/react-dom/cjs/react-dom-client.development.js:18998:22)
    at workLoopSync (webpack-internal:///(app-pages-browser)/../../node_modules/.pnpm/next@16.1.7_@babel+core@7.29.7_@playwright+test@1.60.0_react-dom@19.2.7_react@19.2.7/node_modules/next/dist/compiled/react-dom/cjs/react-dom-client.development.js:18826:41)
    at renderRootSync (webpack-internal:///(app-pages-browser)/../../node_modules/.pnpm/next@16.1.7_@babel+core@7.29.7_@playwright+test@1.60.0_react-dom@19.2.7_react@19.2.7/node_modules/next/dist/compiled/react-dom/cjs/react-dom-client.development.js:18807:11)
    at performWorkOnRoot (webpack-internal:///(app-pages-browser)/../../node_modules/.pnpm/next@16.1.7_@babel+core@7.29.7_@playwright+test@1.60.0_react-dom@19.2.7_react@19.2.7/node_modules/next/dist/compiled/react-dom/cjs/react-dom-client.development.js:17836:11)
    at performSyncWorkOnRoot (webpack-internal:///(app-pages-browser)/../../node_modules/.pnpm/next@16.1.7_@babel+core@7.29.7_@playwright+test@1.60.0_react-dom@19.2.7_react@19.2.7/node_modules/next/dist/compiled/react-dom/cjs/react-dom-client.development.js:20400:7)
    at flushSyncWorkAcrossRoots_impl (webpack-internal:///(app-pages-browser)/../../node_modules/.pnpm/next@16.1.7_@babel+core@7.29.7_@playwright+test@1.60.0_react-dom@19.2.7_react@19.2.7/node_modules/next/dist/compiled/react-dom/cjs/react-dom-client.development.js:20242:21)
    at processRootScheduleInMicrotask (webpack-internal:///(app-pages-browser)/../../node_modules/.pnpm/next@16.1.7_@babel+core@7.29.7_@playwright+test@1.60.0_react-dom@19.2.7_react@19.2.7/node_modules/next/dist/compiled/react-dom/cjs/react-dom-client.development.js:20281:9)
    at eval (webpack-internal:///(app-pages-browser)/../../node_modules/.pnpm/next@16.1.7_@babel+core@7.29.7_@playwright+test@1.60.0_react-dom@19.2.7_react@19.2.7/node_modules/next/dist/compiled/react-dom/cjs/react-dom-client.development.js:20419:13) @ webpack-internal:///(app-pages-browser)/../../node_modules/.pnpm/next@16.1.7_@babel+core@7.29.7_@playwright+test@1.60.0_react-dom@19.2.7_react@19.2.7/node_modules/next/dist/next-devtools/userspace/app/errors/intercept-console-error.js:51
[    2599ms] [ERROR] IntlError: MISSING_MESSAGE: Could not resolve `modules.tokenized-deposit.tokenized_deposit_0114` in messages for locale `en-US`.
    at getFallbackFromErrorAndNotify (webpack-internal:///(app-pages-browser)/../../node_modules/.pnpm/use-intl@4.13.0_react@19.2.7/node_modules/use-intl/dist/esm/development/initializeConfig-CUsOI8u2.js:108:19)
    at translateBaseFn (webpack-internal:///(app-pages-browser)/../../node_modules/.pnpm/use-intl@4.13.0_react@19.2.7/node_modules/use-intl/dist/esm/development/initializeConfig-CUsOI8u2.js:141:18)
    at translateFn (webpack-internal:///(app-pages-browser)/../../node_modules/.pnpm/use-intl@4.13.0_react@19.2.7/node_modules/use-intl/dist/esm/development/initializeConfig-CUsOI8u2.js:173:20)
    at WalletFieldGroup (webpack-internal:///(app-pages-browser)/../../libs/modules/tokenized-deposit/feature/src/lib/tokenized-deposit-edit/wallet-field-group.tsx:20:32)
    at Object.react_stack_bottom_frame (webpack-internal:///(app-pages-browser)/../../node_modules/.pnpm/next@16.1.7_@babel+core@7.29.7_@playwright+test@1.60.0_react-dom@19.2.7_react@19.2.7/node_modules/next/dist/compiled/react-dom/cjs/react-dom-client.development.js:28039:20)
    at renderWithHooks (webpack-internal:///(app-pages-browser)/../../node_modules/.pnpm/next@16.1.7_@babel+core@7.29.7_@playwright+test@1.60.0_react-dom@19.2.7_react@19.2.7/node_modules/next/dist/compiled/react-dom/cjs/react-dom-client.development.js:7985:22)
    at updateFunctionComponent (webpack-internal:///(app-pages-browser)/../../node_modules/.pnpm/next@16.1.7_@babel+core@7.29.7_@playwright+test@1.60.0_react-dom@19.2.7_react@19.2.7/node_modules/next/dist/compiled/react-dom/cjs/react-dom-client.development.js:10502:19)
    at beginWork (webpack-internal:///(app-pages-browser)/../../node_modules/.pnpm/next@16.1.7_@babel+core@7.29.7_@playwright+test@1.60.0_react-dom@19.2.7_react@19.2.7/node_modules/next/dist/compiled/react-dom/cjs/react-dom-client.development.js:12137:18)
    at runWithFiberInDEV (webpack-internal:///(app-pages-browser)/../../node_modules/.pnpm/next@16.1.7_@babel+core@7.29.7_@playwright+test@1.60.0_react-dom@19.2.7_react@19.2.7/node_modules/next/dist/compiled/react-dom/cjs/react-dom-client.development.js:987:30)
    at performUnitOfWork (webpack-internal:///(app-pages-browser)/../../node_modules/.pnpm/next@16.1.7_@babel+core@7.29.7_@playwright+test@1.60.0_react-dom@19.2.7_react@19.2.7/node_modules/next/dist/compiled/react-dom/cjs/react-dom-client.development.js:18998:22)
    at workLoopSync (webpack-internal:///(app-pages-browser)/../../node_modules/.pnpm/next@16.1.7_@babel+core@7.29.7_@playwright+test@1.60.0_react-dom@19.2.7_react@19.2.7/node_modules/next/dist/compiled/react-dom/cjs/react-dom-client.development.js:18826:41)
    at renderRootSync (webpack-internal:///(app-pages-browser)/../../node_modules/.pnpm/next@16.1.7_@babel+core@7.29.7_@playwright+test@1.60.0_react-dom@19.2.7_react@19.2.7/node_modules/next/dist/compiled/react-dom/cjs/react-dom-client.development.js:18807:11)
    at performWorkOnRoot (webpack-internal:///(app-pages-browser)/../../node_modules/.pnpm/next@16.1.7_@babel+core@7.29.7_@playwright+test@1.60.0_react-dom@19.2.7_react@19.2.7/node_modules/next/dist/compiled/react-dom/cjs/react-dom-client.development.js:17836:11)
    at performSyncWorkOnRoot (webpack-internal:///(app-pages-browser)/../../node_modules/.pnpm/next@16.1.7_@babel+core@7.29.7_@playwright+test@1.60.0_react-dom@19.2.7_react@19.2.7/node_modules/next/dist/compiled/react-dom/cjs/react-dom-client.development.js:20400:7)
    at flushSyncWorkAcrossRoots_impl (webpack-internal:///(app-pages-browser)/../../node_modules/.pnpm/next@16.1.7_@babel+core@7.29.7_@playwright+test@1.60.0_react-dom@19.2.7_react@19.2.7/node_modules/next/dist/compiled/react-dom/cjs/react-dom-client.development.js:20242:21)
    at processRootScheduleInMicrotask (webpack-internal:///(app-pages-browser)/../../node_modules/.pnpm/next@16.1.7_@babel+core@7.29.7_@playwright+test@1.60.0_react-dom@19.2.7_react@19.2.7/node_modules/next/dist/compiled/react-dom/cjs/react-dom-client.development.js:20281:9)
    at eval (webpack-internal:///(app-pages-browser)/../../node_modules/.pnpm/next@16.1.7_@babel+core@7.29.7_@playwright+test@1.60.0_react-dom@19.2.7_react@19.2.7/node_modules/next/dist/compiled/react-dom/cjs/react-dom-client.development.js:20419:13) @ webpack-internal:///(app-pages-browser)/../../node_modules/.pnpm/next@16.1.7_@babel+core@7.29.7_@playwright+test@1.60.0_react-dom@19.2.7_react@19.2.7/node_modules/next/dist/next-devtools/userspace/app/errors/intercept-console-error.js:51
[    2600ms] [ERROR] IntlError: MISSING_MESSAGE: Could not resolve `modules.tokenized-deposit.tokenized_deposit_0114` in messages for locale `en-US`.
    at getFallbackFromErrorAndNotify (webpack-internal:///(app-pages-browser)/../../node_modules/.pnpm/use-intl@4.13.0_react@19.2.7/node_modules/use-intl/dist/esm/development/initializeConfig-CUsOI8u2.js:108:19)
    at translateBaseFn (webpack-internal:///(app-pages-browser)/../../node_modules/.pnpm/use-intl@4.13.0_react@19.2.7/node_modules/use-intl/dist/esm/development/initializeConfig-CUsOI8u2.js:141:18)
    at translateFn (webpack-internal:///(app-pages-browser)/../../node_modules/.pnpm/use-intl@4.13.0_react@19.2.7/node_modules/use-intl/dist/esm/development/initializeConfig-CUsOI8u2.js:173:20)
    at WalletFieldGroup (webpack-internal:///(app-pages-browser)/../../libs/modules/tokenized-deposit/feature/src/lib/tokenized-deposit-edit/wallet-field-group.tsx:20:32)
    at Object.react_stack_bottom_frame (webpack-internal:///(app-pages-browser)/../../node_modules/.pnpm/next@16.1.7_@babel+core@7.29.7_@playwright+test@1.60.0_react-dom@19.2.7_react@19.2.7/node_modules/next/dist/compiled/react-dom/cjs/react-dom-client.development.js:28039:20)
    at renderWithHooksAgain (webpack-internal:///(app-pages-browser)/../../node_modules/.pnpm/next@16.1.7_@babel+core@7.29.7_@playwright+test@1.60.0_react-dom@19.2.7_react@19.2.7/node_modules/next/dist/compiled/react-dom/cjs/react-dom-client.development.js:8085:20)
    at renderWithHooks (webpack-internal:///(app-pages-browser)/../../node_modules/.pnpm/next@16.1.7_@babel+core@7.29.7_@playwright+test@1.60.0_react-dom@19.2.7_react@19.2.7/node_modules/next/dist/compiled/react-dom/cjs/react-dom-client.development.js:7997:22)
    at updateFunctionComponent (webpack-internal:///(app-pages-browser)/../../node_modules/.pnpm/next@16.1.7_@babel+core@7.29.7_@playwright+test@1.60.0_react-dom@19.2.7_react@19.2.7/node_modules/next/dist/compiled/react-dom/cjs/react-dom-client.development.js:10502:19)
    at beginWork (webpack-internal:///(app-pages-browser)/../../node_modules/.pnpm/next@16.1.7_@babel+core@7.29.7_@playwright+test@1.60.0_react-dom@19.2.7_react@19.2.7/node_modules/next/dist/compiled/react-dom/cjs/react-dom-client.development.js:12137:18)
    at runWithFiberInDEV (webpack-internal:///(app-pages-browser)/../../node_modules/.pnpm/next@16.1.7_@babel+core@7.29.7_@playwright+test@1.60.0_react-dom@19.2.7_react@19.2.7/node_modules/next/dist/compiled/react-dom/cjs/react-dom-client.development.js:987:30)
    at performUnitOfWork (webpack-internal:///(app-pages-browser)/../../node_modules/.pnpm/next@16.1.7_@babel+core@7.29.7_@playwright+test@1.60.0_react-dom@19.2.7_react@19.2.7/node_modules/next/dist/compiled/react-dom/cjs/react-dom-client.development.js:18998:22)
    at workLoopSync (webpack-internal:///(app-pages-browser)/../../node_modules/.pnpm/next@16.1.7_@babel+core@7.29.7_@playwright+test@1.60.0_react-dom@19.2.7_react@19.2.7/node_modules/next/dist/compiled/react-dom/cjs/react-dom-client.development.js:18826:41)
    at renderRootSync (webpack-internal:///(app-pages-browser)/../../node_modules/.pnpm/next@16.1.7_@babel+core@7.29.7_@playwright+test@1.60.0_react-dom@19.2.7_react@19.2.7/node_modules/next/dist/compiled/react-dom/cjs/react-dom-client.development.js:18807:11)
    at performWorkOnRoot (webpack-internal:///(app-pages-browser)/../../node_modules/.pnpm/next@16.1.7_@babel+core@7.29.7_@playwright+test@1.60.0_react-dom@19.2.7_react@19.2.7/node_modules/next/dist/compiled/react-dom/cjs/react-dom-client.development.js:17836:11)
    at performSyncWorkOnRoot (webpack-internal:///(app-pages-browser)/../../node_modules/.pnpm/next@16.1.7_@babel+core@7.29.7_@playwright+test@1.60.0_react-dom@19.2.7_react@19.2.7/node_modules/next/dist/compiled/react-dom/cjs/react-dom-client.development.js:20400:7)
    at flushSyncWorkAcrossRoots_impl (webpack-internal:///(app-pages-browser)/../../node_modules/.pnpm/next@16.1.7_@babel+core@7.29.7_@playwright+test@1.60.0_react-dom@19.2.7_react@19.2.7/node_modules/next/dist/compiled/react-dom/cjs/react-dom-client.development.js:20242:21)
    at processRootScheduleInMicrotask (webpack-internal:///(app-pages-browser)/../../node_modules/.pnpm/next@16.1.7_@babel+core@7.29.7_@playwright+test@1.60.0_react-dom@19.2.7_react@19.2.7/node_modules/next/dist/compiled/react-dom/cjs/react-dom-client.development.js:20281:9)
    at eval (webpack-internal:///(app-pages-browser)/../../node_modules/.pnpm/next@16.1.7_@babel+core@7.29.7_@playwright+test@1.60.0_react-dom@19.2.7_react@19.2.7/node_modules/next/dist/compiled/react-dom/cjs/react-dom-client.development.js:20419:13) @ webpack-internal:///(app-pages-browser)/../../node_modules/.pnpm/next@16.1.7_@babel+core@7.29.7_@playwright+test@1.60.0_react-dom@19.2.7_react@19.2.7/node_modules/next/dist/next-devtools/userspace/app/errors/intercept-console-error.js:51
[    2602ms] [ERROR] IntlError: MISSING_MESSAGE: Could not resolve `modules.tokenized-deposit.tokenized_deposit_0112` in messages for locale `en-US`.
    at getFallbackFromErrorAndNotify (webpack-internal:///(app-pages-browser)/../../node_modules/.pnpm/use-intl@4.13.0_react@19.2.7/node_modules/use-intl/dist/esm/development/initializeConfig-CUsOI8u2.js:108:19)
    at translateBaseFn (webpack-internal:///(app-pages-browser)/../../node_modules/.pnpm/use-intl@4.13.0_react@19.2.7/node_modules/use-intl/dist/esm/development/initializeConfig-CUsOI8u2.js:141:18)
    at translateFn (webpack-internal:///(app-pages-browser)/../../node_modules/.pnpm/use-intl@4.13.0_react@19.2.7/node_modules/use-intl/dist/esm/development/initializeConfig-CUsOI8u2.js:173:20)
    at RigsecWalletModal (webpack-internal:///(app-pages-browser)/../../libs/modules/tokenized-deposit/feature/src/lib/tokenized-deposit-edit/rigsec-wallet-modal.tsx:23:23)
    at Object.react_stack_bottom_frame (webpack-internal:///(app-pages-browser)/../../node_modules/.pnpm/next@16.1.7_@babel+core@7.29.7_@playwright+test@1.60.0_react-dom@19.2.7_react@19.2.7/node_modules/next/dist/compiled/react-dom/cjs/react-dom-client.development.js:28039:20)
    at renderWithHooks (webpack-internal:///(app-pages-browser)/../../node_modules/.pnpm/next@16.1.7_@babel+core@7.29.7_@playwright+test@1.60.0_react-dom@19.2.7_react@19.2.7/node_modules/next/dist/compiled/react-dom/cjs/react-dom-client.development.js:7985:22)
    at updateFunctionComponent (webpack-internal:///(app-pages-browser)/../../node_modules/.pnpm/next@16.1.7_@babel+core@7.29.7_@playwright+test@1.60.0_react-dom@19.2.7_react@19.2.7/node_modules/next/dist/compiled/react-dom/cjs/react-dom-client.development.js:10502:19)
    at beginWork (webpack-internal:///(app-pages-browser)/../../node_modules/.pnpm/next@16.1.7_@babel+core@7.29.7_@playwright+test@1.60.0_react-dom@19.2.7_react@19.2.7/node_modules/next/dist/compiled/react-dom/cjs/react-dom-client.development.js:12137:18)
    at runWithFiberInDEV (webpack-internal:///(app-pages-browser)/../../node_modules/.pnpm/next@16.1.7_@babel+core@7.29.7_@playwright+test@1.60.0_react-dom@19.2.7_react@19.2.7/node_modules/next/dist/compiled/react-dom/cjs/react-dom-client.development.js:987:30)
    at performUnitOfWork (webpack-internal:///(app-pages-browser)/../../node_modules/.pnpm/next@16.1.7_@babel+core@7.29.7_@playwright+test@1.60.0_react-dom@19.2.7_react@19.2.7/node_modules/next/dist/compiled/react-dom/cjs/react-dom-client.development.js:18998:22)
    at workLoopSync (webpack-internal:///(app-pages-browser)/../../node_modules/.pnpm/next@16.1.7_@babel+core@7.29.7_@playwright+test@1.60.0_react-dom@19.2.7_react@19.2.7/node_modules/next/dist/compiled/react-dom/cjs/react-dom-client.development.js:18826:41)
    at renderRootSync (webpack-internal:///(app-pages-browser)/../../node_modules/.pnpm/next@16.1.7_@babel+core@7.29.7_@playwright+test@1.60.0_react-dom@19.2.7_react@19.2.7/node_modules/next/dist/compiled/react-dom/cjs/react-dom-client.development.js:18807:11)
    at performWorkOnRoot (webpack-internal:///(app-pages-browser)/../../node_modules/.pnpm/next@16.1.7_@babel+core@7.29.7_@playwright+test@1.60.0_react-dom@19.2.7_react@19.2.7/node_modules/next/dist/compiled/react-dom/cjs/react-dom-client.development.js:17836:11)
    at performSyncWorkOnRoot (webpack-internal:///(app-pages-browser)/../../node_modules/.pnpm/next@16.1.7_@babel+core@7.29.7_@playwright+test@1.60.0_react-dom@19.2.7_react@19.2.7/node_modules/next/dist/compiled/react-dom/cjs/react-dom-client.development.js:20400:7)
    at flushSyncWorkAcrossRoots_impl (webpack-internal:///(app-pages-browser)/../../node_modules/.pnpm/next@16.1.7_@babel+core@7.29.7_@playwright+test@1.60.0_react-dom@19.2.7_react@19.2.7/node_modules/next/dist/compiled/react-dom/cjs/react-dom-client.development.js:20242:21)
    at processRootScheduleInMicrotask (webpack-internal:///(app-pages-browser)/../../node_modules/.pnpm/next@16.1.7_@babel+core@7.29.7_@playwright+test@1.60.0_react-dom@19.2.7_react@19.2.7/node_modules/next/dist/compiled/react-dom/cjs/react-dom-client.development.js:20281:9)
    at eval (webpack-internal:///(app-pages-browser)/../../node_modules/.pnpm/next@16.1.7_@babel+core@7.29.7_@playwright+test@1.60.0_react-dom@19.2.7_react@19.2.7/node_modules/next/dist/compiled/react-dom/cjs/react-dom-client.development.js:20419:13) @ webpack-internal:///(app-pages-browser)/../../node_modules/.pnpm/next@16.1.7_@babel+core@7.29.7_@playwright+test@1.60.0_react-dom@19.2.7_react@19.2.7/node_modules/next/dist/next-devtools/userspace/app/errors/intercept-console-error.js:51
[    2603ms] [ERROR] IntlError: MISSING_MESSAGE: Could not resolve `modules.tokenized-deposit.tokenized_deposit_0112` in messages for locale `en-US`.
    at getFallbackFromErrorAndNotify (webpack-internal:///(app-pages-browser)/../../node_modules/.pnpm/use-intl@4.13.0_react@19.2.7/node_modules/use-intl/dist/esm/development/initializeConfig-CUsOI8u2.js:108:19)
    at translateBaseFn (webpack-internal:///(app-pages-browser)/../../node_modules/.pnpm/use-intl@4.13.0_react@19.2.7/node_modules/use-intl/dist/esm/development/initializeConfig-CUsOI8u2.js:141:18)
    at translateFn (webpack-internal:///(app-pages-browser)/../../node_modules/.pnpm/use-intl@4.13.0_react@19.2.7/node_modules/use-intl/dist/esm/development/initializeConfig-CUsOI8u2.js:173:20)
    at RigsecWalletModal (webpack-internal:///(app-pages-browser)/../../libs/modules/tokenized-deposit/feature/src/lib/tokenized-deposit-edit/rigsec-wallet-modal.tsx:23:23)
    at Object.react_stack_bottom_frame (webpack-internal:///(app-pages-browser)/../../node_modules/.pnpm/next@16.1.7_@babel+core@7.29.7_@playwright+test@1.60.0_react-dom@19.2.7_react@19.2.7/node_modules/next/dist/compiled/react-dom/cjs/react-dom-client.development.js:28039:20)
    at renderWithHooksAgain (webpack-internal:///(app-pages-browser)/../../node_modules/.pnpm/next@16.1.7_@babel+core@7.29.7_@playwright+test@1.60.0_react-dom@19.2.7_react@19.2.7/node_modules/next/dist/compiled/react-dom/cjs/react-dom-client.development.js:8085:20)
    at renderWithHooks (webpack-internal:///(app-pages-browser)/../../node_modules/.pnpm/next@16.1.7_@babel+core@7.29.7_@playwright+test@1.60.0_react-dom@19.2.7_react@19.2.7/node_modules/next/dist/compiled/react-dom/cjs/react-dom-client.development.js:7997:22)
    at updateFunctionComponent (webpack-internal:///(app-pages-browser)/../../node_modules/.pnpm/next@16.1.7_@babel+core@7.29.7_@playwright+test@1.60.0_react-dom@19.2.7_react@19.2.7/node_modules/next/dist/compiled/react-dom/cjs/react-dom-client.development.js:10502:19)
    at beginWork (webpack-internal:///(app-pages-browser)/../../node_modules/.pnpm/next@16.1.7_@babel+core@7.29.7_@playwright+test@1.60.0_react-dom@19.2.7_react@19.2.7/node_modules/next/dist/compiled/react-dom/cjs/react-dom-client.development.js:12137:18)
    at runWithFiberInDEV (webpack-internal:///(app-pages-browser)/../../node_modules/.pnpm/next@16.1.7_@babel+core@7.29.7_@playwright+test@1.60.0_react-dom@19.2.7_react@19.2.7/node_modules/next/dist/compiled/react-dom/cjs/react-dom-client.development.js:987:30)
    at performUnitOfWork (webpack-internal:///(app-pages-browser)/../../node_modules/.pnpm/next@16.1.7_@babel+core@7.29.7_@playwright+test@1.60.0_react-dom@19.2.7_react@19.2.7/node_modules/next/dist/compiled/react-dom/cjs/react-dom-client.development.js:18998:22)
    at workLoopSync (webpack-internal:///(app-pages-browser)/../../node_modules/.pnpm/next@16.1.7_@babel+core@7.29.7_@playwright+test@1.60.0_react-dom@19.2.7_react@19.2.7/node_modules/next/dist/compiled/react-dom/cjs/react-dom-client.development.js:18826:41)
    at renderRootSync (webpack-internal:///(app-pages-browser)/../../node_modules/.pnpm/next@16.1.7_@babel+core@7.29.7_@playwright+test@1.60.0_react-dom@19.2.7_react@19.2.7/node_modules/next/dist/compiled/react-dom/cjs/react-dom-client.development.js:18807:11)
    at performWorkOnRoot (webpack-internal:///(app-pages-browser)/../../node_modules/.pnpm/next@16.1.7_@babel+core@7.29.7_@playwright+test@1.60.0_react-dom@19.2.7_react@19.2.7/node_modules/next/dist/compiled/react-dom/cjs/react-dom-client.development.js:17836:11)
    at performSyncWorkOnRoot (webpack-internal:///(app-pages-browser)/../../node_modules/.pnpm/next@16.1.7_@babel+core@7.29.7_@playwright+test@1.60.0_react-dom@19.2.7_react@19.2.7/node_modules/next/dist/compiled/react-dom/cjs/react-dom-client.development.js:20400:7)
    at flushSyncWorkAcrossRoots_impl (webpack-internal:///(app-pages-browser)/../../node_modules/.pnpm/next@16.1.7_@babel+core@7.29.7_@playwright+test@1.60.0_react-dom@19.2.7_react@19.2.7/node_modules/next/dist/compiled/react-dom/cjs/react-dom-client.development.js:20242:21)
    at processRootScheduleInMicrotask (webpack-internal:///(app-pages-browser)/../../node_modules/.pnpm/next@16.1.7_@babel+core@7.29.7_@playwright+test@1.60.0_react-dom@19.2.7_react@19.2.7/node_modules/next/dist/compiled/react-dom/cjs/react-dom-client.development.js:20281:9)
    at eval (webpack-internal:///(app-pages-browser)/../../node_modules/.pnpm/next@16.1.7_@babel+core@7.29.7_@playwright+test@1.60.0_react-dom@19.2.7_react@19.2.7/node_modules/next/dist/compiled/react-dom/cjs/react-dom-client.development.js:20419:13) @ webpack-internal:///(app-pages-browser)/../../node_modules/.pnpm/next@16.1.7_@babel+core@7.29.7_@playwright+test@1.60.0_react-dom@19.2.7_react@19.2.7/node_modules/next/dist/next-devtools/userspace/app/errors/intercept-console-error.js:51
[    2648ms] [ERROR] IntlError: MISSING_MESSAGE: Could not resolve `modules.tokenized-deposit.tokenized_deposit_0112` in messages for locale `en-US`.
    at getFallbackFromErrorAndNotify (webpack-internal:///(app-pages-browser)/../../node_modules/.pnpm/use-intl@4.13.0_react@19.2.7/node_modules/use-intl/dist/esm/development/initializeConfig-CUsOI8u2.js:108:19)
    at translateBaseFn (webpack-internal:///(app-pages-browser)/../../node_modules/.pnpm/use-intl@4.13.0_react@19.2.7/node_modules/use-intl/dist/esm/development/initializeConfig-CUsOI8u2.js:141:18)
    at translateFn (webpack-internal:///(app-pages-browser)/../../node_modules/.pnpm/use-intl@4.13.0_react@19.2.7/node_modules/use-intl/dist/esm/development/initializeConfig-CUsOI8u2.js:173:20)
    at WalletFieldGroup (webpack-internal:///(app-pages-browser)/../../libs/modules/tokenized-deposit/feature/src/lib/tokenized-deposit-edit/wallet-field-group.tsx:20:32)
    at Object.react_stack_bottom_frame (webpack-internal:///(app-pages-browser)/../../node_modules/.pnpm/next@16.1.7_@babel+core@7.29.7_@playwright+test@1.60.0_react-dom@19.2.7_react@19.2.7/node_modules/next/dist/compiled/react-dom/cjs/react-dom-client.development.js:28039:20)
    at renderWithHooks (webpack-internal:///(app-pages-browser)/../../node_modules/.pnpm/next@16.1.7_@babel+core@7.29.7_@playwright+test@1.60.0_react-dom@19.2.7_react@19.2.7/node_modules/next/dist/compiled/react-dom/cjs/react-dom-client.development.js:7985:22)
    at updateFunctionComponent (webpack-internal:///(app-pages-browser)/../../node_modules/.pnpm/next@16.1.7_@babel+core@7.29.7_@playwright+test@1.60.0_react-dom@19.2.7_react@19.2.7/node_modules/next/dist/compiled/react-dom/cjs/react-dom-client.development.js:10502:19)
    at beginWork (webpack-internal:///(app-pages-browser)/../../node_modules/.pnpm/next@16.1.7_@babel+core@7.29.7_@playwright+test@1.60.0_react-dom@19.2.7_react@19.2.7/node_modules/next/dist/compiled/react-dom/cjs/react-dom-client.development.js:12137:18)
    at runWithFiberInDEV (webpack-internal:///(app-pages-browser)/../../node_modules/.pnpm/next@16.1.7_@babel+core@7.29.7_@playwright+test@1.60.0_react-dom@19.2.7_react@19.2.7/node_modules/next/dist/compiled/react-dom/cjs/react-dom-client.development.js:987:30)
    at performUnitOfWork (webpack-internal:///(app-pages-browser)/../../node_modules/.pnpm/next@16.1.7_@babel+core@7.29.7_@playwright+test@1.60.0_react-dom@19.2.7_react@19.2.7/node_modules/next/dist/compiled/react-dom/cjs/react-dom-client.development.js:18998:22)
    at workLoopSync (webpack-internal:///(app-pages-browser)/../../node_modules/.pnpm/next@16.1.7_@babel+core@7.29.7_@playwright+test@1.60.0_react-dom@19.2.7_react@19.2.7/node_modules/next/dist/compiled/react-dom/cjs/react-dom-client.development.js:18826:41)
    at renderRootSync (webpack-internal:///(app-pages-browser)/../../node_modules/.pnpm/next@16.1.7_@babel+core@7.29.7_@playwright+test@1.60.0_react-dom@19.2.7_react@19.2.7/node_modules/next/dist/compiled/react-dom/cjs/react-dom-client.development.js:18807:11)
    at performWorkOnRoot (webpack-internal:///(app-pages-browser)/../../node_modules/.pnpm/next@16.1.7_@babel+core@7.29.7_@playwright+test@1.60.0_react-dom@19.2.7_react@19.2.7/node_modules/next/dist/compiled/react-dom/cjs/react-dom-client.development.js:17836:11)
    at performSyncWorkOnRoot (webpack-internal:///(app-pages-browser)/../../node_modules/.pnpm/next@16.1.7_@babel+core@7.29.7_@playwright+test@1.60.0_react-dom@19.2.7_react@19.2.7/node_modules/next/dist/compiled/react-dom/cjs/react-dom-client.development.js:20400:7)
    at flushSyncWorkAcrossRoots_impl (webpack-internal:///(app-pages-browser)/../../node_modules/.pnpm/next@16.1.7_@babel+core@7.29.7_@playwright+test@1.60.0_react-dom@19.2.7_react@19.2.7/node_modules/next/dist/compiled/react-dom/cjs/react-dom-client.development.js:20242:21)
    at processRootScheduleInMicrotask (webpack-internal:///(app-pages-browser)/../../node_modules/.pnpm/next@16.1.7_@babel+core@7.29.7_@playwright+test@1.60.0_react-dom@19.2.7_react@19.2.7/node_modules/next/dist/compiled/react-dom/cjs/react-dom-client.development.js:20281:9)
    at eval (webpack-internal:///(app-pages-browser)/../../node_modules/.pnpm/next@16.1.7_@babel+core@7.29.7_@playwright+test@1.60.0_react-dom@19.2.7_react@19.2.7/node_modules/next/dist/compiled/react-dom/cjs/react-dom-client.development.js:20419:13) @ webpack-internal:///(app-pages-browser)/../../node_modules/.pnpm/next@16.1.7_@babel+core@7.29.7_@playwright+test@1.60.0_react-dom@19.2.7_react@19.2.7/node_modules/next/dist/next-devtools/userspace/app/errors/intercept-console-error.js:51
[    2649ms] [ERROR] IntlError: MISSING_MESSAGE: Could not resolve `modules.tokenized-deposit.tokenized_deposit_0112` in messages for locale `en-US`.
    at getFallbackFromErrorAndNotify (webpack-internal:///(app-pages-browser)/../../node_modules/.pnpm/use-intl@4.13.0_react@19.2.7/node_modules/use-intl/dist/esm/development/initializeConfig-CUsOI8u2.js:108:19)
    at translateBaseFn (webpack-internal:///(app-pages-browser)/../../node_modules/.pnpm/use-intl@4.13.0_react@19.2.7/node_modules/use-intl/dist/esm/development/initializeConfig-CUsOI8u2.js:141:18)
    at translateFn (webpack-internal:///(app-pages-browser)/../../node_modules/.pnpm/use-intl@4.13.0_react@19.2.7/node_modules/use-intl/dist/esm/development/initializeConfig-CUsOI8u2.js:173:20)
    at WalletFieldGroup (webpack-internal:///(app-pages-browser)/../../libs/modules/tokenized-deposit/feature/src/lib/tokenized-deposit-edit/wallet-field-group.tsx:20:32)
    at Object.react_stack_bottom_frame (webpack-internal:///(app-pages-browser)/../../node_modules/.pnpm/next@16.1.7_@babel+core@7.29.7_@playwright+test@1.60.0_react-dom@19.2.7_react@19.2.7/node_modules/next/dist/compiled/react-dom/cjs/react-dom-client.development.js:28039:20)
    at renderWithHooksAgain (webpack-internal:///(app-pages-browser)/../../node_modules/.pnpm/next@16.1.7_@babel+core@7.29.7_@playwright+test@1.60.0_react-dom@19.2.7_react@19.2.7/node_modules/next/dist/compiled/react-dom/cjs/react-dom-client.development.js:8085:20)
    at renderWithHooks (webpack-internal:///(app-pages-browser)/../../node_modules/.pnpm/next@16.1.7_@babel+core@7.29.7_@playwright+test@1.60.0_react-dom@19.2.7_react@19.2.7/node_modules/next/dist/compiled/react-dom/cjs/react-dom-client.development.js:7997:22)
    at updateFunctionComponent (webpack-internal:///(app-pages-browser)/../../node_modules/.pnpm/next@16.1.7_@babel+core@7.29.7_@playwright+test@1.60.0_react-dom@19.2.7_react@19.2.7/node_modules/next/dist/compiled/react-dom/cjs/react-dom-client.development.js:10502:19)
    at beginWork (webpack-internal:///(app-pages-browser)/../../node_modules/.pnpm/next@16.1.7_@babel+core@7.29.7_@playwright+test@1.60.0_react-dom@19.2.7_react@19.2.7/node_modules/next/dist/compiled/react-dom/cjs/react-dom-client.development.js:12137:18)
    at runWithFiberInDEV (webpack-internal:///(app-pages-browser)/../../node_modules/.pnpm/next@16.1.7_@babel+core@7.29.7_@playwright+test@1.60.0_react-dom@19.2.7_react@19.2.7/node_modules/next/dist/compiled/react-dom/cjs/react-dom-client.development.js:987:30)
    at performUnitOfWork (webpack-internal:///(app-pages-browser)/../../node_modules/.pnpm/next@16.1.7_@babel+core@7.29.7_@playwright+test@1.60.0_react-dom@19.2.7_react@19.2.7/node_modules/next/dist/compiled/react-dom/cjs/react-dom-client.development.js:18998:22)
    at workLoopSync (webpack-internal:///(app-pages-browser)/../../node_modules/.pnpm/next@16.1.7_@babel+core@7.29.7_@playwright+test@1.60.0_react-dom@19.2.7_react@19.2.7/node_modules/next/dist/compiled/react-dom/cjs/react-dom-client.development.js:18826:41)
    at renderRootSync (webpack-internal:///(app-pages-browser)/../../node_modules/.pnpm/next@16.1.7_@babel+core@7.29.7_@playwright+test@1.60.0_react-dom@19.2.7_react@19.2.7/node_modules/next/dist/compiled/react-dom/cjs/react-dom-client.development.js:18807:11)
    at performWorkOnRoot (webpack-internal:///(app-pages-browser)/../../node_modules/.pnpm/next@16.1.7_@babel+core@7.29.7_@playwright+test@1.60.0_react-dom@19.2.7_react@19.2.7/node_modules/next/dist/compiled/react-dom/cjs/react-dom-client.development.js:17836:11)
    at performSyncWorkOnRoot (webpack-internal:///(app-pages-browser)/../../node_modules/.pnpm/next@16.1.7_@babel+core@7.29.7_@playwright+test@1.60.0_react-dom@19.2.7_react@19.2.7/node_modules/next/dist/compiled/react-dom/cjs/react-dom-client.development.js:20400:7)
    at flushSyncWorkAcrossRoots_impl (webpack-internal:///(app-pages-browser)/../../node_modules/.pnpm/next@16.1.7_@babel+core@7.29.7_@playwright+test@1.60.0_react-dom@19.2.7_react@19.2.7/node_modules/next/dist/compiled/react-dom/cjs/react-dom-client.development.js:20242:21)
    at processRootScheduleInMicrotask (webpack-internal:///(app-pages-browser)/../../node_modules/.pnpm/next@16.1.7_@babel+core@7.29.7_@playwright+test@1.60.0_react-dom@19.2.7_react@19.2.7/node_modules/next/dist/compiled/react-dom/cjs/react-dom-client.development.js:20281:9)
    at eval (webpack-internal:///(app-pages-browser)/../../node_modules/.pnpm/next@16.1.7_@babel+core@7.29.7_@playwright+test@1.60.0_react-dom@19.2.7_react@19.2.7/node_modules/next/dist/compiled/react-dom/cjs/react-dom-client.development.js:20419:13) @ webpack-internal:///(app-pages-browser)/../../node_modules/.pnpm/next@16.1.7_@babel+core@7.29.7_@playwright+test@1.60.0_react-dom@19.2.7_react@19.2.7/node_modules/next/dist/next-devtools/userspace/app/errors/intercept-console-error.js:51
[    2649ms] [ERROR] IntlError: MISSING_MESSAGE: Could not resolve `modules.tokenized-deposit.tokenized_deposit_0113` in messages for locale `en-US`.
    at getFallbackFromErrorAndNotify (webpack-internal:///(app-pages-browser)/../../node_modules/.pnpm/use-intl@4.13.0_react@19.2.7/node_modules/use-intl/dist/esm/development/initializeConfig-CUsOI8u2.js:108:19)
    at translateBaseFn (webpack-internal:///(app-pages-browser)/../../node_modules/.pnpm/use-intl@4.13.0_react@19.2.7/node_modules/use-intl/dist/esm/development/initializeConfig-CUsOI8u2.js:141:18)
    at translateFn (webpack-internal:///(app-pages-browser)/../../node_modules/.pnpm/use-intl@4.13.0_react@19.2.7/node_modules/use-intl/dist/esm/development/initializeConfig-CUsOI8u2.js:173:20)
    at WalletFieldGroup (webpack-internal:///(app-pages-browser)/../../libs/modules/tokenized-deposit/feature/src/lib/tokenized-deposit-edit/wallet-field-group.tsx:20:32)
    at Object.react_stack_bottom_frame (webpack-internal:///(app-pages-browser)/../../node_modules/.pnpm/next@16.1.7_@babel+core@7.29.7_@playwright+test@1.60.0_react-dom@19.2.7_react@19.2.7/node_modules/next/dist/compiled/react-dom/cjs/react-dom-client.development.js:28039:20)
    at renderWithHooks (webpack-internal:///(app-pages-browser)/../../node_modules/.pnpm/next@16.1.7_@babel+core@7.29.7_@playwright+test@1.60.0_react-dom@19.2.7_react@19.2.7/node_modules/next/dist/compiled/react-dom/cjs/react-dom-client.development.js:7985:22)
    at updateFunctionComponent (webpack-internal:///(app-pages-browser)/../../node_modules/.pnpm/next@16.1.7_@babel+core@7.29.7_@playwright+test@1.60.0_react-dom@19.2.7_react@19.2.7/node_modules/next/dist/compiled/react-dom/cjs/react-dom-client.development.js:10502:19)
    at beginWork (webpack-internal:///(app-pages-browser)/../../node_modules/.pnpm/next@16.1.7_@babel+core@7.29.7_@playwright+test@1.60.0_react-dom@19.2.7_react@19.2.7/node_modules/next/dist/compiled/react-dom/cjs/react-dom-client.development.js:12137:18)
    at runWithFiberInDEV (webpack-internal:///(app-pages-browser)/../../node_modules/.pnpm/next@16.1.7_@babel+core@7.29.7_@playwright+test@1.60.0_react-dom@19.2.7_react@19.2.7/node_modules/next/dist/compiled/react-dom/cjs/react-dom-client.development.js:987:30)
    at performUnitOfWork (webpack-internal:///(app-pages-browser)/../../node_modules/.pnpm/next@16.1.7_@babel+core@7.29.7_@playwright+test@1.60.0_react-dom@19.2.7_react@19.2.7/node_modules/next/dist/compiled/react-dom/cjs/react-dom-client.development.js:18998:22)
    at workLoopSync (webpack-internal:///(app-pages-browser)/../../node_modules/.pnpm/next@16.1.7_@babel+core@7.29.7_@playwright+test@1.60.0_react-dom@19.2.7_react@19.2.7/node_modules/next/dist/compiled/react-dom/cjs/react-dom-client.development.js:18826:41)
    at renderRootSync (webpack-internal:///(app-pages-browser)/../../node_modules/.pnpm/next@16.1.7_@babel+core@7.29.7_@playwright+test@1.60.0_react-dom@19.2.7_react@19.2.7/node_modules/next/dist/compiled/react-dom/cjs/react-dom-client.development.js:18807:11)
    at performWorkOnRoot (webpack-internal:///(app-pages-browser)/../../node_modules/.pnpm/next@16.1.7_@babel+core@7.29.7_@playwright+test@1.60.0_react-dom@19.2.7_react@19.2.7/node_modules/next/dist/compiled/react-dom/cjs/react-dom-client.development.js:17836:11)
    at performSyncWorkOnRoot (webpack-internal:///(app-pages-browser)/../../node_modules/.pnpm/next@16.1.7_@babel+core@7.29.7_@playwright+test@1.60.0_react-dom@19.2.7_react@19.2.7/node_modules/next/dist/compiled/react-dom/cjs/react-dom-client.development.js:20400:7)
    at flushSyncWorkAcrossRoots_impl (webpack-internal:///(app-pages-browser)/../../node_modules/.pnpm/next@16.1.7_@babel+core@7.29.7_@playwright+test@1.60.0_react-dom@19.2.7_react@19.2.7/node_modules/next/dist/compiled/react-dom/cjs/react-dom-client.development.js:20242:21)
    at processRootScheduleInMicrotask (webpack-internal:///(app-pages-browser)/../../node_modules/.pnpm/next@16.1.7_@babel+core@7.29.7_@playwright+test@1.60.0_react-dom@19.2.7_react@19.2.7/node_modules/next/dist/compiled/react-dom/cjs/react-dom-client.development.js:20281:9)
    at eval (webpack-internal:///(app-pages-browser)/../../node_modules/.pnpm/next@16.1.7_@babel+core@7.29.7_@playwright+test@1.60.0_react-dom@19.2.7_react@19.2.7/node_modules/next/dist/compiled/react-dom/cjs/react-dom-client.development.js:20419:13) @ webpack-internal:///(app-pages-browser)/../../node_modules/.pnpm/next@16.1.7_@babel+core@7.29.7_@playwright+test@1.60.0_react-dom@19.2.7_react@19.2.7/node_modules/next/dist/next-devtools/userspace/app/errors/intercept-console-error.js:51
[    2650ms] [ERROR] IntlError: MISSING_MESSAGE: Could not resolve `modules.tokenized-deposit.tokenized_deposit_0113` in messages for locale `en-US`.
    at getFallbackFromErrorAndNotify (webpack-internal:///(app-pages-browser)/../../node_modules/.pnpm/use-intl@4.13.0_react@19.2.7/node_modules/use-intl/dist/esm/development/initializeConfig-CUsOI8u2.js:108:19)
    at translateBaseFn (webpack-internal:///(app-pages-browser)/../../node_modules/.pnpm/use-intl@4.13.0_react@19.2.7/node_modules/use-intl/dist/esm/development/initializeConfig-CUsOI8u2.js:141:18)
    at translateFn (webpack-internal:///(app-pages-browser)/../../node_modules/.pnpm/use-intl@4.13.0_react@19.2.7/node_modules/use-intl/dist/esm/development/initializeConfig-CUsOI8u2.js:173:20)
    at WalletFieldGroup (webpack-internal:///(app-pages-browser)/../../libs/modules/tokenized-deposit/feature/src/lib/tokenized-deposit-edit/wallet-field-group.tsx:20:32)
    at Object.react_stack_bottom_frame (webpack-internal:///(app-pages-browser)/../../node_modules/.pnpm/next@16.1.7_@babel+core@7.29.7_@playwright+test@1.60.0_react-dom@19.2.7_react@19.2.7/node_modules/next/dist/compiled/react-dom/cjs/react-dom-client.development.js:28039:20)
    at renderWithHooksAgain (webpack-internal:///(app-pages-browser)/../../node_modules/.pnpm/next@16.1.7_@babel+core@7.29.7_@playwright+test@1.60.0_react-dom@19.2.7_react@19.2.7/node_modules/next/dist/compiled/react-dom/cjs/react-dom-client.development.js:8085:20)
    at renderWithHooks (webpack-internal:///(app-pages-browser)/../../node_modules/.pnpm/next@16.1.7_@babel+core@7.29.7_@playwright+test@1.60.0_react-dom@19.2.7_react@19.2.7/node_modules/next/dist/compiled/react-dom/cjs/react-dom-client.development.js:7997:22)
    at updateFunctionComponent (webpack-internal:///(app-pages-browser)/../../node_modules/.pnpm/next@16.1.7_@babel+core@7.29.7_@playwright+test@1.60.0_react-dom@19.2.7_react@19.2.7/node_modules/next/dist/compiled/react-dom/cjs/react-dom-client.development.js:10502:19)
    at beginWork (webpack-internal:///(app-pages-browser)/../../node_modules/.pnpm/next@16.1.7_@babel+core@7.29.7_@playwright+test@1.60.0_react-dom@19.2.7_react@19.2.7/node_modules/next/dist/compiled/react-dom/cjs/react-dom-client.development.js:12137:18)
    at runWithFiberInDEV (webpack-internal:///(app-pages-browser)/../../node_modules/.pnpm/next@16.1.7_@babel+core@7.29.7_@playwright+test@1.60.0_react-dom@19.2.7_react@19.2.7/node_modules/next/dist/compiled/react-dom/cjs/react-dom-client.development.js:987:30)
    at performUnitOfWork (webpack-internal:///(app-pages-browser)/../../node_modules/.pnpm/next@16.1.7_@babel+core@7.29.7_@playwright+test@1.60.0_react-dom@19.2.7_react@19.2.7/node_modules/next/dist/compiled/react-dom/cjs/react-dom-client.development.js:18998:22)
    at workLoopSync (webpack-internal:///(app-pages-browser)/../../node_modules/.pnpm/next@16.1.7_@babel+core@7.29.7_@playwright+test@1.60.0_react-dom@19.2.7_react@19.2.7/node_modules/next/dist/compiled/react-dom/cjs/react-dom-client.development.js:18826:41)
    at renderRootSync (webpack-internal:///(app-pages-browser)/../../node_modules/.pnpm/next@16.1.7_@babel+core@7.29.7_@playwright+test@1.60.0_react-dom@19.2.7_react@19.2.7/node_modules/next/dist/compiled/react-dom/cjs/react-dom-client.development.js:18807:11)
    at performWorkOnRoot (webpack-internal:///(app-pages-browser)/../../node_modules/.pnpm/next@16.1.7_@babel+core@7.29.7_@playwright+test@1.60.0_react-dom@19.2.7_react@19.2.7/node_modules/next/dist/compiled/react-dom/cjs/react-dom-client.development.js:17836:11)
    at performSyncWorkOnRoot (webpack-internal:///(app-pages-browser)/../../node_modules/.pnpm/next@16.1.7_@babel+core@7.29.7_@playwright+test@1.60.0_react-dom@19.2.7_react@19.2.7/node_modules/next/dist/compiled/react-dom/cjs/react-dom-client.development.js:20400:7)
    at flushSyncWorkAcrossRoots_impl (webpack-internal:///(app-pages-browser)/../../node_modules/.pnpm/next@16.1.7_@babel+core@7.29.7_@playwright+test@1.60.0_react-dom@19.2.7_react@19.2.7/node_modules/next/dist/compiled/react-dom/cjs/react-dom-client.development.js:20242:21)
    at processRootScheduleInMicrotask (webpack-internal:///(app-pages-browser)/../../node_modules/.pnpm/next@16.1.7_@babel+core@7.29.7_@playwright+test@1.60.0_react-dom@19.2.7_react@19.2.7/node_modules/next/dist/compiled/react-dom/cjs/react-dom-client.development.js:20281:9)
    at eval (webpack-internal:///(app-pages-browser)/../../node_modules/.pnpm/next@16.1.7_@babel+core@7.29.7_@playwright+test@1.60.0_react-dom@19.2.7_react@19.2.7/node_modules/next/dist/compiled/react-dom/cjs/react-dom-client.development.js:20419:13) @ webpack-internal:///(app-pages-browser)/../../node_modules/.pnpm/next@16.1.7_@babel+core@7.29.7_@playwright+test@1.60.0_react-dom@19.2.7_react@19.2.7/node_modules/next/dist/next-devtools/userspace/app/errors/intercept-console-error.js:51
[    2650ms] [ERROR] IntlError: MISSING_MESSAGE: Could not resolve `modules.tokenized-deposit.tokenized_deposit_0114` in messages for locale `en-US`.
    at getFallbackFromErrorAndNotify (webpack-internal:///(app-pages-browser)/../../node_modules/.pnpm/use-intl@4.13.0_react@19.2.7/node_modules/use-intl/dist/esm/development/initializeConfig-CUsOI8u2.js:108:19)
    at translateBaseFn (webpack-internal:///(app-pages-browser)/../../node_modules/.pnpm/use-intl@4.13.0_react@19.2.7/node_modules/use-intl/dist/esm/development/initializeConfig-CUsOI8u2.js:141:18)
    at translateFn (webpack-internal:///(app-pages-browser)/../../node_modules/.pnpm/use-intl@4.13.0_react@19.2.7/node_modules/use-intl/dist/esm/development/initializeConfig-CUsOI8u2.js:173:20)
    at WalletFieldGroup (webpack-internal:///(app-pages-browser)/../../libs/modules/tokenized-deposit/feature/src/lib/tokenized-deposit-edit/wallet-field-group.tsx:20:32)
    at Object.react_stack_bottom_frame (webpack-internal:///(app-pages-browser)/../../node_modules/.pnpm/next@16.1.7_@babel+core@7.29.7_@playwright+test@1.60.0_react-dom@19.2.7_react@19.2.7/node_modules/next/dist/compiled/react-dom/cjs/react-dom-client.development.js:28039:20)
    at renderWithHooks (webpack-internal:///(app-pages-browser)/../../node_modules/.pnpm/next@16.1.7_@babel+core@7.29.7_@playwright+test@1.60.0_react-dom@19.2.7_react@19.2.7/node_modules/next/dist/compiled/react-dom/cjs/react-dom-client.development.js:7985:22)
    at updateFunctionComponent (webpack-internal:///(app-pages-browser)/../../node_modules/.pnpm/next@16.1.7_@babel+core@7.29.7_@playwright+test@1.60.0_react-dom@19.2.7_react@19.2.7/node_modules/next/dist/compiled/react-dom/cjs/react-dom-client.development.js:10502:19)
    at beginWork (webpack-internal:///(app-pages-browser)/../../node_modules/.pnpm/next@16.1.7_@babel+core@7.29.7_@playwright+test@1.60.0_react-dom@19.2.7_react@19.2.7/node_modules/next/dist/compiled/react-dom/cjs/react-dom-client.development.js:12137:18)
    at runWithFiberInDEV (webpack-internal:///(app-pages-browser)/../../node_modules/.pnpm/next@16.1.7_@babel+core@7.29.7_@playwright+test@1.60.0_react-dom@19.2.7_react@19.2.7/node_modules/next/dist/compiled/react-dom/cjs/react-dom-client.development.js:987:30)
    at performUnitOfWork (webpack-internal:///(app-pages-browser)/../../node_modules/.pnpm/next@16.1.7_@babel+core@7.29.7_@playwright+test@1.60.0_react-dom@19.2.7_react@19.2.7/node_modules/next/dist/compiled/react-dom/cjs/react-dom-client.development.js:18998:22)
    at workLoopSync (webpack-internal:///(app-pages-browser)/../../node_modules/.pnpm/next@16.1.7_@babel+core@7.29.7_@playwright+test@1.60.0_react-dom@19.2.7_react@19.2.7/node_modules/next/dist/compiled/react-dom/cjs/react-dom-client.development.js:18826:41)
    at renderRootSync (webpack-internal:///(app-pages-browser)/../../node_modules/.pnpm/next@16.1.7_@babel+core@7.29.7_@playwright+test@1.60.0_react-dom@19.2.7_react@19.2.7/node_modules/next/dist/compiled/react-dom/cjs/react-dom-client.development.js:18807:11)
    at performWorkOnRoot (webpack-internal:///(app-pages-browser)/../../node_modules/.pnpm/next@16.1.7_@babel+core@7.29.7_@playwright+test@1.60.0_react-dom@19.2.7_react@19.2.7/node_modules/next/dist/compiled/react-dom/cjs/react-dom-client.development.js:17836:11)
    at performSyncWorkOnRoot (webpack-internal:///(app-pages-browser)/../../node_modules/.pnpm/next@16.1.7_@babel+core@7.29.7_@playwright+test@1.60.0_react-dom@19.2.7_react@19.2.7/node_modules/next/dist/compiled/react-dom/cjs/react-dom-client.development.js:20400:7)
    at flushSyncWorkAcrossRoots_impl (webpack-internal:///(app-pages-browser)/../../node_modules/.pnpm/next@16.1.7_@babel+core@7.29.7_@playwright+test@1.60.0_react-dom@19.2.7_react@19.2.7/node_modules/next/dist/compiled/react-dom/cjs/react-dom-client.development.js:20242:21)
    at processRootScheduleInMicrotask (webpack-internal:///(app-pages-browser)/../../node_modules/.pnpm/next@16.1.7_@babel+core@7.29.7_@playwright+test@1.60.0_react-dom@19.2.7_react@19.2.7/node_modules/next/dist/compiled/react-dom/cjs/react-dom-client.development.js:20281:9)
    at eval (webpack-internal:///(app-pages-browser)/../../node_modules/.pnpm/next@16.1.7_@babel+core@7.29.7_@playwright+test@1.60.0_react-dom@19.2.7_react@19.2.7/node_modules/next/dist/compiled/react-dom/cjs/react-dom-client.development.js:20419:13) @ webpack-internal:///(app-pages-browser)/../../node_modules/.pnpm/next@16.1.7_@babel+core@7.29.7_@playwright+test@1.60.0_react-dom@19.2.7_react@19.2.7/node_modules/next/dist/next-devtools/userspace/app/errors/intercept-console-error.js:51
[    2651ms] [ERROR] IntlError: MISSING_MESSAGE: Could not resolve `modules.tokenized-deposit.tokenized_deposit_0114` in messages for locale `en-US`.
    at getFallbackFromErrorAndNotify (webpack-internal:///(app-pages-browser)/../../node_modules/.pnpm/use-intl@4.13.0_react@19.2.7/node_modules/use-intl/dist/esm/development/initializeConfig-CUsOI8u2.js:108:19)
    at translateBaseFn (webpack-internal:///(app-pages-browser)/../../node_modules/.pnpm/use-intl@4.13.0_react@19.2.7/node_modules/use-intl/dist/esm/development/initializeConfig-CUsOI8u2.js:141:18)
    at translateFn (webpack-internal:///(app-pages-browser)/../../node_modules/.pnpm/use-intl@4.13.0_react@19.2.7/node_modules/use-intl/dist/esm/development/initializeConfig-CUsOI8u2.js:173:20)
    at WalletFieldGroup (webpack-internal:///(app-pages-browser)/../../libs/modules/tokenized-deposit/feature/src/lib/tokenized-deposit-edit/wallet-field-group.tsx:20:32)
    at Object.react_stack_bottom_frame (webpack-internal:///(app-pages-browser)/../../node_modules/.pnpm/next@16.1.7_@babel+core@7.29.7_@playwright+test@1.60.0_react-dom@19.2.7_react@19.2.7/node_modules/next/dist/compiled/react-dom/cjs/react-dom-client.development.js:28039:20)
    at renderWithHooksAgain (webpack-internal:///(app-pages-browser)/../../node_modules/.pnpm/next@16.1.7_@babel+core@7.29.7_@playwright+test@1.60.0_react-dom@19.2.7_react@19.2.7/node_modules/next/dist/compiled/react-dom/cjs/react-dom-client.development.js:8085:20)
    at renderWithHooks (webpack-internal:///(app-pages-browser)/../../node_modules/.pnpm/next@16.1.7_@babel+core@7.29.7_@playwright+test@1.60.0_react-dom@19.2.7_react@19.2.7/node_modules/next/dist/compiled/react-dom/cjs/react-dom-client.development.js:7997:22)
    at updateFunctionComponent (webpack-internal:///(app-pages-browser)/../../node_modules/.pnpm/next@16.1.7_@babel+core@7.29.7_@playwright+test@1.60.0_react-dom@19.2.7_react@19.2.7/node_modules/next/dist/compiled/react-dom/cjs/react-dom-client.development.js:10502:19)
    at beginWork (webpack-internal:///(app-pages-browser)/../../node_modules/.pnpm/next@16.1.7_@babel+core@7.29.7_@playwright+test@1.60.0_react-dom@19.2.7_react@19.2.7/node_modules/next/dist/compiled/react-dom/cjs/react-dom-client.development.js:12137:18)
    at runWithFiberInDEV (webpack-internal:///(app-pages-browser)/../../node_modules/.pnpm/next@16.1.7_@babel+core@7.29.7_@playwright+test@1.60.0_react-dom@19.2.7_react@19.2.7/node_modules/next/dist/compiled/react-dom/cjs/react-dom-client.development.js:987:30)
    at performUnitOfWork (webpack-internal:///(app-pages-browser)/../../node_modules/.pnpm/next@16.1.7_@babel+core@7.29.7_@playwright+test@1.60.0_react-dom@19.2.7_react@19.2.7/node_modules/next/dist/compiled/react-dom/cjs/react-dom-client.development.js:18998:22)
    at workLoopSync (webpack-internal:///(app-pages-browser)/../../node_modules/.pnpm/next@16.1.7_@babel+core@7.29.7_@playwright+test@1.60.0_react-dom@19.2.7_react@19.2.7/node_modules/next/dist/compiled/react-dom/cjs/react-dom-client.development.js:18826:41)
    at renderRootSync (webpack-internal:///(app-pages-browser)/../../node_modules/.pnpm/next@16.1.7_@babel+core@7.29.7_@playwright+test@1.60.0_react-dom@19.2.7_react@19.2.7/node_modules/next/dist/compiled/react-dom/cjs/react-dom-client.development.js:18807:11)
    at performWorkOnRoot (webpack-internal:///(app-pages-browser)/../../node_modules/.pnpm/next@16.1.7_@babel+core@7.29.7_@playwright+test@1.60.0_react-dom@19.2.7_react@19.2.7/node_modules/next/dist/compiled/react-dom/cjs/react-dom-client.development.js:17836:11)
    at performSyncWorkOnRoot (webpack-internal:///(app-pages-browser)/../../node_modules/.pnpm/next@16.1.7_@babel+core@7.29.7_@playwright+test@1.60.0_react-dom@19.2.7_react@19.2.7/node_modules/next/dist/compiled/react-dom/cjs/react-dom-client.development.js:20400:7)
    at flushSyncWorkAcrossRoots_impl (webpack-internal:///(app-pages-browser)/../../node_modules/.pnpm/next@16.1.7_@babel+core@7.29.7_@playwright+test@1.60.0_react-dom@19.2.7_react@19.2.7/node_modules/next/dist/compiled/react-dom/cjs/react-dom-client.development.js:20242:21)
    at processRootScheduleInMicrotask (webpack-internal:///(app-pages-browser)/../../node_modules/.pnpm/next@16.1.7_@babel+core@7.29.7_@playwright+test@1.60.0_react-dom@19.2.7_react@19.2.7/node_modules/next/dist/compiled/react-dom/cjs/react-dom-client.development.js:20281:9)
    at eval (webpack-internal:///(app-pages-browser)/../../node_modules/.pnpm/next@16.1.7_@babel+core@7.29.7_@playwright+test@1.60.0_react-dom@19.2.7_react@19.2.7/node_modules/next/dist/compiled/react-dom/cjs/react-dom-client.development.js:20419:13) @ webpack-internal:///(app-pages-browser)/../../node_modules/.pnpm/next@16.1.7_@babel+core@7.29.7_@playwright+test@1.60.0_react-dom@19.2.7_react@19.2.7/node_modules/next/dist/next-devtools/userspace/app/errors/intercept-console-error.js:51
[    2652ms] [ERROR] IntlError: MISSING_MESSAGE: Could not resolve `modules.tokenized-deposit.tokenized_deposit_0112` in messages for locale `en-US`.
    at getFallbackFromErrorAndNotify (webpack-internal:///(app-pages-browser)/../../node_modules/.pnpm/use-intl@4.13.0_react@19.2.7/node_modules/use-intl/dist/esm/development/initializeConfig-CUsOI8u2.js:108:19)
    at translateBaseFn (webpack-internal:///(app-pages-browser)/../../node_modules/.pnpm/use-intl@4.13.0_react@19.2.7/node_modules/use-intl/dist/esm/development/initializeConfig-CUsOI8u2.js:141:18)
    at translateFn (webpack-internal:///(app-pages-browser)/../../node_modules/.pnpm/use-intl@4.13.0_react@19.2.7/node_modules/use-intl/dist/esm/development/initializeConfig-CUsOI8u2.js:173:20)
    at RigsecWalletModal (webpack-internal:///(app-pages-browser)/../../libs/modules/tokenized-deposit/feature/src/lib/tokenized-deposit-edit/rigsec-wallet-modal.tsx:23:23)
    at Object.react_stack_bottom_frame (webpack-internal:///(app-pages-browser)/../../node_modules/.pnpm/next@16.1.7_@babel+core@7.29.7_@playwright+test@1.60.0_react-dom@19.2.7_react@19.2.7/node_modules/next/dist/compiled/react-dom/cjs/react-dom-client.development.js:28039:20)
    at renderWithHooks (webpack-internal:///(app-pages-browser)/../../node_modules/.pnpm/next@16.1.7_@babel+core@7.29.7_@playwright+test@1.60.0_react-dom@19.2.7_react@19.2.7/node_modules/next/dist/compiled/react-dom/cjs/react-dom-client.development.js:7985:22)
    at updateFunctionComponent (webpack-internal:///(app-pages-browser)/../../node_modules/.pnpm/next@16.1.7_@babel+core@7.29.7_@playwright+test@1.60.0_react-dom@19.2.7_react@19.2.7/node_modules/next/dist/compiled/react-dom/cjs/react-dom-client.development.js:10502:19)
    at beginWork (webpack-internal:///(app-pages-browser)/../../node_modules/.pnpm/next@16.1.7_@babel+core@7.29.7_@playwright+test@1.60.0_react-dom@19.2.7_react@19.2.7/node_modules/next/dist/compiled/react-dom/cjs/react-dom-client.development.js:12137:18)
    at runWithFiberInDEV (webpack-internal:///(app-pages-browser)/../../node_modules/.pnpm/next@16.1.7_@babel+core@7.29.7_@playwright+test@1.60.0_react-dom@19.2.7_react@19.2.7/node_modules/next/dist/compiled/react-dom/cjs/react-dom-client.development.js:987:30)
    at performUnitOfWork (webpack-internal:///(app-pages-browser)/../../node_modules/.pnpm/next@16.1.7_@babel+core@7.29.7_@playwright+test@1.60.0_react-dom@19.2.7_react@19.2.7/node_modules/next/dist/compiled/react-dom/cjs/react-dom-client.development.js:18998:22)
    at workLoopSync (webpack-internal:///(app-pages-browser)/../../node_modules/.pnpm/next@16.1.7_@babel+core@7.29.7_@playwright+test@1.60.0_react-dom@19.2.7_react@19.2.7/node_modules/next/dist/compiled/react-dom/cjs/react-dom-client.development.js:18826:41)
    at renderRootSync (webpack-internal:///(app-pages-browser)/../../node_modules/.pnpm/next@16.1.7_@babel+core@7.29.7_@playwright+test@1.60.0_react-dom@19.2.7_react@19.2.7/node_modules/next/dist/compiled/react-dom/cjs/react-dom-client.development.js:18807:11)
    at performWorkOnRoot (webpack-internal:///(app-pages-browser)/../../node_modules/.pnpm/next@16.1.7_@babel+core@7.29.7_@playwright+test@1.60.0_react-dom@19.2.7_react@19.2.7/node_modules/next/dist/compiled/react-dom/cjs/react-dom-client.development.js:17836:11)
    at performSyncWorkOnRoot (webpack-internal:///(app-pages-browser)/../../node_modules/.pnpm/next@16.1.7_@babel+core@7.29.7_@playwright+test@1.60.0_react-dom@19.2.7_react@19.2.7/node_modules/next/dist/compiled/react-dom/cjs/react-dom-client.development.js:20400:7)
    at flushSyncWorkAcrossRoots_impl (webpack-internal:///(app-pages-browser)/../../node_modules/.pnpm/next@16.1.7_@babel+core@7.29.7_@playwright+test@1.60.0_react-dom@19.2.7_react@19.2.7/node_modules/next/dist/compiled/react-dom/cjs/react-dom-client.development.js:20242:21)
    at processRootScheduleInMicrotask (webpack-internal:///(app-pages-browser)/../../node_modules/.pnpm/next@16.1.7_@babel+core@7.29.7_@playwright+test@1.60.0_react-dom@19.2.7_react@19.2.7/node_modules/next/dist/compiled/react-dom/cjs/react-dom-client.development.js:20281:9)
    at eval (webpack-internal:///(app-pages-browser)/../../node_modules/.pnpm/next@16.1.7_@babel+core@7.29.7_@playwright+test@1.60.0_react-dom@19.2.7_react@19.2.7/node_modules/next/dist/compiled/react-dom/cjs/react-dom-client.development.js:20419:13) @ webpack-internal:///(app-pages-browser)/../../node_modules/.pnpm/next@16.1.7_@babel+core@7.29.7_@playwright+test@1.60.0_react-dom@19.2.7_react@19.2.7/node_modules/next/dist/next-devtools/userspace/app/errors/intercept-console-error.js:51
[    2652ms] [ERROR] IntlError: MISSING_MESSAGE: Could not resolve `modules.tokenized-deposit.tokenized_deposit_0112` in messages for locale `en-US`.
    at getFallbackFromErrorAndNotify (webpack-internal:///(app-pages-browser)/../../node_modules/.pnpm/use-intl@4.13.0_react@19.2.7/node_modules/use-intl/dist/esm/development/initializeConfig-CUsOI8u2.js:108:19)
    at translateBaseFn (webpack-internal:///(app-pages-browser)/../../node_modules/.pnpm/use-intl@4.13.0_react@19.2.7/node_modules/use-intl/dist/esm/development/initializeConfig-CUsOI8u2.js:141:18)
    at translateFn (webpack-internal:///(app-pages-browser)/../../node_modules/.pnpm/use-intl@4.13.0_react@19.2.7/node_modules/use-intl/dist/esm/development/initializeConfig-CUsOI8u2.js:173:20)
    at RigsecWalletModal (webpack-internal:///(app-pages-browser)/../../libs/modules/tokenized-deposit/feature/src/lib/tokenized-deposit-edit/rigsec-wallet-modal.tsx:23:23)
    at Object.react_stack_bottom_frame (webpack-internal:///(app-pages-browser)/../../node_modules/.pnpm/next@16.1.7_@babel+core@7.29.7_@playwright+test@1.60.0_react-dom@19.2.7_react@19.2.7/node_modules/next/dist/compiled/react-dom/cjs/react-dom-client.development.js:28039:20)
    at renderWithHooksAgain (webpack-internal:///(app-pages-browser)/../../node_modules/.pnpm/next@16.1.7_@babel+core@7.29.7_@playwright+test@1.60.0_react-dom@19.2.7_react@19.2.7/node_modules/next/dist/compiled/react-dom/cjs/react-dom-client.development.js:8085:20)
    at renderWithHooks (webpack-internal:///(app-pages-browser)/../../node_modules/.pnpm/next@16.1.7_@babel+core@7.29.7_@playwright+test@1.60.0_react-dom@19.2.7_react@19.2.7/node_modules/next/dist/compiled/react-dom/cjs/react-dom-client.development.js:7997:22)
    at updateFunctionComponent (webpack-internal:///(app-pages-browser)/../../node_modules/.pnpm/next@16.1.7_@babel+core@7.29.7_@playwright+test@1.60.0_react-dom@19.2.7_react@19.2.7/node_modules/next/dist/compiled/react-dom/cjs/react-dom-client.development.js:10502:19)
    at beginWork (webpack-internal:///(app-pages-browser)/../../node_modules/.pnpm/next@16.1.7_@babel+core@7.29.7_@playwright+test@1.60.0_react-dom@19.2.7_react@19.2.7/node_modules/next/dist/compiled/react-dom/cjs/react-dom-client.development.js:12137:18)
    at runWithFiberInDEV (webpack-internal:///(app-pages-browser)/../../node_modules/.pnpm/next@16.1.7_@babel+core@7.29.7_@playwright+test@1.60.0_react-dom@19.2.7_react@19.2.7/node_modules/next/dist/compiled/react-dom/cjs/react-dom-client.development.js:987:30)
    at performUnitOfWork (webpack-internal:///(app-pages-browser)/../../node_modules/.pnpm/next@16.1.7_@babel+core@7.29.7_@playwright+test@1.60.0_react-dom@19.2.7_react@19.2.7/node_modules/next/dist/compiled/react-dom/cjs/react-dom-client.development.js:18998:22)
    at workLoopSync (webpack-internal:///(app-pages-browser)/../../node_modules/.pnpm/next@16.1.7_@babel+core@7.29.7_@playwright+test@1.60.0_react-dom@19.2.7_react@19.2.7/node_modules/next/dist/compiled/react-dom/cjs/react-dom-client.development.js:18826:41)
    at renderRootSync (webpack-internal:///(app-pages-browser)/../../node_modules/.pnpm/next@16.1.7_@babel+core@7.29.7_@playwright+test@1.60.0_react-dom@19.2.7_react@19.2.7/node_modules/next/dist/compiled/react-dom/cjs/react-dom-client.development.js:18807:11)
    at performWorkOnRoot (webpack-internal:///(app-pages-browser)/../../node_modules/.pnpm/next@16.1.7_@babel+core@7.29.7_@playwright+test@1.60.0_react-dom@19.2.7_react@19.2.7/node_modules/next/dist/compiled/react-dom/cjs/react-dom-client.development.js:17836:11)
    at performSyncWorkOnRoot (webpack-internal:///(app-pages-browser)/../../node_modules/.pnpm/next@16.1.7_@babel+core@7.29.7_@playwright+test@1.60.0_react-dom@19.2.7_react@19.2.7/node_modules/next/dist/compiled/react-dom/cjs/react-dom-client.development.js:20400:7)
    at flushSyncWorkAcrossRoots_impl (webpack-internal:///(app-pages-browser)/../../node_modules/.pnpm/next@16.1.7_@babel+core@7.29.7_@playwright+test@1.60.0_react-dom@19.2.7_react@19.2.7/node_modules/next/dist/compiled/react-dom/cjs/react-dom-client.development.js:20242:21)
    at processRootScheduleInMicrotask (webpack-internal:///(app-pages-browser)/../../node_modules/.pnpm/next@16.1.7_@babel+core@7.29.7_@playwright+test@1.60.0_react-dom@19.2.7_react@19.2.7/node_modules/next/dist/compiled/react-dom/cjs/react-dom-client.development.js:20281:9)
    at eval (webpack-internal:///(app-pages-browser)/../../node_modules/.pnpm/next@16.1.7_@babel+core@7.29.7_@playwright+test@1.60.0_react-dom@19.2.7_react@19.2.7/node_modules/next/dist/compiled/react-dom/cjs/react-dom-client.development.js:20419:13) @ webpack-internal:///(app-pages-browser)/../../node_modules/.pnpm/next@16.1.7_@babel+core@7.29.7_@playwright+test@1.60.0_react-dom@19.2.7_react@19.2.7/node_modules/next/dist/next-devtools/userspace/app/errors/intercept-console-error.js:51
[    2699ms] [ERROR] IntlError: MISSING_MESSAGE: Could not resolve `modules.tokenized-deposit.tokenized_deposit_0112` in messages for locale `en-US`.
    at getFallbackFromErrorAndNotify (webpack-internal:///(app-pages-browser)/../../node_modules/.pnpm/use-intl@4.13.0_react@19.2.7/node_modules/use-intl/dist/esm/development/initializeConfig-CUsOI8u2.js:108:19)
    at translateBaseFn (webpack-internal:///(app-pages-browser)/../../node_modules/.pnpm/use-intl@4.13.0_react@19.2.7/node_modules/use-intl/dist/esm/development/initializeConfig-CUsOI8u2.js:141:18)
    at translateFn (webpack-internal:///(app-pages-browser)/../../node_modules/.pnpm/use-intl@4.13.0_react@19.2.7/node_modules/use-intl/dist/esm/development/initializeConfig-CUsOI8u2.js:173:20)
    at WalletFieldGroup (webpack-internal:///(app-pages-browser)/../../libs/modules/tokenized-deposit/feature/src/lib/tokenized-deposit-edit/wallet-field-group.tsx:20:32)
    at Object.react_stack_bottom_frame (webpack-internal:///(app-pages-browser)/../../node_modules/.pnpm/next@16.1.7_@babel+core@7.29.7_@playwright+test@1.60.0_react-dom@19.2.7_react@19.2.7/node_modules/next/dist/compiled/react-dom/cjs/react-dom-client.development.js:28039:20)
    at renderWithHooks (webpack-internal:///(app-pages-browser)/../../node_modules/.pnpm/next@16.1.7_@babel+core@7.29.7_@playwright+test@1.60.0_react-dom@19.2.7_react@19.2.7/node_modules/next/dist/compiled/react-dom/cjs/react-dom-client.development.js:7985:22)
    at updateFunctionComponent (webpack-internal:///(app-pages-browser)/../../node_modules/.pnpm/next@16.1.7_@babel+core@7.29.7_@playwright+test@1.60.0_react-dom@19.2.7_react@19.2.7/node_modules/next/dist/compiled/react-dom/cjs/react-dom-client.development.js:10502:19)
    at beginWork (webpack-internal:///(app-pages-browser)/../../node_modules/.pnpm/next@16.1.7_@babel+core@7.29.7_@playwright+test@1.60.0_react-dom@19.2.7_react@19.2.7/node_modules/next/dist/compiled/react-dom/cjs/react-dom-client.development.js:12137:18)
    at runWithFiberInDEV (webpack-internal:///(app-pages-browser)/../../node_modules/.pnpm/next@16.1.7_@babel+core@7.29.7_@playwright+test@1.60.0_react-dom@19.2.7_react@19.2.7/node_modules/next/dist/compiled/react-dom/cjs/react-dom-client.development.js:987:30)
    at performUnitOfWork (webpack-internal:///(app-pages-browser)/../../node_modules/.pnpm/next@16.1.7_@babel+core@7.29.7_@playwright+test@1.60.0_react-dom@19.2.7_react@19.2.7/node_modules/next/dist/compiled/react-dom/cjs/react-dom-client.development.js:18998:22)
    at workLoopSync (webpack-internal:///(app-pages-browser)/../../node_modules/.pnpm/next@16.1.7_@babel+core@7.29.7_@playwright+test@1.60.0_react-dom@19.2.7_react@19.2.7/node_modules/next/dist/compiled/react-dom/cjs/react-dom-client.development.js:18826:41)
    at renderRootSync (webpack-internal:///(app-pages-browser)/../../node_modules/.pnpm/next@16.1.7_@babel+core@7.29.7_@playwright+test@1.60.0_react-dom@19.2.7_react@19.2.7/node_modules/next/dist/compiled/react-dom/cjs/react-dom-client.development.js:18807:11)
    at performWorkOnRoot (webpack-internal:///(app-pages-browser)/../../node_modules/.pnpm/next@16.1.7_@babel+core@7.29.7_@playwright+test@1.60.0_react-dom@19.2.7_react@19.2.7/node_modules/next/dist/compiled/react-dom/cjs/react-dom-client.development.js:17836:11)
    at performSyncWorkOnRoot (webpack-internal:///(app-pages-browser)/../../node_modules/.pnpm/next@16.1.7_@babel+core@7.29.7_@playwright+test@1.60.0_react-dom@19.2.7_react@19.2.7/node_modules/next/dist/compiled/react-dom/cjs/react-dom-client.development.js:20400:7)
    at flushSyncWorkAcrossRoots_impl (webpack-internal:///(app-pages-browser)/../../node_modules/.pnpm/next@16.1.7_@babel+core@7.29.7_@playwright+test@1.60.0_react-dom@19.2.7_react@19.2.7/node_modules/next/dist/compiled/react-dom/cjs/react-dom-client.development.js:20242:21)
    at processRootScheduleInMicrotask (webpack-internal:///(app-pages-browser)/../../node_modules/.pnpm/next@16.1.7_@babel+core@7.29.7_@playwright+test@1.60.0_react-dom@19.2.7_react@19.2.7/node_modules/next/dist/compiled/react-dom/cjs/react-dom-client.development.js:20281:9)
    at eval (webpack-internal:///(app-pages-browser)/../../node_modules/.pnpm/next@16.1.7_@babel+core@7.29.7_@playwright+test@1.60.0_react-dom@19.2.7_react@19.2.7/node_modules/next/dist/compiled/react-dom/cjs/react-dom-client.development.js:20419:13) @ webpack-internal:///(app-pages-browser)/../../node_modules/.pnpm/next@16.1.7_@babel+core@7.29.7_@playwright+test@1.60.0_react-dom@19.2.7_react@19.2.7/node_modules/next/dist/next-devtools/userspace/app/errors/intercept-console-error.js:51
[    2700ms] [ERROR] IntlError: MISSING_MESSAGE: Could not resolve `modules.tokenized-deposit.tokenized_deposit_0112` in messages for locale `en-US`.
    at getFallbackFromErrorAndNotify (webpack-internal:///(app-pages-browser)/../../node_modules/.pnpm/use-intl@4.13.0_react@19.2.7/node_modules/use-intl/dist/esm/development/initializeConfig-CUsOI8u2.js:108:19)
    at translateBaseFn (webpack-internal:///(app-pages-browser)/../../node_modules/.pnpm/use-intl@4.13.0_react@19.2.7/node_modules/use-intl/dist/esm/development/initializeConfig-CUsOI8u2.js:141:18)
    at translateFn (webpack-internal:///(app-pages-browser)/../../node_modules/.pnpm/use-intl@4.13.0_react@19.2.7/node_modules/use-intl/dist/esm/development/initializeConfig-CUsOI8u2.js:173:20)
    at WalletFieldGroup (webpack-internal:///(app-pages-browser)/../../libs/modules/tokenized-deposit/feature/src/lib/tokenized-deposit-edit/wallet-field-group.tsx:20:32)
    at Object.react_stack_bottom_frame (webpack-internal:///(app-pages-browser)/../../node_modules/.pnpm/next@16.1.7_@babel+core@7.29.7_@playwright+test@1.60.0_react-dom@19.2.7_react@19.2.7/node_modules/next/dist/compiled/react-dom/cjs/react-dom-client.development.js:28039:20)
    at renderWithHooksAgain (webpack-internal:///(app-pages-browser)/../../node_modules/.pnpm/next@16.1.7_@babel+core@7.29.7_@playwright+test@1.60.0_react-dom@19.2.7_react@19.2.7/node_modules/next/dist/compiled/react-dom/cjs/react-dom-client.development.js:8085:20)
    at renderWithHooks (webpack-internal:///(app-pages-browser)/../../node_modules/.pnpm/next@16.1.7_@babel+core@7.29.7_@playwright+test@1.60.0_react-dom@19.2.7_react@19.2.7/node_modules/next/dist/compiled/react-dom/cjs/react-dom-client.development.js:7997:22)
    at updateFunctionComponent (webpack-internal:///(app-pages-browser)/../../node_modules/.pnpm/next@16.1.7_@babel+core@7.29.7_@playwright+test@1.60.0_react-dom@19.2.7_react@19.2.7/node_modules/next/dist/compiled/react-dom/cjs/react-dom-client.development.js:10502:19)
    at beginWork (webpack-internal:///(app-pages-browser)/../../node_modules/.pnpm/next@16.1.7_@babel+core@7.29.7_@playwright+test@1.60.0_react-dom@19.2.7_react@19.2.7/node_modules/next/dist/compiled/react-dom/cjs/react-dom-client.development.js:12137:18)
    at runWithFiberInDEV (webpack-internal:///(app-pages-browser)/../../node_modules/.pnpm/next@16.1.7_@babel+core@7.29.7_@playwright+test@1.60.0_react-dom@19.2.7_react@19.2.7/node_modules/next/dist/compiled/react-dom/cjs/react-dom-client.development.js:987:30)
    at performUnitOfWork (webpack-internal:///(app-pages-browser)/../../node_modules/.pnpm/next@16.1.7_@babel+core@7.29.7_@playwright+test@1.60.0_react-dom@19.2.7_react@19.2.7/node_modules/next/dist/compiled/react-dom/cjs/react-dom-client.development.js:18998:22)
    at workLoopSync (webpack-internal:///(app-pages-browser)/../../node_modules/.pnpm/next@16.1.7_@babel+core@7.29.7_@playwright+test@1.60.0_react-dom@19.2.7_react@19.2.7/node_modules/next/dist/compiled/react-dom/cjs/react-dom-client.development.js:18826:41)
    at renderRootSync (webpack-internal:///(app-pages-browser)/../../node_modules/.pnpm/next@16.1.7_@babel+core@7.29.7_@playwright+test@1.60.0_react-dom@19.2.7_react@19.2.7/node_modules/next/dist/compiled/react-dom/cjs/react-dom-client.development.js:18807:11)
    at performWorkOnRoot (webpack-internal:///(app-pages-browser)/../../node_modules/.pnpm/next@16.1.7_@babel+core@7.29.7_@playwright+test@1.60.0_react-dom@19.2.7_react@19.2.7/node_modules/next/dist/compiled/react-dom/cjs/react-dom-client.development.js:17836:11)
    at performSyncWorkOnRoot (webpack-internal:///(app-pages-browser)/../../node_modules/.pnpm/next@16.1.7_@babel+core@7.29.7_@playwright+test@1.60.0_react-dom@19.2.7_react@19.2.7/node_modules/next/dist/compiled/react-dom/cjs/react-dom-client.development.js:20400:7)
    at flushSyncWorkAcrossRoots_impl (webpack-internal:///(app-pages-browser)/../../node_modules/.pnpm/next@16.1.7_@babel+core@7.29.7_@playwright+test@1.60.0_react-dom@19.2.7_react@19.2.7/node_modules/next/dist/compiled/react-dom/cjs/react-dom-client.development.js:20242:21)
    at processRootScheduleInMicrotask (webpack-internal:///(app-pages-browser)/../../node_modules/.pnpm/next@16.1.7_@babel+core@7.29.7_@playwright+test@1.60.0_react-dom@19.2.7_react@19.2.7/node_modules/next/dist/compiled/react-dom/cjs/react-dom-client.development.js:20281:9)
    at eval (webpack-internal:///(app-pages-browser)/../../node_modules/.pnpm/next@16.1.7_@babel+core@7.29.7_@playwright+test@1.60.0_react-dom@19.2.7_react@19.2.7/node_modules/next/dist/compiled/react-dom/cjs/react-dom-client.development.js:20419:13) @ webpack-internal:///(app-pages-browser)/../../node_modules/.pnpm/next@16.1.7_@babel+core@7.29.7_@playwright+test@1.60.0_react-dom@19.2.7_react@19.2.7/node_modules/next/dist/next-devtools/userspace/app/errors/intercept-console-error.js:51
[    2701ms] [ERROR] IntlError: MISSING_MESSAGE: Could not resolve `modules.tokenized-deposit.tokenized_deposit_0113` in messages for locale `en-US`.
    at getFallbackFromErrorAndNotify (webpack-internal:///(app-pages-browser)/../../node_modules/.pnpm/use-intl@4.13.0_react@19.2.7/node_modules/use-intl/dist/esm/development/initializeConfig-CUsOI8u2.js:108:19)
    at translateBaseFn (webpack-internal:///(app-pages-browser)/../../node_modules/.pnpm/use-intl@4.13.0_react@19.2.7/node_modules/use-intl/dist/esm/development/initializeConfig-CUsOI8u2.js:141:18)
    at translateFn (webpack-internal:///(app-pages-browser)/../../node_modules/.pnpm/use-intl@4.13.0_react@19.2.7/node_modules/use-intl/dist/esm/development/initializeConfig-CUsOI8u2.js:173:20)
    at WalletFieldGroup (webpack-internal:///(app-pages-browser)/../../libs/modules/tokenized-deposit/feature/src/lib/tokenized-deposit-edit/wallet-field-group.tsx:20:32)
    at Object.react_stack_bottom_frame (webpack-internal:///(app-pages-browser)/../../node_modules/.pnpm/next@16.1.7_@babel+core@7.29.7_@playwright+test@1.60.0_react-dom@19.2.7_react@19.2.7/node_modules/next/dist/compiled/react-dom/cjs/react-dom-client.development.js:28039:20)
    at renderWithHooks (webpack-internal:///(app-pages-browser)/../../node_modules/.pnpm/next@16.1.7_@babel+core@7.29.7_@playwright+test@1.60.0_react-dom@19.2.7_react@19.2.7/node_modules/next/dist/compiled/react-dom/cjs/react-dom-client.development.js:7985:22)
    at updateFunctionComponent (webpack-internal:///(app-pages-browser)/../../node_modules/.pnpm/next@16.1.7_@babel+core@7.29.7_@playwright+test@1.60.0_react-dom@19.2.7_react@19.2.7/node_modules/next/dist/compiled/react-dom/cjs/react-dom-client.development.js:10502:19)
    at beginWork (webpack-internal:///(app-pages-browser)/../../node_modules/.pnpm/next@16.1.7_@babel+core@7.29.7_@playwright+test@1.60.0_react-dom@19.2.7_react@19.2.7/node_modules/next/dist/compiled/react-dom/cjs/react-dom-client.development.js:12137:18)
    at runWithFiberInDEV (webpack-internal:///(app-pages-browser)/../../node_modules/.pnpm/next@16.1.7_@babel+core@7.29.7_@playwright+test@1.60.0_react-dom@19.2.7_react@19.2.7/node_modules/next/dist/compiled/react-dom/cjs/react-dom-client.development.js:987:30)
    at performUnitOfWork (webpack-internal:///(app-pages-browser)/../../node_modules/.pnpm/next@16.1.7_@babel+core@7.29.7_@playwright+test@1.60.0_react-dom@19.2.7_react@19.2.7/node_modules/next/dist/compiled/react-dom/cjs/react-dom-client.development.js:18998:22)
    at workLoopSync (webpack-internal:///(app-pages-browser)/../../node_modules/.pnpm/next@16.1.7_@babel+core@7.29.7_@playwright+test@1.60.0_react-dom@19.2.7_react@19.2.7/node_modules/next/dist/compiled/react-dom/cjs/react-dom-client.development.js:18826:41)
    at renderRootSync (webpack-internal:///(app-pages-browser)/../../node_modules/.pnpm/next@16.1.7_@babel+core@7.29.7_@playwright+test@1.60.0_react-dom@19.2.7_react@19.2.7/node_modules/next/dist/compiled/react-dom/cjs/react-dom-client.development.js:18807:11)
    at performWorkOnRoot (webpack-internal:///(app-pages-browser)/../../node_modules/.pnpm/next@16.1.7_@babel+core@7.29.7_@playwright+test@1.60.0_react-dom@19.2.7_react@19.2.7/node_modules/next/dist/compiled/react-dom/cjs/react-dom-client.development.js:17836:11)
    at performSyncWorkOnRoot (webpack-internal:///(app-pages-browser)/../../node_modules/.pnpm/next@16.1.7_@babel+core@7.29.7_@playwright+test@1.60.0_react-dom@19.2.7_react@19.2.7/node_modules/next/dist/compiled/react-dom/cjs/react-dom-client.development.js:20400:7)
    at flushSyncWorkAcrossRoots_impl (webpack-internal:///(app-pages-browser)/../../node_modules/.pnpm/next@16.1.7_@babel+core@7.29.7_@playwright+test@1.60.0_react-dom@19.2.7_react@19.2.7/node_modules/next/dist/compiled/react-dom/cjs/react-dom-client.development.js:20242:21)
    at processRootScheduleInMicrotask (webpack-internal:///(app-pages-browser)/../../node_modules/.pnpm/next@16.1.7_@babel+core@7.29.7_@playwright+test@1.60.0_react-dom@19.2.7_react@19.2.7/node_modules/next/dist/compiled/react-dom/cjs/react-dom-client.development.js:20281:9)
    at eval (webpack-internal:///(app-pages-browser)/../../node_modules/.pnpm/next@16.1.7_@babel+core@7.29.7_@playwright+test@1.60.0_react-dom@19.2.7_react@19.2.7/node_modules/next/dist/compiled/react-dom/cjs/react-dom-client.development.js:20419:13) @ webpack-internal:///(app-pages-browser)/../../node_modules/.pnpm/next@16.1.7_@babel+core@7.29.7_@playwright+test@1.60.0_react-dom@19.2.7_react@19.2.7/node_modules/next/dist/next-devtools/userspace/app/errors/intercept-console-error.js:51
[    2701ms] [ERROR] IntlError: MISSING_MESSAGE: Could not resolve `modules.tokenized-deposit.tokenized_deposit_0113` in messages for locale `en-US`.
    at getFallbackFromErrorAndNotify (webpack-internal:///(app-pages-browser)/../../node_modules/.pnpm/use-intl@4.13.0_react@19.2.7/node_modules/use-intl/dist/esm/development/initializeConfig-CUsOI8u2.js:108:19)
    at translateBaseFn (webpack-internal:///(app-pages-browser)/../../node_modules/.pnpm/use-intl@4.13.0_react@19.2.7/node_modules/use-intl/dist/esm/development/initializeConfig-CUsOI8u2.js:141:18)
    at translateFn (webpack-internal:///(app-pages-browser)/../../node_modules/.pnpm/use-intl@4.13.0_react@19.2.7/node_modules/use-intl/dist/esm/development/initializeConfig-CUsOI8u2.js:173:20)
    at WalletFieldGroup (webpack-internal:///(app-pages-browser)/../../libs/modules/tokenized-deposit/feature/src/lib/tokenized-deposit-edit/wallet-field-group.tsx:20:32)
    at Object.react_stack_bottom_frame (webpack-internal:///(app-pages-browser)/../../node_modules/.pnpm/next@16.1.7_@babel+core@7.29.7_@playwright+test@1.60.0_react-dom@19.2.7_react@19.2.7/node_modules/next/dist/compiled/react-dom/cjs/react-dom-client.development.js:28039:20)
    at renderWithHooksAgain (webpack-internal:///(app-pages-browser)/../../node_modules/.pnpm/next@16.1.7_@babel+core@7.29.7_@playwright+test@1.60.0_react-dom@19.2.7_react@19.2.7/node_modules/next/dist/compiled/react-dom/cjs/react-dom-client.development.js:8085:20)
    at renderWithHooks (webpack-internal:///(app-pages-browser)/../../node_modules/.pnpm/next@16.1.7_@babel+core@7.29.7_@playwright+test@1.60.0_react-dom@19.2.7_react@19.2.7/node_modules/next/dist/compiled/react-dom/cjs/react-dom-client.development.js:7997:22)
    at updateFunctionComponent (webpack-internal:///(app-pages-browser)/../../node_modules/.pnpm/next@16.1.7_@babel+core@7.29.7_@playwright+test@1.60.0_react-dom@19.2.7_react@19.2.7/node_modules/next/dist/compiled/react-dom/cjs/react-dom-client.development.js:10502:19)
    at beginWork (webpack-internal:///(app-pages-browser)/../../node_modules/.pnpm/next@16.1.7_@babel+core@7.29.7_@playwright+test@1.60.0_react-dom@19.2.7_react@19.2.7/node_modules/next/dist/compiled/react-dom/cjs/react-dom-client.development.js:12137:18)
    at runWithFiberInDEV (webpack-internal:///(app-pages-browser)/../../node_modules/.pnpm/next@16.1.7_@babel+core@7.29.7_@playwright+test@1.60.0_react-dom@19.2.7_react@19.2.7/node_modules/next/dist/compiled/react-dom/cjs/react-dom-client.development.js:987:30)
    at performUnitOfWork (webpack-internal:///(app-pages-browser)/../../node_modules/.pnpm/next@16.1.7_@babel+core@7.29.7_@playwright+test@1.60.0_react-dom@19.2.7_react@19.2.7/node_modules/next/dist/compiled/react-dom/cjs/react-dom-client.development.js:18998:22)
    at workLoopSync (webpack-internal:///(app-pages-browser)/../../node_modules/.pnpm/next@16.1.7_@babel+core@7.29.7_@playwright+test@1.60.0_react-dom@19.2.7_react@19.2.7/node_modules/next/dist/compiled/react-dom/cjs/react-dom-client.development.js:18826:41)
    at renderRootSync (webpack-internal:///(app-pages-browser)/../../node_modules/.pnpm/next@16.1.7_@babel+core@7.29.7_@playwright+test@1.60.0_react-dom@19.2.7_react@19.2.7/node_modules/next/dist/compiled/react-dom/cjs/react-dom-client.development.js:18807:11)
    at performWorkOnRoot (webpack-internal:///(app-pages-browser)/../../node_modules/.pnpm/next@16.1.7_@babel+core@7.29.7_@playwright+test@1.60.0_react-dom@19.2.7_react@19.2.7/node_modules/next/dist/compiled/react-dom/cjs/react-dom-client.development.js:17836:11)
    at performSyncWorkOnRoot (webpack-internal:///(app-pages-browser)/../../node_modules/.pnpm/next@16.1.7_@babel+core@7.29.7_@playwright+test@1.60.0_react-dom@19.2.7_react@19.2.7/node_modules/next/dist/compiled/react-dom/cjs/react-dom-client.development.js:20400:7)
    at flushSyncWorkAcrossRoots_impl (webpack-internal:///(app-pages-browser)/../../node_modules/.pnpm/next@16.1.7_@babel+core@7.29.7_@playwright+test@1.60.0_react-dom@19.2.7_react@19.2.7/node_modules/next/dist/compiled/react-dom/cjs/react-dom-client.development.js:20242:21)
    at processRootScheduleInMicrotask (webpack-internal:///(app-pages-browser)/../../node_modules/.pnpm/next@16.1.7_@babel+core@7.29.7_@playwright+test@1.60.0_react-dom@19.2.7_react@19.2.7/node_modules/next/dist/compiled/react-dom/cjs/react-dom-client.development.js:20281:9)
    at eval (webpack-internal:///(app-pages-browser)/../../node_modules/.pnpm/next@16.1.7_@babel+core@7.29.7_@playwright+test@1.60.0_react-dom@19.2.7_react@19.2.7/node_modules/next/dist/compiled/react-dom/cjs/react-dom-client.development.js:20419:13) @ webpack-internal:///(app-pages-browser)/../../node_modules/.pnpm/next@16.1.7_@babel+core@7.29.7_@playwright+test@1.60.0_react-dom@19.2.7_react@19.2.7/node_modules/next/dist/next-devtools/userspace/app/errors/intercept-console-error.js:51
[    2701ms] [ERROR] IntlError: MISSING_MESSAGE: Could not resolve `modules.tokenized-deposit.tokenized_deposit_0114` in messages for locale `en-US`.
    at getFallbackFromErrorAndNotify (webpack-internal:///(app-pages-browser)/../../node_modules/.pnpm/use-intl@4.13.0_react@19.2.7/node_modules/use-intl/dist/esm/development/initializeConfig-CUsOI8u2.js:108:19)
    at translateBaseFn (webpack-internal:///(app-pages-browser)/../../node_modules/.pnpm/use-intl@4.13.0_react@19.2.7/node_modules/use-intl/dist/esm/development/initializeConfig-CUsOI8u2.js:141:18)
    at translateFn (webpack-internal:///(app-pages-browser)/../../node_modules/.pnpm/use-intl@4.13.0_react@19.2.7/node_modules/use-intl/dist/esm/development/initializeConfig-CUsOI8u2.js:173:20)
    at WalletFieldGroup (webpack-internal:///(app-pages-browser)/../../libs/modules/tokenized-deposit/feature/src/lib/tokenized-deposit-edit/wallet-field-group.tsx:20:32)
    at Object.react_stack_bottom_frame (webpack-internal:///(app-pages-browser)/../../node_modules/.pnpm/next@16.1.7_@babel+core@7.29.7_@playwright+test@1.60.0_react-dom@19.2.7_react@19.2.7/node_modules/next/dist/compiled/react-dom/cjs/react-dom-client.development.js:28039:20)
    at renderWithHooks (webpack-internal:///(app-pages-browser)/../../node_modules/.pnpm/next@16.1.7_@babel+core@7.29.7_@playwright+test@1.60.0_react-dom@19.2.7_react@19.2.7/node_modules/next/dist/compiled/react-dom/cjs/react-dom-client.development.js:7985:22)
    at updateFunctionComponent (webpack-internal:///(app-pages-browser)/../../node_modules/.pnpm/next@16.1.7_@babel+core@7.29.7_@playwright+test@1.60.0_react-dom@19.2.7_react@19.2.7/node_modules/next/dist/compiled/react-dom/cjs/react-dom-client.development.js:10502:19)
    at beginWork (webpack-internal:///(app-pages-browser)/../../node_modules/.pnpm/next@16.1.7_@babel+core@7.29.7_@playwright+test@1.60.0_react-dom@19.2.7_react@19.2.7/node_modules/next/dist/compiled/react-dom/cjs/react-dom-client.development.js:12137:18)
    at runWithFiberInDEV (webpack-internal:///(app-pages-browser)/../../node_modules/.pnpm/next@16.1.7_@babel+core@7.29.7_@playwright+test@1.60.0_react-dom@19.2.7_react@19.2.7/node_modules/next/dist/compiled/react-dom/cjs/react-dom-client.development.js:987:30)
    at performUnitOfWork (webpack-internal:///(app-pages-browser)/../../node_modules/.pnpm/next@16.1.7_@babel+core@7.29.7_@playwright+test@1.60.0_react-dom@19.2.7_react@19.2.7/node_modules/next/dist/compiled/react-dom/cjs/react-dom-client.development.js:18998:22)
    at workLoopSync (webpack-internal:///(app-pages-browser)/../../node_modules/.pnpm/next@16.1.7_@babel+core@7.29.7_@playwright+test@1.60.0_react-dom@19.2.7_react@19.2.7/node_modules/next/dist/compiled/react-dom/cjs/react-dom-client.development.js:18826:41)
    at renderRootSync (webpack-internal:///(app-pages-browser)/../../node_modules/.pnpm/next@16.1.7_@babel+core@7.29.7_@playwright+test@1.60.0_react-dom@19.2.7_react@19.2.7/node_modules/next/dist/compiled/react-dom/cjs/react-dom-client.development.js:18807:11)
    at performWorkOnRoot (webpack-internal:///(app-pages-browser)/../../node_modules/.pnpm/next@16.1.7_@babel+core@7.29.7_@playwright+test@1.60.0_react-dom@19.2.7_react@19.2.7/node_modules/next/dist/compiled/react-dom/cjs/react-dom-client.development.js:17836:11)
    at performSyncWorkOnRoot (webpack-internal:///(app-pages-browser)/../../node_modules/.pnpm/next@16.1.7_@babel+core@7.29.7_@playwright+test@1.60.0_react-dom@19.2.7_react@19.2.7/node_modules/next/dist/compiled/react-dom/cjs/react-dom-client.development.js:20400:7)
    at flushSyncWorkAcrossRoots_impl (webpack-internal:///(app-pages-browser)/../../node_modules/.pnpm/next@16.1.7_@babel+core@7.29.7_@playwright+test@1.60.0_react-dom@19.2.7_react@19.2.7/node_modules/next/dist/compiled/react-dom/cjs/react-dom-client.development.js:20242:21)
    at processRootScheduleInMicrotask (webpack-internal:///(app-pages-browser)/../../node_modules/.pnpm/next@16.1.7_@babel+core@7.29.7_@playwright+test@1.60.0_react-dom@19.2.7_react@19.2.7/node_modules/next/dist/compiled/react-dom/cjs/react-dom-client.development.js:20281:9)
    at eval (webpack-internal:///(app-pages-browser)/../../node_modules/.pnpm/next@16.1.7_@babel+core@7.29.7_@playwright+test@1.60.0_react-dom@19.2.7_react@19.2.7/node_modules/next/dist/compiled/react-dom/cjs/react-dom-client.development.js:20419:13) @ webpack-internal:///(app-pages-browser)/../../node_modules/.pnpm/next@16.1.7_@babel+core@7.29.7_@playwright+test@1.60.0_react-dom@19.2.7_react@19.2.7/node_modules/next/dist/next-devtools/userspace/app/errors/intercept-console-error.js:51
[    2702ms] [ERROR] IntlError: MISSING_MESSAGE: Could not resolve `modules.tokenized-deposit.tokenized_deposit_0114` in messages for locale `en-US`.
    at getFallbackFromErrorAndNotify (webpack-internal:///(app-pages-browser)/../../node_modules/.pnpm/use-intl@4.13.0_react@19.2.7/node_modules/use-intl/dist/esm/development/initializeConfig-CUsOI8u2.js:108:19)
    at translateBaseFn (webpack-internal:///(app-pages-browser)/../../node_modules/.pnpm/use-intl@4.13.0_react@19.2.7/node_modules/use-intl/dist/esm/development/initializeConfig-CUsOI8u2.js:141:18)
    at translateFn (webpack-internal:///(app-pages-browser)/../../node_modules/.pnpm/use-intl@4.13.0_react@19.2.7/node_modules/use-intl/dist/esm/development/initializeConfig-CUsOI8u2.js:173:20)
    at WalletFieldGroup (webpack-internal:///(app-pages-browser)/../../libs/modules/tokenized-deposit/feature/src/lib/tokenized-deposit-edit/wallet-field-group.tsx:20:32)
    at Object.react_stack_bottom_frame (webpack-internal:///(app-pages-browser)/../../node_modules/.pnpm/next@16.1.7_@babel+core@7.29.7_@playwright+test@1.60.0_react-dom@19.2.7_react@19.2.7/node_modules/next/dist/compiled/react-dom/cjs/react-dom-client.development.js:28039:20)
    at renderWithHooksAgain (webpack-internal:///(app-pages-browser)/../../node_modules/.pnpm/next@16.1.7_@babel+core@7.29.7_@playwright+test@1.60.0_react-dom@19.2.7_react@19.2.7/node_modules/next/dist/compiled/react-dom/cjs/react-dom-client.development.js:8085:20)
    at renderWithHooks (webpack-internal:///(app-pages-browser)/../../node_modules/.pnpm/next@16.1.7_@babel+core@7.29.7_@playwright+test@1.60.0_react-dom@19.2.7_react@19.2.7/node_modules/next/dist/compiled/react-dom/cjs/react-dom-client.development.js:7997:22)
    at updateFunctionComponent (webpack-internal:///(app-pages-browser)/../../node_modules/.pnpm/next@16.1.7_@babel+core@7.29.7_@playwright+test@1.60.0_react-dom@19.2.7_react@19.2.7/node_modules/next/dist/compiled/react-dom/cjs/react-dom-client.development.js:10502:19)
    at beginWork (webpack-internal:///(app-pages-browser)/../../node_modules/.pnpm/next@16.1.7_@babel+core@7.29.7_@playwright+test@1.60.0_react-dom@19.2.7_react@19.2.7/node_modules/next/dist/compiled/react-dom/cjs/react-dom-client.development.js:12137:18)
    at runWithFiberInDEV (webpack-internal:///(app-pages-browser)/../../node_modules/.pnpm/next@16.1.7_@babel+core@7.29.7_@playwright+test@1.60.0_react-dom@19.2.7_react@19.2.7/node_modules/next/dist/compiled/react-dom/cjs/react-dom-client.development.js:987:30)
    at performUnitOfWork (webpack-internal:///(app-pages-browser)/../../node_modules/.pnpm/next@16.1.7_@babel+core@7.29.7_@playwright+test@1.60.0_react-dom@19.2.7_react@19.2.7/node_modules/next/dist/compiled/react-dom/cjs/react-dom-client.development.js:18998:22)
    at workLoopSync (webpack-internal:///(app-pages-browser)/../../node_modules/.pnpm/next@16.1.7_@babel+core@7.29.7_@playwright+test@1.60.0_react-dom@19.2.7_react@19.2.7/node_modules/next/dist/compiled/react-dom/cjs/react-dom-client.development.js:18826:41)
    at renderRootSync (webpack-internal:///(app-pages-browser)/../../node_modules/.pnpm/next@16.1.7_@babel+core@7.29.7_@playwright+test@1.60.0_react-dom@19.2.7_react@19.2.7/node_modules/next/dist/compiled/react-dom/cjs/react-dom-client.development.js:18807:11)
    at performWorkOnRoot (webpack-internal:///(app-pages-browser)/../../node_modules/.pnpm/next@16.1.7_@babel+core@7.29.7_@playwright+test@1.60.0_react-dom@19.2.7_react@19.2.7/node_modules/next/dist/compiled/react-dom/cjs/react-dom-client.development.js:17836:11)
    at performSyncWorkOnRoot (webpack-internal:///(app-pages-browser)/../../node_modules/.pnpm/next@16.1.7_@babel+core@7.29.7_@playwright+test@1.60.0_react-dom@19.2.7_react@19.2.7/node_modules/next/dist/compiled/react-dom/cjs/react-dom-client.development.js:20400:7)
    at flushSyncWorkAcrossRoots_impl (webpack-internal:///(app-pages-browser)/../../node_modules/.pnpm/next@16.1.7_@babel+core@7.29.7_@playwright+test@1.60.0_react-dom@19.2.7_react@19.2.7/node_modules/next/dist/compiled/react-dom/cjs/react-dom-client.development.js:20242:21)
    at processRootScheduleInMicrotask (webpack-internal:///(app-pages-browser)/../../node_modules/.pnpm/next@16.1.7_@babel+core@7.29.7_@playwright+test@1.60.0_react-dom@19.2.7_react@19.2.7/node_modules/next/dist/compiled/react-dom/cjs/react-dom-client.development.js:20281:9)
    at eval (webpack-internal:///(app-pages-browser)/../../node_modules/.pnpm/next@16.1.7_@babel+core@7.29.7_@playwright+test@1.60.0_react-dom@19.2.7_react@19.2.7/node_modules/next/dist/compiled/react-dom/cjs/react-dom-client.development.js:20419:13) @ webpack-internal:///(app-pages-browser)/../../node_modules/.pnpm/next@16.1.7_@babel+core@7.29.7_@playwright+test@1.60.0_react-dom@19.2.7_react@19.2.7/node_modules/next/dist/next-devtools/userspace/app/errors/intercept-console-error.js:51
[    2703ms] [ERROR] IntlError: MISSING_MESSAGE: Could not resolve `modules.tokenized-deposit.tokenized_deposit_0112` in messages for locale `en-US`.
    at getFallbackFromErrorAndNotify (webpack-internal:///(app-pages-browser)/../../node_modules/.pnpm/use-intl@4.13.0_react@19.2.7/node_modules/use-intl/dist/esm/development/initializeConfig-CUsOI8u2.js:108:19)
    at translateBaseFn (webpack-internal:///(app-pages-browser)/../../node_modules/.pnpm/use-intl@4.13.0_react@19.2.7/node_modules/use-intl/dist/esm/development/initializeConfig-CUsOI8u2.js:141:18)
    at translateFn (webpack-internal:///(app-pages-browser)/../../node_modules/.pnpm/use-intl@4.13.0_react@19.2.7/node_modules/use-intl/dist/esm/development/initializeConfig-CUsOI8u2.js:173:20)
    at RigsecWalletModal (webpack-internal:///(app-pages-browser)/../../libs/modules/tokenized-deposit/feature/src/lib/tokenized-deposit-edit/rigsec-wallet-modal.tsx:23:23)
    at Object.react_stack_bottom_frame (webpack-internal:///(app-pages-browser)/../../node_modules/.pnpm/next@16.1.7_@babel+core@7.29.7_@playwright+test@1.60.0_react-dom@19.2.7_react@19.2.7/node_modules/next/dist/compiled/react-dom/cjs/react-dom-client.development.js:28039:20)
    at renderWithHooks (webpack-internal:///(app-pages-browser)/../../node_modules/.pnpm/next@16.1.7_@babel+core@7.29.7_@playwright+test@1.60.0_react-dom@19.2.7_react@19.2.7/node_modules/next/dist/compiled/react-dom/cjs/react-dom-client.development.js:7985:22)
    at updateFunctionComponent (webpack-internal:///(app-pages-browser)/../../node_modules/.pnpm/next@16.1.7_@babel+core@7.29.7_@playwright+test@1.60.0_react-dom@19.2.7_react@19.2.7/node_modules/next/dist/compiled/react-dom/cjs/react-dom-client.development.js:10502:19)
    at beginWork (webpack-internal:///(app-pages-browser)/../../node_modules/.pnpm/next@16.1.7_@babel+core@7.29.7_@playwright+test@1.60.0_react-dom@19.2.7_react@19.2.7/node_modules/next/dist/compiled/react-dom/cjs/react-dom-client.development.js:12137:18)
    at runWithFiberInDEV (webpack-internal:///(app-pages-browser)/../../node_modules/.pnpm/next@16.1.7_@babel+core@7.29.7_@playwright+test@1.60.0_react-dom@19.2.7_react@19.2.7/node_modules/next/dist/compiled/react-dom/cjs/react-dom-client.development.js:987:30)
    at performUnitOfWork (webpack-internal:///(app-pages-browser)/../../node_modules/.pnpm/next@16.1.7_@babel+core@7.29.7_@playwright+test@1.60.0_react-dom@19.2.7_react@19.2.7/node_modules/next/dist/compiled/react-dom/cjs/react-dom-client.development.js:18998:22)
    at workLoopSync (webpack-internal:///(app-pages-browser)/../../node_modules/.pnpm/next@16.1.7_@babel+core@7.29.7_@playwright+test@1.60.0_react-dom@19.2.7_react@19.2.7/node_modules/next/dist/compiled/react-dom/cjs/react-dom-client.development.js:18826:41)
    at renderRootSync (webpack-internal:///(app-pages-browser)/../../node_modules/.pnpm/next@16.1.7_@babel+core@7.29.7_@playwright+test@1.60.0_react-dom@19.2.7_react@19.2.7/node_modules/next/dist/compiled/react-dom/cjs/react-dom-client.development.js:18807:11)
    at performWorkOnRoot (webpack-internal:///(app-pages-browser)/../../node_modules/.pnpm/next@16.1.7_@babel+core@7.29.7_@playwright+test@1.60.0_react-dom@19.2.7_react@19.2.7/node_modules/next/dist/compiled/react-dom/cjs/react-dom-client.development.js:17836:11)
    at performSyncWorkOnRoot (webpack-internal:///(app-pages-browser)/../../node_modules/.pnpm/next@16.1.7_@babel+core@7.29.7_@playwright+test@1.60.0_react-dom@19.2.7_react@19.2.7/node_modules/next/dist/compiled/react-dom/cjs/react-dom-client.development.js:20400:7)
    at flushSyncWorkAcrossRoots_impl (webpack-internal:///(app-pages-browser)/../../node_modules/.pnpm/next@16.1.7_@babel+core@7.29.7_@playwright+test@1.60.0_react-dom@19.2.7_react@19.2.7/node_modules/next/dist/compiled/react-dom/cjs/react-dom-client.development.js:20242:21)
    at processRootScheduleInMicrotask (webpack-internal:///(app-pages-browser)/../../node_modules/.pnpm/next@16.1.7_@babel+core@7.29.7_@playwright+test@1.60.0_react-dom@19.2.7_react@19.2.7/node_modules/next/dist/compiled/react-dom/cjs/react-dom-client.development.js:20281:9)
    at eval (webpack-internal:///(app-pages-browser)/../../node_modules/.pnpm/next@16.1.7_@babel+core@7.29.7_@playwright+test@1.60.0_react-dom@19.2.7_react@19.2.7/node_modules/next/dist/compiled/react-dom/cjs/react-dom-client.development.js:20419:13) @ webpack-internal:///(app-pages-browser)/../../node_modules/.pnpm/next@16.1.7_@babel+core@7.29.7_@playwright+test@1.60.0_react-dom@19.2.7_react@19.2.7/node_modules/next/dist/next-devtools/userspace/app/errors/intercept-console-error.js:51
[    2703ms] [ERROR] IntlError: MISSING_MESSAGE: Could not resolve `modules.tokenized-deposit.tokenized_deposit_0112` in messages for locale `en-US`.
    at getFallbackFromErrorAndNotify (webpack-internal:///(app-pages-browser)/../../node_modules/.pnpm/use-intl@4.13.0_react@19.2.7/node_modules/use-intl/dist/esm/development/initializeConfig-CUsOI8u2.js:108:19)
    at translateBaseFn (webpack-internal:///(app-pages-browser)/../../node_modules/.pnpm/use-intl@4.13.0_react@19.2.7/node_modules/use-intl/dist/esm/development/initializeConfig-CUsOI8u2.js:141:18)
    at translateFn (webpack-internal:///(app-pages-browser)/../../node_modules/.pnpm/use-intl@4.13.0_react@19.2.7/node_modules/use-intl/dist/esm/development/initializeConfig-CUsOI8u2.js:173:20)
    at RigsecWalletModal (webpack-internal:///(app-pages-browser)/../../libs/modules/tokenized-deposit/feature/src/lib/tokenized-deposit-edit/rigsec-wallet-modal.tsx:23:23)
    at Object.react_stack_bottom_frame (webpack-internal:///(app-pages-browser)/../../node_modules/.pnpm/next@16.1.7_@babel+core@7.29.7_@playwright+test@1.60.0_react-dom@19.2.7_react@19.2.7/node_modules/next/dist/compiled/react-dom/cjs/react-dom-client.development.js:28039:20)
    at renderWithHooksAgain (webpack-internal:///(app-pages-browser)/../../node_modules/.pnpm/next@16.1.7_@babel+core@7.29.7_@playwright+test@1.60.0_react-dom@19.2.7_react@19.2.7/node_modules/next/dist/compiled/react-dom/cjs/react-dom-client.development.js:8085:20)
    at renderWithHooks (webpack-internal:///(app-pages-browser)/../../node_modules/.pnpm/next@16.1.7_@babel+core@7.29.7_@playwright+test@1.60.0_react-dom@19.2.7_react@19.2.7/node_modules/next/dist/compiled/react-dom/cjs/react-dom-client.development.js:7997:22)
    at updateFunctionComponent (webpack-internal:///(app-pages-browser)/../../node_modules/.pnpm/next@16.1.7_@babel+core@7.29.7_@playwright+test@1.60.0_react-dom@19.2.7_react@19.2.7/node_modules/next/dist/compiled/react-dom/cjs/react-dom-client.development.js:10502:19)
    at beginWork (webpack-internal:///(app-pages-browser)/../../node_modules/.pnpm/next@16.1.7_@babel+core@7.29.7_@playwright+test@1.60.0_react-dom@19.2.7_react@19.2.7/node_modules/next/dist/compiled/react-dom/cjs/react-dom-client.development.js:12137:18)
    at runWithFiberInDEV (webpack-internal:///(app-pages-browser)/../../node_modules/.pnpm/next@16.1.7_@babel+core@7.29.7_@playwright+test@1.60.0_react-dom@19.2.7_react@19.2.7/node_modules/next/dist/compiled/react-dom/cjs/react-dom-client.development.js:987:30)
    at performUnitOfWork (webpack-internal:///(app-pages-browser)/../../node_modules/.pnpm/next@16.1.7_@babel+core@7.29.7_@playwright+test@1.60.0_react-dom@19.2.7_react@19.2.7/node_modules/next/dist/compiled/react-dom/cjs/react-dom-client.development.js:18998:22)
    at workLoopSync (webpack-internal:///(app-pages-browser)/../../node_modules/.pnpm/next@16.1.7_@babel+core@7.29.7_@playwright+test@1.60.0_react-dom@19.2.7_react@19.2.7/node_modules/next/dist/compiled/react-dom/cjs/react-dom-client.development.js:18826:41)
    at renderRootSync (webpack-internal:///(app-pages-browser)/../../node_modules/.pnpm/next@16.1.7_@babel+core@7.29.7_@playwright+test@1.60.0_react-dom@19.2.7_react@19.2.7/node_modules/next/dist/compiled/react-dom/cjs/react-dom-client.development.js:18807:11)
    at performWorkOnRoot (webpack-internal:///(app-pages-browser)/../../node_modules/.pnpm/next@16.1.7_@babel+core@7.29.7_@playwright+test@1.60.0_react-dom@19.2.7_react@19.2.7/node_modules/next/dist/compiled/react-dom/cjs/react-dom-client.development.js:17836:11)
    at performSyncWorkOnRoot (webpack-internal:///(app-pages-browser)/../../node_modules/.pnpm/next@16.1.7_@babel+core@7.29.7_@playwright+test@1.60.0_react-dom@19.2.7_react@19.2.7/node_modules/next/dist/compiled/react-dom/cjs/react-dom-client.development.js:20400:7)
    at flushSyncWorkAcrossRoots_impl (webpack-internal:///(app-pages-browser)/../../node_modules/.pnpm/next@16.1.7_@babel+core@7.29.7_@playwright+test@1.60.0_react-dom@19.2.7_react@19.2.7/node_modules/next/dist/compiled/react-dom/cjs/react-dom-client.development.js:20242:21)
    at processRootScheduleInMicrotask (webpack-internal:///(app-pages-browser)/../../node_modules/.pnpm/next@16.1.7_@babel+core@7.29.7_@playwright+test@1.60.0_react-dom@19.2.7_react@19.2.7/node_modules/next/dist/compiled/react-dom/cjs/react-dom-client.development.js:20281:9)
    at eval (webpack-internal:///(app-pages-browser)/../../node_modules/.pnpm/next@16.1.7_@babel+core@7.29.7_@playwright+test@1.60.0_react-dom@19.2.7_react@19.2.7/node_modules/next/dist/compiled/react-dom/cjs/react-dom-client.development.js:20419:13) @ webpack-internal:///(app-pages-browser)/../../node_modules/.pnpm/next@16.1.7_@babel+core@7.29.7_@playwright+test@1.60.0_react-dom@19.2.7_react@19.2.7/node_modules/next/dist/next-devtools/userspace/app/errors/intercept-console-error.js:51
[    2734ms] [ERROR] IntlError: MISSING_MESSAGE: Could not resolve `modules.tokenized-deposit.tokenized_deposit_0112` in messages for locale `en-US`.
    at getFallbackFromErrorAndNotify (webpack-internal:///(app-pages-browser)/../../node_modules/.pnpm/use-intl@4.13.0_react@19.2.7/node_modules/use-intl/dist/esm/development/initializeConfig-CUsOI8u2.js:108:19)
    at translateBaseFn (webpack-internal:///(app-pages-browser)/../../node_modules/.pnpm/use-intl@4.13.0_react@19.2.7/node_modules/use-intl/dist/esm/development/initializeConfig-CUsOI8u2.js:141:18)
    at translateFn (webpack-internal:///(app-pages-browser)/../../node_modules/.pnpm/use-intl@4.13.0_react@19.2.7/node_modules/use-intl/dist/esm/development/initializeConfig-CUsOI8u2.js:173:20)
    at WalletFieldGroup (webpack-internal:///(app-pages-browser)/../../libs/modules/tokenized-deposit/feature/src/lib/tokenized-deposit-edit/wallet-field-group.tsx:20:32)
    at Object.react_stack_bottom_frame (webpack-internal:///(app-pages-browser)/../../node_modules/.pnpm/next@16.1.7_@babel+core@7.29.7_@playwright+test@1.60.0_react-dom@19.2.7_react@19.2.7/node_modules/next/dist/compiled/react-dom/cjs/react-dom-client.development.js:28039:20)
    at renderWithHooks (webpack-internal:///(app-pages-browser)/../../node_modules/.pnpm/next@16.1.7_@babel+core@7.29.7_@playwright+test@1.60.0_react-dom@19.2.7_react@19.2.7/node_modules/next/dist/compiled/react-dom/cjs/react-dom-client.development.js:7985:22)
    at updateFunctionComponent (webpack-internal:///(app-pages-browser)/../../node_modules/.pnpm/next@16.1.7_@babel+core@7.29.7_@playwright+test@1.60.0_react-dom@19.2.7_react@19.2.7/node_modules/next/dist/compiled/react-dom/cjs/react-dom-client.development.js:10502:19)
    at beginWork (webpack-internal:///(app-pages-browser)/../../node_modules/.pnpm/next@16.1.7_@babel+core@7.29.7_@playwright+test@1.60.0_react-dom@19.2.7_react@19.2.7/node_modules/next/dist/compiled/react-dom/cjs/react-dom-client.development.js:12137:18)
    at runWithFiberInDEV (webpack-internal:///(app-pages-browser)/../../node_modules/.pnpm/next@16.1.7_@babel+core@7.29.7_@playwright+test@1.60.0_react-dom@19.2.7_react@19.2.7/node_modules/next/dist/compiled/react-dom/cjs/react-dom-client.development.js:987:30)
    at performUnitOfWork (webpack-internal:///(app-pages-browser)/../../node_modules/.pnpm/next@16.1.7_@babel+core@7.29.7_@playwright+test@1.60.0_react-dom@19.2.7_react@19.2.7/node_modules/next/dist/compiled/react-dom/cjs/react-dom-client.development.js:18998:22)
    at workLoopSync (webpack-internal:///(app-pages-browser)/../../node_modules/.pnpm/next@16.1.7_@babel+core@7.29.7_@playwright+test@1.60.0_react-dom@19.2.7_react@19.2.7/node_modules/next/dist/compiled/react-dom/cjs/react-dom-client.development.js:18826:41)
    at renderRootSync (webpack-internal:///(app-pages-browser)/../../node_modules/.pnpm/next@16.1.7_@babel+core@7.29.7_@playwright+test@1.60.0_react-dom@19.2.7_react@19.2.7/node_modules/next/dist/compiled/react-dom/cjs/react-dom-client.development.js:18807:11)
    at performWorkOnRoot (webpack-internal:///(app-pages-browser)/../../node_modules/.pnpm/next@16.1.7_@babel+core@7.29.7_@playwright+test@1.60.0_react-dom@19.2.7_react@19.2.7/node_modules/next/dist/compiled/react-dom/cjs/react-dom-client.development.js:17836:11)
    at performSyncWorkOnRoot (webpack-internal:///(app-pages-browser)/../../node_modules/.pnpm/next@16.1.7_@babel+core@7.29.7_@playwright+test@1.60.0_react-dom@19.2.7_react@19.2.7/node_modules/next/dist/compiled/react-dom/cjs/react-dom-client.development.js:20400:7)
    at flushSyncWorkAcrossRoots_impl (webpack-internal:///(app-pages-browser)/../../node_modules/.pnpm/next@16.1.7_@babel+core@7.29.7_@playwright+test@1.60.0_react-dom@19.2.7_react@19.2.7/node_modules/next/dist/compiled/react-dom/cjs/react-dom-client.development.js:20242:21)
    at processRootScheduleInMicrotask (webpack-internal:///(app-pages-browser)/../../node_modules/.pnpm/next@16.1.7_@babel+core@7.29.7_@playwright+test@1.60.0_react-dom@19.2.7_react@19.2.7/node_modules/next/dist/compiled/react-dom/cjs/react-dom-client.development.js:20281:9)
    at eval (webpack-internal:///(app-pages-browser)/../../node_modules/.pnpm/next@16.1.7_@babel+core@7.29.7_@playwright+test@1.60.0_react-dom@19.2.7_react@19.2.7/node_modules/next/dist/compiled/react-dom/cjs/react-dom-client.development.js:20419:13) @ webpack-internal:///(app-pages-browser)/../../node_modules/.pnpm/next@16.1.7_@babel+core@7.29.7_@playwright+test@1.60.0_react-dom@19.2.7_react@19.2.7/node_modules/next/dist/next-devtools/userspace/app/errors/intercept-console-error.js:51
[    2735ms] [ERROR] IntlError: MISSING_MESSAGE: Could not resolve `modules.tokenized-deposit.tokenized_deposit_0112` in messages for locale `en-US`.
    at getFallbackFromErrorAndNotify (webpack-internal:///(app-pages-browser)/../../node_modules/.pnpm/use-intl@4.13.0_react@19.2.7/node_modules/use-intl/dist/esm/development/initializeConfig-CUsOI8u2.js:108:19)
    at translateBaseFn (webpack-internal:///(app-pages-browser)/../../node_modules/.pnpm/use-intl@4.13.0_react@19.2.7/node_modules/use-intl/dist/esm/development/initializeConfig-CUsOI8u2.js:141:18)
    at translateFn (webpack-internal:///(app-pages-browser)/../../node_modules/.pnpm/use-intl@4.13.0_react@19.2.7/node_modules/use-intl/dist/esm/development/initializeConfig-CUsOI8u2.js:173:20)
    at WalletFieldGroup (webpack-internal:///(app-pages-browser)/../../libs/modules/tokenized-deposit/feature/src/lib/tokenized-deposit-edit/wallet-field-group.tsx:20:32)
    at Object.react_stack_bottom_frame (webpack-internal:///(app-pages-browser)/../../node_modules/.pnpm/next@16.1.7_@babel+core@7.29.7_@playwright+test@1.60.0_react-dom@19.2.7_react@19.2.7/node_modules/next/dist/compiled/react-dom/cjs/react-dom-client.development.js:28039:20)
    at renderWithHooksAgain (webpack-internal:///(app-pages-browser)/../../node_modules/.pnpm/next@16.1.7_@babel+core@7.29.7_@playwright+test@1.60.0_react-dom@19.2.7_react@19.2.7/node_modules/next/dist/compiled/react-dom/cjs/react-dom-client.development.js:8085:20)
    at renderWithHooks (webpack-internal:///(app-pages-browser)/../../node_modules/.pnpm/next@16.1.7_@babel+core@7.29.7_@playwright+test@1.60.0_react-dom@19.2.7_react@19.2.7/node_modules/next/dist/compiled/react-dom/cjs/react-dom-client.development.js:7997:22)
    at updateFunctionComponent (webpack-internal:///(app-pages-browser)/../../node_modules/.pnpm/next@16.1.7_@babel+core@7.29.7_@playwright+test@1.60.0_react-dom@19.2.7_react@19.2.7/node_modules/next/dist/compiled/react-dom/cjs/react-dom-client.development.js:10502:19)
    at beginWork (webpack-internal:///(app-pages-browser)/../../node_modules/.pnpm/next@16.1.7_@babel+core@7.29.7_@playwright+test@1.60.0_react-dom@19.2.7_react@19.2.7/node_modules/next/dist/compiled/react-dom/cjs/react-dom-client.development.js:12137:18)
    at runWithFiberInDEV (webpack-internal:///(app-pages-browser)/../../node_modules/.pnpm/next@16.1.7_@babel+core@7.29.7_@playwright+test@1.60.0_react-dom@19.2.7_react@19.2.7/node_modules/next/dist/compiled/react-dom/cjs/react-dom-client.development.js:987:30)
    at performUnitOfWork (webpack-internal:///(app-pages-browser)/../../node_modules/.pnpm/next@16.1.7_@babel+core@7.29.7_@playwright+test@1.60.0_react-dom@19.2.7_react@19.2.7/node_modules/next/dist/compiled/react-dom/cjs/react-dom-client.development.js:18998:22)
    at workLoopSync (webpack-internal:///(app-pages-browser)/../../node_modules/.pnpm/next@16.1.7_@babel+core@7.29.7_@playwright+test@1.60.0_react-dom@19.2.7_react@19.2.7/node_modules/next/dist/compiled/react-dom/cjs/react-dom-client.development.js:18826:41)
    at renderRootSync (webpack-internal:///(app-pages-browser)/../../node_modules/.pnpm/next@16.1.7_@babel+core@7.29.7_@playwright+test@1.60.0_react-dom@19.2.7_react@19.2.7/node_modules/next/dist/compiled/react-dom/cjs/react-dom-client.development.js:18807:11)
    at performWorkOnRoot (webpack-internal:///(app-pages-browser)/../../node_modules/.pnpm/next@16.1.7_@babel+core@7.29.7_@playwright+test@1.60.0_react-dom@19.2.7_react@19.2.7/node_modules/next/dist/compiled/react-dom/cjs/react-dom-client.development.js:17836:11)
    at performSyncWorkOnRoot (webpack-internal:///(app-pages-browser)/../../node_modules/.pnpm/next@16.1.7_@babel+core@7.29.7_@playwright+test@1.60.0_react-dom@19.2.7_react@19.2.7/node_modules/next/dist/compiled/react-dom/cjs/react-dom-client.development.js:20400:7)
    at flushSyncWorkAcrossRoots_impl (webpack-internal:///(app-pages-browser)/../../node_modules/.pnpm/next@16.1.7_@babel+core@7.29.7_@playwright+test@1.60.0_react-dom@19.2.7_react@19.2.7/node_modules/next/dist/compiled/react-dom/cjs/react-dom-client.development.js:20242:21)
    at processRootScheduleInMicrotask (webpack-internal:///(app-pages-browser)/../../node_modules/.pnpm/next@16.1.7_@babel+core@7.29.7_@playwright+test@1.60.0_react-dom@19.2.7_react@19.2.7/node_modules/next/dist/compiled/react-dom/cjs/react-dom-client.development.js:20281:9)
    at eval (webpack-internal:///(app-pages-browser)/../../node_modules/.pnpm/next@16.1.7_@babel+core@7.29.7_@playwright+test@1.60.0_react-dom@19.2.7_react@19.2.7/node_modules/next/dist/compiled/react-dom/cjs/react-dom-client.development.js:20419:13) @ webpack-internal:///(app-pages-browser)/../../node_modules/.pnpm/next@16.1.7_@babel+core@7.29.7_@playwright+test@1.60.0_react-dom@19.2.7_react@19.2.7/node_modules/next/dist/next-devtools/userspace/app/errors/intercept-console-error.js:51
[    2737ms] [ERROR] IntlError: MISSING_MESSAGE: Could not resolve `modules.tokenized-deposit.tokenized_deposit_0113` in messages for locale `en-US`.
    at getFallbackFromErrorAndNotify (webpack-internal:///(app-pages-browser)/../../node_modules/.pnpm/use-intl@4.13.0_react@19.2.7/node_modules/use-intl/dist/esm/development/initializeConfig-CUsOI8u2.js:108:19)
    at translateBaseFn (webpack-internal:///(app-pages-browser)/../../node_modules/.pnpm/use-intl@4.13.0_react@19.2.7/node_modules/use-intl/dist/esm/development/initializeConfig-CUsOI8u2.js:141:18)
    at translateFn (webpack-internal:///(app-pages-browser)/../../node_modules/.pnpm/use-intl@4.13.0_react@19.2.7/node_modules/use-intl/dist/esm/development/initializeConfig-CUsOI8u2.js:173:20)
    at WalletFieldGroup (webpack-internal:///(app-pages-browser)/../../libs/modules/tokenized-deposit/feature/src/lib/tokenized-deposit-edit/wallet-field-group.tsx:20:32)
    at Object.react_stack_bottom_frame (webpack-internal:///(app-pages-browser)/../../node_modules/.pnpm/next@16.1.7_@babel+core@7.29.7_@playwright+test@1.60.0_react-dom@19.2.7_react@19.2.7/node_modules/next/dist/compiled/react-dom/cjs/react-dom-client.development.js:28039:20)
    at renderWithHooks (webpack-internal:///(app-pages-browser)/../../node_modules/.pnpm/next@16.1.7_@babel+core@7.29.7_@playwright+test@1.60.0_react-dom@19.2.7_react@19.2.7/node_modules/next/dist/compiled/react-dom/cjs/react-dom-client.development.js:7985:22)
    at updateFunctionComponent (webpack-internal:///(app-pages-browser)/../../node_modules/.pnpm/next@16.1.7_@babel+core@7.29.7_@playwright+test@1.60.0_react-dom@19.2.7_react@19.2.7/node_modules/next/dist/compiled/react-dom/cjs/react-dom-client.development.js:10502:19)
    at beginWork (webpack-internal:///(app-pages-browser)/../../node_modules/.pnpm/next@16.1.7_@babel+core@7.29.7_@playwright+test@1.60.0_react-dom@19.2.7_react@19.2.7/node_modules/next/dist/compiled/react-dom/cjs/react-dom-client.development.js:12137:18)
    at runWithFiberInDEV (webpack-internal:///(app-pages-browser)/../../node_modules/.pnpm/next@16.1.7_@babel+core@7.29.7_@playwright+test@1.60.0_react-dom@19.2.7_react@19.2.7/node_modules/next/dist/compiled/react-dom/cjs/react-dom-client.development.js:987:30)
    at performUnitOfWork (webpack-internal:///(app-pages-browser)/../../node_modules/.pnpm/next@16.1.7_@babel+core@7.29.7_@playwright+test@1.60.0_react-dom@19.2.7_react@19.2.7/node_modules/next/dist/compiled/react-dom/cjs/react-dom-client.development.js:18998:22)
    at workLoopSync (webpack-internal:///(app-pages-browser)/../../node_modules/.pnpm/next@16.1.7_@babel+core@7.29.7_@playwright+test@1.60.0_react-dom@19.2.7_react@19.2.7/node_modules/next/dist/compiled/react-dom/cjs/react-dom-client.development.js:18826:41)
    at renderRootSync (webpack-internal:///(app-pages-browser)/../../node_modules/.pnpm/next@16.1.7_@babel+core@7.29.7_@playwright+test@1.60.0_react-dom@19.2.7_react@19.2.7/node_modules/next/dist/compiled/react-dom/cjs/react-dom-client.development.js:18807:11)
    at performWorkOnRoot (webpack-internal:///(app-pages-browser)/../../node_modules/.pnpm/next@16.1.7_@babel+core@7.29.7_@playwright+test@1.60.0_react-dom@19.2.7_react@19.2.7/node_modules/next/dist/compiled/react-dom/cjs/react-dom-client.development.js:17836:11)
    at performSyncWorkOnRoot (webpack-internal:///(app-pages-browser)/../../node_modules/.pnpm/next@16.1.7_@babel+core@7.29.7_@playwright+test@1.60.0_react-dom@19.2.7_react@19.2.7/node_modules/next/dist/compiled/react-dom/cjs/react-dom-client.development.js:20400:7)
    at flushSyncWorkAcrossRoots_impl (webpack-internal:///(app-pages-browser)/../../node_modules/.pnpm/next@16.1.7_@babel+core@7.29.7_@playwright+test@1.60.0_react-dom@19.2.7_react@19.2.7/node_modules/next/dist/compiled/react-dom/cjs/react-dom-client.development.js:20242:21)
    at processRootScheduleInMicrotask (webpack-internal:///(app-pages-browser)/../../node_modules/.pnpm/next@16.1.7_@babel+core@7.29.7_@playwright+test@1.60.0_react-dom@19.2.7_react@19.2.7/node_modules/next/dist/compiled/react-dom/cjs/react-dom-client.development.js:20281:9)
    at eval (webpack-internal:///(app-pages-browser)/../../node_modules/.pnpm/next@16.1.7_@babel+core@7.29.7_@playwright+test@1.60.0_react-dom@19.2.7_react@19.2.7/node_modules/next/dist/compiled/react-dom/cjs/react-dom-client.development.js:20419:13) @ webpack-internal:///(app-pages-browser)/../../node_modules/.pnpm/next@16.1.7_@babel+core@7.29.7_@playwright+test@1.60.0_react-dom@19.2.7_react@19.2.7/node_modules/next/dist/next-devtools/userspace/app/errors/intercept-console-error.js:51
[    2738ms] [ERROR] IntlError: MISSING_MESSAGE: Could not resolve `modules.tokenized-deposit.tokenized_deposit_0113` in messages for locale `en-US`.
    at getFallbackFromErrorAndNotify (webpack-internal:///(app-pages-browser)/../../node_modules/.pnpm/use-intl@4.13.0_react@19.2.7/node_modules/use-intl/dist/esm/development/initializeConfig-CUsOI8u2.js:108:19)
    at translateBaseFn (webpack-internal:///(app-pages-browser)/../../node_modules/.pnpm/use-intl@4.13.0_react@19.2.7/node_modules/use-intl/dist/esm/development/initializeConfig-CUsOI8u2.js:141:18)
    at translateFn (webpack-internal:///(app-pages-browser)/../../node_modules/.pnpm/use-intl@4.13.0_react@19.2.7/node_modules/use-intl/dist/esm/development/initializeConfig-CUsOI8u2.js:173:20)
    at WalletFieldGroup (webpack-internal:///(app-pages-browser)/../../libs/modules/tokenized-deposit/feature/src/lib/tokenized-deposit-edit/wallet-field-group.tsx:20:32)
    at Object.react_stack_bottom_frame (webpack-internal:///(app-pages-browser)/../../node_modules/.pnpm/next@16.1.7_@babel+core@7.29.7_@playwright+test@1.60.0_react-dom@19.2.7_react@19.2.7/node_modules/next/dist/compiled/react-dom/cjs/react-dom-client.development.js:28039:20)
    at renderWithHooksAgain (webpack-internal:///(app-pages-browser)/../../node_modules/.pnpm/next@16.1.7_@babel+core@7.29.7_@playwright+test@1.60.0_react-dom@19.2.7_react@19.2.7/node_modules/next/dist/compiled/react-dom/cjs/react-dom-client.development.js:8085:20)
    at renderWithHooks (webpack-internal:///(app-pages-browser)/../../node_modules/.pnpm/next@16.1.7_@babel+core@7.29.7_@playwright+test@1.60.0_react-dom@19.2.7_react@19.2.7/node_modules/next/dist/compiled/react-dom/cjs/react-dom-client.development.js:7997:22)
    at updateFunctionComponent (webpack-internal:///(app-pages-browser)/../../node_modules/.pnpm/next@16.1.7_@babel+core@7.29.7_@playwright+test@1.60.0_react-dom@19.2.7_react@19.2.7/node_modules/next/dist/compiled/react-dom/cjs/react-dom-client.development.js:10502:19)
    at beginWork (webpack-internal:///(app-pages-browser)/../../node_modules/.pnpm/next@16.1.7_@babel+core@7.29.7_@playwright+test@1.60.0_react-dom@19.2.7_react@19.2.7/node_modules/next/dist/compiled/react-dom/cjs/react-dom-client.development.js:12137:18)
    at runWithFiberInDEV (webpack-internal:///(app-pages-browser)/../../node_modules/.pnpm/next@16.1.7_@babel+core@7.29.7_@playwright+test@1.60.0_react-dom@19.2.7_react@19.2.7/node_modules/next/dist/compiled/react-dom/cjs/react-dom-client.development.js:987:30)
    at performUnitOfWork (webpack-internal:///(app-pages-browser)/../../node_modules/.pnpm/next@16.1.7_@babel+core@7.29.7_@playwright+test@1.60.0_react-dom@19.2.7_react@19.2.7/node_modules/next/dist/compiled/react-dom/cjs/react-dom-client.development.js:18998:22)
    at workLoopSync (webpack-internal:///(app-pages-browser)/../../node_modules/.pnpm/next@16.1.7_@babel+core@7.29.7_@playwright+test@1.60.0_react-dom@19.2.7_react@19.2.7/node_modules/next/dist/compiled/react-dom/cjs/react-dom-client.development.js:18826:41)
    at renderRootSync (webpack-internal:///(app-pages-browser)/../../node_modules/.pnpm/next@16.1.7_@babel+core@7.29.7_@playwright+test@1.60.0_react-dom@19.2.7_react@19.2.7/node_modules/next/dist/compiled/react-dom/cjs/react-dom-client.development.js:18807:11)
    at performWorkOnRoot (webpack-internal:///(app-pages-browser)/../../node_modules/.pnpm/next@16.1.7_@babel+core@7.29.7_@playwright+test@1.60.0_react-dom@19.2.7_react@19.2.7/node_modules/next/dist/compiled/react-dom/cjs/react-dom-client.development.js:17836:11)
    at performSyncWorkOnRoot (webpack-internal:///(app-pages-browser)/../../node_modules/.pnpm/next@16.1.7_@babel+core@7.29.7_@playwright+test@1.60.0_react-dom@19.2.7_react@19.2.7/node_modules/next/dist/compiled/react-dom/cjs/react-dom-client.development.js:20400:7)
    at flushSyncWorkAcrossRoots_impl (webpack-internal:///(app-pages-browser)/../../node_modules/.pnpm/next@16.1.7_@babel+core@7.29.7_@playwright+test@1.60.0_react-dom@19.2.7_react@19.2.7/node_modules/next/dist/compiled/react-dom/cjs/react-dom-client.development.js:20242:21)
    at processRootScheduleInMicrotask (webpack-internal:///(app-pages-browser)/../../node_modules/.pnpm/next@16.1.7_@babel+core@7.29.7_@playwright+test@1.60.0_react-dom@19.2.7_react@19.2.7/node_modules/next/dist/compiled/react-dom/cjs/react-dom-client.development.js:20281:9)
    at eval (webpack-internal:///(app-pages-browser)/../../node_modules/.pnpm/next@16.1.7_@babel+core@7.29.7_@playwright+test@1.60.0_react-dom@19.2.7_react@19.2.7/node_modules/next/dist/compiled/react-dom/cjs/react-dom-client.development.js:20419:13) @ webpack-internal:///(app-pages-browser)/../../node_modules/.pnpm/next@16.1.7_@babel+core@7.29.7_@playwright+test@1.60.0_react-dom@19.2.7_react@19.2.7/node_modules/next/dist/next-devtools/userspace/app/errors/intercept-console-error.js:51
[    2740ms] [ERROR] IntlError: MISSING_MESSAGE: Could not resolve `modules.tokenized-deposit.tokenized_deposit_0114` in messages for locale `en-US`.
    at getFallbackFromErrorAndNotify (webpack-internal:///(app-pages-browser)/../../node_modules/.pnpm/use-intl@4.13.0_react@19.2.7/node_modules/use-intl/dist/esm/development/initializeConfig-CUsOI8u2.js:108:19)
    at translateBaseFn (webpack-internal:///(app-pages-browser)/../../node_modules/.pnpm/use-intl@4.13.0_react@19.2.7/node_modules/use-intl/dist/esm/development/initializeConfig-CUsOI8u2.js:141:18)
    at translateFn (webpack-internal:///(app-pages-browser)/../../node_modules/.pnpm/use-intl@4.13.0_react@19.2.7/node_modules/use-intl/dist/esm/development/initializeConfig-CUsOI8u2.js:173:20)
    at WalletFieldGroup (webpack-internal:///(app-pages-browser)/../../libs/modules/tokenized-deposit/feature/src/lib/tokenized-deposit-edit/wallet-field-group.tsx:20:32)
    at Object.react_stack_bottom_frame (webpack-internal:///(app-pages-browser)/../../node_modules/.pnpm/next@16.1.7_@babel+core@7.29.7_@playwright+test@1.60.0_react-dom@19.2.7_react@19.2.7/node_modules/next/dist/compiled/react-dom/cjs/react-dom-client.development.js:28039:20)
    at renderWithHooks (webpack-internal:///(app-pages-browser)/../../node_modules/.pnpm/next@16.1.7_@babel+core@7.29.7_@playwright+test@1.60.0_react-dom@19.2.7_react@19.2.7/node_modules/next/dist/compiled/react-dom/cjs/react-dom-client.development.js:7985:22)
    at updateFunctionComponent (webpack-internal:///(app-pages-browser)/../../node_modules/.pnpm/next@16.1.7_@babel+core@7.29.7_@playwright+test@1.60.0_react-dom@19.2.7_react@19.2.7/node_modules/next/dist/compiled/react-dom/cjs/react-dom-client.development.js:10502:19)
    at beginWork (webpack-internal:///(app-pages-browser)/../../node_modules/.pnpm/next@16.1.7_@babel+core@7.29.7_@playwright+test@1.60.0_react-dom@19.2.7_react@19.2.7/node_modules/next/dist/compiled/react-dom/cjs/react-dom-client.development.js:12137:18)
    at runWithFiberInDEV (webpack-internal:///(app-pages-browser)/../../node_modules/.pnpm/next@16.1.7_@babel+core@7.29.7_@playwright+test@1.60.0_react-dom@19.2.7_react@19.2.7/node_modules/next/dist/compiled/react-dom/cjs/react-dom-client.development.js:987:30)
    at performUnitOfWork (webpack-internal:///(app-pages-browser)/../../node_modules/.pnpm/next@16.1.7_@babel+core@7.29.7_@playwright+test@1.60.0_react-dom@19.2.7_react@19.2.7/node_modules/next/dist/compiled/react-dom/cjs/react-dom-client.development.js:18998:22)
    at workLoopSync (webpack-internal:///(app-pages-browser)/../../node_modules/.pnpm/next@16.1.7_@babel+core@7.29.7_@playwright+test@1.60.0_react-dom@19.2.7_react@19.2.7/node_modules/next/dist/compiled/react-dom/cjs/react-dom-client.development.js:18826:41)
    at renderRootSync (webpack-internal:///(app-pages-browser)/../../node_modules/.pnpm/next@16.1.7_@babel+core@7.29.7_@playwright+test@1.60.0_react-dom@19.2.7_react@19.2.7/node_modules/next/dist/compiled/react-dom/cjs/react-dom-client.development.js:18807:11)
    at performWorkOnRoot (webpack-internal:///(app-pages-browser)/../../node_modules/.pnpm/next@16.1.7_@babel+core@7.29.7_@playwright+test@1.60.0_react-dom@19.2.7_react@19.2.7/node_modules/next/dist/compiled/react-dom/cjs/react-dom-client.development.js:17836:11)
    at performSyncWorkOnRoot (webpack-internal:///(app-pages-browser)/../../node_modules/.pnpm/next@16.1.7_@babel+core@7.29.7_@playwright+test@1.60.0_react-dom@19.2.7_react@19.2.7/node_modules/next/dist/compiled/react-dom/cjs/react-dom-client.development.js:20400:7)
    at flushSyncWorkAcrossRoots_impl (webpack-internal:///(app-pages-browser)/../../node_modules/.pnpm/next@16.1.7_@babel+core@7.29.7_@playwright+test@1.60.0_react-dom@19.2.7_react@19.2.7/node_modules/next/dist/compiled/react-dom/cjs/react-dom-client.development.js:20242:21)
    at processRootScheduleInMicrotask (webpack-internal:///(app-pages-browser)/../../node_modules/.pnpm/next@16.1.7_@babel+core@7.29.7_@playwright+test@1.60.0_react-dom@19.2.7_react@19.2.7/node_modules/next/dist/compiled/react-dom/cjs/react-dom-client.development.js:20281:9)
    at eval (webpack-internal:///(app-pages-browser)/../../node_modules/.pnpm/next@16.1.7_@babel+core@7.29.7_@playwright+test@1.60.0_react-dom@19.2.7_react@19.2.7/node_modules/next/dist/compiled/react-dom/cjs/react-dom-client.development.js:20419:13) @ webpack-internal:///(app-pages-browser)/../../node_modules/.pnpm/next@16.1.7_@babel+core@7.29.7_@playwright+test@1.60.0_react-dom@19.2.7_react@19.2.7/node_modules/next/dist/next-devtools/userspace/app/errors/intercept-console-error.js:51
[    2740ms] [ERROR] IntlError: MISSING_MESSAGE: Could not resolve `modules.tokenized-deposit.tokenized_deposit_0114` in messages for locale `en-US`.
    at getFallbackFromErrorAndNotify (webpack-internal:///(app-pages-browser)/../../node_modules/.pnpm/use-intl@4.13.0_react@19.2.7/node_modules/use-intl/dist/esm/development/initializeConfig-CUsOI8u2.js:108:19)
    at translateBaseFn (webpack-internal:///(app-pages-browser)/../../node_modules/.pnpm/use-intl@4.13.0_react@19.2.7/node_modules/use-intl/dist/esm/development/initializeConfig-CUsOI8u2.js:141:18)
    at translateFn (webpack-internal:///(app-pages-browser)/../../node_modules/.pnpm/use-intl@4.13.0_react@19.2.7/node_modules/use-intl/dist/esm/development/initializeConfig-CUsOI8u2.js:173:20)
    at WalletFieldGroup (webpack-internal:///(app-pages-browser)/../../libs/modules/tokenized-deposit/feature/src/lib/tokenized-deposit-edit/wallet-field-group.tsx:20:32)
    at Object.react_stack_bottom_frame (webpack-internal:///(app-pages-browser)/../../node_modules/.pnpm/next@16.1.7_@babel+core@7.29.7_@playwright+test@1.60.0_react-dom@19.2.7_react@19.2.7/node_modules/next/dist/compiled/react-dom/cjs/react-dom-client.development.js:28039:20)
    at renderWithHooksAgain (webpack-internal:///(app-pages-browser)/../../node_modules/.pnpm/next@16.1.7_@babel+core@7.29.7_@playwright+test@1.60.0_react-dom@19.2.7_react@19.2.7/node_modules/next/dist/compiled/react-dom/cjs/react-dom-client.development.js:8085:20)
    at renderWithHooks (webpack-internal:///(app-pages-browser)/../../node_modules/.pnpm/next@16.1.7_@babel+core@7.29.7_@playwright+test@1.60.0_react-dom@19.2.7_react@19.2.7/node_modules/next/dist/compiled/react-dom/cjs/react-dom-client.development.js:7997:22)
    at updateFunctionComponent (webpack-internal:///(app-pages-browser)/../../node_modules/.pnpm/next@16.1.7_@babel+core@7.29.7_@playwright+test@1.60.0_react-dom@19.2.7_react@19.2.7/node_modules/next/dist/compiled/react-dom/cjs/react-dom-client.development.js:10502:19)
    at beginWork (webpack-internal:///(app-pages-browser)/../../node_modules/.pnpm/next@16.1.7_@babel+core@7.29.7_@playwright+test@1.60.0_react-dom@19.2.7_react@19.2.7/node_modules/next/dist/compiled/react-dom/cjs/react-dom-client.development.js:12137:18)
    at runWithFiberInDEV (webpack-internal:///(app-pages-browser)/../../node_modules/.pnpm/next@16.1.7_@babel+core@7.29.7_@playwright+test@1.60.0_react-dom@19.2.7_react@19.2.7/node_modules/next/dist/compiled/react-dom/cjs/react-dom-client.development.js:987:30)
    at performUnitOfWork (webpack-internal:///(app-pages-browser)/../../node_modules/.pnpm/next@16.1.7_@babel+core@7.29.7_@playwright+test@1.60.0_react-dom@19.2.7_react@19.2.7/node_modules/next/dist/compiled/react-dom/cjs/react-dom-client.development.js:18998:22)
    at workLoopSync (webpack-internal:///(app-pages-browser)/../../node_modules/.pnpm/next@16.1.7_@babel+core@7.29.7_@playwright+test@1.60.0_react-dom@19.2.7_react@19.2.7/node_modules/next/dist/compiled/react-dom/cjs/react-dom-client.development.js:18826:41)
    at renderRootSync (webpack-internal:///(app-pages-browser)/../../node_modules/.pnpm/next@16.1.7_@babel+core@7.29.7_@playwright+test@1.60.0_react-dom@19.2.7_react@19.2.7/node_modules/next/dist/compiled/react-dom/cjs/react-dom-client.development.js:18807:11)
    at performWorkOnRoot (webpack-internal:///(app-pages-browser)/../../node_modules/.pnpm/next@16.1.7_@babel+core@7.29.7_@playwright+test@1.60.0_react-dom@19.2.7_react@19.2.7/node_modules/next/dist/compiled/react-dom/cjs/react-dom-client.development.js:17836:11)
    at performSyncWorkOnRoot (webpack-internal:///(app-pages-browser)/../../node_modules/.pnpm/next@16.1.7_@babel+core@7.29.7_@playwright+test@1.60.0_react-dom@19.2.7_react@19.2.7/node_modules/next/dist/compiled/react-dom/cjs/react-dom-client.development.js:20400:7)
    at flushSyncWorkAcrossRoots_impl (webpack-internal:///(app-pages-browser)/../../node_modules/.pnpm/next@16.1.7_@babel+core@7.29.7_@playwright+test@1.60.0_react-dom@19.2.7_react@19.2.7/node_modules/next/dist/compiled/react-dom/cjs/react-dom-client.development.js:20242:21)
    at processRootScheduleInMicrotask (webpack-internal:///(app-pages-browser)/../../node_modules/.pnpm/next@16.1.7_@babel+core@7.29.7_@playwright+test@1.60.0_react-dom@19.2.7_react@19.2.7/node_modules/next/dist/compiled/react-dom/cjs/react-dom-client.development.js:20281:9)
    at eval (webpack-internal:///(app-pages-browser)/../../node_modules/.pnpm/next@16.1.7_@babel+core@7.29.7_@playwright+test@1.60.0_react-dom@19.2.7_react@19.2.7/node_modules/next/dist/compiled/react-dom/cjs/react-dom-client.development.js:20419:13) @ webpack-internal:///(app-pages-browser)/../../node_modules/.pnpm/next@16.1.7_@babel+core@7.29.7_@playwright+test@1.60.0_react-dom@19.2.7_react@19.2.7/node_modules/next/dist/next-devtools/userspace/app/errors/intercept-console-error.js:51
[    2742ms] [ERROR] IntlError: MISSING_MESSAGE: Could not resolve `modules.tokenized-deposit.tokenized_deposit_0112` in messages for locale `en-US`.
    at getFallbackFromErrorAndNotify (webpack-internal:///(app-pages-browser)/../../node_modules/.pnpm/use-intl@4.13.0_react@19.2.7/node_modules/use-intl/dist/esm/development/initializeConfig-CUsOI8u2.js:108:19)
    at translateBaseFn (webpack-internal:///(app-pages-browser)/../../node_modules/.pnpm/use-intl@4.13.0_react@19.2.7/node_modules/use-intl/dist/esm/development/initializeConfig-CUsOI8u2.js:141:18)
    at translateFn (webpack-internal:///(app-pages-browser)/../../node_modules/.pnpm/use-intl@4.13.0_react@19.2.7/node_modules/use-intl/dist/esm/development/initializeConfig-CUsOI8u2.js:173:20)
    at RigsecWalletModal (webpack-internal:///(app-pages-browser)/../../libs/modules/tokenized-deposit/feature/src/lib/tokenized-deposit-edit/rigsec-wallet-modal.tsx:23:23)
    at Object.react_stack_bottom_frame (webpack-internal:///(app-pages-browser)/../../node_modules/.pnpm/next@16.1.7_@babel+core@7.29.7_@playwright+test@1.60.0_react-dom@19.2.7_react@19.2.7/node_modules/next/dist/compiled/react-dom/cjs/react-dom-client.development.js:28039:20)
    at renderWithHooks (webpack-internal:///(app-pages-browser)/../../node_modules/.pnpm/next@16.1.7_@babel+core@7.29.7_@playwright+test@1.60.0_react-dom@19.2.7_react@19.2.7/node_modules/next/dist/compiled/react-dom/cjs/react-dom-client.development.js:7985:22)
    at updateFunctionComponent (webpack-internal:///(app-pages-browser)/../../node_modules/.pnpm/next@16.1.7_@babel+core@7.29.7_@playwright+test@1.60.0_react-dom@19.2.7_react@19.2.7/node_modules/next/dist/compiled/react-dom/cjs/react-dom-client.development.js:10502:19)
    at beginWork (webpack-internal:///(app-pages-browser)/../../node_modules/.pnpm/next@16.1.7_@babel+core@7.29.7_@playwright+test@1.60.0_react-dom@19.2.7_react@19.2.7/node_modules/next/dist/compiled/react-dom/cjs/react-dom-client.development.js:12137:18)
    at runWithFiberInDEV (webpack-internal:///(app-pages-browser)/../../node_modules/.pnpm/next@16.1.7_@babel+core@7.29.7_@playwright+test@1.60.0_react-dom@19.2.7_react@19.2.7/node_modules/next/dist/compiled/react-dom/cjs/react-dom-client.development.js:987:30)
    at performUnitOfWork (webpack-internal:///(app-pages-browser)/../../node_modules/.pnpm/next@16.1.7_@babel+core@7.29.7_@playwright+test@1.60.0_react-dom@19.2.7_react@19.2.7/node_modules/next/dist/compiled/react-dom/cjs/react-dom-client.development.js:18998:22)
    at workLoopSync (webpack-internal:///(app-pages-browser)/../../node_modules/.pnpm/next@16.1.7_@babel+core@7.29.7_@playwright+test@1.60.0_react-dom@19.2.7_react@19.2.7/node_modules/next/dist/compiled/react-dom/cjs/react-dom-client.development.js:18826:41)
    at renderRootSync (webpack-internal:///(app-pages-browser)/../../node_modules/.pnpm/next@16.1.7_@babel+core@7.29.7_@playwright+test@1.60.0_react-dom@19.2.7_react@19.2.7/node_modules/next/dist/compiled/react-dom/cjs/react-dom-client.development.js:18807:11)
    at performWorkOnRoot (webpack-internal:///(app-pages-browser)/../../node_modules/.pnpm/next@16.1.7_@babel+core@7.29.7_@playwright+test@1.60.0_react-dom@19.2.7_react@19.2.7/node_modules/next/dist/compiled/react-dom/cjs/react-dom-client.development.js:17836:11)
    at performSyncWorkOnRoot (webpack-internal:///(app-pages-browser)/../../node_modules/.pnpm/next@16.1.7_@babel+core@7.29.7_@playwright+test@1.60.0_react-dom@19.2.7_react@19.2.7/node_modules/next/dist/compiled/react-dom/cjs/react-dom-client.development.js:20400:7)
    at flushSyncWorkAcrossRoots_impl (webpack-internal:///(app-pages-browser)/../../node_modules/.pnpm/next@16.1.7_@babel+core@7.29.7_@playwright+test@1.60.0_react-dom@19.2.7_react@19.2.7/node_modules/next/dist/compiled/react-dom/cjs/react-dom-client.development.js:20242:21)
    at processRootScheduleInMicrotask (webpack-internal:///(app-pages-browser)/../../node_modules/.pnpm/next@16.1.7_@babel+core@7.29.7_@playwright+test@1.60.0_react-dom@19.2.7_react@19.2.7/node_modules/next/dist/compiled/react-dom/cjs/react-dom-client.development.js:20281:9)
    at eval (webpack-internal:///(app-pages-browser)/../../node_modules/.pnpm/next@16.1.7_@babel+core@7.29.7_@playwright+test@1.60.0_react-dom@19.2.7_react@19.2.7/node_modules/next/dist/compiled/react-dom/cjs/react-dom-client.development.js:20419:13) @ webpack-internal:///(app-pages-browser)/../../node_modules/.pnpm/next@16.1.7_@babel+core@7.29.7_@playwright+test@1.60.0_react-dom@19.2.7_react@19.2.7/node_modules/next/dist/next-devtools/userspace/app/errors/intercept-console-error.js:51
[    2742ms] [ERROR] IntlError: MISSING_MESSAGE: Could not resolve `modules.tokenized-deposit.tokenized_deposit_0112` in messages for locale `en-US`.
    at getFallbackFromErrorAndNotify (webpack-internal:///(app-pages-browser)/../../node_modules/.pnpm/use-intl@4.13.0_react@19.2.7/node_modules/use-intl/dist/esm/development/initializeConfig-CUsOI8u2.js:108:19)
    at translateBaseFn (webpack-internal:///(app-pages-browser)/../../node_modules/.pnpm/use-intl@4.13.0_react@19.2.7/node_modules/use-intl/dist/esm/development/initializeConfig-CUsOI8u2.js:141:18)
    at translateFn (webpack-internal:///(app-pages-browser)/../../node_modules/.pnpm/use-intl@4.13.0_react@19.2.7/node_modules/use-intl/dist/esm/development/initializeConfig-CUsOI8u2.js:173:20)
    at RigsecWalletModal (webpack-internal:///(app-pages-browser)/../../libs/modules/tokenized-deposit/feature/src/lib/tokenized-deposit-edit/rigsec-wallet-modal.tsx:23:23)
    at Object.react_stack_bottom_frame (webpack-internal:///(app-pages-browser)/../../node_modules/.pnpm/next@16.1.7_@babel+core@7.29.7_@playwright+test@1.60.0_react-dom@19.2.7_react@19.2.7/node_modules/next/dist/compiled/react-dom/cjs/react-dom-client.development.js:28039:20)
    at renderWithHooksAgain (webpack-internal:///(app-pages-browser)/../../node_modules/.pnpm/next@16.1.7_@babel+core@7.29.7_@playwright+test@1.60.0_react-dom@19.2.7_react@19.2.7/node_modules/next/dist/compiled/react-dom/cjs/react-dom-client.development.js:8085:20)
    at renderWithHooks (webpack-internal:///(app-pages-browser)/../../node_modules/.pnpm/next@16.1.7_@babel+core@7.29.7_@playwright+test@1.60.0_react-dom@19.2.7_react@19.2.7/node_modules/next/dist/compiled/react-dom/cjs/react-dom-client.development.js:7997:22)
    at updateFunctionComponent (webpack-internal:///(app-pages-browser)/../../node_modules/.pnpm/next@16.1.7_@babel+core@7.29.7_@playwright+test@1.60.0_react-dom@19.2.7_react@19.2.7/node_modules/next/dist/compiled/react-dom/cjs/react-dom-client.development.js:10502:19)
    at beginWork (webpack-internal:///(app-pages-browser)/../../node_modules/.pnpm/next@16.1.7_@babel+core@7.29.7_@playwright+test@1.60.0_react-dom@19.2.7_react@19.2.7/node_modules/next/dist/compiled/react-dom/cjs/react-dom-client.development.js:12137:18)
    at runWithFiberInDEV (webpack-internal:///(app-pages-browser)/../../node_modules/.pnpm/next@16.1.7_@babel+core@7.29.7_@playwright+test@1.60.0_react-dom@19.2.7_react@19.2.7/node_modules/next/dist/compiled/react-dom/cjs/react-dom-client.development.js:987:30)
    at performUnitOfWork (webpack-internal:///(app-pages-browser)/../../node_modules/.pnpm/next@16.1.7_@babel+core@7.29.7_@playwright+test@1.60.0_react-dom@19.2.7_react@19.2.7/node_modules/next/dist/compiled/react-dom/cjs/react-dom-client.development.js:18998:22)
    at workLoopSync (webpack-internal:///(app-pages-browser)/../../node_modules/.pnpm/next@16.1.7_@babel+core@7.29.7_@playwright+test@1.60.0_react-dom@19.2.7_react@19.2.7/node_modules/next/dist/compiled/react-dom/cjs/react-dom-client.development.js:18826:41)
    at renderRootSync (webpack-internal:///(app-pages-browser)/../../node_modules/.pnpm/next@16.1.7_@babel+core@7.29.7_@playwright+test@1.60.0_react-dom@19.2.7_react@19.2.7/node_modules/next/dist/compiled/react-dom/cjs/react-dom-client.development.js:18807:11)
    at performWorkOnRoot (webpack-internal:///(app-pages-browser)/../../node_modules/.pnpm/next@16.1.7_@babel+core@7.29.7_@playwright+test@1.60.0_react-dom@19.2.7_react@19.2.7/node_modules/next/dist/compiled/react-dom/cjs/react-dom-client.development.js:17836:11)
    at performSyncWorkOnRoot (webpack-internal:///(app-pages-browser)/../../node_modules/.pnpm/next@16.1.7_@babel+core@7.29.7_@playwright+test@1.60.0_react-dom@19.2.7_react@19.2.7/node_modules/next/dist/compiled/react-dom/cjs/react-dom-client.development.js:20400:7)
    at flushSyncWorkAcrossRoots_impl (webpack-internal:///(app-pages-browser)/../../node_modules/.pnpm/next@16.1.7_@babel+core@7.29.7_@playwright+test@1.60.0_react-dom@19.2.7_react@19.2.7/node_modules/next/dist/compiled/react-dom/cjs/react-dom-client.development.js:20242:21)
    at processRootScheduleInMicrotask (webpack-internal:///(app-pages-browser)/../../node_modules/.pnpm/next@16.1.7_@babel+core@7.29.7_@playwright+test@1.60.0_react-dom@19.2.7_react@19.2.7/node_modules/next/dist/compiled/react-dom/cjs/react-dom-client.development.js:20281:9)
    at eval (webpack-internal:///(app-pages-browser)/../../node_modules/.pnpm/next@16.1.7_@babel+core@7.29.7_@playwright+test@1.60.0_react-dom@19.2.7_react@19.2.7/node_modules/next/dist/compiled/react-dom/cjs/react-dom-client.development.js:20419:13) @ webpack-internal:///(app-pages-browser)/../../node_modules/.pnpm/next@16.1.7_@babel+core@7.29.7_@playwright+test@1.60.0_react-dom@19.2.7_react@19.2.7/node_modules/next/dist/next-devtools/userspace/app/errors/intercept-console-error.js:51
[    2793ms] [ERROR] IntlError: MISSING_MESSAGE: Could not resolve `modules.tokenized-deposit.tokenized_deposit_0112` in messages for locale `en-US`.
    at getFallbackFromErrorAndNotify (webpack-internal:///(app-pages-browser)/../../node_modules/.pnpm/use-intl@4.13.0_react@19.2.7/node_modules/use-intl/dist/esm/development/initializeConfig-CUsOI8u2.js:108:19)
    at translateBaseFn (webpack-internal:///(app-pages-browser)/../../node_modules/.pnpm/use-intl@4.13.0_react@19.2.7/node_modules/use-intl/dist/esm/development/initializeConfig-CUsOI8u2.js:141:18)
    at translateFn (webpack-internal:///(app-pages-browser)/../../node_modules/.pnpm/use-intl@4.13.0_react@19.2.7/node_modules/use-intl/dist/esm/development/initializeConfig-CUsOI8u2.js:173:20)
    at WalletFieldGroup (webpack-internal:///(app-pages-browser)/../../libs/modules/tokenized-deposit/feature/src/lib/tokenized-deposit-edit/wallet-field-group.tsx:20:32)
    at Object.react_stack_bottom_frame (webpack-internal:///(app-pages-browser)/../../node_modules/.pnpm/next@16.1.7_@babel+core@7.29.7_@playwright+test@1.60.0_react-dom@19.2.7_react@19.2.7/node_modules/next/dist/compiled/react-dom/cjs/react-dom-client.development.js:28039:20)
    at renderWithHooks (webpack-internal:///(app-pages-browser)/../../node_modules/.pnpm/next@16.1.7_@babel+core@7.29.7_@playwright+test@1.60.0_react-dom@19.2.7_react@19.2.7/node_modules/next/dist/compiled/react-dom/cjs/react-dom-client.development.js:7985:22)
    at updateFunctionComponent (webpack-internal:///(app-pages-browser)/../../node_modules/.pnpm/next@16.1.7_@babel+core@7.29.7_@playwright+test@1.60.0_react-dom@19.2.7_react@19.2.7/node_modules/next/dist/compiled/react-dom/cjs/react-dom-client.development.js:10502:19)
    at beginWork (webpack-internal:///(app-pages-browser)/../../node_modules/.pnpm/next@16.1.7_@babel+core@7.29.7_@playwright+test@1.60.0_react-dom@19.2.7_react@19.2.7/node_modules/next/dist/compiled/react-dom/cjs/react-dom-client.development.js:12137:18)
    at runWithFiberInDEV (webpack-internal:///(app-pages-browser)/../../node_modules/.pnpm/next@16.1.7_@babel+core@7.29.7_@playwright+test@1.60.0_react-dom@19.2.7_react@19.2.7/node_modules/next/dist/compiled/react-dom/cjs/react-dom-client.development.js:987:30)
    at performUnitOfWork (webpack-internal:///(app-pages-browser)/../../node_modules/.pnpm/next@16.1.7_@babel+core@7.29.7_@playwright+test@1.60.0_react-dom@19.2.7_react@19.2.7/node_modules/next/dist/compiled/react-dom/cjs/react-dom-client.development.js:18998:22)
    at workLoopSync (webpack-internal:///(app-pages-browser)/../../node_modules/.pnpm/next@16.1.7_@babel+core@7.29.7_@playwright+test@1.60.0_react-dom@19.2.7_react@19.2.7/node_modules/next/dist/compiled/react-dom/cjs/react-dom-client.development.js:18826:41)
    at renderRootSync (webpack-internal:///(app-pages-browser)/../../node_modules/.pnpm/next@16.1.7_@babel+core@7.29.7_@playwright+test@1.60.0_react-dom@19.2.7_react@19.2.7/node_modules/next/dist/compiled/react-dom/cjs/react-dom-client.development.js:18807:11)
    at performWorkOnRoot (webpack-internal:///(app-pages-browser)/../../node_modules/.pnpm/next@16.1.7_@babel+core@7.29.7_@playwright+test@1.60.0_react-dom@19.2.7_react@19.2.7/node_modules/next/dist/compiled/react-dom/cjs/react-dom-client.development.js:17836:11)
    at performSyncWorkOnRoot (webpack-internal:///(app-pages-browser)/../../node_modules/.pnpm/next@16.1.7_@babel+core@7.29.7_@playwright+test@1.60.0_react-dom@19.2.7_react@19.2.7/node_modules/next/dist/compiled/react-dom/cjs/react-dom-client.development.js:20400:7)
    at flushSyncWorkAcrossRoots_impl (webpack-internal:///(app-pages-browser)/../../node_modules/.pnpm/next@16.1.7_@babel+core@7.29.7_@playwright+test@1.60.0_react-dom@19.2.7_react@19.2.7/node_modules/next/dist/compiled/react-dom/cjs/react-dom-client.development.js:20242:21)
    at processRootScheduleInMicrotask (webpack-internal:///(app-pages-browser)/../../node_modules/.pnpm/next@16.1.7_@babel+core@7.29.7_@playwright+test@1.60.0_react-dom@19.2.7_react@19.2.7/node_modules/next/dist/compiled/react-dom/cjs/react-dom-client.development.js:20281:9)
    at eval (webpack-internal:///(app-pages-browser)/../../node_modules/.pnpm/next@16.1.7_@babel+core@7.29.7_@playwright+test@1.60.0_react-dom@19.2.7_react@19.2.7/node_modules/next/dist/compiled/react-dom/cjs/react-dom-client.development.js:20419:13) @ webpack-internal:///(app-pages-browser)/../../node_modules/.pnpm/next@16.1.7_@babel+core@7.29.7_@playwright+test@1.60.0_react-dom@19.2.7_react@19.2.7/node_modules/next/dist/next-devtools/userspace/app/errors/intercept-console-error.js:51
[    2794ms] [ERROR] IntlError: MISSING_MESSAGE: Could not resolve `modules.tokenized-deposit.tokenized_deposit_0112` in messages for locale `en-US`.
    at getFallbackFromErrorAndNotify (webpack-internal:///(app-pages-browser)/../../node_modules/.pnpm/use-intl@4.13.0_react@19.2.7/node_modules/use-intl/dist/esm/development/initializeConfig-CUsOI8u2.js:108:19)
    at translateBaseFn (webpack-internal:///(app-pages-browser)/../../node_modules/.pnpm/use-intl@4.13.0_react@19.2.7/node_modules/use-intl/dist/esm/development/initializeConfig-CUsOI8u2.js:141:18)
    at translateFn (webpack-internal:///(app-pages-browser)/../../node_modules/.pnpm/use-intl@4.13.0_react@19.2.7/node_modules/use-intl/dist/esm/development/initializeConfig-CUsOI8u2.js:173:20)
    at WalletFieldGroup (webpack-internal:///(app-pages-browser)/../../libs/modules/tokenized-deposit/feature/src/lib/tokenized-deposit-edit/wallet-field-group.tsx:20:32)
    at Object.react_stack_bottom_frame (webpack-internal:///(app-pages-browser)/../../node_modules/.pnpm/next@16.1.7_@babel+core@7.29.7_@playwright+test@1.60.0_react-dom@19.2.7_react@19.2.7/node_modules/next/dist/compiled/react-dom/cjs/react-dom-client.development.js:28039:20)
    at renderWithHooksAgain (webpack-internal:///(app-pages-browser)/../../node_modules/.pnpm/next@16.1.7_@babel+core@7.29.7_@playwright+test@1.60.0_react-dom@19.2.7_react@19.2.7/node_modules/next/dist/compiled/react-dom/cjs/react-dom-client.development.js:8085:20)
    at renderWithHooks (webpack-internal:///(app-pages-browser)/../../node_modules/.pnpm/next@16.1.7_@babel+core@7.29.7_@playwright+test@1.60.0_react-dom@19.2.7_react@19.2.7/node_modules/next/dist/compiled/react-dom/cjs/react-dom-client.development.js:7997:22)
    at updateFunctionComponent (webpack-internal:///(app-pages-browser)/../../node_modules/.pnpm/next@16.1.7_@babel+core@7.29.7_@playwright+test@1.60.0_react-dom@19.2.7_react@19.2.7/node_modules/next/dist/compiled/react-dom/cjs/react-dom-client.development.js:10502:19)
    at beginWork (webpack-internal:///(app-pages-browser)/../../node_modules/.pnpm/next@16.1.7_@babel+core@7.29.7_@playwright+test@1.60.0_react-dom@19.2.7_react@19.2.7/node_modules/next/dist/compiled/react-dom/cjs/react-dom-client.development.js:12137:18)
    at runWithFiberInDEV (webpack-internal:///(app-pages-browser)/../../node_modules/.pnpm/next@16.1.7_@babel+core@7.29.7_@playwright+test@1.60.0_react-dom@19.2.7_react@19.2.7/node_modules/next/dist/compiled/react-dom/cjs/react-dom-client.development.js:987:30)
    at performUnitOfWork (webpack-internal:///(app-pages-browser)/../../node_modules/.pnpm/next@16.1.7_@babel+core@7.29.7_@playwright+test@1.60.0_react-dom@19.2.7_react@19.2.7/node_modules/next/dist/compiled/react-dom/cjs/react-dom-client.development.js:18998:22)
    at workLoopSync (webpack-internal:///(app-pages-browser)/../../node_modules/.pnpm/next@16.1.7_@babel+core@7.29.7_@playwright+test@1.60.0_react-dom@19.2.7_react@19.2.7/node_modules/next/dist/compiled/react-dom/cjs/react-dom-client.development.js:18826:41)
    at renderRootSync (webpack-internal:///(app-pages-browser)/../../node_modules/.pnpm/next@16.1.7_@babel+core@7.29.7_@playwright+test@1.60.0_react-dom@19.2.7_react@19.2.7/node_modules/next/dist/compiled/react-dom/cjs/react-dom-client.development.js:18807:11)
    at performWorkOnRoot (webpack-internal:///(app-pages-browser)/../../node_modules/.pnpm/next@16.1.7_@babel+core@7.29.7_@playwright+test@1.60.0_react-dom@19.2.7_react@19.2.7/node_modules/next/dist/compiled/react-dom/cjs/react-dom-client.development.js:17836:11)
    at performSyncWorkOnRoot (webpack-internal:///(app-pages-browser)/../../node_modules/.pnpm/next@16.1.7_@babel+core@7.29.7_@playwright+test@1.60.0_react-dom@19.2.7_react@19.2.7/node_modules/next/dist/compiled/react-dom/cjs/react-dom-client.development.js:20400:7)
    at flushSyncWorkAcrossRoots_impl (webpack-internal:///(app-pages-browser)/../../node_modules/.pnpm/next@16.1.7_@babel+core@7.29.7_@playwright+test@1.60.0_react-dom@19.2.7_react@19.2.7/node_modules/next/dist/compiled/react-dom/cjs/react-dom-client.development.js:20242:21)
    at processRootScheduleInMicrotask (webpack-internal:///(app-pages-browser)/../../node_modules/.pnpm/next@16.1.7_@babel+core@7.29.7_@playwright+test@1.60.0_react-dom@19.2.7_react@19.2.7/node_modules/next/dist/compiled/react-dom/cjs/react-dom-client.development.js:20281:9)
    at eval (webpack-internal:///(app-pages-browser)/../../node_modules/.pnpm/next@16.1.7_@babel+core@7.29.7_@playwright+test@1.60.0_react-dom@19.2.7_react@19.2.7/node_modules/next/dist/compiled/react-dom/cjs/react-dom-client.development.js:20419:13) @ webpack-internal:///(app-pages-browser)/../../node_modules/.pnpm/next@16.1.7_@babel+core@7.29.7_@playwright+test@1.60.0_react-dom@19.2.7_react@19.2.7/node_modules/next/dist/next-devtools/userspace/app/errors/intercept-console-error.js:51
[    2795ms] [ERROR] IntlError: MISSING_MESSAGE: Could not resolve `modules.tokenized-deposit.tokenized_deposit_0113` in messages for locale `en-US`.
    at getFallbackFromErrorAndNotify (webpack-internal:///(app-pages-browser)/../../node_modules/.pnpm/use-intl@4.13.0_react@19.2.7/node_modules/use-intl/dist/esm/development/initializeConfig-CUsOI8u2.js:108:19)
    at translateBaseFn (webpack-internal:///(app-pages-browser)/../../node_modules/.pnpm/use-intl@4.13.0_react@19.2.7/node_modules/use-intl/dist/esm/development/initializeConfig-CUsOI8u2.js:141:18)
    at translateFn (webpack-internal:///(app-pages-browser)/../../node_modules/.pnpm/use-intl@4.13.0_react@19.2.7/node_modules/use-intl/dist/esm/development/initializeConfig-CUsOI8u2.js:173:20)
    at WalletFieldGroup (webpack-internal:///(app-pages-browser)/../../libs/modules/tokenized-deposit/feature/src/lib/tokenized-deposit-edit/wallet-field-group.tsx:20:32)
    at Object.react_stack_bottom_frame (webpack-internal:///(app-pages-browser)/../../node_modules/.pnpm/next@16.1.7_@babel+core@7.29.7_@playwright+test@1.60.0_react-dom@19.2.7_react@19.2.7/node_modules/next/dist/compiled/react-dom/cjs/react-dom-client.development.js:28039:20)
    at renderWithHooks (webpack-internal:///(app-pages-browser)/../../node_modules/.pnpm/next@16.1.7_@babel+core@7.29.7_@playwright+test@1.60.0_react-dom@19.2.7_react@19.2.7/node_modules/next/dist/compiled/react-dom/cjs/react-dom-client.development.js:7985:22)
    at updateFunctionComponent (webpack-internal:///(app-pages-browser)/../../node_modules/.pnpm/next@16.1.7_@babel+core@7.29.7_@playwright+test@1.60.0_react-dom@19.2.7_react@19.2.7/node_modules/next/dist/compiled/react-dom/cjs/react-dom-client.development.js:10502:19)
    at beginWork (webpack-internal:///(app-pages-browser)/../../node_modules/.pnpm/next@16.1.7_@babel+core@7.29.7_@playwright+test@1.60.0_react-dom@19.2.7_react@19.2.7/node_modules/next/dist/compiled/react-dom/cjs/react-dom-client.development.js:12137:18)
    at runWithFiberInDEV (webpack-internal:///(app-pages-browser)/../../node_modules/.pnpm/next@16.1.7_@babel+core@7.29.7_@playwright+test@1.60.0_react-dom@19.2.7_react@19.2.7/node_modules/next/dist/compiled/react-dom/cjs/react-dom-client.development.js:987:30)
    at performUnitOfWork (webpack-internal:///(app-pages-browser)/../../node_modules/.pnpm/next@16.1.7_@babel+core@7.29.7_@playwright+test@1.60.0_react-dom@19.2.7_react@19.2.7/node_modules/next/dist/compiled/react-dom/cjs/react-dom-client.development.js:18998:22)
    at workLoopSync (webpack-internal:///(app-pages-browser)/../../node_modules/.pnpm/next@16.1.7_@babel+core@7.29.7_@playwright+test@1.60.0_react-dom@19.2.7_react@19.2.7/node_modules/next/dist/compiled/react-dom/cjs/react-dom-client.development.js:18826:41)
    at renderRootSync (webpack-internal:///(app-pages-browser)/../../node_modules/.pnpm/next@16.1.7_@babel+core@7.29.7_@playwright+test@1.60.0_react-dom@19.2.7_react@19.2.7/node_modules/next/dist/compiled/react-dom/cjs/react-dom-client.development.js:18807:11)
    at performWorkOnRoot (webpack-internal:///(app-pages-browser)/../../node_modules/.pnpm/next@16.1.7_@babel+core@7.29.7_@playwright+test@1.60.0_react-dom@19.2.7_react@19.2.7/node_modules/next/dist/compiled/react-dom/cjs/react-dom-client.development.js:17836:11)
    at performSyncWorkOnRoot (webpack-internal:///(app-pages-browser)/../../node_modules/.pnpm/next@16.1.7_@babel+core@7.29.7_@playwright+test@1.60.0_react-dom@19.2.7_react@19.2.7/node_modules/next/dist/compiled/react-dom/cjs/react-dom-client.development.js:20400:7)
    at flushSyncWorkAcrossRoots_impl (webpack-internal:///(app-pages-browser)/../../node_modules/.pnpm/next@16.1.7_@babel+core@7.29.7_@playwright+test@1.60.0_react-dom@19.2.7_react@19.2.7/node_modules/next/dist/compiled/react-dom/cjs/react-dom-client.development.js:20242:21)
    at processRootScheduleInMicrotask (webpack-internal:///(app-pages-browser)/../../node_modules/.pnpm/next@16.1.7_@babel+core@7.29.7_@playwright+test@1.60.0_react-dom@19.2.7_react@19.2.7/node_modules/next/dist/compiled/react-dom/cjs/react-dom-client.development.js:20281:9)
    at eval (webpack-internal:///(app-pages-browser)/../../node_modules/.pnpm/next@16.1.7_@babel+core@7.29.7_@playwright+test@1.60.0_react-dom@19.2.7_react@19.2.7/node_modules/next/dist/compiled/react-dom/cjs/react-dom-client.development.js:20419:13) @ webpack-internal:///(app-pages-browser)/../../node_modules/.pnpm/next@16.1.7_@babel+core@7.29.7_@playwright+test@1.60.0_react-dom@19.2.7_react@19.2.7/node_modules/next/dist/next-devtools/userspace/app/errors/intercept-console-error.js:51
[    2795ms] [ERROR] IntlError: MISSING_MESSAGE: Could not resolve `modules.tokenized-deposit.tokenized_deposit_0113` in messages for locale `en-US`.
    at getFallbackFromErrorAndNotify (webpack-internal:///(app-pages-browser)/../../node_modules/.pnpm/use-intl@4.13.0_react@19.2.7/node_modules/use-intl/dist/esm/development/initializeConfig-CUsOI8u2.js:108:19)
    at translateBaseFn (webpack-internal:///(app-pages-browser)/../../node_modules/.pnpm/use-intl@4.13.0_react@19.2.7/node_modules/use-intl/dist/esm/development/initializeConfig-CUsOI8u2.js:141:18)
    at translateFn (webpack-internal:///(app-pages-browser)/../../node_modules/.pnpm/use-intl@4.13.0_react@19.2.7/node_modules/use-intl/dist/esm/development/initializeConfig-CUsOI8u2.js:173:20)
    at WalletFieldGroup (webpack-internal:///(app-pages-browser)/../../libs/modules/tokenized-deposit/feature/src/lib/tokenized-deposit-edit/wallet-field-group.tsx:20:32)
    at Object.react_stack_bottom_frame (webpack-internal:///(app-pages-browser)/../../node_modules/.pnpm/next@16.1.7_@babel+core@7.29.7_@playwright+test@1.60.0_react-dom@19.2.7_react@19.2.7/node_modules/next/dist/compiled/react-dom/cjs/react-dom-client.development.js:28039:20)
    at renderWithHooksAgain (webpack-internal:///(app-pages-browser)/../../node_modules/.pnpm/next@16.1.7_@babel+core@7.29.7_@playwright+test@1.60.0_react-dom@19.2.7_react@19.2.7/node_modules/next/dist/compiled/react-dom/cjs/react-dom-client.development.js:8085:20)
    at renderWithHooks (webpack-internal:///(app-pages-browser)/../../node_modules/.pnpm/next@16.1.7_@babel+core@7.29.7_@playwright+test@1.60.0_react-dom@19.2.7_react@19.2.7/node_modules/next/dist/compiled/react-dom/cjs/react-dom-client.development.js:7997:22)
    at updateFunctionComponent (webpack-internal:///(app-pages-browser)/../../node_modules/.pnpm/next@16.1.7_@babel+core@7.29.7_@playwright+test@1.60.0_react-dom@19.2.7_react@19.2.7/node_modules/next/dist/compiled/react-dom/cjs/react-dom-client.development.js:10502:19)
    at beginWork (webpack-internal:///(app-pages-browser)/../../node_modules/.pnpm/next@16.1.7_@babel+core@7.29.7_@playwright+test@1.60.0_react-dom@19.2.7_react@19.2.7/node_modules/next/dist/compiled/react-dom/cjs/react-dom-client.development.js:12137:18)
    at runWithFiberInDEV (webpack-internal:///(app-pages-browser)/../../node_modules/.pnpm/next@16.1.7_@babel+core@7.29.7_@playwright+test@1.60.0_react-dom@19.2.7_react@19.2.7/node_modules/next/dist/compiled/react-dom/cjs/react-dom-client.development.js:987:30)
    at performUnitOfWork (webpack-internal:///(app-pages-browser)/../../node_modules/.pnpm/next@16.1.7_@babel+core@7.29.7_@playwright+test@1.60.0_react-dom@19.2.7_react@19.2.7/node_modules/next/dist/compiled/react-dom/cjs/react-dom-client.development.js:18998:22)
    at workLoopSync (webpack-internal:///(app-pages-browser)/../../node_modules/.pnpm/next@16.1.7_@babel+core@7.29.7_@playwright+test@1.60.0_react-dom@19.2.7_react@19.2.7/node_modules/next/dist/compiled/react-dom/cjs/react-dom-client.development.js:18826:41)
    at renderRootSync (webpack-internal:///(app-pages-browser)/../../node_modules/.pnpm/next@16.1.7_@babel+core@7.29.7_@playwright+test@1.60.0_react-dom@19.2.7_react@19.2.7/node_modules/next/dist/compiled/react-dom/cjs/react-dom-client.development.js:18807:11)
    at performWorkOnRoot (webpack-internal:///(app-pages-browser)/../../node_modules/.pnpm/next@16.1.7_@babel+core@7.29.7_@playwright+test@1.60.0_react-dom@19.2.7_react@19.2.7/node_modules/next/dist/compiled/react-dom/cjs/react-dom-client.development.js:17836:11)
    at performSyncWorkOnRoot (webpack-internal:///(app-pages-browser)/../../node_modules/.pnpm/next@16.1.7_@babel+core@7.29.7_@playwright+test@1.60.0_react-dom@19.2.7_react@19.2.7/node_modules/next/dist/compiled/react-dom/cjs/react-dom-client.development.js:20400:7)
    at flushSyncWorkAcrossRoots_impl (webpack-internal:///(app-pages-browser)/../../node_modules/.pnpm/next@16.1.7_@babel+core@7.29.7_@playwright+test@1.60.0_react-dom@19.2.7_react@19.2.7/node_modules/next/dist/compiled/react-dom/cjs/react-dom-client.development.js:20242:21)
    at processRootScheduleInMicrotask (webpack-internal:///(app-pages-browser)/../../node_modules/.pnpm/next@16.1.7_@babel+core@7.29.7_@playwright+test@1.60.0_react-dom@19.2.7_react@19.2.7/node_modules/next/dist/compiled/react-dom/cjs/react-dom-client.development.js:20281:9)
    at eval (webpack-internal:///(app-pages-browser)/../../node_modules/.pnpm/next@16.1.7_@babel+core@7.29.7_@playwright+test@1.60.0_react-dom@19.2.7_react@19.2.7/node_modules/next/dist/compiled/react-dom/cjs/react-dom-client.development.js:20419:13) @ webpack-internal:///(app-pages-browser)/../../node_modules/.pnpm/next@16.1.7_@babel+core@7.29.7_@playwright+test@1.60.0_react-dom@19.2.7_react@19.2.7/node_modules/next/dist/next-devtools/userspace/app/errors/intercept-console-error.js:51
[    2796ms] [ERROR] IntlError: MISSING_MESSAGE: Could not resolve `modules.tokenized-deposit.tokenized_deposit_0114` in messages for locale `en-US`.
    at getFallbackFromErrorAndNotify (webpack-internal:///(app-pages-browser)/../../node_modules/.pnpm/use-intl@4.13.0_react@19.2.7/node_modules/use-intl/dist/esm/development/initializeConfig-CUsOI8u2.js:108:19)
    at translateBaseFn (webpack-internal:///(app-pages-browser)/../../node_modules/.pnpm/use-intl@4.13.0_react@19.2.7/node_modules/use-intl/dist/esm/development/initializeConfig-CUsOI8u2.js:141:18)
    at translateFn (webpack-internal:///(app-pages-browser)/../../node_modules/.pnpm/use-intl@4.13.0_react@19.2.7/node_modules/use-intl/dist/esm/development/initializeConfig-CUsOI8u2.js:173:20)
    at WalletFieldGroup (webpack-internal:///(app-pages-browser)/../../libs/modules/tokenized-deposit/feature/src/lib/tokenized-deposit-edit/wallet-field-group.tsx:20:32)
    at Object.react_stack_bottom_frame (webpack-internal:///(app-pages-browser)/../../node_modules/.pnpm/next@16.1.7_@babel+core@7.29.7_@playwright+test@1.60.0_react-dom@19.2.7_react@19.2.7/node_modules/next/dist/compiled/react-dom/cjs/react-dom-client.development.js:28039:20)
    at renderWithHooks (webpack-internal:///(app-pages-browser)/../../node_modules/.pnpm/next@16.1.7_@babel+core@7.29.7_@playwright+test@1.60.0_react-dom@19.2.7_react@19.2.7/node_modules/next/dist/compiled/react-dom/cjs/react-dom-client.development.js:7985:22)
    at updateFunctionComponent (webpack-internal:///(app-pages-browser)/../../node_modules/.pnpm/next@16.1.7_@babel+core@7.29.7_@playwright+test@1.60.0_react-dom@19.2.7_react@19.2.7/node_modules/next/dist/compiled/react-dom/cjs/react-dom-client.development.js:10502:19)
    at beginWork (webpack-internal:///(app-pages-browser)/../../node_modules/.pnpm/next@16.1.7_@babel+core@7.29.7_@playwright+test@1.60.0_react-dom@19.2.7_react@19.2.7/node_modules/next/dist/compiled/react-dom/cjs/react-dom-client.development.js:12137:18)
    at runWithFiberInDEV (webpack-internal:///(app-pages-browser)/../../node_modules/.pnpm/next@16.1.7_@babel+core@7.29.7_@playwright+test@1.60.0_react-dom@19.2.7_react@19.2.7/node_modules/next/dist/compiled/react-dom/cjs/react-dom-client.development.js:987:30)
    at performUnitOfWork (webpack-internal:///(app-pages-browser)/../../node_modules/.pnpm/next@16.1.7_@babel+core@7.29.7_@playwright+test@1.60.0_react-dom@19.2.7_react@19.2.7/node_modules/next/dist/compiled/react-dom/cjs/react-dom-client.development.js:18998:22)
    at workLoopSync (webpack-internal:///(app-pages-browser)/../../node_modules/.pnpm/next@16.1.7_@babel+core@7.29.7_@playwright+test@1.60.0_react-dom@19.2.7_react@19.2.7/node_modules/next/dist/compiled/react-dom/cjs/react-dom-client.development.js:18826:41)
    at renderRootSync (webpack-internal:///(app-pages-browser)/../../node_modules/.pnpm/next@16.1.7_@babel+core@7.29.7_@playwright+test@1.60.0_react-dom@19.2.7_react@19.2.7/node_modules/next/dist/compiled/react-dom/cjs/react-dom-client.development.js:18807:11)
    at performWorkOnRoot (webpack-internal:///(app-pages-browser)/../../node_modules/.pnpm/next@16.1.7_@babel+core@7.29.7_@playwright+test@1.60.0_react-dom@19.2.7_react@19.2.7/node_modules/next/dist/compiled/react-dom/cjs/react-dom-client.development.js:17836:11)
    at performSyncWorkOnRoot (webpack-internal:///(app-pages-browser)/../../node_modules/.pnpm/next@16.1.7_@babel+core@7.29.7_@playwright+test@1.60.0_react-dom@19.2.7_react@19.2.7/node_modules/next/dist/compiled/react-dom/cjs/react-dom-client.development.js:20400:7)
    at flushSyncWorkAcrossRoots_impl (webpack-internal:///(app-pages-browser)/../../node_modules/.pnpm/next@16.1.7_@babel+core@7.29.7_@playwright+test@1.60.0_react-dom@19.2.7_react@19.2.7/node_modules/next/dist/compiled/react-dom/cjs/react-dom-client.development.js:20242:21)
    at processRootScheduleInMicrotask (webpack-internal:///(app-pages-browser)/../../node_modules/.pnpm/next@16.1.7_@babel+core@7.29.7_@playwright+test@1.60.0_react-dom@19.2.7_react@19.2.7/node_modules/next/dist/compiled/react-dom/cjs/react-dom-client.development.js:20281:9)
    at eval (webpack-internal:///(app-pages-browser)/../../node_modules/.pnpm/next@16.1.7_@babel+core@7.29.7_@playwright+test@1.60.0_react-dom@19.2.7_react@19.2.7/node_modules/next/dist/compiled/react-dom/cjs/react-dom-client.development.js:20419:13) @ webpack-internal:///(app-pages-browser)/../../node_modules/.pnpm/next@16.1.7_@babel+core@7.29.7_@playwright+test@1.60.0_react-dom@19.2.7_react@19.2.7/node_modules/next/dist/next-devtools/userspace/app/errors/intercept-console-error.js:51
[    2797ms] [ERROR] IntlError: MISSING_MESSAGE: Could not resolve `modules.tokenized-deposit.tokenized_deposit_0114` in messages for locale `en-US`.
    at getFallbackFromErrorAndNotify (webpack-internal:///(app-pages-browser)/../../node_modules/.pnpm/use-intl@4.13.0_react@19.2.7/node_modules/use-intl/dist/esm/development/initializeConfig-CUsOI8u2.js:108:19)
    at translateBaseFn (webpack-internal:///(app-pages-browser)/../../node_modules/.pnpm/use-intl@4.13.0_react@19.2.7/node_modules/use-intl/dist/esm/development/initializeConfig-CUsOI8u2.js:141:18)
    at translateFn (webpack-internal:///(app-pages-browser)/../../node_modules/.pnpm/use-intl@4.13.0_react@19.2.7/node_modules/use-intl/dist/esm/development/initializeConfig-CUsOI8u2.js:173:20)
    at WalletFieldGroup (webpack-internal:///(app-pages-browser)/../../libs/modules/tokenized-deposit/feature/src/lib/tokenized-deposit-edit/wallet-field-group.tsx:20:32)
    at Object.react_stack_bottom_frame (webpack-internal:///(app-pages-browser)/../../node_modules/.pnpm/next@16.1.7_@babel+core@7.29.7_@playwright+test@1.60.0_react-dom@19.2.7_react@19.2.7/node_modules/next/dist/compiled/react-dom/cjs/react-dom-client.development.js:28039:20)
    at renderWithHooksAgain (webpack-internal:///(app-pages-browser)/../../node_modules/.pnpm/next@16.1.7_@babel+core@7.29.7_@playwright+test@1.60.0_react-dom@19.2.7_react@19.2.7/node_modules/next/dist/compiled/react-dom/cjs/react-dom-client.development.js:8085:20)
    at renderWithHooks (webpack-internal:///(app-pages-browser)/../../node_modules/.pnpm/next@16.1.7_@babel+core@7.29.7_@playwright+test@1.60.0_react-dom@19.2.7_react@19.2.7/node_modules/next/dist/compiled/react-dom/cjs/react-dom-client.development.js:7997:22)
    at updateFunctionComponent (webpack-internal:///(app-pages-browser)/../../node_modules/.pnpm/next@16.1.7_@babel+core@7.29.7_@playwright+test@1.60.0_react-dom@19.2.7_react@19.2.7/node_modules/next/dist/compiled/react-dom/cjs/react-dom-client.development.js:10502:19)
    at beginWork (webpack-internal:///(app-pages-browser)/../../node_modules/.pnpm/next@16.1.7_@babel+core@7.29.7_@playwright+test@1.60.0_react-dom@19.2.7_react@19.2.7/node_modules/next/dist/compiled/react-dom/cjs/react-dom-client.development.js:12137:18)
    at runWithFiberInDEV (webpack-internal:///(app-pages-browser)/../../node_modules/.pnpm/next@16.1.7_@babel+core@7.29.7_@playwright+test@1.60.0_react-dom@19.2.7_react@19.2.7/node_modules/next/dist/compiled/react-dom/cjs/react-dom-client.development.js:987:30)
    at performUnitOfWork (webpack-internal:///(app-pages-browser)/../../node_modules/.pnpm/next@16.1.7_@babel+core@7.29.7_@playwright+test@1.60.0_react-dom@19.2.7_react@19.2.7/node_modules/next/dist/compiled/react-dom/cjs/react-dom-client.development.js:18998:22)
    at workLoopSync (webpack-internal:///(app-pages-browser)/../../node_modules/.pnpm/next@16.1.7_@babel+core@7.29.7_@playwright+test@1.60.0_react-dom@19.2.7_react@19.2.7/node_modules/next/dist/compiled/react-dom/cjs/react-dom-client.development.js:18826:41)
    at renderRootSync (webpack-internal:///(app-pages-browser)/../../node_modules/.pnpm/next@16.1.7_@babel+core@7.29.7_@playwright+test@1.60.0_react-dom@19.2.7_react@19.2.7/node_modules/next/dist/compiled/react-dom/cjs/react-dom-client.development.js:18807:11)
    at performWorkOnRoot (webpack-internal:///(app-pages-browser)/../../node_modules/.pnpm/next@16.1.7_@babel+core@7.29.7_@playwright+test@1.60.0_react-dom@19.2.7_react@19.2.7/node_modules/next/dist/compiled/react-dom/cjs/react-dom-client.development.js:17836:11)
    at performSyncWorkOnRoot (webpack-internal:///(app-pages-browser)/../../node_modules/.pnpm/next@16.1.7_@babel+core@7.29.7_@playwright+test@1.60.0_react-dom@19.2.7_react@19.2.7/node_modules/next/dist/compiled/react-dom/cjs/react-dom-client.development.js:20400:7)
    at flushSyncWorkAcrossRoots_impl (webpack-internal:///(app-pages-browser)/../../node_modules/.pnpm/next@16.1.7_@babel+core@7.29.7_@playwright+test@1.60.0_react-dom@19.2.7_react@19.2.7/node_modules/next/dist/compiled/react-dom/cjs/react-dom-client.development.js:20242:21)
    at processRootScheduleInMicrotask (webpack-internal:///(app-pages-browser)/../../node_modules/.pnpm/next@16.1.7_@babel+core@7.29.7_@playwright+test@1.60.0_react-dom@19.2.7_react@19.2.7/node_modules/next/dist/compiled/react-dom/cjs/react-dom-client.development.js:20281:9)
    at eval (webpack-internal:///(app-pages-browser)/../../node_modules/.pnpm/next@16.1.7_@babel+core@7.29.7_@playwright+test@1.60.0_react-dom@19.2.7_react@19.2.7/node_modules/next/dist/compiled/react-dom/cjs/react-dom-client.development.js:20419:13) @ webpack-internal:///(app-pages-browser)/../../node_modules/.pnpm/next@16.1.7_@babel+core@7.29.7_@playwright+test@1.60.0_react-dom@19.2.7_react@19.2.7/node_modules/next/dist/next-devtools/userspace/app/errors/intercept-console-error.js:51
[    2798ms] [ERROR] IntlError: MISSING_MESSAGE: Could not resolve `modules.tokenized-deposit.tokenized_deposit_0112` in messages for locale `en-US`.
    at getFallbackFromErrorAndNotify (webpack-internal:///(app-pages-browser)/../../node_modules/.pnpm/use-intl@4.13.0_react@19.2.7/node_modules/use-intl/dist/esm/development/initializeConfig-CUsOI8u2.js:108:19)
    at translateBaseFn (webpack-internal:///(app-pages-browser)/../../node_modules/.pnpm/use-intl@4.13.0_react@19.2.7/node_modules/use-intl/dist/esm/development/initializeConfig-CUsOI8u2.js:141:18)
    at translateFn (webpack-internal:///(app-pages-browser)/../../node_modules/.pnpm/use-intl@4.13.0_react@19.2.7/node_modules/use-intl/dist/esm/development/initializeConfig-CUsOI8u2.js:173:20)
    at RigsecWalletModal (webpack-internal:///(app-pages-browser)/../../libs/modules/tokenized-deposit/feature/src/lib/tokenized-deposit-edit/rigsec-wallet-modal.tsx:23:23)
    at Object.react_stack_bottom_frame (webpack-internal:///(app-pages-browser)/../../node_modules/.pnpm/next@16.1.7_@babel+core@7.29.7_@playwright+test@1.60.0_react-dom@19.2.7_react@19.2.7/node_modules/next/dist/compiled/react-dom/cjs/react-dom-client.development.js:28039:20)
    at renderWithHooks (webpack-internal:///(app-pages-browser)/../../node_modules/.pnpm/next@16.1.7_@babel+core@7.29.7_@playwright+test@1.60.0_react-dom@19.2.7_react@19.2.7/node_modules/next/dist/compiled/react-dom/cjs/react-dom-client.development.js:7985:22)
    at updateFunctionComponent (webpack-internal:///(app-pages-browser)/../../node_modules/.pnpm/next@16.1.7_@babel+core@7.29.7_@playwright+test@1.60.0_react-dom@19.2.7_react@19.2.7/node_modules/next/dist/compiled/react-dom/cjs/react-dom-client.development.js:10502:19)
    at beginWork (webpack-internal:///(app-pages-browser)/../../node_modules/.pnpm/next@16.1.7_@babel+core@7.29.7_@playwright+test@1.60.0_react-dom@19.2.7_react@19.2.7/node_modules/next/dist/compiled/react-dom/cjs/react-dom-client.development.js:12137:18)
    at runWithFiberInDEV (webpack-internal:///(app-pages-browser)/../../node_modules/.pnpm/next@16.1.7_@babel+core@7.29.7_@playwright+test@1.60.0_react-dom@19.2.7_react@19.2.7/node_modules/next/dist/compiled/react-dom/cjs/react-dom-client.development.js:987:30)
    at performUnitOfWork (webpack-internal:///(app-pages-browser)/../../node_modules/.pnpm/next@16.1.7_@babel+core@7.29.7_@playwright+test@1.60.0_react-dom@19.2.7_react@19.2.7/node_modules/next/dist/compiled/react-dom/cjs/react-dom-client.development.js:18998:22)
    at workLoopSync (webpack-internal:///(app-pages-browser)/../../node_modules/.pnpm/next@16.1.7_@babel+core@7.29.7_@playwright+test@1.60.0_react-dom@19.2.7_react@19.2.7/node_modules/next/dist/compiled/react-dom/cjs/react-dom-client.development.js:18826:41)
    at renderRootSync (webpack-internal:///(app-pages-browser)/../../node_modules/.pnpm/next@16.1.7_@babel+core@7.29.7_@playwright+test@1.60.0_react-dom@19.2.7_react@19.2.7/node_modules/next/dist/compiled/react-dom/cjs/react-dom-client.development.js:18807:11)
    at performWorkOnRoot (webpack-internal:///(app-pages-browser)/../../node_modules/.pnpm/next@16.1.7_@babel+core@7.29.7_@playwright+test@1.60.0_react-dom@19.2.7_react@19.2.7/node_modules/next/dist/compiled/react-dom/cjs/react-dom-client.development.js:17836:11)
    at performSyncWorkOnRoot (webpack-internal:///(app-pages-browser)/../../node_modules/.pnpm/next@16.1.7_@babel+core@7.29.7_@playwright+test@1.60.0_react-dom@19.2.7_react@19.2.7/node_modules/next/dist/compiled/react-dom/cjs/react-dom-client.development.js:20400:7)
    at flushSyncWorkAcrossRoots_impl (webpack-internal:///(app-pages-browser)/../../node_modules/.pnpm/next@16.1.7_@babel+core@7.29.7_@playwright+test@1.60.0_react-dom@19.2.7_react@19.2.7/node_modules/next/dist/compiled/react-dom/cjs/react-dom-client.development.js:20242:21)
    at processRootScheduleInMicrotask (webpack-internal:///(app-pages-browser)/../../node_modules/.pnpm/next@16.1.7_@babel+core@7.29.7_@playwright+test@1.60.0_react-dom@19.2.7_react@19.2.7/node_modules/next/dist/compiled/react-dom/cjs/react-dom-client.development.js:20281:9)
    at eval (webpack-internal:///(app-pages-browser)/../../node_modules/.pnpm/next@16.1.7_@babel+core@7.29.7_@playwright+test@1.60.0_react-dom@19.2.7_react@19.2.7/node_modules/next/dist/compiled/react-dom/cjs/react-dom-client.development.js:20419:13) @ webpack-internal:///(app-pages-browser)/../../node_modules/.pnpm/next@16.1.7_@babel+core@7.29.7_@playwright+test@1.60.0_react-dom@19.2.7_react@19.2.7/node_modules/next/dist/next-devtools/userspace/app/errors/intercept-console-error.js:51
[    2799ms] [ERROR] IntlError: MISSING_MESSAGE: Could not resolve `modules.tokenized-deposit.tokenized_deposit_0112` in messages for locale `en-US`.
    at getFallbackFromErrorAndNotify (webpack-internal:///(app-pages-browser)/../../node_modules/.pnpm/use-intl@4.13.0_react@19.2.7/node_modules/use-intl/dist/esm/development/initializeConfig-CUsOI8u2.js:108:19)
    at translateBaseFn (webpack-internal:///(app-pages-browser)/../../node_modules/.pnpm/use-intl@4.13.0_react@19.2.7/node_modules/use-intl/dist/esm/development/initializeConfig-CUsOI8u2.js:141:18)
    at translateFn (webpack-internal:///(app-pages-browser)/../../node_modules/.pnpm/use-intl@4.13.0_react@19.2.7/node_modules/use-intl/dist/esm/development/initializeConfig-CUsOI8u2.js:173:20)
    at RigsecWalletModal (webpack-internal:///(app-pages-browser)/../../libs/modules/tokenized-deposit/feature/src/lib/tokenized-deposit-edit/rigsec-wallet-modal.tsx:23:23)
    at Object.react_stack_bottom_frame (webpack-internal:///(app-pages-browser)/../../node_modules/.pnpm/next@16.1.7_@babel+core@7.29.7_@playwright+test@1.60.0_react-dom@19.2.7_react@19.2.7/node_modules/next/dist/compiled/react-dom/cjs/react-dom-client.development.js:28039:20)
    at renderWithHooksAgain (webpack-internal:///(app-pages-browser)/../../node_modules/.pnpm/next@16.1.7_@babel+core@7.29.7_@playwright+test@1.60.0_react-dom@19.2.7_react@19.2.7/node_modules/next/dist/compiled/react-dom/cjs/react-dom-client.development.js:8085:20)
    at renderWithHooks (webpack-internal:///(app-pages-browser)/../../node_modules/.pnpm/next@16.1.7_@babel+core@7.29.7_@playwright+test@1.60.0_react-dom@19.2.7_react@19.2.7/node_modules/next/dist/compiled/react-dom/cjs/react-dom-client.development.js:7997:22)
    at updateFunctionComponent (webpack-internal:///(app-pages-browser)/../../node_modules/.pnpm/next@16.1.7_@babel+core@7.29.7_@playwright+test@1.60.0_react-dom@19.2.7_react@19.2.7/node_modules/next/dist/compiled/react-dom/cjs/react-dom-client.development.js:10502:19)
    at beginWork (webpack-internal:///(app-pages-browser)/../../node_modules/.pnpm/next@16.1.7_@babel+core@7.29.7_@playwright+test@1.60.0_react-dom@19.2.7_react@19.2.7/node_modules/next/dist/compiled/react-dom/cjs/react-dom-client.development.js:12137:18)
    at runWithFiberInDEV (webpack-internal:///(app-pages-browser)/../../node_modules/.pnpm/next@16.1.7_@babel+core@7.29.7_@playwright+test@1.60.0_react-dom@19.2.7_react@19.2.7/node_modules/next/dist/compiled/react-dom/cjs/react-dom-client.development.js:987:30)
    at performUnitOfWork (webpack-internal:///(app-pages-browser)/../../node_modules/.pnpm/next@16.1.7_@babel+core@7.29.7_@playwright+test@1.60.0_react-dom@19.2.7_react@19.2.7/node_modules/next/dist/compiled/react-dom/cjs/react-dom-client.development.js:18998:22)
    at workLoopSync (webpack-internal:///(app-pages-browser)/../../node_modules/.pnpm/next@16.1.7_@babel+core@7.29.7_@playwright+test@1.60.0_react-dom@19.2.7_react@19.2.7/node_modules/next/dist/compiled/react-dom/cjs/react-dom-client.development.js:18826:41)
    at renderRootSync (webpack-internal:///(app-pages-browser)/../../node_modules/.pnpm/next@16.1.7_@babel+core@7.29.7_@playwright+test@1.60.0_react-dom@19.2.7_react@19.2.7/node_modules/next/dist/compiled/react-dom/cjs/react-dom-client.development.js:18807:11)
    at performWorkOnRoot (webpack-internal:///(app-pages-browser)/../../node_modules/.pnpm/next@16.1.7_@babel+core@7.29.7_@playwright+test@1.60.0_react-dom@19.2.7_react@19.2.7/node_modules/next/dist/compiled/react-dom/cjs/react-dom-client.development.js:17836:11)
    at performSyncWorkOnRoot (webpack-internal:///(app-pages-browser)/../../node_modules/.pnpm/next@16.1.7_@babel+core@7.29.7_@playwright+test@1.60.0_react-dom@19.2.7_react@19.2.7/node_modules/next/dist/compiled/react-dom/cjs/react-dom-client.development.js:20400:7)
    at flushSyncWorkAcrossRoots_impl (webpack-internal:///(app-pages-browser)/../../node_modules/.pnpm/next@16.1.7_@babel+core@7.29.7_@playwright+test@1.60.0_react-dom@19.2.7_react@19.2.7/node_modules/next/dist/compiled/react-dom/cjs/react-dom-client.development.js:20242:21)
    at processRootScheduleInMicrotask (webpack-internal:///(app-pages-browser)/../../node_modules/.pnpm/next@16.1.7_@babel+core@7.29.7_@playwright+test@1.60.0_react-dom@19.2.7_react@19.2.7/node_modules/next/dist/compiled/react-dom/cjs/react-dom-client.development.js:20281:9)
    at eval (webpack-internal:///(app-pages-browser)/../../node_modules/.pnpm/next@16.1.7_@babel+core@7.29.7_@playwright+test@1.60.0_react-dom@19.2.7_react@19.2.7/node_modules/next/dist/compiled/react-dom/cjs/react-dom-client.development.js:20419:13) @ webpack-internal:///(app-pages-browser)/../../node_modules/.pnpm/next@16.1.7_@babel+core@7.29.7_@playwright+test@1.60.0_react-dom@19.2.7_react@19.2.7/node_modules/next/dist/next-devtools/userspace/app/errors/intercept-console-error.js:51
[    2849ms] [VERBOSE] [DOM] Multiple forms should be contained in their own form elements; break up complex forms into ones that represent a single action: (More info: https://goo.gl/9p2vKq) %o @ http://localhost:3000/en-US/tokenized-deposit/edit:0
[   12399ms] [LOG] [Fast Refresh] rebuilding @ webpack-internal:///(app-pages-browser)/../../node_modules/.pnpm/next@16.1.7_@babel+core@7.29.7_@playwright+test@1.60.0_react-dom@19.2.7_react@19.2.7/node_modules/next/dist/next-devtools/shared/forward-logs-shared.js:27
[   13082ms] [WARNING] ../../libs/modules/user/data-access/src/index.ts
export 'ResultInfo' (reexported as 'ResultInfo') was not found in './lib/user.api' (possible exports: deleteUser, getRoleOptions, getTdOptions, getUserDetail, getUserList, resetUserPassword, saveUser, updateUser, updateUserStatus)

Import trace for requested module:
../../libs/modules/user/data-access/src/index.ts
../../libs/modules/user/feature/src/lib/user-list-page.tsx
../../libs/modules/user/feature/src/index.ts
../../libs/shared/util-config/src/lib/module-registry.ts @ webpack-internal:///(app-pages-browser)/../../node_modules/.pnpm/next@16.1.7_@babel+core@7.29.7_@playwright+test@1.60.0_react-dom@19.2.7_react@19.2.7/node_modules/next/dist/next-devtools/shared/forward-logs-shared.js:27
[   13097ms] [LOG] [Fast Refresh] done in 699ms @ webpack-internal:///(app-pages-browser)/../../node_modules/.pnpm/next@16.1.7_@babel+core@7.29.7_@playwright+test@1.60.0_react-dom@19.2.7_react@19.2.7/node_modules/next/dist/next-devtools/shared/forward-logs-shared.js:27
[   13275ms] [ERROR] IntlError: MISSING_MESSAGE: Could not resolve `modules.tokenized-deposit.tokenized_deposit_0112` in messages for locale `en-US`.
    at getFallbackFromErrorAndNotify (webpack-internal:///(app-pages-browser)/../../node_modules/.pnpm/use-intl@4.13.0_react@19.2.7/node_modules/use-intl/dist/esm/development/initializeConfig-CUsOI8u2.js:108:19)
    at translateBaseFn (webpack-internal:///(app-pages-browser)/../../node_modules/.pnpm/use-intl@4.13.0_react@19.2.7/node_modules/use-intl/dist/esm/development/initializeConfig-CUsOI8u2.js:141:18)
    at translateFn (webpack-internal:///(app-pages-browser)/../../node_modules/.pnpm/use-intl@4.13.0_react@19.2.7/node_modules/use-intl/dist/esm/development/initializeConfig-CUsOI8u2.js:173:20)
    at WalletFieldGroup (webpack-internal:///(app-pages-browser)/../../libs/modules/tokenized-deposit/feature/src/lib/tokenized-deposit-edit/wallet-field-group.tsx:20:32)
    at Object.react_stack_bottom_frame (webpack-internal:///(app-pages-browser)/../../node_modules/.pnpm/next@16.1.7_@babel+core@7.29.7_@playwright+test@1.60.0_react-dom@19.2.7_react@19.2.7/node_modules/next/dist/compiled/react-dom/cjs/react-dom-client.development.js:28039:20)
    at renderWithHooks (webpack-internal:///(app-pages-browser)/../../node_modules/.pnpm/next@16.1.7_@babel+core@7.29.7_@playwright+test@1.60.0_react-dom@19.2.7_react@19.2.7/node_modules/next/dist/compiled/react-dom/cjs/react-dom-client.development.js:7985:22)
    at updateFunctionComponent (webpack-internal:///(app-pages-browser)/../../node_modules/.pnpm/next@16.1.7_@babel+core@7.29.7_@playwright+test@1.60.0_react-dom@19.2.7_react@19.2.7/node_modules/next/dist/compiled/react-dom/cjs/react-dom-client.development.js:10502:19)
    at beginWork (webpack-internal:///(app-pages-browser)/../../node_modules/.pnpm/next@16.1.7_@babel+core@7.29.7_@playwright+test@1.60.0_react-dom@19.2.7_react@19.2.7/node_modules/next/dist/compiled/react-dom/cjs/react-dom-client.development.js:12137:18)
    at runWithFiberInDEV (webpack-internal:///(app-pages-browser)/../../node_modules/.pnpm/next@16.1.7_@babel+core@7.29.7_@playwright+test@1.60.0_react-dom@19.2.7_react@19.2.7/node_modules/next/dist/compiled/react-dom/cjs/react-dom-client.development.js:987:30)
    at performUnitOfWork (webpack-internal:///(app-pages-browser)/../../node_modules/.pnpm/next@16.1.7_@babel+core@7.29.7_@playwright+test@1.60.0_react-dom@19.2.7_react@19.2.7/node_modules/next/dist/compiled/react-dom/cjs/react-dom-client.development.js:18998:22)
    at workLoopConcurrentByScheduler (webpack-internal:///(app-pages-browser)/../../node_modules/.pnpm/next@16.1.7_@babel+core@7.29.7_@playwright+test@1.60.0_react-dom@19.2.7_react@19.2.7/node_modules/next/dist/compiled/react-dom/cjs/react-dom-client.development.js:18992:9)
    at renderRootConcurrent (webpack-internal:///(app-pages-browser)/../../node_modules/.pnpm/next@16.1.7_@babel+core@7.29.7_@playwright+test@1.60.0_react-dom@19.2.7_react@19.2.7/node_modules/next/dist/compiled/react-dom/cjs/react-dom-client.development.js:18974:15)
    at performWorkOnRoot (webpack-internal:///(app-pages-browser)/../../node_modules/.pnpm/next@16.1.7_@babel+core@7.29.7_@playwright+test@1.60.0_react-dom@19.2.7_react@19.2.7/node_modules/next/dist/compiled/react-dom/cjs/react-dom-client.development.js:17835:11)
    at performWorkOnRootViaSchedulerTask (webpack-internal:///(app-pages-browser)/../../node_modules/.pnpm/next@16.1.7_@babel+core@7.29.7_@playwright+test@1.60.0_react-dom@19.2.7_react@19.2.7/node_modules/next/dist/compiled/react-dom/cjs/react-dom-client.development.js:20385:7)
    at MessagePort.performWorkUntilDeadline (webpack-internal:///(app-pages-browser)/../../node_modules/.pnpm/next@16.1.7_@babel+core@7.29.7_@playwright+test@1.60.0_react-dom@19.2.7_react@19.2.7/node_modules/next/dist/compiled/scheduler/cjs/scheduler.development.js:45:48) @ webpack-internal:///(app-pages-browser)/../../node_modules/.pnpm/next@16.1.7_@babel+core@7.29.7_@playwright+test@1.60.0_react-dom@19.2.7_react@19.2.7/node_modules/next/dist/next-devtools/userspace/app/errors/intercept-console-error.js:51
[   13276ms] [ERROR] IntlError: MISSING_MESSAGE: Could not resolve `modules.tokenized-deposit.tokenized_deposit_0112` in messages for locale `en-US`.
    at getFallbackFromErrorAndNotify (webpack-internal:///(app-pages-browser)/../../node_modules/.pnpm/use-intl@4.13.0_react@19.2.7/node_modules/use-intl/dist/esm/development/initializeConfig-CUsOI8u2.js:108:19)
    at translateBaseFn (webpack-internal:///(app-pages-browser)/../../node_modules/.pnpm/use-intl@4.13.0_react@19.2.7/node_modules/use-intl/dist/esm/development/initializeConfig-CUsOI8u2.js:141:18)
    at translateFn (webpack-internal:///(app-pages-browser)/../../node_modules/.pnpm/use-intl@4.13.0_react@19.2.7/node_modules/use-intl/dist/esm/development/initializeConfig-CUsOI8u2.js:173:20)
    at WalletFieldGroup (webpack-internal:///(app-pages-browser)/../../libs/modules/tokenized-deposit/feature/src/lib/tokenized-deposit-edit/wallet-field-group.tsx:20:32)
    at Object.react_stack_bottom_frame (webpack-internal:///(app-pages-browser)/../../node_modules/.pnpm/next@16.1.7_@babel+core@7.29.7_@playwright+test@1.60.0_react-dom@19.2.7_react@19.2.7/node_modules/next/dist/compiled/react-dom/cjs/react-dom-client.development.js:28039:20)
    at renderWithHooksAgain (webpack-internal:///(app-pages-browser)/../../node_modules/.pnpm/next@16.1.7_@babel+core@7.29.7_@playwright+test@1.60.0_react-dom@19.2.7_react@19.2.7/node_modules/next/dist/compiled/react-dom/cjs/react-dom-client.development.js:8085:20)
    at renderWithHooks (webpack-internal:///(app-pages-browser)/../../node_modules/.pnpm/next@16.1.7_@babel+core@7.29.7_@playwright+test@1.60.0_react-dom@19.2.7_react@19.2.7/node_modules/next/dist/compiled/react-dom/cjs/react-dom-client.development.js:7997:22)
    at updateFunctionComponent (webpack-internal:///(app-pages-browser)/../../node_modules/.pnpm/next@16.1.7_@babel+core@7.29.7_@playwright+test@1.60.0_react-dom@19.2.7_react@19.2.7/node_modules/next/dist/compiled/react-dom/cjs/react-dom-client.development.js:10502:19)
    at beginWork (webpack-internal:///(app-pages-browser)/../../node_modules/.pnpm/next@16.1.7_@babel+core@7.29.7_@playwright+test@1.60.0_react-dom@19.2.7_react@19.2.7/node_modules/next/dist/compiled/react-dom/cjs/react-dom-client.development.js:12137:18)
    at runWithFiberInDEV (webpack-internal:///(app-pages-browser)/../../node_modules/.pnpm/next@16.1.7_@babel+core@7.29.7_@playwright+test@1.60.0_react-dom@19.2.7_react@19.2.7/node_modules/next/dist/compiled/react-dom/cjs/react-dom-client.development.js:987:30)
    at performUnitOfWork (webpack-internal:///(app-pages-browser)/../../node_modules/.pnpm/next@16.1.7_@babel+core@7.29.7_@playwright+test@1.60.0_react-dom@19.2.7_react@19.2.7/node_modules/next/dist/compiled/react-dom/cjs/react-dom-client.development.js:18998:22)
    at workLoopConcurrentByScheduler (webpack-internal:///(app-pages-browser)/../../node_modules/.pnpm/next@16.1.7_@babel+core@7.29.7_@playwright+test@1.60.0_react-dom@19.2.7_react@19.2.7/node_modules/next/dist/compiled/react-dom/cjs/react-dom-client.development.js:18992:9)
    at renderRootConcurrent (webpack-internal:///(app-pages-browser)/../../node_modules/.pnpm/next@16.1.7_@babel+core@7.29.7_@playwright+test@1.60.0_react-dom@19.2.7_react@19.2.7/node_modules/next/dist/compiled/react-dom/cjs/react-dom-client.development.js:18974:15)
    at performWorkOnRoot (webpack-internal:///(app-pages-browser)/../../node_modules/.pnpm/next@16.1.7_@babel+core@7.29.7_@playwright+test@1.60.0_react-dom@19.2.7_react@19.2.7/node_modules/next/dist/compiled/react-dom/cjs/react-dom-client.development.js:17835:11)
    at performWorkOnRootViaSchedulerTask (webpack-internal:///(app-pages-browser)/../../node_modules/.pnpm/next@16.1.7_@babel+core@7.29.7_@playwright+test@1.60.0_react-dom@19.2.7_react@19.2.7/node_modules/next/dist/compiled/react-dom/cjs/react-dom-client.development.js:20385:7)
    at MessagePort.performWorkUntilDeadline (webpack-internal:///(app-pages-browser)/../../node_modules/.pnpm/next@16.1.7_@babel+core@7.29.7_@playwright+test@1.60.0_react-dom@19.2.7_react@19.2.7/node_modules/next/dist/compiled/scheduler/cjs/scheduler.development.js:45:48) @ webpack-internal:///(app-pages-browser)/../../node_modules/.pnpm/next@16.1.7_@babel+core@7.29.7_@playwright+test@1.60.0_react-dom@19.2.7_react@19.2.7/node_modules/next/dist/next-devtools/userspace/app/errors/intercept-console-error.js:51
[   13278ms] [ERROR] IntlError: MISSING_MESSAGE: Could not resolve `modules.tokenized-deposit.tokenized_deposit_0113` in messages for locale `en-US`.
    at getFallbackFromErrorAndNotify (webpack-internal:///(app-pages-browser)/../../node_modules/.pnpm/use-intl@4.13.0_react@19.2.7/node_modules/use-intl/dist/esm/development/initializeConfig-CUsOI8u2.js:108:19)
    at translateBaseFn (webpack-internal:///(app-pages-browser)/../../node_modules/.pnpm/use-intl@4.13.0_react@19.2.7/node_modules/use-intl/dist/esm/development/initializeConfig-CUsOI8u2.js:141:18)
    at translateFn (webpack-internal:///(app-pages-browser)/../../node_modules/.pnpm/use-intl@4.13.0_react@19.2.7/node_modules/use-intl/dist/esm/development/initializeConfig-CUsOI8u2.js:173:20)
    at WalletFieldGroup (webpack-internal:///(app-pages-browser)/../../libs/modules/tokenized-deposit/feature/src/lib/tokenized-deposit-edit/wallet-field-group.tsx:20:32)
    at Object.react_stack_bottom_frame (webpack-internal:///(app-pages-browser)/../../node_modules/.pnpm/next@16.1.7_@babel+core@7.29.7_@playwright+test@1.60.0_react-dom@19.2.7_react@19.2.7/node_modules/next/dist/compiled/react-dom/cjs/react-dom-client.development.js:28039:20)
    at renderWithHooks (webpack-internal:///(app-pages-browser)/../../node_modules/.pnpm/next@16.1.7_@babel+core@7.29.7_@playwright+test@1.60.0_react-dom@19.2.7_react@19.2.7/node_modules/next/dist/compiled/react-dom/cjs/react-dom-client.development.js:7985:22)
    at updateFunctionComponent (webpack-internal:///(app-pages-browser)/../../node_modules/.pnpm/next@16.1.7_@babel+core@7.29.7_@playwright+test@1.60.0_react-dom@19.2.7_react@19.2.7/node_modules/next/dist/compiled/react-dom/cjs/react-dom-client.development.js:10502:19)
    at beginWork (webpack-internal:///(app-pages-browser)/../../node_modules/.pnpm/next@16.1.7_@babel+core@7.29.7_@playwright+test@1.60.0_react-dom@19.2.7_react@19.2.7/node_modules/next/dist/compiled/react-dom/cjs/react-dom-client.development.js:12137:18)
    at runWithFiberInDEV (webpack-internal:///(app-pages-browser)/../../node_modules/.pnpm/next@16.1.7_@babel+core@7.29.7_@playwright+test@1.60.0_react-dom@19.2.7_react@19.2.7/node_modules/next/dist/compiled/react-dom/cjs/react-dom-client.development.js:987:30)
    at performUnitOfWork (webpack-internal:///(app-pages-browser)/../../node_modules/.pnpm/next@16.1.7_@babel+core@7.29.7_@playwright+test@1.60.0_react-dom@19.2.7_react@19.2.7/node_modules/next/dist/compiled/react-dom/cjs/react-dom-client.development.js:18998:22)
    at workLoopConcurrentByScheduler (webpack-internal:///(app-pages-browser)/../../node_modules/.pnpm/next@16.1.7_@babel+core@7.29.7_@playwright+test@1.60.0_react-dom@19.2.7_react@19.2.7/node_modules/next/dist/compiled/react-dom/cjs/react-dom-client.development.js:18992:9)
    at renderRootConcurrent (webpack-internal:///(app-pages-browser)/../../node_modules/.pnpm/next@16.1.7_@babel+core@7.29.7_@playwright+test@1.60.0_react-dom@19.2.7_react@19.2.7/node_modules/next/dist/compiled/react-dom/cjs/react-dom-client.development.js:18974:15)
    at performWorkOnRoot (webpack-internal:///(app-pages-browser)/../../node_modules/.pnpm/next@16.1.7_@babel+core@7.29.7_@playwright+test@1.60.0_react-dom@19.2.7_react@19.2.7/node_modules/next/dist/compiled/react-dom/cjs/react-dom-client.development.js:17835:11)
    at performWorkOnRootViaSchedulerTask (webpack-internal:///(app-pages-browser)/../../node_modules/.pnpm/next@16.1.7_@babel+core@7.29.7_@playwright+test@1.60.0_react-dom@19.2.7_react@19.2.7/node_modules/next/dist/compiled/react-dom/cjs/react-dom-client.development.js:20385:7)
    at MessagePort.performWorkUntilDeadline (webpack-internal:///(app-pages-browser)/../../node_modules/.pnpm/next@16.1.7_@babel+core@7.29.7_@playwright+test@1.60.0_react-dom@19.2.7_react@19.2.7/node_modules/next/dist/compiled/scheduler/cjs/scheduler.development.js:45:48) @ webpack-internal:///(app-pages-browser)/../../node_modules/.pnpm/next@16.1.7_@babel+core@7.29.7_@playwright+test@1.60.0_react-dom@19.2.7_react@19.2.7/node_modules/next/dist/next-devtools/userspace/app/errors/intercept-console-error.js:51
[   13279ms] [ERROR] IntlError: MISSING_MESSAGE: Could not resolve `modules.tokenized-deposit.tokenized_deposit_0113` in messages for locale `en-US`.
    at getFallbackFromErrorAndNotify (webpack-internal:///(app-pages-browser)/../../node_modules/.pnpm/use-intl@4.13.0_react@19.2.7/node_modules/use-intl/dist/esm/development/initializeConfig-CUsOI8u2.js:108:19)
    at translateBaseFn (webpack-internal:///(app-pages-browser)/../../node_modules/.pnpm/use-intl@4.13.0_react@19.2.7/node_modules/use-intl/dist/esm/development/initializeConfig-CUsOI8u2.js:141:18)
    at translateFn (webpack-internal:///(app-pages-browser)/../../node_modules/.pnpm/use-intl@4.13.0_react@19.2.7/node_modules/use-intl/dist/esm/development/initializeConfig-CUsOI8u2.js:173:20)
    at WalletFieldGroup (webpack-internal:///(app-pages-browser)/../../libs/modules/tokenized-deposit/feature/src/lib/tokenized-deposit-edit/wallet-field-group.tsx:20:32)
    at Object.react_stack_bottom_frame (webpack-internal:///(app-pages-browser)/../../node_modules/.pnpm/next@16.1.7_@babel+core@7.29.7_@playwright+test@1.60.0_react-dom@19.2.7_react@19.2.7/node_modules/next/dist/compiled/react-dom/cjs/react-dom-client.development.js:28039:20)
    at renderWithHooksAgain (webpack-internal:///(app-pages-browser)/../../node_modules/.pnpm/next@16.1.7_@babel+core@7.29.7_@playwright+test@1.60.0_react-dom@19.2.7_react@19.2.7/node_modules/next/dist/compiled/react-dom/cjs/react-dom-client.development.js:8085:20)
    at renderWithHooks (webpack-internal:///(app-pages-browser)/../../node_modules/.pnpm/next@16.1.7_@babel+core@7.29.7_@playwright+test@1.60.0_react-dom@19.2.7_react@19.2.7/node_modules/next/dist/compiled/react-dom/cjs/react-dom-client.development.js:7997:22)
    at updateFunctionComponent (webpack-internal:///(app-pages-browser)/../../node_modules/.pnpm/next@16.1.7_@babel+core@7.29.7_@playwright+test@1.60.0_react-dom@19.2.7_react@19.2.7/node_modules/next/dist/compiled/react-dom/cjs/react-dom-client.development.js:10502:19)
    at beginWork (webpack-internal:///(app-pages-browser)/../../node_modules/.pnpm/next@16.1.7_@babel+core@7.29.7_@playwright+test@1.60.0_react-dom@19.2.7_react@19.2.7/node_modules/next/dist/compiled/react-dom/cjs/react-dom-client.development.js:12137:18)
    at runWithFiberInDEV (webpack-internal:///(app-pages-browser)/../../node_modules/.pnpm/next@16.1.7_@babel+core@7.29.7_@playwright+test@1.60.0_react-dom@19.2.7_react@19.2.7/node_modules/next/dist/compiled/react-dom/cjs/react-dom-client.development.js:987:30)
    at performUnitOfWork (webpack-internal:///(app-pages-browser)/../../node_modules/.pnpm/next@16.1.7_@babel+core@7.29.7_@playwright+test@1.60.0_react-dom@19.2.7_react@19.2.7/node_modules/next/dist/compiled/react-dom/cjs/react-dom-client.development.js:18998:22)
    at workLoopConcurrentByScheduler (webpack-internal:///(app-pages-browser)/../../node_modules/.pnpm/next@16.1.7_@babel+core@7.29.7_@playwright+test@1.60.0_react-dom@19.2.7_react@19.2.7/node_modules/next/dist/compiled/react-dom/cjs/react-dom-client.development.js:18992:9)
    at renderRootConcurrent (webpack-internal:///(app-pages-browser)/../../node_modules/.pnpm/next@16.1.7_@babel+core@7.29.7_@playwright+test@1.60.0_react-dom@19.2.7_react@19.2.7/node_modules/next/dist/compiled/react-dom/cjs/react-dom-client.development.js:18974:15)
    at performWorkOnRoot (webpack-internal:///(app-pages-browser)/../../node_modules/.pnpm/next@16.1.7_@babel+core@7.29.7_@playwright+test@1.60.0_react-dom@19.2.7_react@19.2.7/node_modules/next/dist/compiled/react-dom/cjs/react-dom-client.development.js:17835:11)
    at performWorkOnRootViaSchedulerTask (webpack-internal:///(app-pages-browser)/../../node_modules/.pnpm/next@16.1.7_@babel+core@7.29.7_@playwright+test@1.60.0_react-dom@19.2.7_react@19.2.7/node_modules/next/dist/compiled/react-dom/cjs/react-dom-client.development.js:20385:7)
    at MessagePort.performWorkUntilDeadline (webpack-internal:///(app-pages-browser)/../../node_modules/.pnpm/next@16.1.7_@babel+core@7.29.7_@playwright+test@1.60.0_react-dom@19.2.7_react@19.2.7/node_modules/next/dist/compiled/scheduler/cjs/scheduler.development.js:45:48) @ webpack-internal:///(app-pages-browser)/../../node_modules/.pnpm/next@16.1.7_@babel+core@7.29.7_@playwright+test@1.60.0_react-dom@19.2.7_react@19.2.7/node_modules/next/dist/next-devtools/userspace/app/errors/intercept-console-error.js:51
[   13280ms] [ERROR] IntlError: MISSING_MESSAGE: Could not resolve `modules.tokenized-deposit.tokenized_deposit_0114` in messages for locale `en-US`.
    at getFallbackFromErrorAndNotify (webpack-internal:///(app-pages-browser)/../../node_modules/.pnpm/use-intl@4.13.0_react@19.2.7/node_modules/use-intl/dist/esm/development/initializeConfig-CUsOI8u2.js:108:19)
    at translateBaseFn (webpack-internal:///(app-pages-browser)/../../node_modules/.pnpm/use-intl@4.13.0_react@19.2.7/node_modules/use-intl/dist/esm/development/initializeConfig-CUsOI8u2.js:141:18)
    at translateFn (webpack-internal:///(app-pages-browser)/../../node_modules/.pnpm/use-intl@4.13.0_react@19.2.7/node_modules/use-intl/dist/esm/development/initializeConfig-CUsOI8u2.js:173:20)
    at WalletFieldGroup (webpack-internal:///(app-pages-browser)/../../libs/modules/tokenized-deposit/feature/src/lib/tokenized-deposit-edit/wallet-field-group.tsx:20:32)
    at Object.react_stack_bottom_frame (webpack-internal:///(app-pages-browser)/../../node_modules/.pnpm/next@16.1.7_@babel+core@7.29.7_@playwright+test@1.60.0_react-dom@19.2.7_react@19.2.7/node_modules/next/dist/compiled/react-dom/cjs/react-dom-client.development.js:28039:20)
    at renderWithHooks (webpack-internal:///(app-pages-browser)/../../node_modules/.pnpm/next@16.1.7_@babel+core@7.29.7_@playwright+test@1.60.0_react-dom@19.2.7_react@19.2.7/node_modules/next/dist/compiled/react-dom/cjs/react-dom-client.development.js:7985:22)
    at updateFunctionComponent (webpack-internal:///(app-pages-browser)/../../node_modules/.pnpm/next@16.1.7_@babel+core@7.29.7_@playwright+test@1.60.0_react-dom@19.2.7_react@19.2.7/node_modules/next/dist/compiled/react-dom/cjs/react-dom-client.development.js:10502:19)
    at beginWork (webpack-internal:///(app-pages-browser)/../../node_modules/.pnpm/next@16.1.7_@babel+core@7.29.7_@playwright+test@1.60.0_react-dom@19.2.7_react@19.2.7/node_modules/next/dist/compiled/react-dom/cjs/react-dom-client.development.js:12137:18)
    at runWithFiberInDEV (webpack-internal:///(app-pages-browser)/../../node_modules/.pnpm/next@16.1.7_@babel+core@7.29.7_@playwright+test@1.60.0_react-dom@19.2.7_react@19.2.7/node_modules/next/dist/compiled/react-dom/cjs/react-dom-client.development.js:987:30)
    at performUnitOfWork (webpack-internal:///(app-pages-browser)/../../node_modules/.pnpm/next@16.1.7_@babel+core@7.29.7_@playwright+test@1.60.0_react-dom@19.2.7_react@19.2.7/node_modules/next/dist/compiled/react-dom/cjs/react-dom-client.development.js:18998:22)
    at workLoopConcurrentByScheduler (webpack-internal:///(app-pages-browser)/../../node_modules/.pnpm/next@16.1.7_@babel+core@7.29.7_@playwright+test@1.60.0_react-dom@19.2.7_react@19.2.7/node_modules/next/dist/compiled/react-dom/cjs/react-dom-client.development.js:18992:9)
    at renderRootConcurrent (webpack-internal:///(app-pages-browser)/../../node_modules/.pnpm/next@16.1.7_@babel+core@7.29.7_@playwright+test@1.60.0_react-dom@19.2.7_react@19.2.7/node_modules/next/dist/compiled/react-dom/cjs/react-dom-client.development.js:18974:15)
    at performWorkOnRoot (webpack-internal:///(app-pages-browser)/../../node_modules/.pnpm/next@16.1.7_@babel+core@7.29.7_@playwright+test@1.60.0_react-dom@19.2.7_react@19.2.7/node_modules/next/dist/compiled/react-dom/cjs/react-dom-client.development.js:17835:11)
    at performWorkOnRootViaSchedulerTask (webpack-internal:///(app-pages-browser)/../../node_modules/.pnpm/next@16.1.7_@babel+core@7.29.7_@playwright+test@1.60.0_react-dom@19.2.7_react@19.2.7/node_modules/next/dist/compiled/react-dom/cjs/react-dom-client.development.js:20385:7)
    at MessagePort.performWorkUntilDeadline (webpack-internal:///(app-pages-browser)/../../node_modules/.pnpm/next@16.1.7_@babel+core@7.29.7_@playwright+test@1.60.0_react-dom@19.2.7_react@19.2.7/node_modules/next/dist/compiled/scheduler/cjs/scheduler.development.js:45:48) @ webpack-internal:///(app-pages-browser)/../../node_modules/.pnpm/next@16.1.7_@babel+core@7.29.7_@playwright+test@1.60.0_react-dom@19.2.7_react@19.2.7/node_modules/next/dist/next-devtools/userspace/app/errors/intercept-console-error.js:51
[   13281ms] [ERROR] IntlError: MISSING_MESSAGE: Could not resolve `modules.tokenized-deposit.tokenized_deposit_0114` in messages for locale `en-US`.
    at getFallbackFromErrorAndNotify (webpack-internal:///(app-pages-browser)/../../node_modules/.pnpm/use-intl@4.13.0_react@19.2.7/node_modules/use-intl/dist/esm/development/initializeConfig-CUsOI8u2.js:108:19)
    at translateBaseFn (webpack-internal:///(app-pages-browser)/../../node_modules/.pnpm/use-intl@4.13.0_react@19.2.7/node_modules/use-intl/dist/esm/development/initializeConfig-CUsOI8u2.js:141:18)
    at translateFn (webpack-internal:///(app-pages-browser)/../../node_modules/.pnpm/use-intl@4.13.0_react@19.2.7/node_modules/use-intl/dist/esm/development/initializeConfig-CUsOI8u2.js:173:20)
    at WalletFieldGroup (webpack-internal:///(app-pages-browser)/../../libs/modules/tokenized-deposit/feature/src/lib/tokenized-deposit-edit/wallet-field-group.tsx:20:32)
    at Object.react_stack_bottom_frame (webpack-internal:///(app-pages-browser)/../../node_modules/.pnpm/next@16.1.7_@babel+core@7.29.7_@playwright+test@1.60.0_react-dom@19.2.7_react@19.2.7/node_modules/next/dist/compiled/react-dom/cjs/react-dom-client.development.js:28039:20)
    at renderWithHooksAgain (webpack-internal:///(app-pages-browser)/../../node_modules/.pnpm/next@16.1.7_@babel+core@7.29.7_@playwright+test@1.60.0_react-dom@19.2.7_react@19.2.7/node_modules/next/dist/compiled/react-dom/cjs/react-dom-client.development.js:8085:20)
    at renderWithHooks (webpack-internal:///(app-pages-browser)/../../node_modules/.pnpm/next@16.1.7_@babel+core@7.29.7_@playwright+test@1.60.0_react-dom@19.2.7_react@19.2.7/node_modules/next/dist/compiled/react-dom/cjs/react-dom-client.development.js:7997:22)
    at updateFunctionComponent (webpack-internal:///(app-pages-browser)/../../node_modules/.pnpm/next@16.1.7_@babel+core@7.29.7_@playwright+test@1.60.0_react-dom@19.2.7_react@19.2.7/node_modules/next/dist/compiled/react-dom/cjs/react-dom-client.development.js:10502:19)
    at beginWork (webpack-internal:///(app-pages-browser)/../../node_modules/.pnpm/next@16.1.7_@babel+core@7.29.7_@playwright+test@1.60.0_react-dom@19.2.7_react@19.2.7/node_modules/next/dist/compiled/react-dom/cjs/react-dom-client.development.js:12137:18)
    at runWithFiberInDEV (webpack-internal:///(app-pages-browser)/../../node_modules/.pnpm/next@16.1.7_@babel+core@7.29.7_@playwright+test@1.60.0_react-dom@19.2.7_react@19.2.7/node_modules/next/dist/compiled/react-dom/cjs/react-dom-client.development.js:987:30)
    at performUnitOfWork (webpack-internal:///(app-pages-browser)/../../node_modules/.pnpm/next@16.1.7_@babel+core@7.29.7_@playwright+test@1.60.0_react-dom@19.2.7_react@19.2.7/node_modules/next/dist/compiled/react-dom/cjs/react-dom-client.development.js:18998:22)
    at workLoopConcurrentByScheduler (webpack-internal:///(app-pages-browser)/../../node_modules/.pnpm/next@16.1.7_@babel+core@7.29.7_@playwright+test@1.60.0_react-dom@19.2.7_react@19.2.7/node_modules/next/dist/compiled/react-dom/cjs/react-dom-client.development.js:18992:9)
    at renderRootConcurrent (webpack-internal:///(app-pages-browser)/../../node_modules/.pnpm/next@16.1.7_@babel+core@7.29.7_@playwright+test@1.60.0_react-dom@19.2.7_react@19.2.7/node_modules/next/dist/compiled/react-dom/cjs/react-dom-client.development.js:18974:15)
    at performWorkOnRoot (webpack-internal:///(app-pages-browser)/../../node_modules/.pnpm/next@16.1.7_@babel+core@7.29.7_@playwright+test@1.60.0_react-dom@19.2.7_react@19.2.7/node_modules/next/dist/compiled/react-dom/cjs/react-dom-client.development.js:17835:11)
    at performWorkOnRootViaSchedulerTask (webpack-internal:///(app-pages-browser)/../../node_modules/.pnpm/next@16.1.7_@babel+core@7.29.7_@playwright+test@1.60.0_react-dom@19.2.7_react@19.2.7/node_modules/next/dist/compiled/react-dom/cjs/react-dom-client.development.js:20385:7)
    at MessagePort.performWorkUntilDeadline (webpack-internal:///(app-pages-browser)/../../node_modules/.pnpm/next@16.1.7_@babel+core@7.29.7_@playwright+test@1.60.0_react-dom@19.2.7_react@19.2.7/node_modules/next/dist/compiled/scheduler/cjs/scheduler.development.js:45:48) @ webpack-internal:///(app-pages-browser)/../../node_modules/.pnpm/next@16.1.7_@babel+core@7.29.7_@playwright+test@1.60.0_react-dom@19.2.7_react@19.2.7/node_modules/next/dist/next-devtools/userspace/app/errors/intercept-console-error.js:51
[   13288ms] [ERROR] IntlError: MISSING_MESSAGE: Could not resolve `modules.tokenized-deposit.tokenized_deposit_0112` in messages for locale `en-US`.
    at getFallbackFromErrorAndNotify (webpack-internal:///(app-pages-browser)/../../node_modules/.pnpm/use-intl@4.13.0_react@19.2.7/node_modules/use-intl/dist/esm/development/initializeConfig-CUsOI8u2.js:108:19)
    at translateBaseFn (webpack-internal:///(app-pages-browser)/../../node_modules/.pnpm/use-intl@4.13.0_react@19.2.7/node_modules/use-intl/dist/esm/development/initializeConfig-CUsOI8u2.js:141:18)
    at translateFn (webpack-internal:///(app-pages-browser)/../../node_modules/.pnpm/use-intl@4.13.0_react@19.2.7/node_modules/use-intl/dist/esm/development/initializeConfig-CUsOI8u2.js:173:20)
    at RigsecWalletModal (webpack-internal:///(app-pages-browser)/../../libs/modules/tokenized-deposit/feature/src/lib/tokenized-deposit-edit/rigsec-wallet-modal.tsx:23:23)
    at Object.react_stack_bottom_frame (webpack-internal:///(app-pages-browser)/../../node_modules/.pnpm/next@16.1.7_@babel+core@7.29.7_@playwright+test@1.60.0_react-dom@19.2.7_react@19.2.7/node_modules/next/dist/compiled/react-dom/cjs/react-dom-client.development.js:28039:20)
    at renderWithHooks (webpack-internal:///(app-pages-browser)/../../node_modules/.pnpm/next@16.1.7_@babel+core@7.29.7_@playwright+test@1.60.0_react-dom@19.2.7_react@19.2.7/node_modules/next/dist/compiled/react-dom/cjs/react-dom-client.development.js:7985:22)
    at updateFunctionComponent (webpack-internal:///(app-pages-browser)/../../node_modules/.pnpm/next@16.1.7_@babel+core@7.29.7_@playwright+test@1.60.0_react-dom@19.2.7_react@19.2.7/node_modules/next/dist/compiled/react-dom/cjs/react-dom-client.development.js:10502:19)
    at beginWork (webpack-internal:///(app-pages-browser)/../../node_modules/.pnpm/next@16.1.7_@babel+core@7.29.7_@playwright+test@1.60.0_react-dom@19.2.7_react@19.2.7/node_modules/next/dist/compiled/react-dom/cjs/react-dom-client.development.js:12137:18)
    at runWithFiberInDEV (webpack-internal:///(app-pages-browser)/../../node_modules/.pnpm/next@16.1.7_@babel+core@7.29.7_@playwright+test@1.60.0_react-dom@19.2.7_react@19.2.7/node_modules/next/dist/compiled/react-dom/cjs/react-dom-client.development.js:987:30)
    at performUnitOfWork (webpack-internal:///(app-pages-browser)/../../node_modules/.pnpm/next@16.1.7_@babel+core@7.29.7_@playwright+test@1.60.0_react-dom@19.2.7_react@19.2.7/node_modules/next/dist/compiled/react-dom/cjs/react-dom-client.development.js:18998:22)
    at workLoopConcurrentByScheduler (webpack-internal:///(app-pages-browser)/../../node_modules/.pnpm/next@16.1.7_@babel+core@7.29.7_@playwright+test@1.60.0_react-dom@19.2.7_react@19.2.7/node_modules/next/dist/compiled/react-dom/cjs/react-dom-client.development.js:18992:9)
    at renderRootConcurrent (webpack-internal:///(app-pages-browser)/../../node_modules/.pnpm/next@16.1.7_@babel+core@7.29.7_@playwright+test@1.60.0_react-dom@19.2.7_react@19.2.7/node_modules/next/dist/compiled/react-dom/cjs/react-dom-client.development.js:18974:15)
    at performWorkOnRoot (webpack-internal:///(app-pages-browser)/../../node_modules/.pnpm/next@16.1.7_@babel+core@7.29.7_@playwright+test@1.60.0_react-dom@19.2.7_react@19.2.7/node_modules/next/dist/compiled/react-dom/cjs/react-dom-client.development.js:17835:11)
    at performWorkOnRootViaSchedulerTask (webpack-internal:///(app-pages-browser)/../../node_modules/.pnpm/next@16.1.7_@babel+core@7.29.7_@playwright+test@1.60.0_react-dom@19.2.7_react@19.2.7/node_modules/next/dist/compiled/react-dom/cjs/react-dom-client.development.js:20385:7)
    at MessagePort.performWorkUntilDeadline (webpack-internal:///(app-pages-browser)/../../node_modules/.pnpm/next@16.1.7_@babel+core@7.29.7_@playwright+test@1.60.0_react-dom@19.2.7_react@19.2.7/node_modules/next/dist/compiled/scheduler/cjs/scheduler.development.js:45:48) @ webpack-internal:///(app-pages-browser)/../../node_modules/.pnpm/next@16.1.7_@babel+core@7.29.7_@playwright+test@1.60.0_react-dom@19.2.7_react@19.2.7/node_modules/next/dist/next-devtools/userspace/app/errors/intercept-console-error.js:51
[   13288ms] [ERROR] IntlError: MISSING_MESSAGE: Could not resolve `modules.tokenized-deposit.tokenized_deposit_0112` in messages for locale `en-US`.
    at getFallbackFromErrorAndNotify (webpack-internal:///(app-pages-browser)/../../node_modules/.pnpm/use-intl@4.13.0_react@19.2.7/node_modules/use-intl/dist/esm/development/initializeConfig-CUsOI8u2.js:108:19)
    at translateBaseFn (webpack-internal:///(app-pages-browser)/../../node_modules/.pnpm/use-intl@4.13.0_react@19.2.7/node_modules/use-intl/dist/esm/development/initializeConfig-CUsOI8u2.js:141:18)
    at translateFn (webpack-internal:///(app-pages-browser)/../../node_modules/.pnpm/use-intl@4.13.0_react@19.2.7/node_modules/use-intl/dist/esm/development/initializeConfig-CUsOI8u2.js:173:20)
    at RigsecWalletModal (webpack-internal:///(app-pages-browser)/../../libs/modules/tokenized-deposit/feature/src/lib/tokenized-deposit-edit/rigsec-wallet-modal.tsx:23:23)
    at Object.react_stack_bottom_frame (webpack-internal:///(app-pages-browser)/../../node_modules/.pnpm/next@16.1.7_@babel+core@7.29.7_@playwright+test@1.60.0_react-dom@19.2.7_react@19.2.7/node_modules/next/dist/compiled/react-dom/cjs/react-dom-client.development.js:28039:20)
    at renderWithHooksAgain (webpack-internal:///(app-pages-browser)/../../node_modules/.pnpm/next@16.1.7_@babel+core@7.29.7_@playwright+test@1.60.0_react-dom@19.2.7_react@19.2.7/node_modules/next/dist/compiled/react-dom/cjs/react-dom-client.development.js:8085:20)
    at renderWithHooks (webpack-internal:///(app-pages-browser)/../../node_modules/.pnpm/next@16.1.7_@babel+core@7.29.7_@playwright+test@1.60.0_react-dom@19.2.7_react@19.2.7/node_modules/next/dist/compiled/react-dom/cjs/react-dom-client.development.js:7997:22)
    at updateFunctionComponent (webpack-internal:///(app-pages-browser)/../../node_modules/.pnpm/next@16.1.7_@babel+core@7.29.7_@playwright+test@1.60.0_react-dom@19.2.7_react@19.2.7/node_modules/next/dist/compiled/react-dom/cjs/react-dom-client.development.js:10502:19)
    at beginWork (webpack-internal:///(app-pages-browser)/../../node_modules/.pnpm/next@16.1.7_@babel+core@7.29.7_@playwright+test@1.60.0_react-dom@19.2.7_react@19.2.7/node_modules/next/dist/compiled/react-dom/cjs/react-dom-client.development.js:12137:18)
    at runWithFiberInDEV (webpack-internal:///(app-pages-browser)/../../node_modules/.pnpm/next@16.1.7_@babel+core@7.29.7_@playwright+test@1.60.0_react-dom@19.2.7_react@19.2.7/node_modules/next/dist/compiled/react-dom/cjs/react-dom-client.development.js:987:30)
    at performUnitOfWork (webpack-internal:///(app-pages-browser)/../../node_modules/.pnpm/next@16.1.7_@babel+core@7.29.7_@playwright+test@1.60.0_react-dom@19.2.7_react@19.2.7/node_modules/next/dist/compiled/react-dom/cjs/react-dom-client.development.js:18998:22)
    at workLoopConcurrentByScheduler (webpack-internal:///(app-pages-browser)/../../node_modules/.pnpm/next@16.1.7_@babel+core@7.29.7_@playwright+test@1.60.0_react-dom@19.2.7_react@19.2.7/node_modules/next/dist/compiled/react-dom/cjs/react-dom-client.development.js:18992:9)
    at renderRootConcurrent (webpack-internal:///(app-pages-browser)/../../node_modules/.pnpm/next@16.1.7_@babel+core@7.29.7_@playwright+test@1.60.0_react-dom@19.2.7_react@19.2.7/node_modules/next/dist/compiled/react-dom/cjs/react-dom-client.development.js:18974:15)
    at performWorkOnRoot (webpack-internal:///(app-pages-browser)/../../node_modules/.pnpm/next@16.1.7_@babel+core@7.29.7_@playwright+test@1.60.0_react-dom@19.2.7_react@19.2.7/node_modules/next/dist/compiled/react-dom/cjs/react-dom-client.development.js:17835:11)
    at performWorkOnRootViaSchedulerTask (webpack-internal:///(app-pages-browser)/../../node_modules/.pnpm/next@16.1.7_@babel+core@7.29.7_@playwright+test@1.60.0_react-dom@19.2.7_react@19.2.7/node_modules/next/dist/compiled/react-dom/cjs/react-dom-client.development.js:20385:7)
    at MessagePort.performWorkUntilDeadline (webpack-internal:///(app-pages-browser)/../../node_modules/.pnpm/next@16.1.7_@babel+core@7.29.7_@playwright+test@1.60.0_react-dom@19.2.7_react@19.2.7/node_modules/next/dist/compiled/scheduler/cjs/scheduler.development.js:45:48) @ webpack-internal:///(app-pages-browser)/../../node_modules/.pnpm/next@16.1.7_@babel+core@7.29.7_@playwright+test@1.60.0_react-dom@19.2.7_react@19.2.7/node_modules/next/dist/next-devtools/userspace/app/errors/intercept-console-error.js:51
[   72724ms] [LOG] [Fast Refresh] rebuilding @ webpack-internal:///(app-pages-browser)/../../node_modules/.pnpm/next@16.1.7_@babel+core@7.29.7_@playwright+test@1.60.0_react-dom@19.2.7_react@19.2.7/node_modules/next/dist/next-devtools/shared/forward-logs-shared.js:27
[   74186ms] [WARNING] ../../libs/modules/user/data-access/src/index.ts
export 'ResultInfo' (reexported as 'ResultInfo') was not found in './lib/user.api' (possible exports: deleteUser, getRoleOptions, getTdOptions, getUserDetail, getUserList, resetUserPassword, saveUser, updateUser, updateUserStatus)

Import trace for requested module:
../../libs/modules/user/data-access/src/index.ts
../../libs/modules/user/feature/src/lib/user-list-page.tsx
../../libs/modules/user/feature/src/index.ts
../../libs/shared/util-config/src/lib/module-registry.ts @ webpack-internal:///(app-pages-browser)/../../node_modules/.pnpm/next@16.1.7_@babel+core@7.29.7_@playwright+test@1.60.0_react-dom@19.2.7_react@19.2.7/node_modules/next/dist/next-devtools/shared/forward-logs-shared.js:27
[   74206ms] [LOG] [Fast Refresh] done in 1482ms @ webpack-internal:///(app-pages-browser)/../../node_modules/.pnpm/next@16.1.7_@babel+core@7.29.7_@playwright+test@1.60.0_react-dom@19.2.7_react@19.2.7/node_modules/next/dist/next-devtools/shared/forward-logs-shared.js:27
[   74411ms] [ERROR] IntlError: MISSING_MESSAGE: Could not resolve `modules.tokenized-deposit.tokenized_deposit_0112` in messages for locale `en-US`.
    at getFallbackFromErrorAndNotify (webpack-internal:///(app-pages-browser)/../../node_modules/.pnpm/use-intl@4.13.0_react@19.2.7/node_modules/use-intl/dist/esm/development/initializeConfig-CUsOI8u2.js:108:19)
    at translateBaseFn (webpack-internal:///(app-pages-browser)/../../node_modules/.pnpm/use-intl@4.13.0_react@19.2.7/node_modules/use-intl/dist/esm/development/initializeConfig-CUsOI8u2.js:141:18)
    at translateFn (webpack-internal:///(app-pages-browser)/../../node_modules/.pnpm/use-intl@4.13.0_react@19.2.7/node_modules/use-intl/dist/esm/development/initializeConfig-CUsOI8u2.js:173:20)
    at WalletFieldGroup (webpack-internal:///(app-pages-browser)/../../libs/modules/tokenized-deposit/feature/src/lib/tokenized-deposit-edit/wallet-field-group.tsx:20:32)
    at Object.react_stack_bottom_frame (webpack-internal:///(app-pages-browser)/../../node_modules/.pnpm/next@16.1.7_@babel+core@7.29.7_@playwright+test@1.60.0_react-dom@19.2.7_react@19.2.7/node_modules/next/dist/compiled/react-dom/cjs/react-dom-client.development.js:28039:20)
    at renderWithHooks (webpack-internal:///(app-pages-browser)/../../node_modules/.pnpm/next@16.1.7_@babel+core@7.29.7_@playwright+test@1.60.0_react-dom@19.2.7_react@19.2.7/node_modules/next/dist/compiled/react-dom/cjs/react-dom-client.development.js:7985:22)
    at updateFunctionComponent (webpack-internal:///(app-pages-browser)/../../node_modules/.pnpm/next@16.1.7_@babel+core@7.29.7_@playwright+test@1.60.0_react-dom@19.2.7_react@19.2.7/node_modules/next/dist/compiled/react-dom/cjs/react-dom-client.development.js:10502:19)
    at beginWork (webpack-internal:///(app-pages-browser)/../../node_modules/.pnpm/next@16.1.7_@babel+core@7.29.7_@playwright+test@1.60.0_react-dom@19.2.7_react@19.2.7/node_modules/next/dist/compiled/react-dom/cjs/react-dom-client.development.js:12137:18)
    at runWithFiberInDEV (webpack-internal:///(app-pages-browser)/../../node_modules/.pnpm/next@16.1.7_@babel+core@7.29.7_@playwright+test@1.60.0_react-dom@19.2.7_react@19.2.7/node_modules/next/dist/compiled/react-dom/cjs/react-dom-client.development.js:987:30)
    at performUnitOfWork (webpack-internal:///(app-pages-browser)/../../node_modules/.pnpm/next@16.1.7_@babel+core@7.29.7_@playwright+test@1.60.0_react-dom@19.2.7_react@19.2.7/node_modules/next/dist/compiled/react-dom/cjs/react-dom-client.development.js:18998:22)
    at workLoopConcurrentByScheduler (webpack-internal:///(app-pages-browser)/../../node_modules/.pnpm/next@16.1.7_@babel+core@7.29.7_@playwright+test@1.60.0_react-dom@19.2.7_react@19.2.7/node_modules/next/dist/compiled/react-dom/cjs/react-dom-client.development.js:18992:9)
    at renderRootConcurrent (webpack-internal:///(app-pages-browser)/../../node_modules/.pnpm/next@16.1.7_@babel+core@7.29.7_@playwright+test@1.60.0_react-dom@19.2.7_react@19.2.7/node_modules/next/dist/compiled/react-dom/cjs/react-dom-client.development.js:18974:15)
    at performWorkOnRoot (webpack-internal:///(app-pages-browser)/../../node_modules/.pnpm/next@16.1.7_@babel+core@7.29.7_@playwright+test@1.60.0_react-dom@19.2.7_react@19.2.7/node_modules/next/dist/compiled/react-dom/cjs/react-dom-client.development.js:17835:11)
    at performWorkOnRootViaSchedulerTask (webpack-internal:///(app-pages-browser)/../../node_modules/.pnpm/next@16.1.7_@babel+core@7.29.7_@playwright+test@1.60.0_react-dom@19.2.7_react@19.2.7/node_modules/next/dist/compiled/react-dom/cjs/react-dom-client.development.js:20385:7)
    at MessagePort.performWorkUntilDeadline (webpack-internal:///(app-pages-browser)/../../node_modules/.pnpm/next@16.1.7_@babel+core@7.29.7_@playwright+test@1.60.0_react-dom@19.2.7_react@19.2.7/node_modules/next/dist/compiled/scheduler/cjs/scheduler.development.js:45:48) @ webpack-internal:///(app-pages-browser)/../../node_modules/.pnpm/next@16.1.7_@babel+core@7.29.7_@playwright+test@1.60.0_react-dom@19.2.7_react@19.2.7/node_modules/next/dist/next-devtools/userspace/app/errors/intercept-console-error.js:51
[   74412ms] [ERROR] IntlError: MISSING_MESSAGE: Could not resolve `modules.tokenized-deposit.tokenized_deposit_0112` in messages for locale `en-US`.
    at getFallbackFromErrorAndNotify (webpack-internal:///(app-pages-browser)/../../node_modules/.pnpm/use-intl@4.13.0_react@19.2.7/node_modules/use-intl/dist/esm/development/initializeConfig-CUsOI8u2.js:108:19)
    at translateBaseFn (webpack-internal:///(app-pages-browser)/../../node_modules/.pnpm/use-intl@4.13.0_react@19.2.7/node_modules/use-intl/dist/esm/development/initializeConfig-CUsOI8u2.js:141:18)
    at translateFn (webpack-internal:///(app-pages-browser)/../../node_modules/.pnpm/use-intl@4.13.0_react@19.2.7/node_modules/use-intl/dist/esm/development/initializeConfig-CUsOI8u2.js:173:20)
    at WalletFieldGroup (webpack-internal:///(app-pages-browser)/../../libs/modules/tokenized-deposit/feature/src/lib/tokenized-deposit-edit/wallet-field-group.tsx:20:32)
    at Object.react_stack_bottom_frame (webpack-internal:///(app-pages-browser)/../../node_modules/.pnpm/next@16.1.7_@babel+core@7.29.7_@playwright+test@1.60.0_react-dom@19.2.7_react@19.2.7/node_modules/next/dist/compiled/react-dom/cjs/react-dom-client.development.js:28039:20)
    at renderWithHooksAgain (webpack-internal:///(app-pages-browser)/../../node_modules/.pnpm/next@16.1.7_@babel+core@7.29.7_@playwright+test@1.60.0_react-dom@19.2.7_react@19.2.7/node_modules/next/dist/compiled/react-dom/cjs/react-dom-client.development.js:8085:20)
    at renderWithHooks (webpack-internal:///(app-pages-browser)/../../node_modules/.pnpm/next@16.1.7_@babel+core@7.29.7_@playwright+test@1.60.0_react-dom@19.2.7_react@19.2.7/node_modules/next/dist/compiled/react-dom/cjs/react-dom-client.development.js:7997:22)
    at updateFunctionComponent (webpack-internal:///(app-pages-browser)/../../node_modules/.pnpm/next@16.1.7_@babel+core@7.29.7_@playwright+test@1.60.0_react-dom@19.2.7_react@19.2.7/node_modules/next/dist/compiled/react-dom/cjs/react-dom-client.development.js:10502:19)
    at beginWork (webpack-internal:///(app-pages-browser)/../../node_modules/.pnpm/next@16.1.7_@babel+core@7.29.7_@playwright+test@1.60.0_react-dom@19.2.7_react@19.2.7/node_modules/next/dist/compiled/react-dom/cjs/react-dom-client.development.js:12137:18)
    at runWithFiberInDEV (webpack-internal:///(app-pages-browser)/../../node_modules/.pnpm/next@16.1.7_@babel+core@7.29.7_@playwright+test@1.60.0_react-dom@19.2.7_react@19.2.7/node_modules/next/dist/compiled/react-dom/cjs/react-dom-client.development.js:987:30)
    at performUnitOfWork (webpack-internal:///(app-pages-browser)/../../node_modules/.pnpm/next@16.1.7_@babel+core@7.29.7_@playwright+test@1.60.0_react-dom@19.2.7_react@19.2.7/node_modules/next/dist/compiled/react-dom/cjs/react-dom-client.development.js:18998:22)
    at workLoopConcurrentByScheduler (webpack-internal:///(app-pages-browser)/../../node_modules/.pnpm/next@16.1.7_@babel+core@7.29.7_@playwright+test@1.60.0_react-dom@19.2.7_react@19.2.7/node_modules/next/dist/compiled/react-dom/cjs/react-dom-client.development.js:18992:9)
    at renderRootConcurrent (webpack-internal:///(app-pages-browser)/../../node_modules/.pnpm/next@16.1.7_@babel+core@7.29.7_@playwright+test@1.60.0_react-dom@19.2.7_react@19.2.7/node_modules/next/dist/compiled/react-dom/cjs/react-dom-client.development.js:18974:15)
    at performWorkOnRoot (webpack-internal:///(app-pages-browser)/../../node_modules/.pnpm/next@16.1.7_@babel+core@7.29.7_@playwright+test@1.60.0_react-dom@19.2.7_react@19.2.7/node_modules/next/dist/compiled/react-dom/cjs/react-dom-client.development.js:17835:11)
    at performWorkOnRootViaSchedulerTask (webpack-internal:///(app-pages-browser)/../../node_modules/.pnpm/next@16.1.7_@babel+core@7.29.7_@playwright+test@1.60.0_react-dom@19.2.7_react@19.2.7/node_modules/next/dist/compiled/react-dom/cjs/react-dom-client.development.js:20385:7)
    at MessagePort.performWorkUntilDeadline (webpack-internal:///(app-pages-browser)/../../node_modules/.pnpm/next@16.1.7_@babel+core@7.29.7_@playwright+test@1.60.0_react-dom@19.2.7_react@19.2.7/node_modules/next/dist/compiled/scheduler/cjs/scheduler.development.js:45:48) @ webpack-internal:///(app-pages-browser)/../../node_modules/.pnpm/next@16.1.7_@babel+core@7.29.7_@playwright+test@1.60.0_react-dom@19.2.7_react@19.2.7/node_modules/next/dist/next-devtools/userspace/app/errors/intercept-console-error.js:51
[   74416ms] [ERROR] IntlError: MISSING_MESSAGE: Could not resolve `modules.tokenized-deposit.tokenized_deposit_0113` in messages for locale `en-US`.
    at getFallbackFromErrorAndNotify (webpack-internal:///(app-pages-browser)/../../node_modules/.pnpm/use-intl@4.13.0_react@19.2.7/node_modules/use-intl/dist/esm/development/initializeConfig-CUsOI8u2.js:108:19)
    at translateBaseFn (webpack-internal:///(app-pages-browser)/../../node_modules/.pnpm/use-intl@4.13.0_react@19.2.7/node_modules/use-intl/dist/esm/development/initializeConfig-CUsOI8u2.js:141:18)
    at translateFn (webpack-internal:///(app-pages-browser)/../../node_modules/.pnpm/use-intl@4.13.0_react@19.2.7/node_modules/use-intl/dist/esm/development/initializeConfig-CUsOI8u2.js:173:20)
    at WalletFieldGroup (webpack-internal:///(app-pages-browser)/../../libs/modules/tokenized-deposit/feature/src/lib/tokenized-deposit-edit/wallet-field-group.tsx:20:32)
    at Object.react_stack_bottom_frame (webpack-internal:///(app-pages-browser)/../../node_modules/.pnpm/next@16.1.7_@babel+core@7.29.7_@playwright+test@1.60.0_react-dom@19.2.7_react@19.2.7/node_modules/next/dist/compiled/react-dom/cjs/react-dom-client.development.js:28039:20)
    at renderWithHooks (webpack-internal:///(app-pages-browser)/../../node_modules/.pnpm/next@16.1.7_@babel+core@7.29.7_@playwright+test@1.60.0_react-dom@19.2.7_react@19.2.7/node_modules/next/dist/compiled/react-dom/cjs/react-dom-client.development.js:7985:22)
    at updateFunctionComponent (webpack-internal:///(app-pages-browser)/../../node_modules/.pnpm/next@16.1.7_@babel+core@7.29.7_@playwright+test@1.60.0_react-dom@19.2.7_react@19.2.7/node_modules/next/dist/compiled/react-dom/cjs/react-dom-client.development.js:10502:19)
    at beginWork (webpack-internal:///(app-pages-browser)/../../node_modules/.pnpm/next@16.1.7_@babel+core@7.29.7_@playwright+test@1.60.0_react-dom@19.2.7_react@19.2.7/node_modules/next/dist/compiled/react-dom/cjs/react-dom-client.development.js:12137:18)
    at runWithFiberInDEV (webpack-internal:///(app-pages-browser)/../../node_modules/.pnpm/next@16.1.7_@babel+core@7.29.7_@playwright+test@1.60.0_react-dom@19.2.7_react@19.2.7/node_modules/next/dist/compiled/react-dom/cjs/react-dom-client.development.js:987:30)
    at performUnitOfWork (webpack-internal:///(app-pages-browser)/../../node_modules/.pnpm/next@16.1.7_@babel+core@7.29.7_@playwright+test@1.60.0_react-dom@19.2.7_react@19.2.7/node_modules/next/dist/compiled/react-dom/cjs/react-dom-client.development.js:18998:22)
    at workLoopConcurrentByScheduler (webpack-internal:///(app-pages-browser)/../../node_modules/.pnpm/next@16.1.7_@babel+core@7.29.7_@playwright+test@1.60.0_react-dom@19.2.7_react@19.2.7/node_modules/next/dist/compiled/react-dom/cjs/react-dom-client.development.js:18992:9)
    at renderRootConcurrent (webpack-internal:///(app-pages-browser)/../../node_modules/.pnpm/next@16.1.7_@babel+core@7.29.7_@playwright+test@1.60.0_react-dom@19.2.7_react@19.2.7/node_modules/next/dist/compiled/react-dom/cjs/react-dom-client.development.js:18974:15)
    at performWorkOnRoot (webpack-internal:///(app-pages-browser)/../../node_modules/.pnpm/next@16.1.7_@babel+core@7.29.7_@playwright+test@1.60.0_react-dom@19.2.7_react@19.2.7/node_modules/next/dist/compiled/react-dom/cjs/react-dom-client.development.js:17835:11)
    at performWorkOnRootViaSchedulerTask (webpack-internal:///(app-pages-browser)/../../node_modules/.pnpm/next@16.1.7_@babel+core@7.29.7_@playwright+test@1.60.0_react-dom@19.2.7_react@19.2.7/node_modules/next/dist/compiled/react-dom/cjs/react-dom-client.development.js:20385:7)
    at MessagePort.performWorkUntilDeadline (webpack-internal:///(app-pages-browser)/../../node_modules/.pnpm/next@16.1.7_@babel+core@7.29.7_@playwright+test@1.60.0_react-dom@19.2.7_react@19.2.7/node_modules/next/dist/compiled/scheduler/cjs/scheduler.development.js:45:48) @ webpack-internal:///(app-pages-browser)/../../node_modules/.pnpm/next@16.1.7_@babel+core@7.29.7_@playwright+test@1.60.0_react-dom@19.2.7_react@19.2.7/node_modules/next/dist/next-devtools/userspace/app/errors/intercept-console-error.js:51
[   74416ms] [ERROR] IntlError: MISSING_MESSAGE: Could not resolve `modules.tokenized-deposit.tokenized_deposit_0113` in messages for locale `en-US`.
    at getFallbackFromErrorAndNotify (webpack-internal:///(app-pages-browser)/../../node_modules/.pnpm/use-intl@4.13.0_react@19.2.7/node_modules/use-intl/dist/esm/development/initializeConfig-CUsOI8u2.js:108:19)
    at translateBaseFn (webpack-internal:///(app-pages-browser)/../../node_modules/.pnpm/use-intl@4.13.0_react@19.2.7/node_modules/use-intl/dist/esm/development/initializeConfig-CUsOI8u2.js:141:18)
    at translateFn (webpack-internal:///(app-pages-browser)/../../node_modules/.pnpm/use-intl@4.13.0_react@19.2.7/node_modules/use-intl/dist/esm/development/initializeConfig-CUsOI8u2.js:173:20)
    at WalletFieldGroup (webpack-internal:///(app-pages-browser)/../../libs/modules/tokenized-deposit/feature/src/lib/tokenized-deposit-edit/wallet-field-group.tsx:20:32)
    at Object.react_stack_bottom_frame (webpack-internal:///(app-pages-browser)/../../node_modules/.pnpm/next@16.1.7_@babel+core@7.29.7_@playwright+test@1.60.0_react-dom@19.2.7_react@19.2.7/node_modules/next/dist/compiled/react-dom/cjs/react-dom-client.development.js:28039:20)
    at renderWithHooksAgain (webpack-internal:///(app-pages-browser)/../../node_modules/.pnpm/next@16.1.7_@babel+core@7.29.7_@playwright+test@1.60.0_react-dom@19.2.7_react@19.2.7/node_modules/next/dist/compiled/react-dom/cjs/react-dom-client.development.js:8085:20)
    at renderWithHooks (webpack-internal:///(app-pages-browser)/../../node_modules/.pnpm/next@16.1.7_@babel+core@7.29.7_@playwright+test@1.60.0_react-dom@19.2.7_react@19.2.7/node_modules/next/dist/compiled/react-dom/cjs/react-dom-client.development.js:7997:22)
    at updateFunctionComponent (webpack-internal:///(app-pages-browser)/../../node_modules/.pnpm/next@16.1.7_@babel+core@7.29.7_@playwright+test@1.60.0_react-dom@19.2.7_react@19.2.7/node_modules/next/dist/compiled/react-dom/cjs/react-dom-client.development.js:10502:19)
    at beginWork (webpack-internal:///(app-pages-browser)/../../node_modules/.pnpm/next@16.1.7_@babel+core@7.29.7_@playwright+test@1.60.0_react-dom@19.2.7_react@19.2.7/node_modules/next/dist/compiled/react-dom/cjs/react-dom-client.development.js:12137:18)
    at runWithFiberInDEV (webpack-internal:///(app-pages-browser)/../../node_modules/.pnpm/next@16.1.7_@babel+core@7.29.7_@playwright+test@1.60.0_react-dom@19.2.7_react@19.2.7/node_modules/next/dist/compiled/react-dom/cjs/react-dom-client.development.js:987:30)
    at performUnitOfWork (webpack-internal:///(app-pages-browser)/../../node_modules/.pnpm/next@16.1.7_@babel+core@7.29.7_@playwright+test@1.60.0_react-dom@19.2.7_react@19.2.7/node_modules/next/dist/compiled/react-dom/cjs/react-dom-client.development.js:18998:22)
    at workLoopConcurrentByScheduler (webpack-internal:///(app-pages-browser)/../../node_modules/.pnpm/next@16.1.7_@babel+core@7.29.7_@playwright+test@1.60.0_react-dom@19.2.7_react@19.2.7/node_modules/next/dist/compiled/react-dom/cjs/react-dom-client.development.js:18992:9)
    at renderRootConcurrent (webpack-internal:///(app-pages-browser)/../../node_modules/.pnpm/next@16.1.7_@babel+core@7.29.7_@playwright+test@1.60.0_react-dom@19.2.7_react@19.2.7/node_modules/next/dist/compiled/react-dom/cjs/react-dom-client.development.js:18974:15)
    at performWorkOnRoot (webpack-internal:///(app-pages-browser)/../../node_modules/.pnpm/next@16.1.7_@babel+core@7.29.7_@playwright+test@1.60.0_react-dom@19.2.7_react@19.2.7/node_modules/next/dist/compiled/react-dom/cjs/react-dom-client.development.js:17835:11)
    at performWorkOnRootViaSchedulerTask (webpack-internal:///(app-pages-browser)/../../node_modules/.pnpm/next@16.1.7_@babel+core@7.29.7_@playwright+test@1.60.0_react-dom@19.2.7_react@19.2.7/node_modules/next/dist/compiled/react-dom/cjs/react-dom-client.development.js:20385:7)
    at MessagePort.performWorkUntilDeadline (webpack-internal:///(app-pages-browser)/../../node_modules/.pnpm/next@16.1.7_@babel+core@7.29.7_@playwright+test@1.60.0_react-dom@19.2.7_react@19.2.7/node_modules/next/dist/compiled/scheduler/cjs/scheduler.development.js:45:48) @ webpack-internal:///(app-pages-browser)/../../node_modules/.pnpm/next@16.1.7_@babel+core@7.29.7_@playwright+test@1.60.0_react-dom@19.2.7_react@19.2.7/node_modules/next/dist/next-devtools/userspace/app/errors/intercept-console-error.js:51
[   74418ms] [ERROR] IntlError: MISSING_MESSAGE: Could not resolve `modules.tokenized-deposit.tokenized_deposit_0114` in messages for locale `en-US`.
    at getFallbackFromErrorAndNotify (webpack-internal:///(app-pages-browser)/../../node_modules/.pnpm/use-intl@4.13.0_react@19.2.7/node_modules/use-intl/dist/esm/development/initializeConfig-CUsOI8u2.js:108:19)
    at translateBaseFn (webpack-internal:///(app-pages-browser)/../../node_modules/.pnpm/use-intl@4.13.0_react@19.2.7/node_modules/use-intl/dist/esm/development/initializeConfig-CUsOI8u2.js:141:18)
    at translateFn (webpack-internal:///(app-pages-browser)/../../node_modules/.pnpm/use-intl@4.13.0_react@19.2.7/node_modules/use-intl/dist/esm/development/initializeConfig-CUsOI8u2.js:173:20)
    at WalletFieldGroup (webpack-internal:///(app-pages-browser)/../../libs/modules/tokenized-deposit/feature/src/lib/tokenized-deposit-edit/wallet-field-group.tsx:20:32)
    at Object.react_stack_bottom_frame (webpack-internal:///(app-pages-browser)/../../node_modules/.pnpm/next@16.1.7_@babel+core@7.29.7_@playwright+test@1.60.0_react-dom@19.2.7_react@19.2.7/node_modules/next/dist/compiled/react-dom/cjs/react-dom-client.development.js:28039:20)
    at renderWithHooks (webpack-internal:///(app-pages-browser)/../../node_modules/.pnpm/next@16.1.7_@babel+core@7.29.7_@playwright+test@1.60.0_react-dom@19.2.7_react@19.2.7/node_modules/next/dist/compiled/react-dom/cjs/react-dom-client.development.js:7985:22)
    at updateFunctionComponent (webpack-internal:///(app-pages-browser)/../../node_modules/.pnpm/next@16.1.7_@babel+core@7.29.7_@playwright+test@1.60.0_react-dom@19.2.7_react@19.2.7/node_modules/next/dist/compiled/react-dom/cjs/react-dom-client.development.js:10502:19)
    at beginWork (webpack-internal:///(app-pages-browser)/../../node_modules/.pnpm/next@16.1.7_@babel+core@7.29.7_@playwright+test@1.60.0_react-dom@19.2.7_react@19.2.7/node_modules/next/dist/compiled/react-dom/cjs/react-dom-client.development.js:12137:18)
    at runWithFiberInDEV (webpack-internal:///(app-pages-browser)/../../node_modules/.pnpm/next@16.1.7_@babel+core@7.29.7_@playwright+test@1.60.0_react-dom@19.2.7_react@19.2.7/node_modules/next/dist/compiled/react-dom/cjs/react-dom-client.development.js:987:30)
    at performUnitOfWork (webpack-internal:///(app-pages-browser)/../../node_modules/.pnpm/next@16.1.7_@babel+core@7.29.7_@playwright+test@1.60.0_react-dom@19.2.7_react@19.2.7/node_modules/next/dist/compiled/react-dom/cjs/react-dom-client.development.js:18998:22)
    at workLoopConcurrentByScheduler (webpack-internal:///(app-pages-browser)/../../node_modules/.pnpm/next@16.1.7_@babel+core@7.29.7_@playwright+test@1.60.0_react-dom@19.2.7_react@19.2.7/node_modules/next/dist/compiled/react-dom/cjs/react-dom-client.development.js:18992:9)
    at renderRootConcurrent (webpack-internal:///(app-pages-browser)/../../node_modules/.pnpm/next@16.1.7_@babel+core@7.29.7_@playwright+test@1.60.0_react-dom@19.2.7_react@19.2.7/node_modules/next/dist/compiled/react-dom/cjs/react-dom-client.development.js:18974:15)
    at performWorkOnRoot (webpack-internal:///(app-pages-browser)/../../node_modules/.pnpm/next@16.1.7_@babel+core@7.29.7_@playwright+test@1.60.0_react-dom@19.2.7_react@19.2.7/node_modules/next/dist/compiled/react-dom/cjs/react-dom-client.development.js:17835:11)
    at performWorkOnRootViaSchedulerTask (webpack-internal:///(app-pages-browser)/../../node_modules/.pnpm/next@16.1.7_@babel+core@7.29.7_@playwright+test@1.60.0_react-dom@19.2.7_react@19.2.7/node_modules/next/dist/compiled/react-dom/cjs/react-dom-client.development.js:20385:7)
    at MessagePort.performWorkUntilDeadline (webpack-internal:///(app-pages-browser)/../../node_modules/.pnpm/next@16.1.7_@babel+core@7.29.7_@playwright+test@1.60.0_react-dom@19.2.7_react@19.2.7/node_modules/next/dist/compiled/scheduler/cjs/scheduler.development.js:45:48) @ webpack-internal:///(app-pages-browser)/../../node_modules/.pnpm/next@16.1.7_@babel+core@7.29.7_@playwright+test@1.60.0_react-dom@19.2.7_react@19.2.7/node_modules/next/dist/next-devtools/userspace/app/errors/intercept-console-error.js:51
[   74419ms] [ERROR] IntlError: MISSING_MESSAGE: Could not resolve `modules.tokenized-deposit.tokenized_deposit_0114` in messages for locale `en-US`.
    at getFallbackFromErrorAndNotify (webpack-internal:///(app-pages-browser)/../../node_modules/.pnpm/use-intl@4.13.0_react@19.2.7/node_modules/use-intl/dist/esm/development/initializeConfig-CUsOI8u2.js:108:19)
    at translateBaseFn (webpack-internal:///(app-pages-browser)/../../node_modules/.pnpm/use-intl@4.13.0_react@19.2.7/node_modules/use-intl/dist/esm/development/initializeConfig-CUsOI8u2.js:141:18)
    at translateFn (webpack-internal:///(app-pages-browser)/../../node_modules/.pnpm/use-intl@4.13.0_react@19.2.7/node_modules/use-intl/dist/esm/development/initializeConfig-CUsOI8u2.js:173:20)
    at WalletFieldGroup (webpack-internal:///(app-pages-browser)/../../libs/modules/tokenized-deposit/feature/src/lib/tokenized-deposit-edit/wallet-field-group.tsx:20:32)
    at Object.react_stack_bottom_frame (webpack-internal:///(app-pages-browser)/../../node_modules/.pnpm/next@16.1.7_@babel+core@7.29.7_@playwright+test@1.60.0_react-dom@19.2.7_react@19.2.7/node_modules/next/dist/compiled/react-dom/cjs/react-dom-client.development.js:28039:20)
    at renderWithHooksAgain (webpack-internal:///(app-pages-browser)/../../node_modules/.pnpm/next@16.1.7_@babel+core@7.29.7_@playwright+test@1.60.0_react-dom@19.2.7_react@19.2.7/node_modules/next/dist/compiled/react-dom/cjs/react-dom-client.development.js:8085:20)
    at renderWithHooks (webpack-internal:///(app-pages-browser)/../../node_modules/.pnpm/next@16.1.7_@babel+core@7.29.7_@playwright+test@1.60.0_react-dom@19.2.7_react@19.2.7/node_modules/next/dist/compiled/react-dom/cjs/react-dom-client.development.js:7997:22)
    at updateFunctionComponent (webpack-internal:///(app-pages-browser)/../../node_modules/.pnpm/next@16.1.7_@babel+core@7.29.7_@playwright+test@1.60.0_react-dom@19.2.7_react@19.2.7/node_modules/next/dist/compiled/react-dom/cjs/react-dom-client.development.js:10502:19)
    at beginWork (webpack-internal:///(app-pages-browser)/../../node_modules/.pnpm/next@16.1.7_@babel+core@7.29.7_@playwright+test@1.60.0_react-dom@19.2.7_react@19.2.7/node_modules/next/dist/compiled/react-dom/cjs/react-dom-client.development.js:12137:18)
    at runWithFiberInDEV (webpack-internal:///(app-pages-browser)/../../node_modules/.pnpm/next@16.1.7_@babel+core@7.29.7_@playwright+test@1.60.0_react-dom@19.2.7_react@19.2.7/node_modules/next/dist/compiled/react-dom/cjs/react-dom-client.development.js:987:30)
    at performUnitOfWork (webpack-internal:///(app-pages-browser)/../../node_modules/.pnpm/next@16.1.7_@babel+core@7.29.7_@playwright+test@1.60.0_react-dom@19.2.7_react@19.2.7/node_modules/next/dist/compiled/react-dom/cjs/react-dom-client.development.js:18998:22)
    at workLoopConcurrentByScheduler (webpack-internal:///(app-pages-browser)/../../node_modules/.pnpm/next@16.1.7_@babel+core@7.29.7_@playwright+test@1.60.0_react-dom@19.2.7_react@19.2.7/node_modules/next/dist/compiled/react-dom/cjs/react-dom-client.development.js:18992:9)
    at renderRootConcurrent (webpack-internal:///(app-pages-browser)/../../node_modules/.pnpm/next@16.1.7_@babel+core@7.29.7_@playwright+test@1.60.0_react-dom@19.2.7_react@19.2.7/node_modules/next/dist/compiled/react-dom/cjs/react-dom-client.development.js:18974:15)
    at performWorkOnRoot (webpack-internal:///(app-pages-browser)/../../node_modules/.pnpm/next@16.1.7_@babel+core@7.29.7_@playwright+test@1.60.0_react-dom@19.2.7_react@19.2.7/node_modules/next/dist/compiled/react-dom/cjs/react-dom-client.development.js:17835:11)
    at performWorkOnRootViaSchedulerTask (webpack-internal:///(app-pages-browser)/../../node_modules/.pnpm/next@16.1.7_@babel+core@7.29.7_@playwright+test@1.60.0_react-dom@19.2.7_react@19.2.7/node_modules/next/dist/compiled/react-dom/cjs/react-dom-client.development.js:20385:7)
    at MessagePort.performWorkUntilDeadline (webpack-internal:///(app-pages-browser)/../../node_modules/.pnpm/next@16.1.7_@babel+core@7.29.7_@playwright+test@1.60.0_react-dom@19.2.7_react@19.2.7/node_modules/next/dist/compiled/scheduler/cjs/scheduler.development.js:45:48) @ webpack-internal:///(app-pages-browser)/../../node_modules/.pnpm/next@16.1.7_@babel+core@7.29.7_@playwright+test@1.60.0_react-dom@19.2.7_react@19.2.7/node_modules/next/dist/next-devtools/userspace/app/errors/intercept-console-error.js:51
[   74431ms] [ERROR] IntlError: MISSING_MESSAGE: Could not resolve `modules.tokenized-deposit.tokenized_deposit_0112` in messages for locale `en-US`.
    at getFallbackFromErrorAndNotify (webpack-internal:///(app-pages-browser)/../../node_modules/.pnpm/use-intl@4.13.0_react@19.2.7/node_modules/use-intl/dist/esm/development/initializeConfig-CUsOI8u2.js:108:19)
    at translateBaseFn (webpack-internal:///(app-pages-browser)/../../node_modules/.pnpm/use-intl@4.13.0_react@19.2.7/node_modules/use-intl/dist/esm/development/initializeConfig-CUsOI8u2.js:141:18)
    at translateFn (webpack-internal:///(app-pages-browser)/../../node_modules/.pnpm/use-intl@4.13.0_react@19.2.7/node_modules/use-intl/dist/esm/development/initializeConfig-CUsOI8u2.js:173:20)
    at RigsecWalletModal (webpack-internal:///(app-pages-browser)/../../libs/modules/tokenized-deposit/feature/src/lib/tokenized-deposit-edit/rigsec-wallet-modal.tsx:23:23)
    at Object.react_stack_bottom_frame (webpack-internal:///(app-pages-browser)/../../node_modules/.pnpm/next@16.1.7_@babel+core@7.29.7_@playwright+test@1.60.0_react-dom@19.2.7_react@19.2.7/node_modules/next/dist/compiled/react-dom/cjs/react-dom-client.development.js:28039:20)
    at renderWithHooks (webpack-internal:///(app-pages-browser)/../../node_modules/.pnpm/next@16.1.7_@babel+core@7.29.7_@playwright+test@1.60.0_react-dom@19.2.7_react@19.2.7/node_modules/next/dist/compiled/react-dom/cjs/react-dom-client.development.js:7985:22)
    at updateFunctionComponent (webpack-internal:///(app-pages-browser)/../../node_modules/.pnpm/next@16.1.7_@babel+core@7.29.7_@playwright+test@1.60.0_react-dom@19.2.7_react@19.2.7/node_modules/next/dist/compiled/react-dom/cjs/react-dom-client.development.js:10502:19)
    at beginWork (webpack-internal:///(app-pages-browser)/../../node_modules/.pnpm/next@16.1.7_@babel+core@7.29.7_@playwright+test@1.60.0_react-dom@19.2.7_react@19.2.7/node_modules/next/dist/compiled/react-dom/cjs/react-dom-client.development.js:12137:18)
    at runWithFiberInDEV (webpack-internal:///(app-pages-browser)/../../node_modules/.pnpm/next@16.1.7_@babel+core@7.29.7_@playwright+test@1.60.0_react-dom@19.2.7_react@19.2.7/node_modules/next/dist/compiled/react-dom/cjs/react-dom-client.development.js:987:30)
    at performUnitOfWork (webpack-internal:///(app-pages-browser)/../../node_modules/.pnpm/next@16.1.7_@babel+core@7.29.7_@playwright+test@1.60.0_react-dom@19.2.7_react@19.2.7/node_modules/next/dist/compiled/react-dom/cjs/react-dom-client.development.js:18998:22)
    at workLoopConcurrentByScheduler (webpack-internal:///(app-pages-browser)/../../node_modules/.pnpm/next@16.1.7_@babel+core@7.29.7_@playwright+test@1.60.0_react-dom@19.2.7_react@19.2.7/node_modules/next/dist/compiled/react-dom/cjs/react-dom-client.development.js:18992:9)
    at renderRootConcurrent (webpack-internal:///(app-pages-browser)/../../node_modules/.pnpm/next@16.1.7_@babel+core@7.29.7_@playwright+test@1.60.0_react-dom@19.2.7_react@19.2.7/node_modules/next/dist/compiled/react-dom/cjs/react-dom-client.development.js:18974:15)
    at performWorkOnRoot (webpack-internal:///(app-pages-browser)/../../node_modules/.pnpm/next@16.1.7_@babel+core@7.29.7_@playwright+test@1.60.0_react-dom@19.2.7_react@19.2.7/node_modules/next/dist/compiled/react-dom/cjs/react-dom-client.development.js:17835:11)
    at performWorkOnRootViaSchedulerTask (webpack-internal:///(app-pages-browser)/../../node_modules/.pnpm/next@16.1.7_@babel+core@7.29.7_@playwright+test@1.60.0_react-dom@19.2.7_react@19.2.7/node_modules/next/dist/compiled/react-dom/cjs/react-dom-client.development.js:20385:7)
    at MessagePort.performWorkUntilDeadline (webpack-internal:///(app-pages-browser)/../../node_modules/.pnpm/next@16.1.7_@babel+core@7.29.7_@playwright+test@1.60.0_react-dom@19.2.7_react@19.2.7/node_modules/next/dist/compiled/scheduler/cjs/scheduler.development.js:45:48) @ webpack-internal:///(app-pages-browser)/../../node_modules/.pnpm/next@16.1.7_@babel+core@7.29.7_@playwright+test@1.60.0_react-dom@19.2.7_react@19.2.7/node_modules/next/dist/next-devtools/userspace/app/errors/intercept-console-error.js:51
[   74432ms] [ERROR] IntlError: MISSING_MESSAGE: Could not resolve `modules.tokenized-deposit.tokenized_deposit_0112` in messages for locale `en-US`.
    at getFallbackFromErrorAndNotify (webpack-internal:///(app-pages-browser)/../../node_modules/.pnpm/use-intl@4.13.0_react@19.2.7/node_modules/use-intl/dist/esm/development/initializeConfig-CUsOI8u2.js:108:19)
    at translateBaseFn (webpack-internal:///(app-pages-browser)/../../node_modules/.pnpm/use-intl@4.13.0_react@19.2.7/node_modules/use-intl/dist/esm/development/initializeConfig-CUsOI8u2.js:141:18)
    at translateFn (webpack-internal:///(app-pages-browser)/../../node_modules/.pnpm/use-intl@4.13.0_react@19.2.7/node_modules/use-intl/dist/esm/development/initializeConfig-CUsOI8u2.js:173:20)
    at RigsecWalletModal (webpack-internal:///(app-pages-browser)/../../libs/modules/tokenized-deposit/feature/src/lib/tokenized-deposit-edit/rigsec-wallet-modal.tsx:23:23)
    at Object.react_stack_bottom_frame (webpack-internal:///(app-pages-browser)/../../node_modules/.pnpm/next@16.1.7_@babel+core@7.29.7_@playwright+test@1.60.0_react-dom@19.2.7_react@19.2.7/node_modules/next/dist/compiled/react-dom/cjs/react-dom-client.development.js:28039:20)
    at renderWithHooksAgain (webpack-internal:///(app-pages-browser)/../../node_modules/.pnpm/next@16.1.7_@babel+core@7.29.7_@playwright+test@1.60.0_react-dom@19.2.7_react@19.2.7/node_modules/next/dist/compiled/react-dom/cjs/react-dom-client.development.js:8085:20)
    at renderWithHooks (webpack-internal:///(app-pages-browser)/../../node_modules/.pnpm/next@16.1.7_@babel+core@7.29.7_@playwright+test@1.60.0_react-dom@19.2.7_react@19.2.7/node_modules/next/dist/compiled/react-dom/cjs/react-dom-client.development.js:7997:22)
    at updateFunctionComponent (webpack-internal:///(app-pages-browser)/../../node_modules/.pnpm/next@16.1.7_@babel+core@7.29.7_@playwright+test@1.60.0_react-dom@19.2.7_react@19.2.7/node_modules/next/dist/compiled/react-dom/cjs/react-dom-client.development.js:10502:19)
    at beginWork (webpack-internal:///(app-pages-browser)/../../node_modules/.pnpm/next@16.1.7_@babel+core@7.29.7_@playwright+test@1.60.0_react-dom@19.2.7_react@19.2.7/node_modules/next/dist/compiled/react-dom/cjs/react-dom-client.development.js:12137:18)
    at runWithFiberInDEV (webpack-internal:///(app-pages-browser)/../../node_modules/.pnpm/next@16.1.7_@babel+core@7.29.7_@playwright+test@1.60.0_react-dom@19.2.7_react@19.2.7/node_modules/next/dist/compiled/react-dom/cjs/react-dom-client.development.js:987:30)
    at performUnitOfWork (webpack-internal:///(app-pages-browser)/../../node_modules/.pnpm/next@16.1.7_@babel+core@7.29.7_@playwright+test@1.60.0_react-dom@19.2.7_react@19.2.7/node_modules/next/dist/compiled/react-dom/cjs/react-dom-client.development.js:18998:22)
    at workLoopConcurrentByScheduler (webpack-internal:///(app-pages-browser)/../../node_modules/.pnpm/next@16.1.7_@babel+core@7.29.7_@playwright+test@1.60.0_react-dom@19.2.7_react@19.2.7/node_modules/next/dist/compiled/react-dom/cjs/react-dom-client.development.js:18992:9)
    at renderRootConcurrent (webpack-internal:///(app-pages-browser)/../../node_modules/.pnpm/next@16.1.7_@babel+core@7.29.7_@playwright+test@1.60.0_react-dom@19.2.7_react@19.2.7/node_modules/next/dist/compiled/react-dom/cjs/react-dom-client.development.js:18974:15)
    at performWorkOnRoot (webpack-internal:///(app-pages-browser)/../../node_modules/.pnpm/next@16.1.7_@babel+core@7.29.7_@playwright+test@1.60.0_react-dom@19.2.7_react@19.2.7/node_modules/next/dist/compiled/react-dom/cjs/react-dom-client.development.js:17835:11)
    at performWorkOnRootViaSchedulerTask (webpack-internal:///(app-pages-browser)/../../node_modules/.pnpm/next@16.1.7_@babel+core@7.29.7_@playwright+test@1.60.0_react-dom@19.2.7_react@19.2.7/node_modules/next/dist/compiled/react-dom/cjs/react-dom-client.development.js:20385:7)
    at MessagePort.performWorkUntilDeadline (webpack-internal:///(app-pages-browser)/../../node_modules/.pnpm/next@16.1.7_@babel+core@7.29.7_@playwright+test@1.60.0_react-dom@19.2.7_react@19.2.7/node_modules/next/dist/compiled/scheduler/cjs/scheduler.development.js:45:48) @ webpack-internal:///(app-pages-browser)/../../node_modules/.pnpm/next@16.1.7_@babel+core@7.29.7_@playwright+test@1.60.0_react-dom@19.2.7_react@19.2.7/node_modules/next/dist/next-devtools/userspace/app/errors/intercept-console-error.js:51
[  133048ms] [LOG] [Fast Refresh] rebuilding @ webpack-internal:///(app-pages-browser)/../../node_modules/.pnpm/next@16.1.7_@babel+core@7.29.7_@playwright+test@1.60.0_react-dom@19.2.7_react@19.2.7/node_modules/next/dist/next-devtools/shared/forward-logs-shared.js:27
[  134033ms] [WARNING] ../../libs/modules/user/data-access/src/index.ts
export 'ResultInfo' (reexported as 'ResultInfo') was not found in './lib/user.api' (possible exports: deleteUser, getRoleOptions, getTdOptions, getUserDetail, getUserList, resetUserPassword, saveUser, updateUser, updateUserStatus)

Import trace for requested module:
../../libs/modules/user/data-access/src/index.ts
../../libs/modules/user/feature/src/lib/user-list-page.tsx
../../libs/modules/user/feature/src/index.ts
../../libs/shared/util-config/src/lib/module-registry.ts @ webpack-internal:///(app-pages-browser)/../../node_modules/.pnpm/next@16.1.7_@babel+core@7.29.7_@playwright+test@1.60.0_react-dom@19.2.7_react@19.2.7/node_modules/next/dist/next-devtools/shared/forward-logs-shared.js:27
[  134054ms] [LOG] [Fast Refresh] done in 1005ms @ webpack-internal:///(app-pages-browser)/../../node_modules/.pnpm/next@16.1.7_@babel+core@7.29.7_@playwright+test@1.60.0_react-dom@19.2.7_react@19.2.7/node_modules/next/dist/next-devtools/shared/forward-logs-shared.js:27
[  134275ms] [ERROR] IntlError: MISSING_MESSAGE: Could not resolve `modules.tokenized-deposit.tokenized_deposit_0112` in messages for locale `en-US`.
    at getFallbackFromErrorAndNotify (webpack-internal:///(app-pages-browser)/../../node_modules/.pnpm/use-intl@4.13.0_react@19.2.7/node_modules/use-intl/dist/esm/development/initializeConfig-CUsOI8u2.js:108:19)
    at translateBaseFn (webpack-internal:///(app-pages-browser)/../../node_modules/.pnpm/use-intl@4.13.0_react@19.2.7/node_modules/use-intl/dist/esm/development/initializeConfig-CUsOI8u2.js:141:18)
    at translateFn (webpack-internal:///(app-pages-browser)/../../node_modules/.pnpm/use-intl@4.13.0_react@19.2.7/node_modules/use-intl/dist/esm/development/initializeConfig-CUsOI8u2.js:173:20)
    at WalletFieldGroup (webpack-internal:///(app-pages-browser)/../../libs/modules/tokenized-deposit/feature/src/lib/tokenized-deposit-edit/wallet-field-group.tsx:20:32)
    at Object.react_stack_bottom_frame (webpack-internal:///(app-pages-browser)/../../node_modules/.pnpm/next@16.1.7_@babel+core@7.29.7_@playwright+test@1.60.0_react-dom@19.2.7_react@19.2.7/node_modules/next/dist/compiled/react-dom/cjs/react-dom-client.development.js:28039:20)
    at renderWithHooks (webpack-internal:///(app-pages-browser)/../../node_modules/.pnpm/next@16.1.7_@babel+core@7.29.7_@playwright+test@1.60.0_react-dom@19.2.7_react@19.2.7/node_modules/next/dist/compiled/react-dom/cjs/react-dom-client.development.js:7985:22)
    at updateFunctionComponent (webpack-internal:///(app-pages-browser)/../../node_modules/.pnpm/next@16.1.7_@babel+core@7.29.7_@playwright+test@1.60.0_react-dom@19.2.7_react@19.2.7/node_modules/next/dist/compiled/react-dom/cjs/react-dom-client.development.js:10502:19)
    at beginWork (webpack-internal:///(app-pages-browser)/../../node_modules/.pnpm/next@16.1.7_@babel+core@7.29.7_@playwright+test@1.60.0_react-dom@19.2.7_react@19.2.7/node_modules/next/dist/compiled/react-dom/cjs/react-dom-client.development.js:12137:18)
    at runWithFiberInDEV (webpack-internal:///(app-pages-browser)/../../node_modules/.pnpm/next@16.1.7_@babel+core@7.29.7_@playwright+test@1.60.0_react-dom@19.2.7_react@19.2.7/node_modules/next/dist/compiled/react-dom/cjs/react-dom-client.development.js:987:30)
    at performUnitOfWork (webpack-internal:///(app-pages-browser)/../../node_modules/.pnpm/next@16.1.7_@babel+core@7.29.7_@playwright+test@1.60.0_react-dom@19.2.7_react@19.2.7/node_modules/next/dist/compiled/react-dom/cjs/react-dom-client.development.js:18998:22)
    at workLoopConcurrentByScheduler (webpack-internal:///(app-pages-browser)/../../node_modules/.pnpm/next@16.1.7_@babel+core@7.29.7_@playwright+test@1.60.0_react-dom@19.2.7_react@19.2.7/node_modules/next/dist/compiled/react-dom/cjs/react-dom-client.development.js:18992:9)
    at renderRootConcurrent (webpack-internal:///(app-pages-browser)/../../node_modules/.pnpm/next@16.1.7_@babel+core@7.29.7_@playwright+test@1.60.0_react-dom@19.2.7_react@19.2.7/node_modules/next/dist/compiled/react-dom/cjs/react-dom-client.development.js:18974:15)
    at performWorkOnRoot (webpack-internal:///(app-pages-browser)/../../node_modules/.pnpm/next@16.1.7_@babel+core@7.29.7_@playwright+test@1.60.0_react-dom@19.2.7_react@19.2.7/node_modules/next/dist/compiled/react-dom/cjs/react-dom-client.development.js:17835:11)
    at performWorkOnRootViaSchedulerTask (webpack-internal:///(app-pages-browser)/../../node_modules/.pnpm/next@16.1.7_@babel+core@7.29.7_@playwright+test@1.60.0_react-dom@19.2.7_react@19.2.7/node_modules/next/dist/compiled/react-dom/cjs/react-dom-client.development.js:20385:7)
    at MessagePort.performWorkUntilDeadline (webpack-internal:///(app-pages-browser)/../../node_modules/.pnpm/next@16.1.7_@babel+core@7.29.7_@playwright+test@1.60.0_react-dom@19.2.7_react@19.2.7/node_modules/next/dist/compiled/scheduler/cjs/scheduler.development.js:45:48) @ webpack-internal:///(app-pages-browser)/../../node_modules/.pnpm/next@16.1.7_@babel+core@7.29.7_@playwright+test@1.60.0_react-dom@19.2.7_react@19.2.7/node_modules/next/dist/next-devtools/userspace/app/errors/intercept-console-error.js:51
[  134276ms] [ERROR] IntlError: MISSING_MESSAGE: Could not resolve `modules.tokenized-deposit.tokenized_deposit_0112` in messages for locale `en-US`.
    at getFallbackFromErrorAndNotify (webpack-internal:///(app-pages-browser)/../../node_modules/.pnpm/use-intl@4.13.0_react@19.2.7/node_modules/use-intl/dist/esm/development/initializeConfig-CUsOI8u2.js:108:19)
    at translateBaseFn (webpack-internal:///(app-pages-browser)/../../node_modules/.pnpm/use-intl@4.13.0_react@19.2.7/node_modules/use-intl/dist/esm/development/initializeConfig-CUsOI8u2.js:141:18)
    at translateFn (webpack-internal:///(app-pages-browser)/../../node_modules/.pnpm/use-intl@4.13.0_react@19.2.7/node_modules/use-intl/dist/esm/development/initializeConfig-CUsOI8u2.js:173:20)
    at WalletFieldGroup (webpack-internal:///(app-pages-browser)/../../libs/modules/tokenized-deposit/feature/src/lib/tokenized-deposit-edit/wallet-field-group.tsx:20:32)
    at Object.react_stack_bottom_frame (webpack-internal:///(app-pages-browser)/../../node_modules/.pnpm/next@16.1.7_@babel+core@7.29.7_@playwright+test@1.60.0_react-dom@19.2.7_react@19.2.7/node_modules/next/dist/compiled/react-dom/cjs/react-dom-client.development.js:28039:20)
    at renderWithHooksAgain (webpack-internal:///(app-pages-browser)/../../node_modules/.pnpm/next@16.1.7_@babel+core@7.29.7_@playwright+test@1.60.0_react-dom@19.2.7_react@19.2.7/node_modules/next/dist/compiled/react-dom/cjs/react-dom-client.development.js:8085:20)
    at renderWithHooks (webpack-internal:///(app-pages-browser)/../../node_modules/.pnpm/next@16.1.7_@babel+core@7.29.7_@playwright+test@1.60.0_react-dom@19.2.7_react@19.2.7/node_modules/next/dist/compiled/react-dom/cjs/react-dom-client.development.js:7997:22)
    at updateFunctionComponent (webpack-internal:///(app-pages-browser)/../../node_modules/.pnpm/next@16.1.7_@babel+core@7.29.7_@playwright+test@1.60.0_react-dom@19.2.7_react@19.2.7/node_modules/next/dist/compiled/react-dom/cjs/react-dom-client.development.js:10502:19)
    at beginWork (webpack-internal:///(app-pages-browser)/../../node_modules/.pnpm/next@16.1.7_@babel+core@7.29.7_@playwright+test@1.60.0_react-dom@19.2.7_react@19.2.7/node_modules/next/dist/compiled/react-dom/cjs/react-dom-client.development.js:12137:18)
    at runWithFiberInDEV (webpack-internal:///(app-pages-browser)/../../node_modules/.pnpm/next@16.1.7_@babel+core@7.29.7_@playwright+test@1.60.0_react-dom@19.2.7_react@19.2.7/node_modules/next/dist/compiled/react-dom/cjs/react-dom-client.development.js:987:30)
    at performUnitOfWork (webpack-internal:///(app-pages-browser)/../../node_modules/.pnpm/next@16.1.7_@babel+core@7.29.7_@playwright+test@1.60.0_react-dom@19.2.7_react@19.2.7/node_modules/next/dist/compiled/react-dom/cjs/react-dom-client.development.js:18998:22)
    at workLoopConcurrentByScheduler (webpack-internal:///(app-pages-browser)/../../node_modules/.pnpm/next@16.1.7_@babel+core@7.29.7_@playwright+test@1.60.0_react-dom@19.2.7_react@19.2.7/node_modules/next/dist/compiled/react-dom/cjs/react-dom-client.development.js:18992:9)
    at renderRootConcurrent (webpack-internal:///(app-pages-browser)/../../node_modules/.pnpm/next@16.1.7_@babel+core@7.29.7_@playwright+test@1.60.0_react-dom@19.2.7_react@19.2.7/node_modules/next/dist/compiled/react-dom/cjs/react-dom-client.development.js:18974:15)
    at performWorkOnRoot (webpack-internal:///(app-pages-browser)/../../node_modules/.pnpm/next@16.1.7_@babel+core@7.29.7_@playwright+test@1.60.0_react-dom@19.2.7_react@19.2.7/node_modules/next/dist/compiled/react-dom/cjs/react-dom-client.development.js:17835:11)
    at performWorkOnRootViaSchedulerTask (webpack-internal:///(app-pages-browser)/../../node_modules/.pnpm/next@16.1.7_@babel+core@7.29.7_@playwright+test@1.60.0_react-dom@19.2.7_react@19.2.7/node_modules/next/dist/compiled/react-dom/cjs/react-dom-client.development.js:20385:7)
    at MessagePort.performWorkUntilDeadline (webpack-internal:///(app-pages-browser)/../../node_modules/.pnpm/next@16.1.7_@babel+core@7.29.7_@playwright+test@1.60.0_react-dom@19.2.7_react@19.2.7/node_modules/next/dist/compiled/scheduler/cjs/scheduler.development.js:45:48) @ webpack-internal:///(app-pages-browser)/../../node_modules/.pnpm/next@16.1.7_@babel+core@7.29.7_@playwright+test@1.60.0_react-dom@19.2.7_react@19.2.7/node_modules/next/dist/next-devtools/userspace/app/errors/intercept-console-error.js:51
[  134278ms] [ERROR] IntlError: MISSING_MESSAGE: Could not resolve `modules.tokenized-deposit.tokenized_deposit_0113` in messages for locale `en-US`.
    at getFallbackFromErrorAndNotify (webpack-internal:///(app-pages-browser)/../../node_modules/.pnpm/use-intl@4.13.0_react@19.2.7/node_modules/use-intl/dist/esm/development/initializeConfig-CUsOI8u2.js:108:19)
    at translateBaseFn (webpack-internal:///(app-pages-browser)/../../node_modules/.pnpm/use-intl@4.13.0_react@19.2.7/node_modules/use-intl/dist/esm/development/initializeConfig-CUsOI8u2.js:141:18)
    at translateFn (webpack-internal:///(app-pages-browser)/../../node_modules/.pnpm/use-intl@4.13.0_react@19.2.7/node_modules/use-intl/dist/esm/development/initializeConfig-CUsOI8u2.js:173:20)
    at WalletFieldGroup (webpack-internal:///(app-pages-browser)/../../libs/modules/tokenized-deposit/feature/src/lib/tokenized-deposit-edit/wallet-field-group.tsx:20:32)
    at Object.react_stack_bottom_frame (webpack-internal:///(app-pages-browser)/../../node_modules/.pnpm/next@16.1.7_@babel+core@7.29.7_@playwright+test@1.60.0_react-dom@19.2.7_react@19.2.7/node_modules/next/dist/compiled/react-dom/cjs/react-dom-client.development.js:28039:20)
    at renderWithHooks (webpack-internal:///(app-pages-browser)/../../node_modules/.pnpm/next@16.1.7_@babel+core@7.29.7_@playwright+test@1.60.0_react-dom@19.2.7_react@19.2.7/node_modules/next/dist/compiled/react-dom/cjs/react-dom-client.development.js:7985:22)
    at updateFunctionComponent (webpack-internal:///(app-pages-browser)/../../node_modules/.pnpm/next@16.1.7_@babel+core@7.29.7_@playwright+test@1.60.0_react-dom@19.2.7_react@19.2.7/node_modules/next/dist/compiled/react-dom/cjs/react-dom-client.development.js:10502:19)
    at beginWork (webpack-internal:///(app-pages-browser)/../../node_modules/.pnpm/next@16.1.7_@babel+core@7.29.7_@playwright+test@1.60.0_react-dom@19.2.7_react@19.2.7/node_modules/next/dist/compiled/react-dom/cjs/react-dom-client.development.js:12137:18)
    at runWithFiberInDEV (webpack-internal:///(app-pages-browser)/../../node_modules/.pnpm/next@16.1.7_@babel+core@7.29.7_@playwright+test@1.60.0_react-dom@19.2.7_react@19.2.7/node_modules/next/dist/compiled/react-dom/cjs/react-dom-client.development.js:987:30)
    at performUnitOfWork (webpack-internal:///(app-pages-browser)/../../node_modules/.pnpm/next@16.1.7_@babel+core@7.29.7_@playwright+test@1.60.0_react-dom@19.2.7_react@19.2.7/node_modules/next/dist/compiled/react-dom/cjs/react-dom-client.development.js:18998:22)
    at workLoopConcurrentByScheduler (webpack-internal:///(app-pages-browser)/../../node_modules/.pnpm/next@16.1.7_@babel+core@7.29.7_@playwright+test@1.60.0_react-dom@19.2.7_react@19.2.7/node_modules/next/dist/compiled/react-dom/cjs/react-dom-client.development.js:18992:9)
    at renderRootConcurrent (webpack-internal:///(app-pages-browser)/../../node_modules/.pnpm/next@16.1.7_@babel+core@7.29.7_@playwright+test@1.60.0_react-dom@19.2.7_react@19.2.7/node_modules/next/dist/compiled/react-dom/cjs/react-dom-client.development.js:18974:15)
    at performWorkOnRoot (webpack-internal:///(app-pages-browser)/../../node_modules/.pnpm/next@16.1.7_@babel+core@7.29.7_@playwright+test@1.60.0_react-dom@19.2.7_react@19.2.7/node_modules/next/dist/compiled/react-dom/cjs/react-dom-client.development.js:17835:11)
    at performWorkOnRootViaSchedulerTask (webpack-internal:///(app-pages-browser)/../../node_modules/.pnpm/next@16.1.7_@babel+core@7.29.7_@playwright+test@1.60.0_react-dom@19.2.7_react@19.2.7/node_modules/next/dist/compiled/react-dom/cjs/react-dom-client.development.js:20385:7)
    at MessagePort.performWorkUntilDeadline (webpack-internal:///(app-pages-browser)/../../node_modules/.pnpm/next@16.1.7_@babel+core@7.29.7_@playwright+test@1.60.0_react-dom@19.2.7_react@19.2.7/node_modules/next/dist/compiled/scheduler/cjs/scheduler.development.js:45:48) @ webpack-internal:///(app-pages-browser)/../../node_modules/.pnpm/next@16.1.7_@babel+core@7.29.7_@playwright+test@1.60.0_react-dom@19.2.7_react@19.2.7/node_modules/next/dist/next-devtools/userspace/app/errors/intercept-console-error.js:51
[  134279ms] [ERROR] IntlError: MISSING_MESSAGE: Could not resolve `modules.tokenized-deposit.tokenized_deposit_0113` in messages for locale `en-US`.
    at getFallbackFromErrorAndNotify (webpack-internal:///(app-pages-browser)/../../node_modules/.pnpm/use-intl@4.13.0_react@19.2.7/node_modules/use-intl/dist/esm/development/initializeConfig-CUsOI8u2.js:108:19)
    at translateBaseFn (webpack-internal:///(app-pages-browser)/../../node_modules/.pnpm/use-intl@4.13.0_react@19.2.7/node_modules/use-intl/dist/esm/development/initializeConfig-CUsOI8u2.js:141:18)
    at translateFn (webpack-internal:///(app-pages-browser)/../../node_modules/.pnpm/use-intl@4.13.0_react@19.2.7/node_modules/use-intl/dist/esm/development/initializeConfig-CUsOI8u2.js:173:20)
    at WalletFieldGroup (webpack-internal:///(app-pages-browser)/../../libs/modules/tokenized-deposit/feature/src/lib/tokenized-deposit-edit/wallet-field-group.tsx:20:32)
    at Object.react_stack_bottom_frame (webpack-internal:///(app-pages-browser)/../../node_modules/.pnpm/next@16.1.7_@babel+core@7.29.7_@playwright+test@1.60.0_react-dom@19.2.7_react@19.2.7/node_modules/next/dist/compiled/react-dom/cjs/react-dom-client.development.js:28039:20)
    at renderWithHooksAgain (webpack-internal:///(app-pages-browser)/../../node_modules/.pnpm/next@16.1.7_@babel+core@7.29.7_@playwright+test@1.60.0_react-dom@19.2.7_react@19.2.7/node_modules/next/dist/compiled/react-dom/cjs/react-dom-client.development.js:8085:20)
    at renderWithHooks (webpack-internal:///(app-pages-browser)/../../node_modules/.pnpm/next@16.1.7_@babel+core@7.29.7_@playwright+test@1.60.0_react-dom@19.2.7_react@19.2.7/node_modules/next/dist/compiled/react-dom/cjs/react-dom-client.development.js:7997:22)
    at updateFunctionComponent (webpack-internal:///(app-pages-browser)/../../node_modules/.pnpm/next@16.1.7_@babel+core@7.29.7_@playwright+test@1.60.0_react-dom@19.2.7_react@19.2.7/node_modules/next/dist/compiled/react-dom/cjs/react-dom-client.development.js:10502:19)
    at beginWork (webpack-internal:///(app-pages-browser)/../../node_modules/.pnpm/next@16.1.7_@babel+core@7.29.7_@playwright+test@1.60.0_react-dom@19.2.7_react@19.2.7/node_modules/next/dist/compiled/react-dom/cjs/react-dom-client.development.js:12137:18)
    at runWithFiberInDEV (webpack-internal:///(app-pages-browser)/../../node_modules/.pnpm/next@16.1.7_@babel+core@7.29.7_@playwright+test@1.60.0_react-dom@19.2.7_react@19.2.7/node_modules/next/dist/compiled/react-dom/cjs/react-dom-client.development.js:987:30)
    at performUnitOfWork (webpack-internal:///(app-pages-browser)/../../node_modules/.pnpm/next@16.1.7_@babel+core@7.29.7_@playwright+test@1.60.0_react-dom@19.2.7_react@19.2.7/node_modules/next/dist/compiled/react-dom/cjs/react-dom-client.development.js:18998:22)
    at workLoopConcurrentByScheduler (webpack-internal:///(app-pages-browser)/../../node_modules/.pnpm/next@16.1.7_@babel+core@7.29.7_@playwright+test@1.60.0_react-dom@19.2.7_react@19.2.7/node_modules/next/dist/compiled/react-dom/cjs/react-dom-client.development.js:18992:9)
    at renderRootConcurrent (webpack-internal:///(app-pages-browser)/../../node_modules/.pnpm/next@16.1.7_@babel+core@7.29.7_@playwright+test@1.60.0_react-dom@19.2.7_react@19.2.7/node_modules/next/dist/compiled/react-dom/cjs/react-dom-client.development.js:18974:15)
    at performWorkOnRoot (webpack-internal:///(app-pages-browser)/../../node_modules/.pnpm/next@16.1.7_@babel+core@7.29.7_@playwright+test@1.60.0_react-dom@19.2.7_react@19.2.7/node_modules/next/dist/compiled/react-dom/cjs/react-dom-client.development.js:17835:11)
    at performWorkOnRootViaSchedulerTask (webpack-internal:///(app-pages-browser)/../../node_modules/.pnpm/next@16.1.7_@babel+core@7.29.7_@playwright+test@1.60.0_react-dom@19.2.7_react@19.2.7/node_modules/next/dist/compiled/react-dom/cjs/react-dom-client.development.js:20385:7)
    at MessagePort.performWorkUntilDeadline (webpack-internal:///(app-pages-browser)/../../node_modules/.pnpm/next@16.1.7_@babel+core@7.29.7_@playwright+test@1.60.0_react-dom@19.2.7_react@19.2.7/node_modules/next/dist/compiled/scheduler/cjs/scheduler.development.js:45:48) @ webpack-internal:///(app-pages-browser)/../../node_modules/.pnpm/next@16.1.7_@babel+core@7.29.7_@playwright+test@1.60.0_react-dom@19.2.7_react@19.2.7/node_modules/next/dist/next-devtools/userspace/app/errors/intercept-console-error.js:51
[  134280ms] [ERROR] IntlError: MISSING_MESSAGE: Could not resolve `modules.tokenized-deposit.tokenized_deposit_0114` in messages for locale `en-US`.
    at getFallbackFromErrorAndNotify (webpack-internal:///(app-pages-browser)/../../node_modules/.pnpm/use-intl@4.13.0_react@19.2.7/node_modules/use-intl/dist/esm/development/initializeConfig-CUsOI8u2.js:108:19)
    at translateBaseFn (webpack-internal:///(app-pages-browser)/../../node_modules/.pnpm/use-intl@4.13.0_react@19.2.7/node_modules/use-intl/dist/esm/development/initializeConfig-CUsOI8u2.js:141:18)
    at translateFn (webpack-internal:///(app-pages-browser)/../../node_modules/.pnpm/use-intl@4.13.0_react@19.2.7/node_modules/use-intl/dist/esm/development/initializeConfig-CUsOI8u2.js:173:20)
    at WalletFieldGroup (webpack-internal:///(app-pages-browser)/../../libs/modules/tokenized-deposit/feature/src/lib/tokenized-deposit-edit/wallet-field-group.tsx:20:32)
    at Object.react_stack_bottom_frame (webpack-internal:///(app-pages-browser)/../../node_modules/.pnpm/next@16.1.7_@babel+core@7.29.7_@playwright+test@1.60.0_react-dom@19.2.7_react@19.2.7/node_modules/next/dist/compiled/react-dom/cjs/react-dom-client.development.js:28039:20)
    at renderWithHooks (webpack-internal:///(app-pages-browser)/../../node_modules/.pnpm/next@16.1.7_@babel+core@7.29.7_@playwright+test@1.60.0_react-dom@19.2.7_react@19.2.7/node_modules/next/dist/compiled/react-dom/cjs/react-dom-client.development.js:7985:22)
    at updateFunctionComponent (webpack-internal:///(app-pages-browser)/../../node_modules/.pnpm/next@16.1.7_@babel+core@7.29.7_@playwright+test@1.60.0_react-dom@19.2.7_react@19.2.7/node_modules/next/dist/compiled/react-dom/cjs/react-dom-client.development.js:10502:19)
    at beginWork (webpack-internal:///(app-pages-browser)/../../node_modules/.pnpm/next@16.1.7_@babel+core@7.29.7_@playwright+test@1.60.0_react-dom@19.2.7_react@19.2.7/node_modules/next/dist/compiled/react-dom/cjs/react-dom-client.development.js:12137:18)
    at runWithFiberInDEV (webpack-internal:///(app-pages-browser)/../../node_modules/.pnpm/next@16.1.7_@babel+core@7.29.7_@playwright+test@1.60.0_react-dom@19.2.7_react@19.2.7/node_modules/next/dist/compiled/react-dom/cjs/react-dom-client.development.js:987:30)
    at performUnitOfWork (webpack-internal:///(app-pages-browser)/../../node_modules/.pnpm/next@16.1.7_@babel+core@7.29.7_@playwright+test@1.60.0_react-dom@19.2.7_react@19.2.7/node_modules/next/dist/compiled/react-dom/cjs/react-dom-client.development.js:18998:22)
    at workLoopConcurrentByScheduler (webpack-internal:///(app-pages-browser)/../../node_modules/.pnpm/next@16.1.7_@babel+core@7.29.7_@playwright+test@1.60.0_react-dom@19.2.7_react@19.2.7/node_modules/next/dist/compiled/react-dom/cjs/react-dom-client.development.js:18992:9)
    at renderRootConcurrent (webpack-internal:///(app-pages-browser)/../../node_modules/.pnpm/next@16.1.7_@babel+core@7.29.7_@playwright+test@1.60.0_react-dom@19.2.7_react@19.2.7/node_modules/next/dist/compiled/react-dom/cjs/react-dom-client.development.js:18974:15)
    at performWorkOnRoot (webpack-internal:///(app-pages-browser)/../../node_modules/.pnpm/next@16.1.7_@babel+core@7.29.7_@playwright+test@1.60.0_react-dom@19.2.7_react@19.2.7/node_modules/next/dist/compiled/react-dom/cjs/react-dom-client.development.js:17835:11)
    at performWorkOnRootViaSchedulerTask (webpack-internal:///(app-pages-browser)/../../node_modules/.pnpm/next@16.1.7_@babel+core@7.29.7_@playwright+test@1.60.0_react-dom@19.2.7_react@19.2.7/node_modules/next/dist/compiled/react-dom/cjs/react-dom-client.development.js:20385:7)
    at MessagePort.performWorkUntilDeadline (webpack-internal:///(app-pages-browser)/../../node_modules/.pnpm/next@16.1.7_@babel+core@7.29.7_@playwright+test@1.60.0_react-dom@19.2.7_react@19.2.7/node_modules/next/dist/compiled/scheduler/cjs/scheduler.development.js:45:48) @ webpack-internal:///(app-pages-browser)/../../node_modules/.pnpm/next@16.1.7_@babel+core@7.29.7_@playwright+test@1.60.0_react-dom@19.2.7_react@19.2.7/node_modules/next/dist/next-devtools/userspace/app/errors/intercept-console-error.js:51
[  134280ms] [ERROR] IntlError: MISSING_MESSAGE: Could not resolve `modules.tokenized-deposit.tokenized_deposit_0114` in messages for locale `en-US`.
    at getFallbackFromErrorAndNotify (webpack-internal:///(app-pages-browser)/../../node_modules/.pnpm/use-intl@4.13.0_react@19.2.7/node_modules/use-intl/dist/esm/development/initializeConfig-CUsOI8u2.js:108:19)
    at translateBaseFn (webpack-internal:///(app-pages-browser)/../../node_modules/.pnpm/use-intl@4.13.0_react@19.2.7/node_modules/use-intl/dist/esm/development/initializeConfig-CUsOI8u2.js:141:18)
    at translateFn (webpack-internal:///(app-pages-browser)/../../node_modules/.pnpm/use-intl@4.13.0_react@19.2.7/node_modules/use-intl/dist/esm/development/initializeConfig-CUsOI8u2.js:173:20)
    at WalletFieldGroup (webpack-internal:///(app-pages-browser)/../../libs/modules/tokenized-deposit/feature/src/lib/tokenized-deposit-edit/wallet-field-group.tsx:20:32)
    at Object.react_stack_bottom_frame (webpack-internal:///(app-pages-browser)/../../node_modules/.pnpm/next@16.1.7_@babel+core@7.29.7_@playwright+test@1.60.0_react-dom@19.2.7_react@19.2.7/node_modules/next/dist/compiled/react-dom/cjs/react-dom-client.development.js:28039:20)
    at renderWithHooksAgain (webpack-internal:///(app-pages-browser)/../../node_modules/.pnpm/next@16.1.7_@babel+core@7.29.7_@playwright+test@1.60.0_react-dom@19.2.7_react@19.2.7/node_modules/next/dist/compiled/react-dom/cjs/react-dom-client.development.js:8085:20)
    at renderWithHooks (webpack-internal:///(app-pages-browser)/../../node_modules/.pnpm/next@16.1.7_@babel+core@7.29.7_@playwright+test@1.60.0_react-dom@19.2.7_react@19.2.7/node_modules/next/dist/compiled/react-dom/cjs/react-dom-client.development.js:7997:22)
    at updateFunctionComponent (webpack-internal:///(app-pages-browser)/../../node_modules/.pnpm/next@16.1.7_@babel+core@7.29.7_@playwright+test@1.60.0_react-dom@19.2.7_react@19.2.7/node_modules/next/dist/compiled/react-dom/cjs/react-dom-client.development.js:10502:19)
    at beginWork (webpack-internal:///(app-pages-browser)/../../node_modules/.pnpm/next@16.1.7_@babel+core@7.29.7_@playwright+test@1.60.0_react-dom@19.2.7_react@19.2.7/node_modules/next/dist/compiled/react-dom/cjs/react-dom-client.development.js:12137:18)
    at runWithFiberInDEV (webpack-internal:///(app-pages-browser)/../../node_modules/.pnpm/next@16.1.7_@babel+core@7.29.7_@playwright+test@1.60.0_react-dom@19.2.7_react@19.2.7/node_modules/next/dist/compiled/react-dom/cjs/react-dom-client.development.js:987:30)
    at performUnitOfWork (webpack-internal:///(app-pages-browser)/../../node_modules/.pnpm/next@16.1.7_@babel+core@7.29.7_@playwright+test@1.60.0_react-dom@19.2.7_react@19.2.7/node_modules/next/dist/compiled/react-dom/cjs/react-dom-client.development.js:18998:22)
    at workLoopConcurrentByScheduler (webpack-internal:///(app-pages-browser)/../../node_modules/.pnpm/next@16.1.7_@babel+core@7.29.7_@playwright+test@1.60.0_react-dom@19.2.7_react@19.2.7/node_modules/next/dist/compiled/react-dom/cjs/react-dom-client.development.js:18992:9)
    at renderRootConcurrent (webpack-internal:///(app-pages-browser)/../../node_modules/.pnpm/next@16.1.7_@babel+core@7.29.7_@playwright+test@1.60.0_react-dom@19.2.7_react@19.2.7/node_modules/next/dist/compiled/react-dom/cjs/react-dom-client.development.js:18974:15)
    at performWorkOnRoot (webpack-internal:///(app-pages-browser)/../../node_modules/.pnpm/next@16.1.7_@babel+core@7.29.7_@playwright+test@1.60.0_react-dom@19.2.7_react@19.2.7/node_modules/next/dist/compiled/react-dom/cjs/react-dom-client.development.js:17835:11)
    at performWorkOnRootViaSchedulerTask (webpack-internal:///(app-pages-browser)/../../node_modules/.pnpm/next@16.1.7_@babel+core@7.29.7_@playwright+test@1.60.0_react-dom@19.2.7_react@19.2.7/node_modules/next/dist/compiled/react-dom/cjs/react-dom-client.development.js:20385:7)
    at MessagePort.performWorkUntilDeadline (webpack-internal:///(app-pages-browser)/../../node_modules/.pnpm/next@16.1.7_@babel+core@7.29.7_@playwright+test@1.60.0_react-dom@19.2.7_react@19.2.7/node_modules/next/dist/compiled/scheduler/cjs/scheduler.development.js:45:48) @ webpack-internal:///(app-pages-browser)/../../node_modules/.pnpm/next@16.1.7_@babel+core@7.29.7_@playwright+test@1.60.0_react-dom@19.2.7_react@19.2.7/node_modules/next/dist/next-devtools/userspace/app/errors/intercept-console-error.js:51
[  134286ms] [ERROR] IntlError: MISSING_MESSAGE: Could not resolve `modules.tokenized-deposit.tokenized_deposit_0112` in messages for locale `en-US`.
    at getFallbackFromErrorAndNotify (webpack-internal:///(app-pages-browser)/../../node_modules/.pnpm/use-intl@4.13.0_react@19.2.7/node_modules/use-intl/dist/esm/development/initializeConfig-CUsOI8u2.js:108:19)
    at translateBaseFn (webpack-internal:///(app-pages-browser)/../../node_modules/.pnpm/use-intl@4.13.0_react@19.2.7/node_modules/use-intl/dist/esm/development/initializeConfig-CUsOI8u2.js:141:18)
    at translateFn (webpack-internal:///(app-pages-browser)/../../node_modules/.pnpm/use-intl@4.13.0_react@19.2.7/node_modules/use-intl/dist/esm/development/initializeConfig-CUsOI8u2.js:173:20)
    at RigsecWalletModal (webpack-internal:///(app-pages-browser)/../../libs/modules/tokenized-deposit/feature/src/lib/tokenized-deposit-edit/rigsec-wallet-modal.tsx:23:23)
    at Object.react_stack_bottom_frame (webpack-internal:///(app-pages-browser)/../../node_modules/.pnpm/next@16.1.7_@babel+core@7.29.7_@playwright+test@1.60.0_react-dom@19.2.7_react@19.2.7/node_modules/next/dist/compiled/react-dom/cjs/react-dom-client.development.js:28039:20)
    at renderWithHooks (webpack-internal:///(app-pages-browser)/../../node_modules/.pnpm/next@16.1.7_@babel+core@7.29.7_@playwright+test@1.60.0_react-dom@19.2.7_react@19.2.7/node_modules/next/dist/compiled/react-dom/cjs/react-dom-client.development.js:7985:22)
    at updateFunctionComponent (webpack-internal:///(app-pages-browser)/../../node_modules/.pnpm/next@16.1.7_@babel+core@7.29.7_@playwright+test@1.60.0_react-dom@19.2.7_react@19.2.7/node_modules/next/dist/compiled/react-dom/cjs/react-dom-client.development.js:10502:19)
    at beginWork (webpack-internal:///(app-pages-browser)/../../node_modules/.pnpm/next@16.1.7_@babel+core@7.29.7_@playwright+test@1.60.0_react-dom@19.2.7_react@19.2.7/node_modules/next/dist/compiled/react-dom/cjs/react-dom-client.development.js:12137:18)
    at runWithFiberInDEV (webpack-internal:///(app-pages-browser)/../../node_modules/.pnpm/next@16.1.7_@babel+core@7.29.7_@playwright+test@1.60.0_react-dom@19.2.7_react@19.2.7/node_modules/next/dist/compiled/react-dom/cjs/react-dom-client.development.js:987:30)
    at performUnitOfWork (webpack-internal:///(app-pages-browser)/../../node_modules/.pnpm/next@16.1.7_@babel+core@7.29.7_@playwright+test@1.60.0_react-dom@19.2.7_react@19.2.7/node_modules/next/dist/compiled/react-dom/cjs/react-dom-client.development.js:18998:22)
    at workLoopConcurrentByScheduler (webpack-internal:///(app-pages-browser)/../../node_modules/.pnpm/next@16.1.7_@babel+core@7.29.7_@playwright+test@1.60.0_react-dom@19.2.7_react@19.2.7/node_modules/next/dist/compiled/react-dom/cjs/react-dom-client.development.js:18992:9)
    at renderRootConcurrent (webpack-internal:///(app-pages-browser)/../../node_modules/.pnpm/next@16.1.7_@babel+core@7.29.7_@playwright+test@1.60.0_react-dom@19.2.7_react@19.2.7/node_modules/next/dist/compiled/react-dom/cjs/react-dom-client.development.js:18974:15)
    at performWorkOnRoot (webpack-internal:///(app-pages-browser)/../../node_modules/.pnpm/next@16.1.7_@babel+core@7.29.7_@playwright+test@1.60.0_react-dom@19.2.7_react@19.2.7/node_modules/next/dist/compiled/react-dom/cjs/react-dom-client.development.js:17835:11)
    at performWorkOnRootViaSchedulerTask (webpack-internal:///(app-pages-browser)/../../node_modules/.pnpm/next@16.1.7_@babel+core@7.29.7_@playwright+test@1.60.0_react-dom@19.2.7_react@19.2.7/node_modules/next/dist/compiled/react-dom/cjs/react-dom-client.development.js:20385:7)
    at MessagePort.performWorkUntilDeadline (webpack-internal:///(app-pages-browser)/../../node_modules/.pnpm/next@16.1.7_@babel+core@7.29.7_@playwright+test@1.60.0_react-dom@19.2.7_react@19.2.7/node_modules/next/dist/compiled/scheduler/cjs/scheduler.development.js:45:48) @ webpack-internal:///(app-pages-browser)/../../node_modules/.pnpm/next@16.1.7_@babel+core@7.29.7_@playwright+test@1.60.0_react-dom@19.2.7_react@19.2.7/node_modules/next/dist/next-devtools/userspace/app/errors/intercept-console-error.js:51
[  134287ms] [ERROR] IntlError: MISSING_MESSAGE: Could not resolve `modules.tokenized-deposit.tokenized_deposit_0112` in messages for locale `en-US`.
    at getFallbackFromErrorAndNotify (webpack-internal:///(app-pages-browser)/../../node_modules/.pnpm/use-intl@4.13.0_react@19.2.7/node_modules/use-intl/dist/esm/development/initializeConfig-CUsOI8u2.js:108:19)
    at translateBaseFn (webpack-internal:///(app-pages-browser)/../../node_modules/.pnpm/use-intl@4.13.0_react@19.2.7/node_modules/use-intl/dist/esm/development/initializeConfig-CUsOI8u2.js:141:18)
    at translateFn (webpack-internal:///(app-pages-browser)/../../node_modules/.pnpm/use-intl@4.13.0_react@19.2.7/node_modules/use-intl/dist/esm/development/initializeConfig-CUsOI8u2.js:173:20)
    at RigsecWalletModal (webpack-internal:///(app-pages-browser)/../../libs/modules/tokenized-deposit/feature/src/lib/tokenized-deposit-edit/rigsec-wallet-modal.tsx:23:23)
    at Object.react_stack_bottom_frame (webpack-internal:///(app-pages-browser)/../../node_modules/.pnpm/next@16.1.7_@babel+core@7.29.7_@playwright+test@1.60.0_react-dom@19.2.7_react@19.2.7/node_modules/next/dist/compiled/react-dom/cjs/react-dom-client.development.js:28039:20)
    at renderWithHooksAgain (webpack-internal:///(app-pages-browser)/../../node_modules/.pnpm/next@16.1.7_@babel+core@7.29.7_@playwright+test@1.60.0_react-dom@19.2.7_react@19.2.7/node_modules/next/dist/compiled/react-dom/cjs/react-dom-client.development.js:8085:20)
    at renderWithHooks (webpack-internal:///(app-pages-browser)/../../node_modules/.pnpm/next@16.1.7_@babel+core@7.29.7_@playwright+test@1.60.0_react-dom@19.2.7_react@19.2.7/node_modules/next/dist/compiled/react-dom/cjs/react-dom-client.development.js:7997:22)
    at updateFunctionComponent (webpack-internal:///(app-pages-browser)/../../node_modules/.pnpm/next@16.1.7_@babel+core@7.29.7_@playwright+test@1.60.0_react-dom@19.2.7_react@19.2.7/node_modules/next/dist/compiled/react-dom/cjs/react-dom-client.development.js:10502:19)
    at beginWork (webpack-internal:///(app-pages-browser)/../../node_modules/.pnpm/next@16.1.7_@babel+core@7.29.7_@playwright+test@1.60.0_react-dom@19.2.7_react@19.2.7/node_modules/next/dist/compiled/react-dom/cjs/react-dom-client.development.js:12137:18)
    at runWithFiberInDEV (webpack-internal:///(app-pages-browser)/../../node_modules/.pnpm/next@16.1.7_@babel+core@7.29.7_@playwright+test@1.60.0_react-dom@19.2.7_react@19.2.7/node_modules/next/dist/compiled/react-dom/cjs/react-dom-client.development.js:987:30)
    at performUnitOfWork (webpack-internal:///(app-pages-browser)/../../node_modules/.pnpm/next@16.1.7_@babel+core@7.29.7_@playwright+test@1.60.0_react-dom@19.2.7_react@19.2.7/node_modules/next/dist/compiled/react-dom/cjs/react-dom-client.development.js:18998:22)
    at workLoopConcurrentByScheduler (webpack-internal:///(app-pages-browser)/../../node_modules/.pnpm/next@16.1.7_@babel+core@7.29.7_@playwright+test@1.60.0_react-dom@19.2.7_react@19.2.7/node_modules/next/dist/compiled/react-dom/cjs/react-dom-client.development.js:18992:9)
    at renderRootConcurrent (webpack-internal:///(app-pages-browser)/../../node_modules/.pnpm/next@16.1.7_@babel+core@7.29.7_@playwright+test@1.60.0_react-dom@19.2.7_react@19.2.7/node_modules/next/dist/compiled/react-dom/cjs/react-dom-client.development.js:18974:15)
    at performWorkOnRoot (webpack-internal:///(app-pages-browser)/../../node_modules/.pnpm/next@16.1.7_@babel+core@7.29.7_@playwright+test@1.60.0_react-dom@19.2.7_react@19.2.7/node_modules/next/dist/compiled/react-dom/cjs/react-dom-client.development.js:17835:11)
    at performWorkOnRootViaSchedulerTask (webpack-internal:///(app-pages-browser)/../../node_modules/.pnpm/next@16.1.7_@babel+core@7.29.7_@playwright+test@1.60.0_react-dom@19.2.7_react@19.2.7/node_modules/next/dist/compiled/react-dom/cjs/react-dom-client.development.js:20385:7)
    at MessagePort.performWorkUntilDeadline (webpack-internal:///(app-pages-browser)/../../node_modules/.pnpm/next@16.1.7_@babel+core@7.29.7_@playwright+test@1.60.0_react-dom@19.2.7_react@19.2.7/node_modules/next/dist/compiled/scheduler/cjs/scheduler.development.js:45:48) @ webpack-internal:///(app-pages-browser)/../../node_modules/.pnpm/next@16.1.7_@babel+core@7.29.7_@playwright+test@1.60.0_react-dom@19.2.7_react@19.2.7/node_modules/next/dist/next-devtools/userspace/app/errors/intercept-console-error.js:51
[  193379ms] [LOG] [Fast Refresh] rebuilding @ webpack-internal:///(app-pages-browser)/../../node_modules/.pnpm/next@16.1.7_@babel+core@7.29.7_@playwright+test@1.60.0_react-dom@19.2.7_react@19.2.7/node_modules/next/dist/next-devtools/shared/forward-logs-shared.js:27
[  194765ms] [WARNING] ../../libs/modules/user/data-access/src/index.ts
export 'ResultInfo' (reexported as 'ResultInfo') was not found in './lib/user.api' (possible exports: deleteUser, getRoleOptions, getTdOptions, getUserDetail, getUserList, resetUserPassword, saveUser, updateUser, updateUserStatus)

Import trace for requested module:
../../libs/modules/user/data-access/src/index.ts
../../libs/modules/user/feature/src/lib/user-list-page.tsx
../../libs/modules/user/feature/src/index.ts
../../libs/shared/util-config/src/lib/module-registry.ts @ webpack-internal:///(app-pages-browser)/../../node_modules/.pnpm/next@16.1.7_@babel+core@7.29.7_@playwright+test@1.60.0_react-dom@19.2.7_react@19.2.7/node_modules/next/dist/next-devtools/shared/forward-logs-shared.js:27
[  194795ms] [LOG] [Fast Refresh] done in 1415ms @ webpack-internal:///(app-pages-browser)/../../node_modules/.pnpm/next@16.1.7_@babel+core@7.29.7_@playwright+test@1.60.0_react-dom@19.2.7_react@19.2.7/node_modules/next/dist/next-devtools/shared/forward-logs-shared.js:27
[  195010ms] [ERROR] IntlError: MISSING_MESSAGE: Could not resolve `modules.tokenized-deposit.tokenized_deposit_0112` in messages for locale `en-US`.
    at getFallbackFromErrorAndNotify (webpack-internal:///(app-pages-browser)/../../node_modules/.pnpm/use-intl@4.13.0_react@19.2.7/node_modules/use-intl/dist/esm/development/initializeConfig-CUsOI8u2.js:108:19)
    at translateBaseFn (webpack-internal:///(app-pages-browser)/../../node_modules/.pnpm/use-intl@4.13.0_react@19.2.7/node_modules/use-intl/dist/esm/development/initializeConfig-CUsOI8u2.js:141:18)
    at translateFn (webpack-internal:///(app-pages-browser)/../../node_modules/.pnpm/use-intl@4.13.0_react@19.2.7/node_modules/use-intl/dist/esm/development/initializeConfig-CUsOI8u2.js:173:20)
    at WalletFieldGroup (webpack-internal:///(app-pages-browser)/../../libs/modules/tokenized-deposit/feature/src/lib/tokenized-deposit-edit/wallet-field-group.tsx:20:32)
    at Object.react_stack_bottom_frame (webpack-internal:///(app-pages-browser)/../../node_modules/.pnpm/next@16.1.7_@babel+core@7.29.7_@playwright+test@1.60.0_react-dom@19.2.7_react@19.2.7/node_modules/next/dist/compiled/react-dom/cjs/react-dom-client.development.js:28039:20)
    at renderWithHooks (webpack-internal:///(app-pages-browser)/../../node_modules/.pnpm/next@16.1.7_@babel+core@7.29.7_@playwright+test@1.60.0_react-dom@19.2.7_react@19.2.7/node_modules/next/dist/compiled/react-dom/cjs/react-dom-client.development.js:7985:22)
    at updateFunctionComponent (webpack-internal:///(app-pages-browser)/../../node_modules/.pnpm/next@16.1.7_@babel+core@7.29.7_@playwright+test@1.60.0_react-dom@19.2.7_react@19.2.7/node_modules/next/dist/compiled/react-dom/cjs/react-dom-client.development.js:10502:19)
    at beginWork (webpack-internal:///(app-pages-browser)/../../node_modules/.pnpm/next@16.1.7_@babel+core@7.29.7_@playwright+test@1.60.0_react-dom@19.2.7_react@19.2.7/node_modules/next/dist/compiled/react-dom/cjs/react-dom-client.development.js:12137:18)
    at runWithFiberInDEV (webpack-internal:///(app-pages-browser)/../../node_modules/.pnpm/next@16.1.7_@babel+core@7.29.7_@playwright+test@1.60.0_react-dom@19.2.7_react@19.2.7/node_modules/next/dist/compiled/react-dom/cjs/react-dom-client.development.js:987:30)
    at performUnitOfWork (webpack-internal:///(app-pages-browser)/../../node_modules/.pnpm/next@16.1.7_@babel+core@7.29.7_@playwright+test@1.60.0_react-dom@19.2.7_react@19.2.7/node_modules/next/dist/compiled/react-dom/cjs/react-dom-client.development.js:18998:22)
    at workLoopConcurrentByScheduler (webpack-internal:///(app-pages-browser)/../../node_modules/.pnpm/next@16.1.7_@babel+core@7.29.7_@playwright+test@1.60.0_react-dom@19.2.7_react@19.2.7/node_modules/next/dist/compiled/react-dom/cjs/react-dom-client.development.js:18992:9)
    at renderRootConcurrent (webpack-internal:///(app-pages-browser)/../../node_modules/.pnpm/next@16.1.7_@babel+core@7.29.7_@playwright+test@1.60.0_react-dom@19.2.7_react@19.2.7/node_modules/next/dist/compiled/react-dom/cjs/react-dom-client.development.js:18974:15)
    at performWorkOnRoot (webpack-internal:///(app-pages-browser)/../../node_modules/.pnpm/next@16.1.7_@babel+core@7.29.7_@playwright+test@1.60.0_react-dom@19.2.7_react@19.2.7/node_modules/next/dist/compiled/react-dom/cjs/react-dom-client.development.js:17835:11)
    at performWorkOnRootViaSchedulerTask (webpack-internal:///(app-pages-browser)/../../node_modules/.pnpm/next@16.1.7_@babel+core@7.29.7_@playwright+test@1.60.0_react-dom@19.2.7_react@19.2.7/node_modules/next/dist/compiled/react-dom/cjs/react-dom-client.development.js:20385:7)
    at MessagePort.performWorkUntilDeadline (webpack-internal:///(app-pages-browser)/../../node_modules/.pnpm/next@16.1.7_@babel+core@7.29.7_@playwright+test@1.60.0_react-dom@19.2.7_react@19.2.7/node_modules/next/dist/compiled/scheduler/cjs/scheduler.development.js:45:48) @ webpack-internal:///(app-pages-browser)/../../node_modules/.pnpm/next@16.1.7_@babel+core@7.29.7_@playwright+test@1.60.0_react-dom@19.2.7_react@19.2.7/node_modules/next/dist/next-devtools/userspace/app/errors/intercept-console-error.js:51
[  195010ms] [ERROR] IntlError: MISSING_MESSAGE: Could not resolve `modules.tokenized-deposit.tokenized_deposit_0112` in messages for locale `en-US`.
    at getFallbackFromErrorAndNotify (webpack-internal:///(app-pages-browser)/../../node_modules/.pnpm/use-intl@4.13.0_react@19.2.7/node_modules/use-intl/dist/esm/development/initializeConfig-CUsOI8u2.js:108:19)
    at translateBaseFn (webpack-internal:///(app-pages-browser)/../../node_modules/.pnpm/use-intl@4.13.0_react@19.2.7/node_modules/use-intl/dist/esm/development/initializeConfig-CUsOI8u2.js:141:18)
    at translateFn (webpack-internal:///(app-pages-browser)/../../node_modules/.pnpm/use-intl@4.13.0_react@19.2.7/node_modules/use-intl/dist/esm/development/initializeConfig-CUsOI8u2.js:173:20)
    at WalletFieldGroup (webpack-internal:///(app-pages-browser)/../../libs/modules/tokenized-deposit/feature/src/lib/tokenized-deposit-edit/wallet-field-group.tsx:20:32)
    at Object.react_stack_bottom_frame (webpack-internal:///(app-pages-browser)/../../node_modules/.pnpm/next@16.1.7_@babel+core@7.29.7_@playwright+test@1.60.0_react-dom@19.2.7_react@19.2.7/node_modules/next/dist/compiled/react-dom/cjs/react-dom-client.development.js:28039:20)
    at renderWithHooksAgain (webpack-internal:///(app-pages-browser)/../../node_modules/.pnpm/next@16.1.7_@babel+core@7.29.7_@playwright+test@1.60.0_react-dom@19.2.7_react@19.2.7/node_modules/next/dist/compiled/react-dom/cjs/react-dom-client.development.js:8085:20)
    at renderWithHooks (webpack-internal:///(app-pages-browser)/../../node_modules/.pnpm/next@16.1.7_@babel+core@7.29.7_@playwright+test@1.60.0_react-dom@19.2.7_react@19.2.7/node_modules/next/dist/compiled/react-dom/cjs/react-dom-client.development.js:7997:22)
    at updateFunctionComponent (webpack-internal:///(app-pages-browser)/../../node_modules/.pnpm/next@16.1.7_@babel+core@7.29.7_@playwright+test@1.60.0_react-dom@19.2.7_react@19.2.7/node_modules/next/dist/compiled/react-dom/cjs/react-dom-client.development.js:10502:19)
    at beginWork (webpack-internal:///(app-pages-browser)/../../node_modules/.pnpm/next@16.1.7_@babel+core@7.29.7_@playwright+test@1.60.0_react-dom@19.2.7_react@19.2.7/node_modules/next/dist/compiled/react-dom/cjs/react-dom-client.development.js:12137:18)
    at runWithFiberInDEV (webpack-internal:///(app-pages-browser)/../../node_modules/.pnpm/next@16.1.7_@babel+core@7.29.7_@playwright+test@1.60.0_react-dom@19.2.7_react@19.2.7/node_modules/next/dist/compiled/react-dom/cjs/react-dom-client.development.js:987:30)
    at performUnitOfWork (webpack-internal:///(app-pages-browser)/../../node_modules/.pnpm/next@16.1.7_@babel+core@7.29.7_@playwright+test@1.60.0_react-dom@19.2.7_react@19.2.7/node_modules/next/dist/compiled/react-dom/cjs/react-dom-client.development.js:18998:22)
    at workLoopConcurrentByScheduler (webpack-internal:///(app-pages-browser)/../../node_modules/.pnpm/next@16.1.7_@babel+core@7.29.7_@playwright+test@1.60.0_react-dom@19.2.7_react@19.2.7/node_modules/next/dist/compiled/react-dom/cjs/react-dom-client.development.js:18992:9)
    at renderRootConcurrent (webpack-internal:///(app-pages-browser)/../../node_modules/.pnpm/next@16.1.7_@babel+core@7.29.7_@playwright+test@1.60.0_react-dom@19.2.7_react@19.2.7/node_modules/next/dist/compiled/react-dom/cjs/react-dom-client.development.js:18974:15)
    at performWorkOnRoot (webpack-internal:///(app-pages-browser)/../../node_modules/.pnpm/next@16.1.7_@babel+core@7.29.7_@playwright+test@1.60.0_react-dom@19.2.7_react@19.2.7/node_modules/next/dist/compiled/react-dom/cjs/react-dom-client.development.js:17835:11)
    at performWorkOnRootViaSchedulerTask (webpack-internal:///(app-pages-browser)/../../node_modules/.pnpm/next@16.1.7_@babel+core@7.29.7_@playwright+test@1.60.0_react-dom@19.2.7_react@19.2.7/node_modules/next/dist/compiled/react-dom/cjs/react-dom-client.development.js:20385:7)
    at MessagePort.performWorkUntilDeadline (webpack-internal:///(app-pages-browser)/../../node_modules/.pnpm/next@16.1.7_@babel+core@7.29.7_@playwright+test@1.60.0_react-dom@19.2.7_react@19.2.7/node_modules/next/dist/compiled/scheduler/cjs/scheduler.development.js:45:48) @ webpack-internal:///(app-pages-browser)/../../node_modules/.pnpm/next@16.1.7_@babel+core@7.29.7_@playwright+test@1.60.0_react-dom@19.2.7_react@19.2.7/node_modules/next/dist/next-devtools/userspace/app/errors/intercept-console-error.js:51
[  195012ms] [ERROR] IntlError: MISSING_MESSAGE: Could not resolve `modules.tokenized-deposit.tokenized_deposit_0113` in messages for locale `en-US`.
    at getFallbackFromErrorAndNotify (webpack-internal:///(app-pages-browser)/../../node_modules/.pnpm/use-intl@4.13.0_react@19.2.7/node_modules/use-intl/dist/esm/development/initializeConfig-CUsOI8u2.js:108:19)
    at translateBaseFn (webpack-internal:///(app-pages-browser)/../../node_modules/.pnpm/use-intl@4.13.0_react@19.2.7/node_modules/use-intl/dist/esm/development/initializeConfig-CUsOI8u2.js:141:18)
    at translateFn (webpack-internal:///(app-pages-browser)/../../node_modules/.pnpm/use-intl@4.13.0_react@19.2.7/node_modules/use-intl/dist/esm/development/initializeConfig-CUsOI8u2.js:173:20)
    at WalletFieldGroup (webpack-internal:///(app-pages-browser)/../../libs/modules/tokenized-deposit/feature/src/lib/tokenized-deposit-edit/wallet-field-group.tsx:20:32)
    at Object.react_stack_bottom_frame (webpack-internal:///(app-pages-browser)/../../node_modules/.pnpm/next@16.1.7_@babel+core@7.29.7_@playwright+test@1.60.0_react-dom@19.2.7_react@19.2.7/node_modules/next/dist/compiled/react-dom/cjs/react-dom-client.development.js:28039:20)
    at renderWithHooks (webpack-internal:///(app-pages-browser)/../../node_modules/.pnpm/next@16.1.7_@babel+core@7.29.7_@playwright+test@1.60.0_react-dom@19.2.7_react@19.2.7/node_modules/next/dist/compiled/react-dom/cjs/react-dom-client.development.js:7985:22)
    at updateFunctionComponent (webpack-internal:///(app-pages-browser)/../../node_modules/.pnpm/next@16.1.7_@babel+core@7.29.7_@playwright+test@1.60.0_react-dom@19.2.7_react@19.2.7/node_modules/next/dist/compiled/react-dom/cjs/react-dom-client.development.js:10502:19)
    at beginWork (webpack-internal:///(app-pages-browser)/../../node_modules/.pnpm/next@16.1.7_@babel+core@7.29.7_@playwright+test@1.60.0_react-dom@19.2.7_react@19.2.7/node_modules/next/dist/compiled/react-dom/cjs/react-dom-client.development.js:12137:18)
    at runWithFiberInDEV (webpack-internal:///(app-pages-browser)/../../node_modules/.pnpm/next@16.1.7_@babel+core@7.29.7_@playwright+test@1.60.0_react-dom@19.2.7_react@19.2.7/node_modules/next/dist/compiled/react-dom/cjs/react-dom-client.development.js:987:30)
    at performUnitOfWork (webpack-internal:///(app-pages-browser)/../../node_modules/.pnpm/next@16.1.7_@babel+core@7.29.7_@playwright+test@1.60.0_react-dom@19.2.7_react@19.2.7/node_modules/next/dist/compiled/react-dom/cjs/react-dom-client.development.js:18998:22)
    at workLoopConcurrentByScheduler (webpack-internal:///(app-pages-browser)/../../node_modules/.pnpm/next@16.1.7_@babel+core@7.29.7_@playwright+test@1.60.0_react-dom@19.2.7_react@19.2.7/node_modules/next/dist/compiled/react-dom/cjs/react-dom-client.development.js:18992:9)
    at renderRootConcurrent (webpack-internal:///(app-pages-browser)/../../node_modules/.pnpm/next@16.1.7_@babel+core@7.29.7_@playwright+test@1.60.0_react-dom@19.2.7_react@19.2.7/node_modules/next/dist/compiled/react-dom/cjs/react-dom-client.development.js:18974:15)
    at performWorkOnRoot (webpack-internal:///(app-pages-browser)/../../node_modules/.pnpm/next@16.1.7_@babel+core@7.29.7_@playwright+test@1.60.0_react-dom@19.2.7_react@19.2.7/node_modules/next/dist/compiled/react-dom/cjs/react-dom-client.development.js:17835:11)
    at performWorkOnRootViaSchedulerTask (webpack-internal:///(app-pages-browser)/../../node_modules/.pnpm/next@16.1.7_@babel+core@7.29.7_@playwright+test@1.60.0_react-dom@19.2.7_react@19.2.7/node_modules/next/dist/compiled/react-dom/cjs/react-dom-client.development.js:20385:7)
    at MessagePort.performWorkUntilDeadline (webpack-internal:///(app-pages-browser)/../../node_modules/.pnpm/next@16.1.7_@babel+core@7.29.7_@playwright+test@1.60.0_react-dom@19.2.7_react@19.2.7/node_modules/next/dist/compiled/scheduler/cjs/scheduler.development.js:45:48) @ webpack-internal:///(app-pages-browser)/../../node_modules/.pnpm/next@16.1.7_@babel+core@7.29.7_@playwright+test@1.60.0_react-dom@19.2.7_react@19.2.7/node_modules/next/dist/next-devtools/userspace/app/errors/intercept-console-error.js:51
[  195012ms] [ERROR] IntlError: MISSING_MESSAGE: Could not resolve `modules.tokenized-deposit.tokenized_deposit_0113` in messages for locale `en-US`.
    at getFallbackFromErrorAndNotify (webpack-internal:///(app-pages-browser)/../../node_modules/.pnpm/use-intl@4.13.0_react@19.2.7/node_modules/use-intl/dist/esm/development/initializeConfig-CUsOI8u2.js:108:19)
    at translateBaseFn (webpack-internal:///(app-pages-browser)/../../node_modules/.pnpm/use-intl@4.13.0_react@19.2.7/node_modules/use-intl/dist/esm/development/initializeConfig-CUsOI8u2.js:141:18)
    at translateFn (webpack-internal:///(app-pages-browser)/../../node_modules/.pnpm/use-intl@4.13.0_react@19.2.7/node_modules/use-intl/dist/esm/development/initializeConfig-CUsOI8u2.js:173:20)
    at WalletFieldGroup (webpack-internal:///(app-pages-browser)/../../libs/modules/tokenized-deposit/feature/src/lib/tokenized-deposit-edit/wallet-field-group.tsx:20:32)
    at Object.react_stack_bottom_frame (webpack-internal:///(app-pages-browser)/../../node_modules/.pnpm/next@16.1.7_@babel+core@7.29.7_@playwright+test@1.60.0_react-dom@19.2.7_react@19.2.7/node_modules/next/dist/compiled/react-dom/cjs/react-dom-client.development.js:28039:20)
    at renderWithHooksAgain (webpack-internal:///(app-pages-browser)/../../node_modules/.pnpm/next@16.1.7_@babel+core@7.29.7_@playwright+test@1.60.0_react-dom@19.2.7_react@19.2.7/node_modules/next/dist/compiled/react-dom/cjs/react-dom-client.development.js:8085:20)
    at renderWithHooks (webpack-internal:///(app-pages-browser)/../../node_modules/.pnpm/next@16.1.7_@babel+core@7.29.7_@playwright+test@1.60.0_react-dom@19.2.7_react@19.2.7/node_modules/next/dist/compiled/react-dom/cjs/react-dom-client.development.js:7997:22)
    at updateFunctionComponent (webpack-internal:///(app-pages-browser)/../../node_modules/.pnpm/next@16.1.7_@babel+core@7.29.7_@playwright+test@1.60.0_react-dom@19.2.7_react@19.2.7/node_modules/next/dist/compiled/react-dom/cjs/react-dom-client.development.js:10502:19)
    at beginWork (webpack-internal:///(app-pages-browser)/../../node_modules/.pnpm/next@16.1.7_@babel+core@7.29.7_@playwright+test@1.60.0_react-dom@19.2.7_react@19.2.7/node_modules/next/dist/compiled/react-dom/cjs/react-dom-client.development.js:12137:18)
    at runWithFiberInDEV (webpack-internal:///(app-pages-browser)/../../node_modules/.pnpm/next@16.1.7_@babel+core@7.29.7_@playwright+test@1.60.0_react-dom@19.2.7_react@19.2.7/node_modules/next/dist/compiled/react-dom/cjs/react-dom-client.development.js:987:30)
    at performUnitOfWork (webpack-internal:///(app-pages-browser)/../../node_modules/.pnpm/next@16.1.7_@babel+core@7.29.7_@playwright+test@1.60.0_react-dom@19.2.7_react@19.2.7/node_modules/next/dist/compiled/react-dom/cjs/react-dom-client.development.js:18998:22)
    at workLoopConcurrentByScheduler (webpack-internal:///(app-pages-browser)/../../node_modules/.pnpm/next@16.1.7_@babel+core@7.29.7_@playwright+test@1.60.0_react-dom@19.2.7_react@19.2.7/node_modules/next/dist/compiled/react-dom/cjs/react-dom-client.development.js:18992:9)
    at renderRootConcurrent (webpack-internal:///(app-pages-browser)/../../node_modules/.pnpm/next@16.1.7_@babel+core@7.29.7_@playwright+test@1.60.0_react-dom@19.2.7_react@19.2.7/node_modules/next/dist/compiled/react-dom/cjs/react-dom-client.development.js:18974:15)
    at performWorkOnRoot (webpack-internal:///(app-pages-browser)/../../node_modules/.pnpm/next@16.1.7_@babel+core@7.29.7_@playwright+test@1.60.0_react-dom@19.2.7_react@19.2.7/node_modules/next/dist/compiled/react-dom/cjs/react-dom-client.development.js:17835:11)
    at performWorkOnRootViaSchedulerTask (webpack-internal:///(app-pages-browser)/../../node_modules/.pnpm/next@16.1.7_@babel+core@7.29.7_@playwright+test@1.60.0_react-dom@19.2.7_react@19.2.7/node_modules/next/dist/compiled/react-dom/cjs/react-dom-client.development.js:20385:7)
    at MessagePort.performWorkUntilDeadline (webpack-internal:///(app-pages-browser)/../../node_modules/.pnpm/next@16.1.7_@babel+core@7.29.7_@playwright+test@1.60.0_react-dom@19.2.7_react@19.2.7/node_modules/next/dist/compiled/scheduler/cjs/scheduler.development.js:45:48) @ webpack-internal:///(app-pages-browser)/../../node_modules/.pnpm/next@16.1.7_@babel+core@7.29.7_@playwright+test@1.60.0_react-dom@19.2.7_react@19.2.7/node_modules/next/dist/next-devtools/userspace/app/errors/intercept-console-error.js:51
[  195015ms] [ERROR] IntlError: MISSING_MESSAGE: Could not resolve `modules.tokenized-deposit.tokenized_deposit_0114` in messages for locale `en-US`.
    at getFallbackFromErrorAndNotify (webpack-internal:///(app-pages-browser)/../../node_modules/.pnpm/use-intl@4.13.0_react@19.2.7/node_modules/use-intl/dist/esm/development/initializeConfig-CUsOI8u2.js:108:19)
    at translateBaseFn (webpack-internal:///(app-pages-browser)/../../node_modules/.pnpm/use-intl@4.13.0_react@19.2.7/node_modules/use-intl/dist/esm/development/initializeConfig-CUsOI8u2.js:141:18)
    at translateFn (webpack-internal:///(app-pages-browser)/../../node_modules/.pnpm/use-intl@4.13.0_react@19.2.7/node_modules/use-intl/dist/esm/development/initializeConfig-CUsOI8u2.js:173:20)
    at WalletFieldGroup (webpack-internal:///(app-pages-browser)/../../libs/modules/tokenized-deposit/feature/src/lib/tokenized-deposit-edit/wallet-field-group.tsx:20:32)
    at Object.react_stack_bottom_frame (webpack-internal:///(app-pages-browser)/../../node_modules/.pnpm/next@16.1.7_@babel+core@7.29.7_@playwright+test@1.60.0_react-dom@19.2.7_react@19.2.7/node_modules/next/dist/compiled/react-dom/cjs/react-dom-client.development.js:28039:20)
    at renderWithHooks (webpack-internal:///(app-pages-browser)/../../node_modules/.pnpm/next@16.1.7_@babel+core@7.29.7_@playwright+test@1.60.0_react-dom@19.2.7_react@19.2.7/node_modules/next/dist/compiled/react-dom/cjs/react-dom-client.development.js:7985:22)
    at updateFunctionComponent (webpack-internal:///(app-pages-browser)/../../node_modules/.pnpm/next@16.1.7_@babel+core@7.29.7_@playwright+test@1.60.0_react-dom@19.2.7_react@19.2.7/node_modules/next/dist/compiled/react-dom/cjs/react-dom-client.development.js:10502:19)
    at beginWork (webpack-internal:///(app-pages-browser)/../../node_modules/.pnpm/next@16.1.7_@babel+core@7.29.7_@playwright+test@1.60.0_react-dom@19.2.7_react@19.2.7/node_modules/next/dist/compiled/react-dom/cjs/react-dom-client.development.js:12137:18)
    at runWithFiberInDEV (webpack-internal:///(app-pages-browser)/../../node_modules/.pnpm/next@16.1.7_@babel+core@7.29.7_@playwright+test@1.60.0_react-dom@19.2.7_react@19.2.7/node_modules/next/dist/compiled/react-dom/cjs/react-dom-client.development.js:987:30)
    at performUnitOfWork (webpack-internal:///(app-pages-browser)/../../node_modules/.pnpm/next@16.1.7_@babel+core@7.29.7_@playwright+test@1.60.0_react-dom@19.2.7_react@19.2.7/node_modules/next/dist/compiled/react-dom/cjs/react-dom-client.development.js:18998:22)
    at workLoopConcurrentByScheduler (webpack-internal:///(app-pages-browser)/../../node_modules/.pnpm/next@16.1.7_@babel+core@7.29.7_@playwright+test@1.60.0_react-dom@19.2.7_react@19.2.7/node_modules/next/dist/compiled/react-dom/cjs/react-dom-client.development.js:18992:9)
    at renderRootConcurrent (webpack-internal:///(app-pages-browser)/../../node_modules/.pnpm/next@16.1.7_@babel+core@7.29.7_@playwright+test@1.60.0_react-dom@19.2.7_react@19.2.7/node_modules/next/dist/compiled/react-dom/cjs/react-dom-client.development.js:18974:15)
    at performWorkOnRoot (webpack-internal:///(app-pages-browser)/../../node_modules/.pnpm/next@16.1.7_@babel+core@7.29.7_@playwright+test@1.60.0_react-dom@19.2.7_react@19.2.7/node_modules/next/dist/compiled/react-dom/cjs/react-dom-client.development.js:17835:11)
    at performWorkOnRootViaSchedulerTask (webpack-internal:///(app-pages-browser)/../../node_modules/.pnpm/next@16.1.7_@babel+core@7.29.7_@playwright+test@1.60.0_react-dom@19.2.7_react@19.2.7/node_modules/next/dist/compiled/react-dom/cjs/react-dom-client.development.js:20385:7)
    at MessagePort.performWorkUntilDeadline (webpack-internal:///(app-pages-browser)/../../node_modules/.pnpm/next@16.1.7_@babel+core@7.29.7_@playwright+test@1.60.0_react-dom@19.2.7_react@19.2.7/node_modules/next/dist/compiled/scheduler/cjs/scheduler.development.js:45:48) @ webpack-internal:///(app-pages-browser)/../../node_modules/.pnpm/next@16.1.7_@babel+core@7.29.7_@playwright+test@1.60.0_react-dom@19.2.7_react@19.2.7/node_modules/next/dist/next-devtools/userspace/app/errors/intercept-console-error.js:51
[  195016ms] [ERROR] IntlError: MISSING_MESSAGE: Could not resolve `modules.tokenized-deposit.tokenized_deposit_0114` in messages for locale `en-US`.
    at getFallbackFromErrorAndNotify (webpack-internal:///(app-pages-browser)/../../node_modules/.pnpm/use-intl@4.13.0_react@19.2.7/node_modules/use-intl/dist/esm/development/initializeConfig-CUsOI8u2.js:108:19)
    at translateBaseFn (webpack-internal:///(app-pages-browser)/../../node_modules/.pnpm/use-intl@4.13.0_react@19.2.7/node_modules/use-intl/dist/esm/development/initializeConfig-CUsOI8u2.js:141:18)
    at translateFn (webpack-internal:///(app-pages-browser)/../../node_modules/.pnpm/use-intl@4.13.0_react@19.2.7/node_modules/use-intl/dist/esm/development/initializeConfig-CUsOI8u2.js:173:20)
    at WalletFieldGroup (webpack-internal:///(app-pages-browser)/../../libs/modules/tokenized-deposit/feature/src/lib/tokenized-deposit-edit/wallet-field-group.tsx:20:32)
    at Object.react_stack_bottom_frame (webpack-internal:///(app-pages-browser)/../../node_modules/.pnpm/next@16.1.7_@babel+core@7.29.7_@playwright+test@1.60.0_react-dom@19.2.7_react@19.2.7/node_modules/next/dist/compiled/react-dom/cjs/react-dom-client.development.js:28039:20)
    at renderWithHooksAgain (webpack-internal:///(app-pages-browser)/../../node_modules/.pnpm/next@16.1.7_@babel+core@7.29.7_@playwright+test@1.60.0_react-dom@19.2.7_react@19.2.7/node_modules/next/dist/compiled/react-dom/cjs/react-dom-client.development.js:8085:20)
    at renderWithHooks (webpack-internal:///(app-pages-browser)/../../node_modules/.pnpm/next@16.1.7_@babel+core@7.29.7_@playwright+test@1.60.0_react-dom@19.2.7_react@19.2.7/node_modules/next/dist/compiled/react-dom/cjs/react-dom-client.development.js:7997:22)
    at updateFunctionComponent (webpack-internal:///(app-pages-browser)/../../node_modules/.pnpm/next@16.1.7_@babel+core@7.29.7_@playwright+test@1.60.0_react-dom@19.2.7_react@19.2.7/node_modules/next/dist/compiled/react-dom/cjs/react-dom-client.development.js:10502:19)
    at beginWork (webpack-internal:///(app-pages-browser)/../../node_modules/.pnpm/next@16.1.7_@babel+core@7.29.7_@playwright+test@1.60.0_react-dom@19.2.7_react@19.2.7/node_modules/next/dist/compiled/react-dom/cjs/react-dom-client.development.js:12137:18)
    at runWithFiberInDEV (webpack-internal:///(app-pages-browser)/../../node_modules/.pnpm/next@16.1.7_@babel+core@7.29.7_@playwright+test@1.60.0_react-dom@19.2.7_react@19.2.7/node_modules/next/dist/compiled/react-dom/cjs/react-dom-client.development.js:987:30)
    at performUnitOfWork (webpack-internal:///(app-pages-browser)/../../node_modules/.pnpm/next@16.1.7_@babel+core@7.29.7_@playwright+test@1.60.0_react-dom@19.2.7_react@19.2.7/node_modules/next/dist/compiled/react-dom/cjs/react-dom-client.development.js:18998:22)
    at workLoopConcurrentByScheduler (webpack-internal:///(app-pages-browser)/../../node_modules/.pnpm/next@16.1.7_@babel+core@7.29.7_@playwright+test@1.60.0_react-dom@19.2.7_react@19.2.7/node_modules/next/dist/compiled/react-dom/cjs/react-dom-client.development.js:18992:9)
    at renderRootConcurrent (webpack-internal:///(app-pages-browser)/../../node_modules/.pnpm/next@16.1.7_@babel+core@7.29.7_@playwright+test@1.60.0_react-dom@19.2.7_react@19.2.7/node_modules/next/dist/compiled/react-dom/cjs/react-dom-client.development.js:18974:15)
    at performWorkOnRoot (webpack-internal:///(app-pages-browser)/../../node_modules/.pnpm/next@16.1.7_@babel+core@7.29.7_@playwright+test@1.60.0_react-dom@19.2.7_react@19.2.7/node_modules/next/dist/compiled/react-dom/cjs/react-dom-client.development.js:17835:11)
    at performWorkOnRootViaSchedulerTask (webpack-internal:///(app-pages-browser)/../../node_modules/.pnpm/next@16.1.7_@babel+core@7.29.7_@playwright+test@1.60.0_react-dom@19.2.7_react@19.2.7/node_modules/next/dist/compiled/react-dom/cjs/react-dom-client.development.js:20385:7)
    at MessagePort.performWorkUntilDeadline (webpack-internal:///(app-pages-browser)/../../node_modules/.pnpm/next@16.1.7_@babel+core@7.29.7_@playwright+test@1.60.0_react-dom@19.2.7_react@19.2.7/node_modules/next/dist/compiled/scheduler/cjs/scheduler.development.js:45:48) @ webpack-internal:///(app-pages-browser)/../../node_modules/.pnpm/next@16.1.7_@babel+core@7.29.7_@playwright+test@1.60.0_react-dom@19.2.7_react@19.2.7/node_modules/next/dist/next-devtools/userspace/app/errors/intercept-console-error.js:51
[  195019ms] [ERROR] IntlError: MISSING_MESSAGE: Could not resolve `modules.tokenized-deposit.tokenized_deposit_0112` in messages for locale `en-US`.
    at getFallbackFromErrorAndNotify (webpack-internal:///(app-pages-browser)/../../node_modules/.pnpm/use-intl@4.13.0_react@19.2.7/node_modules/use-intl/dist/esm/development/initializeConfig-CUsOI8u2.js:108:19)
    at translateBaseFn (webpack-internal:///(app-pages-browser)/../../node_modules/.pnpm/use-intl@4.13.0_react@19.2.7/node_modules/use-intl/dist/esm/development/initializeConfig-CUsOI8u2.js:141:18)
    at translateFn (webpack-internal:///(app-pages-browser)/../../node_modules/.pnpm/use-intl@4.13.0_react@19.2.7/node_modules/use-intl/dist/esm/development/initializeConfig-CUsOI8u2.js:173:20)
    at RigsecWalletModal (webpack-internal:///(app-pages-browser)/../../libs/modules/tokenized-deposit/feature/src/lib/tokenized-deposit-edit/rigsec-wallet-modal.tsx:23:23)
    at Object.react_stack_bottom_frame (webpack-internal:///(app-pages-browser)/../../node_modules/.pnpm/next@16.1.7_@babel+core@7.29.7_@playwright+test@1.60.0_react-dom@19.2.7_react@19.2.7/node_modules/next/dist/compiled/react-dom/cjs/react-dom-client.development.js:28039:20)
    at renderWithHooks (webpack-internal:///(app-pages-browser)/../../node_modules/.pnpm/next@16.1.7_@babel+core@7.29.7_@playwright+test@1.60.0_react-dom@19.2.7_react@19.2.7/node_modules/next/dist/compiled/react-dom/cjs/react-dom-client.development.js:7985:22)
    at updateFunctionComponent (webpack-internal:///(app-pages-browser)/../../node_modules/.pnpm/next@16.1.7_@babel+core@7.29.7_@playwright+test@1.60.0_react-dom@19.2.7_react@19.2.7/node_modules/next/dist/compiled/react-dom/cjs/react-dom-client.development.js:10502:19)
    at beginWork (webpack-internal:///(app-pages-browser)/../../node_modules/.pnpm/next@16.1.7_@babel+core@7.29.7_@playwright+test@1.60.0_react-dom@19.2.7_react@19.2.7/node_modules/next/dist/compiled/react-dom/cjs/react-dom-client.development.js:12137:18)
    at runWithFiberInDEV (webpack-internal:///(app-pages-browser)/../../node_modules/.pnpm/next@16.1.7_@babel+core@7.29.7_@playwright+test@1.60.0_react-dom@19.2.7_react@19.2.7/node_modules/next/dist/compiled/react-dom/cjs/react-dom-client.development.js:987:30)
    at performUnitOfWork (webpack-internal:///(app-pages-browser)/../../node_modules/.pnpm/next@16.1.7_@babel+core@7.29.7_@playwright+test@1.60.0_react-dom@19.2.7_react@19.2.7/node_modules/next/dist/compiled/react-dom/cjs/react-dom-client.development.js:18998:22)
    at workLoopConcurrentByScheduler (webpack-internal:///(app-pages-browser)/../../node_modules/.pnpm/next@16.1.7_@babel+core@7.29.7_@playwright+test@1.60.0_react-dom@19.2.7_react@19.2.7/node_modules/next/dist/compiled/react-dom/cjs/react-dom-client.development.js:18992:9)
    at renderRootConcurrent (webpack-internal:///(app-pages-browser)/../../node_modules/.pnpm/next@16.1.7_@babel+core@7.29.7_@playwright+test@1.60.0_react-dom@19.2.7_react@19.2.7/node_modules/next/dist/compiled/react-dom/cjs/react-dom-client.development.js:18974:15)
    at performWorkOnRoot (webpack-internal:///(app-pages-browser)/../../node_modules/.pnpm/next@16.1.7_@babel+core@7.29.7_@playwright+test@1.60.0_react-dom@19.2.7_react@19.2.7/node_modules/next/dist/compiled/react-dom/cjs/react-dom-client.development.js:17835:11)
    at performWorkOnRootViaSchedulerTask (webpack-internal:///(app-pages-browser)/../../node_modules/.pnpm/next@16.1.7_@babel+core@7.29.7_@playwright+test@1.60.0_react-dom@19.2.7_react@19.2.7/node_modules/next/dist/compiled/react-dom/cjs/react-dom-client.development.js:20385:7)
    at MessagePort.performWorkUntilDeadline (webpack-internal:///(app-pages-browser)/../../node_modules/.pnpm/next@16.1.7_@babel+core@7.29.7_@playwright+test@1.60.0_react-dom@19.2.7_react@19.2.7/node_modules/next/dist/compiled/scheduler/cjs/scheduler.development.js:45:48) @ webpack-internal:///(app-pages-browser)/../../node_modules/.pnpm/next@16.1.7_@babel+core@7.29.7_@playwright+test@1.60.0_react-dom@19.2.7_react@19.2.7/node_modules/next/dist/next-devtools/userspace/app/errors/intercept-console-error.js:51
[  195020ms] [ERROR] IntlError: MISSING_MESSAGE: Could not resolve `modules.tokenized-deposit.tokenized_deposit_0112` in messages for locale `en-US`.
    at getFallbackFromErrorAndNotify (webpack-internal:///(app-pages-browser)/../../node_modules/.pnpm/use-intl@4.13.0_react@19.2.7/node_modules/use-intl/dist/esm/development/initializeConfig-CUsOI8u2.js:108:19)
    at translateBaseFn (webpack-internal:///(app-pages-browser)/../../node_modules/.pnpm/use-intl@4.13.0_react@19.2.7/node_modules/use-intl/dist/esm/development/initializeConfig-CUsOI8u2.js:141:18)
    at translateFn (webpack-internal:///(app-pages-browser)/../../node_modules/.pnpm/use-intl@4.13.0_react@19.2.7/node_modules/use-intl/dist/esm/development/initializeConfig-CUsOI8u2.js:173:20)
    at RigsecWalletModal (webpack-internal:///(app-pages-browser)/../../libs/modules/tokenized-deposit/feature/src/lib/tokenized-deposit-edit/rigsec-wallet-modal.tsx:23:23)
    at Object.react_stack_bottom_frame (webpack-internal:///(app-pages-browser)/../../node_modules/.pnpm/next@16.1.7_@babel+core@7.29.7_@playwright+test@1.60.0_react-dom@19.2.7_react@19.2.7/node_modules/next/dist/compiled/react-dom/cjs/react-dom-client.development.js:28039:20)
    at renderWithHooksAgain (webpack-internal:///(app-pages-browser)/../../node_modules/.pnpm/next@16.1.7_@babel+core@7.29.7_@playwright+test@1.60.0_react-dom@19.2.7_react@19.2.7/node_modules/next/dist/compiled/react-dom/cjs/react-dom-client.development.js:8085:20)
    at renderWithHooks (webpack-internal:///(app-pages-browser)/../../node_modules/.pnpm/next@16.1.7_@babel+core@7.29.7_@playwright+test@1.60.0_react-dom@19.2.7_react@19.2.7/node_modules/next/dist/compiled/react-dom/cjs/react-dom-client.development.js:7997:22)
    at updateFunctionComponent (webpack-internal:///(app-pages-browser)/../../node_modules/.pnpm/next@16.1.7_@babel+core@7.29.7_@playwright+test@1.60.0_react-dom@19.2.7_react@19.2.7/node_modules/next/dist/compiled/react-dom/cjs/react-dom-client.development.js:10502:19)
    at beginWork (webpack-internal:///(app-pages-browser)/../../node_modules/.pnpm/next@16.1.7_@babel+core@7.29.7_@playwright+test@1.60.0_react-dom@19.2.7_react@19.2.7/node_modules/next/dist/compiled/react-dom/cjs/react-dom-client.development.js:12137:18)
    at runWithFiberInDEV (webpack-internal:///(app-pages-browser)/../../node_modules/.pnpm/next@16.1.7_@babel+core@7.29.7_@playwright+test@1.60.0_react-dom@19.2.7_react@19.2.7/node_modules/next/dist/compiled/react-dom/cjs/react-dom-client.development.js:987:30)
    at performUnitOfWork (webpack-internal:///(app-pages-browser)/../../node_modules/.pnpm/next@16.1.7_@babel+core@7.29.7_@playwright+test@1.60.0_react-dom@19.2.7_react@19.2.7/node_modules/next/dist/compiled/react-dom/cjs/react-dom-client.development.js:18998:22)
    at workLoopConcurrentByScheduler (webpack-internal:///(app-pages-browser)/../../node_modules/.pnpm/next@16.1.7_@babel+core@7.29.7_@playwright+test@1.60.0_react-dom@19.2.7_react@19.2.7/node_modules/next/dist/compiled/react-dom/cjs/react-dom-client.development.js:18992:9)
    at renderRootConcurrent (webpack-internal:///(app-pages-browser)/../../node_modules/.pnpm/next@16.1.7_@babel+core@7.29.7_@playwright+test@1.60.0_react-dom@19.2.7_react@19.2.7/node_modules/next/dist/compiled/react-dom/cjs/react-dom-client.development.js:18974:15)
    at performWorkOnRoot (webpack-internal:///(app-pages-browser)/../../node_modules/.pnpm/next@16.1.7_@babel+core@7.29.7_@playwright+test@1.60.0_react-dom@19.2.7_react@19.2.7/node_modules/next/dist/compiled/react-dom/cjs/react-dom-client.development.js:17835:11)
    at performWorkOnRootViaSchedulerTask (webpack-internal:///(app-pages-browser)/../../node_modules/.pnpm/next@16.1.7_@babel+core@7.29.7_@playwright+test@1.60.0_react-dom@19.2.7_react@19.2.7/node_modules/next/dist/compiled/react-dom/cjs/react-dom-client.development.js:20385:7)
    at MessagePort.performWorkUntilDeadline (webpack-internal:///(app-pages-browser)/../../node_modules/.pnpm/next@16.1.7_@babel+core@7.29.7_@playwright+test@1.60.0_react-dom@19.2.7_react@19.2.7/node_modules/next/dist/compiled/scheduler/cjs/scheduler.development.js:45:48) @ webpack-internal:///(app-pages-browser)/../../node_modules/.pnpm/next@16.1.7_@babel+core@7.29.7_@playwright+test@1.60.0_react-dom@19.2.7_react@19.2.7/node_modules/next/dist/next-devtools/userspace/app/errors/intercept-console-error.js:51
[  208132ms] [LOG] [Fast Refresh] rebuilding @ webpack-internal:///(app-pages-browser)/../../node_modules/.pnpm/next@16.1.7_@babel+core@7.29.7_@playwright+test@1.60.0_react-dom@19.2.7_react@19.2.7/node_modules/next/dist/next-devtools/shared/forward-logs-shared.js:27
[  211788ms] [WARNING] ../../libs/modules/user/data-access/src/index.ts
export 'ResultInfo' (reexported as 'ResultInfo') was not found in './lib/user.api' (possible exports: deleteUser, getRoleOptions, getTdOptions, getUserDetail, getUserList, resetUserPassword, saveUser, updateUser, updateUserStatus)

Import trace for requested module:
../../libs/modules/user/data-access/src/index.ts
../../libs/modules/user/feature/src/lib/user-list-page.tsx
../../libs/modules/user/feature/src/index.ts
../../libs/shared/util-config/src/lib/module-registry.ts @ webpack-internal:///(app-pages-browser)/../../node_modules/.pnpm/next@16.1.7_@babel+core@7.29.7_@playwright+test@1.60.0_react-dom@19.2.7_react@19.2.7/node_modules/next/dist/next-devtools/shared/forward-logs-shared.js:27
[  211805ms] [LOG] [Fast Refresh] done in 3673ms @ webpack-internal:///(app-pages-browser)/../../node_modules/.pnpm/next@16.1.7_@babel+core@7.29.7_@playwright+test@1.60.0_react-dom@19.2.7_react@19.2.7/node_modules/next/dist/next-devtools/shared/forward-logs-shared.js:27
