[     203ms] [LOG] [Fast Refresh] rebuilding @ http://localhost:3000/_next/static/chunks/509c2_next_dist_512df543._.js:2297
[     396ms] [LOG] [Fast Refresh] done in 293ms @ http://localhost:3000/_next/static/chunks/509c2_next_dist_512df543._.js:2297
[    9879ms] [INFO] %cDownload the React DevTools for a better development experience: https://react.dev/link/react-devtools font-weight:bold @ http://localhost:3000/_next/static/chunks/509c2_next_dist_512df543._.js:2297
[    9910ms] [LOG] [HMR] connected @ http://localhost:3000/_next/static/chunks/509c2_next_dist_512df543._.js:2297
[   13532ms] [WARNING] The resource http://localhost:3000/_next/static/chunks/%5Broot-of-the-server%5D__e4da2690._.css was preloaded using link preload but not used within a few seconds from the window's load event. Please make sure it has an appropriate `as` value and it is preloaded intentionally. @ http://localhost:3000/en-US:0
[   96723ms] [LOG] [Fast Refresh] rebuilding @ http://localhost:3000/_next/static/chunks/509c2_next_dist_512df543._.js:2297
[   96739ms] [LOG] [Fast Refresh] done in 118ms @ http://localhost:3000/_next/static/chunks/509c2_next_dist_512df543._.js:2297
[ 1677300ms] [LOG] [Fast Refresh] rebuilding @ http://localhost:3000/_next/static/chunks/509c2_next_dist_512df543._.js:2297
[ 1677348ms] [LOG] [Fast Refresh] done in 149ms @ http://localhost:3000/_next/static/chunks/509c2_next_dist_512df543._.js:2297
[ 1677507ms] [LOG] [Fast Refresh] rebuilding @ http://localhost:3000/_next/static/chunks/509c2_next_dist_512df543._.js:2297
[ 1677627ms] [LOG] [Fast Refresh] done in 221ms @ http://localhost:3000/_next/static/chunks/509c2_next_dist_512df543._.js:2297
[ 1679000ms] [LOG] [Fast Refresh] rebuilding @ http://localhost:3000/_next/static/chunks/509c2_next_dist_512df543._.js:2297
[ 1679068ms] [LOG] [Fast Refresh] done in 168ms @ http://localhost:3000/_next/static/chunks/509c2_next_dist_512df543._.js:2297
[ 1679281ms] [LOG] [Fast Refresh] rebuilding @ http://localhost:3000/_next/static/chunks/509c2_next_dist_512df543._.js:2297
[ 1679331ms] [LOG] [Fast Refresh] done in 151ms @ http://localhost:3000/_next/static/chunks/509c2_next_dist_512df543._.js:2297
[ 1680388ms] [LOG] [Fast Refresh] rebuilding @ http://localhost:3000/_next/static/chunks/509c2_next_dist_512df543._.js:2297
[ 1680420ms] [LOG] [Fast Refresh] done in 133ms @ http://localhost:3000/_next/static/chunks/509c2_next_dist_512df543._.js:2297
[ 1680612ms] [LOG] [Fast Refresh] rebuilding @ http://localhost:3000/_next/static/chunks/509c2_next_dist_512df543._.js:2297
[ 1680640ms] [LOG] [Fast Refresh] done in 129ms @ http://localhost:3000/_next/static/chunks/509c2_next_dist_512df543._.js:2297
[ 1681406ms] [LOG] [Fast Refresh] rebuilding @ http://localhost:3000/_next/static/chunks/509c2_next_dist_512df543._.js:2297
[ 1681465ms] [LOG] [Fast Refresh] done in 160ms @ http://localhost:3000/_next/static/chunks/509c2_next_dist_512df543._.js:2297
[ 1682384ms] [LOG] [Fast Refresh] rebuilding @ http://localhost:3000/_next/static/chunks/509c2_next_dist_512df543._.js:2297
[ 1682420ms] [LOG] [Fast Refresh] done in 137ms @ http://localhost:3000/_next/static/chunks/509c2_next_dist_512df543._.js:2297
[ 1683222ms] [LOG] [Fast Refresh] rebuilding @ http://localhost:3000/_next/static/chunks/509c2_next_dist_512df543._.js:2297
[ 1683249ms] [LOG] [Fast Refresh] done in 129ms @ http://localhost:3000/_next/static/chunks/509c2_next_dist_512df543._.js:2297
[ 1684022ms] [LOG] [Fast Refresh] rebuilding @ http://localhost:3000/_next/static/chunks/509c2_next_dist_512df543._.js:2297
[ 1684062ms] [LOG] [Fast Refresh] done in 141ms @ http://localhost:3000/_next/static/chunks/509c2_next_dist_512df543._.js:2297
[ 1726814ms] [LOG] [Fast Refresh] rebuilding @ http://localhost:3000/_next/static/chunks/509c2_next_dist_512df543._.js:2297
[ 1730117ms] [WARNING] The resource http://localhost:3000/_next/static/chunks/%5Broot-of-the-server%5D__e4da2690._.css was preloaded using link preload but not used within a few seconds from the window's load event. Please make sure it has an appropriate `as` value and it is preloaded intentionally. @ http://localhost:3000/en-US:0
[ 1730402ms] [LOG] [Fast Refresh] done in 3025ms @ http://localhost:3000/_next/static/chunks/509c2_next_dist_512df543._.js:2297
[ 1731206ms] [LOG] [Fast Refresh] rebuilding @ http://localhost:3000/_next/static/chunks/509c2_next_dist_512df543._.js:2297
[ 1731220ms] [LOG] [Fast Refresh] done in 116ms @ http://localhost:3000/_next/static/chunks/509c2_next_dist_512df543._.js:2297
[ 1734567ms] [WARNING] The resource http://localhost:3000/_next/static/chunks/%5Broot-of-the-server%5D__e4da2690._.css was preloaded using link preload but not used within a few seconds from the window's load event. Please make sure it has an appropriate `as` value and it is preloaded intentionally. @ http://localhost:3000/en-US:0
[ 1765546ms] [LOG] [Fast Refresh] rebuilding @ http://localhost:3000/_next/static/chunks/509c2_next_dist_512df543._.js:2297
[ 1765588ms] [ERROR] ./pi-cwd-20260601/admin-platform/apps/admin/src/app/[locale]/(app)/page.tsx:480:13
Parsing ecmascript source code failed
  478 |           </SelectContent>
  479 |         </Select>
> 480 |       </div>
      |             ^
> 481 |     </div>
      | ^^^^^
  482 |   );
  483 | }
  484 |

Expected '</', got 'jsx text'

Import traces:
  Client Component Browser:
    ./pi-cwd-20260601/admin-platform/apps/admin/src/app/[locale]/(app)/page.tsx [Client Component Browser]
    ./pi-cwd-20260601/admin-platform/apps/admin/src/app/[locale]/(app)/page.tsx [Server Component]

  Client Component SSR:
    ./pi-cwd-20260601/admin-platform/apps/admin/src/app/[locale]/(app)/page.tsx [Client Component SSR]
    ./pi-cwd-20260601/admin-platform/apps/admin/src/app/[locale]/(app)/page.tsx [Server Component] @ http://localhost:3000/_next/static/chunks/509c2_next_dist_512df543._.js:3127
[ 1768632ms] [WARNING] The resource http://localhost:3000/_next/static/chunks/%5Broot-of-the-server%5D__e4da2690._.css was preloaded using link preload but not used within a few seconds from the window's load event. Please make sure it has an appropriate `as` value and it is preloaded intentionally. @ http://localhost:3000/en-US:0
[ 1829849ms] [LOG] [Fast Refresh] rebuilding @ http://localhost:3000/_next/static/chunks/509c2_next_dist_512df543._.js:2297
[ 1830744ms] [LOG] [Fast Refresh] done in 402ms @ http://localhost:3000/_next/static/chunks/509c2_next_dist_512df543._.js:2297
[ 1830897ms] [LOG] [Fast Refresh] rebuilding @ http://localhost:3000/_next/static/chunks/509c2_next_dist_512df543._.js:2297
[ 1830898ms] [LOG] [Fast Refresh] done in 154ms @ http://localhost:3000/_next/static/chunks/509c2_next_dist_512df543._.js:2297
[ 1831011ms] [ERROR] Failed to load resource: the server responded with a status of 404 (Not Found) @ http://localhost:3000/aps/manage/v1/statistics/getStableCoin:0
[ 1831053ms] [ERROR] Failed to load resource: the server responded with a status of 404 (Not Found) @ http://localhost:3000/aps/manage/v1/td/dashboard/wallet/statistics:0
[ 1831098ms] [ERROR] Failed to load resource: the server responded with a status of 404 (Not Found) @ http://localhost:3000/aps/manage/v1/td/dashboard/transaction/statistics:0
[ 1831099ms] [ERROR] Failed to load resource: the server responded with a status of 404 (Not Found) @ http://localhost:3000/aps/manage/v1/common/stablecoin/enabled/searches:0
[ 1834490ms] [WARNING] The resource http://localhost:3000/_next/static/chunks/%5Broot-of-the-server%5D__e4da2690._.css was preloaded using link preload but not used within a few seconds from the window's load event. Please make sure it has an appropriate `as` value and it is preloaded intentionally. @ http://localhost:3000/en-US:0
[ 1971657ms] [LOG] [Fast Refresh] rebuilding @ http://localhost:3000/_next/static/chunks/509c2_next_dist_512df543._.js:2297
[ 1971727ms] [LOG] [Fast Refresh] done in 85ms @ http://localhost:3000/_next/static/chunks/509c2_next_dist_512df543._.js:2297
[ 1971757ms] [ERROR] Failed to load resource: the server responded with a status of 404 (Not Found) @ http://localhost:3000/aps/manage/v1/common/stablecoin/enabled/searches:0
[ 1971775ms] [ERROR] Failed to load resource: the server responded with a status of 404 (Not Found) @ http://localhost:3000/aps/manage/v1/td/dashboard/transaction/statistics:0
[ 1971776ms] [ERROR] Failed to load resource: the server responded with a status of 404 (Not Found) @ http://localhost:3000/aps/manage/v1/statistics/getStableCoin:0
[ 1971811ms] [ERROR] Failed to load resource: the server responded with a status of 404 (Not Found) @ http://localhost:3000/aps/manage/v1/td/dashboard/wallet/statistics:0
[ 1974812ms] [WARNING] The resource http://localhost:3000/_next/static/chunks/%5Broot-of-the-server%5D__e4da2690._.css was preloaded using link preload but not used within a few seconds from the window's load event. Please make sure it has an appropriate `as` value and it is preloaded intentionally. @ http://localhost:3000/en-US:0
[ 1976773ms] [LOG] [HMR] connected @ http://localhost:3000/_next/static/chunks/509c2_next_dist_512df543._.js:2297
[ 1979776ms] [WARNING] The resource http://localhost:3000/_next/static/chunks/%5Broot-of-the-server%5D__e4da2690._.css was preloaded using link preload but not used within a few seconds from the window's load event. Please make sure it has an appropriate `as` value and it is preloaded intentionally. @ http://localhost:3000/en-US:0
[ 1999811ms] [INFO] %cDownload the React DevTools for a better development experience: https://react.dev/link/react-devtools font-weight:bold @ http://localhost:3000/_next/static/chunks/509c2_next_dist_512df543._.js:2297
[ 1999926ms] [LOG] [HMR] connected @ http://localhost:3000/_next/static/chunks/509c2_next_dist_512df543._.js:2297
[ 2013897ms] [LOG] [Fast Refresh] rebuilding @ http://localhost:3000/_next/static/chunks/509c2_next_dist_512df543._.js:2297
[ 2015407ms] [LOG] [Fast Refresh] done in 1730ms @ http://localhost:3000/_next/static/chunks/509c2_next_dist_512df543._.js:2297
[ 2018161ms] [WARNING] The resource http://localhost:3000/_next/static/chunks/%5Broot-of-the-server%5D__e4da2690._.css was preloaded using link preload but not used within a few seconds from the window's load event. Please make sure it has an appropriate `as` value and it is preloaded intentionally. @ http://localhost:3000/en-US:0
[ 2057151ms] [INFO] %cDownload the React DevTools for a better development experience: https://react.dev/link/react-devtools font-weight:bold @ http://localhost:3000/_next/static/chunks/509c2_next_dist_512df543._.js:2297
[ 2057204ms] [LOG] [HMR] connected @ http://localhost:3000/_next/static/chunks/509c2_next_dist_512df543._.js:2297
[ 2057597ms] [ERROR] IntlError: MISSING_MESSAGE: Could not resolve `modules.dashboard` in messages for locale `login`.
    at getMessagesOrError (http://localhost:3000/_next/static/chunks/db2ad__pnpm_bc426aec._.js:3637:27)
    at createBaseTranslator (http://localhost:3000/_next/static/chunks/db2ad__pnpm_bc426aec._.js:3642:29)
    at useTranslationsImpl.useMemo[translate] (http://localhost:3000/_next/static/chunks/db2ad__pnpm_bc426aec._.js:4163:378)
    at mountMemo (http://localhost:3000/_next/static/chunks/509c2_next_dist_compiled_react-dom_1698bfa6._.js:5424:25)
    at Object.useMemo (http://localhost:3000/_next/static/chunks/509c2_next_dist_compiled_react-dom_1698bfa6._.js:15003:24)
    at exports.useMemo (http://localhost:3000/_next/static/chunks/509c2_next_dist_compiled_9044104d._.js:1742:36)
    at useTranslationsImpl (http://localhost:3000/_next/static/chunks/db2ad__pnpm_bc426aec._.js:4162:416)
    at useTranslations (http://localhost:3000/_next/static/chunks/db2ad__pnpm_bc426aec._.js:4201:12)
    at http://localhost:3000/_next/static/chunks/db2ad__pnpm_6cafc622._.js:70:20
    at DashboardPage (http://localhost:3000/_next/static/chunks/pi-cwd-20260601_admin-platform_d7a92737._.js:987:432)
    at Object.react_stack_bottom_frame (http://localhost:3000/_next/static/chunks/509c2_next_dist_compiled_react-dom_1698bfa6._.js:14826:24)
    at renderWithHooks (http://localhost:3000/_next/static/chunks/509c2_next_dist_compiled_react-dom_1698bfa6._.js:4651:24)
    at updateFunctionComponent (http://localhost:3000/_next/static/chunks/509c2_next_dist_compiled_react-dom_1698bfa6._.js:6112:21)
    at beginWork (http://localhost:3000/_next/static/chunks/509c2_next_dist_compiled_react-dom_1698bfa6._.js:6708:24)
    at runWithFiberInDEV (http://localhost:3000/_next/static/chunks/509c2_next_dist_compiled_react-dom_1698bfa6._.js:965:74)
    at performUnitOfWork (http://localhost:3000/_next/static/chunks/509c2_next_dist_compiled_react-dom_1698bfa6._.js:9562:97)
    at workLoopConcurrentByScheduler (http://localhost:3000/_next/static/chunks/509c2_next_dist_compiled_react-dom_1698bfa6._.js:9558:58)
    at renderRootConcurrent (http://localhost:3000/_next/static/chunks/509c2_next_dist_compiled_react-dom_1698bfa6._.js:9541:71)
    at performWorkOnRoot (http://localhost:3000/_next/static/chunks/509c2_next_dist_compiled_react-dom_1698bfa6._.js:9068:150)
    at performWorkOnRootViaSchedulerTask (http://localhost:3000/_next/static/chunks/509c2_next_dist_compiled_react-dom_1698bfa6._.js:10230:9)
    at MessagePort.performWorkUntilDeadline (http://localhost:3000/_next/static/chunks/509c2_next_dist_compiled_9044104d._.js:2647:64) @ http://localhost:3000/_next/static/chunks/509c2_next_dist_512df543._.js:3127
[ 2057597ms] [ERROR] IntlError: MISSING_MESSAGE: Could not resolve `modules.dashboard` in messages for locale `login`.
    at getMessagesOrError (http://localhost:3000/_next/static/chunks/db2ad__pnpm_bc426aec._.js:3637:27)
    at createBaseTranslator (http://localhost:3000/_next/static/chunks/db2ad__pnpm_bc426aec._.js:3642:29)
    at useTranslationsImpl.useMemo[translate] (http://localhost:3000/_next/static/chunks/db2ad__pnpm_bc426aec._.js:4163:378)
    at mountMemo (http://localhost:3000/_next/static/chunks/509c2_next_dist_compiled_react-dom_1698bfa6._.js:5424:25)
    at Object.useMemo (http://localhost:3000/_next/static/chunks/509c2_next_dist_compiled_react-dom_1698bfa6._.js:15003:24)
    at exports.useMemo (http://localhost:3000/_next/static/chunks/509c2_next_dist_compiled_9044104d._.js:1742:36)
    at useTranslationsImpl (http://localhost:3000/_next/static/chunks/db2ad__pnpm_bc426aec._.js:4162:416)
    at useTranslations (http://localhost:3000/_next/static/chunks/db2ad__pnpm_bc426aec._.js:4201:12)
    at http://localhost:3000/_next/static/chunks/db2ad__pnpm_6cafc622._.js:70:20
    at DashboardPage (http://localhost:3000/_next/static/chunks/pi-cwd-20260601_admin-platform_d7a92737._.js:987:432)
    at Object.react_stack_bottom_frame (http://localhost:3000/_next/static/chunks/509c2_next_dist_compiled_react-dom_1698bfa6._.js:14826:24)
    at renderWithHooks (http://localhost:3000/_next/static/chunks/509c2_next_dist_compiled_react-dom_1698bfa6._.js:4651:24)
    at updateFunctionComponent (http://localhost:3000/_next/static/chunks/509c2_next_dist_compiled_react-dom_1698bfa6._.js:6112:21)
    at beginWork (http://localhost:3000/_next/static/chunks/509c2_next_dist_compiled_react-dom_1698bfa6._.js:6708:24)
    at runWithFiberInDEV (http://localhost:3000/_next/static/chunks/509c2_next_dist_compiled_react-dom_1698bfa6._.js:965:74)
    at performUnitOfWork (http://localhost:3000/_next/static/chunks/509c2_next_dist_compiled_react-dom_1698bfa6._.js:9562:97)
    at workLoopConcurrentByScheduler (http://localhost:3000/_next/static/chunks/509c2_next_dist_compiled_react-dom_1698bfa6._.js:9558:58)
    at renderRootConcurrent (http://localhost:3000/_next/static/chunks/509c2_next_dist_compiled_react-dom_1698bfa6._.js:9541:71)
    at performWorkOnRoot (http://localhost:3000/_next/static/chunks/509c2_next_dist_compiled_react-dom_1698bfa6._.js:9068:150)
    at performWorkOnRootViaSchedulerTask (http://localhost:3000/_next/static/chunks/509c2_next_dist_compiled_react-dom_1698bfa6._.js:10230:9)
    at MessagePort.performWorkUntilDeadline (http://localhost:3000/_next/static/chunks/509c2_next_dist_compiled_9044104d._.js:2647:64) @ http://localhost:3000/_next/static/chunks/509c2_next_dist_512df543._.js:3127
[ 2057597ms] [ERROR] IntlError: MISSING_MESSAGE: Could not resolve `modules.dashboard` in messages for locale `login`.
    at getMessagesOrError (http://localhost:3000/_next/static/chunks/db2ad__pnpm_bc426aec._.js:3637:27)
    at createBaseTranslator (http://localhost:3000/_next/static/chunks/db2ad__pnpm_bc426aec._.js:3642:29)
    at useTranslationsImpl.useMemo[translate] (http://localhost:3000/_next/static/chunks/db2ad__pnpm_bc426aec._.js:4163:378)
    at mountMemo (http://localhost:3000/_next/static/chunks/509c2_next_dist_compiled_react-dom_1698bfa6._.js:5424:25)
    at Object.useMemo (http://localhost:3000/_next/static/chunks/509c2_next_dist_compiled_react-dom_1698bfa6._.js:15003:24)
    at exports.useMemo (http://localhost:3000/_next/static/chunks/509c2_next_dist_compiled_9044104d._.js:1742:36)
    at useTranslationsImpl (http://localhost:3000/_next/static/chunks/db2ad__pnpm_bc426aec._.js:4162:416)
    at useTranslations (http://localhost:3000/_next/static/chunks/db2ad__pnpm_bc426aec._.js:4201:12)
    at http://localhost:3000/_next/static/chunks/db2ad__pnpm_6cafc622._.js:70:20
    at DashboardPage (http://localhost:3000/_next/static/chunks/pi-cwd-20260601_admin-platform_d7a92737._.js:987:432)
    at Object.react_stack_bottom_frame (http://localhost:3000/_next/static/chunks/509c2_next_dist_compiled_react-dom_1698bfa6._.js:14826:24)
    at renderWithHooks (http://localhost:3000/_next/static/chunks/509c2_next_dist_compiled_react-dom_1698bfa6._.js:4651:24)
    at updateFunctionComponent (http://localhost:3000/_next/static/chunks/509c2_next_dist_compiled_react-dom_1698bfa6._.js:6112:21)
    at beginWork (http://localhost:3000/_next/static/chunks/509c2_next_dist_compiled_react-dom_1698bfa6._.js:6708:24)
    at runWithFiberInDEV (http://localhost:3000/_next/static/chunks/509c2_next_dist_compiled_react-dom_1698bfa6._.js:965:74)
    at performUnitOfWork (http://localhost:3000/_next/static/chunks/509c2_next_dist_compiled_react-dom_1698bfa6._.js:9562:97)
    at workLoopConcurrentByScheduler (http://localhost:3000/_next/static/chunks/509c2_next_dist_compiled_react-dom_1698bfa6._.js:9558:58)
    at renderRootConcurrent (http://localhost:3000/_next/static/chunks/509c2_next_dist_compiled_react-dom_1698bfa6._.js:9541:71)
    at performWorkOnRoot (http://localhost:3000/_next/static/chunks/509c2_next_dist_compiled_react-dom_1698bfa6._.js:9068:150)
    at performWorkOnRootViaSchedulerTask (http://localhost:3000/_next/static/chunks/509c2_next_dist_compiled_react-dom_1698bfa6._.js:10230:9)
    at MessagePort.performWorkUntilDeadline (http://localhost:3000/_next/static/chunks/509c2_next_dist_compiled_9044104d._.js:2647:64) @ http://localhost:3000/_next/static/chunks/509c2_next_dist_512df543._.js:3127
[ 2057598ms] [ERROR] IntlError: MISSING_MESSAGE: Could not resolve `modules.dashboard` in messages for locale `login`.
    at getMessagesOrError (http://localhost:3000/_next/static/chunks/db2ad__pnpm_bc426aec._.js:3637:27)
    at createBaseTranslator (http://localhost:3000/_next/static/chunks/db2ad__pnpm_bc426aec._.js:3642:29)
    at useTranslationsImpl.useMemo[translate] (http://localhost:3000/_next/static/chunks/db2ad__pnpm_bc426aec._.js:4163:378)
    at mountMemo (http://localhost:3000/_next/static/chunks/509c2_next_dist_compiled_react-dom_1698bfa6._.js:5424:25)
    at Object.useMemo (http://localhost:3000/_next/static/chunks/509c2_next_dist_compiled_react-dom_1698bfa6._.js:15003:24)
    at exports.useMemo (http://localhost:3000/_next/static/chunks/509c2_next_dist_compiled_9044104d._.js:1742:36)
    at useTranslationsImpl (http://localhost:3000/_next/static/chunks/db2ad__pnpm_bc426aec._.js:4162:416)
    at useTranslations (http://localhost:3000/_next/static/chunks/db2ad__pnpm_bc426aec._.js:4201:12)
    at http://localhost:3000/_next/static/chunks/db2ad__pnpm_6cafc622._.js:70:20
    at DashboardPage (http://localhost:3000/_next/static/chunks/pi-cwd-20260601_admin-platform_d7a92737._.js:987:432)
    at Object.react_stack_bottom_frame (http://localhost:3000/_next/static/chunks/509c2_next_dist_compiled_react-dom_1698bfa6._.js:14826:24)
    at renderWithHooks (http://localhost:3000/_next/static/chunks/509c2_next_dist_compiled_react-dom_1698bfa6._.js:4651:24)
    at updateFunctionComponent (http://localhost:3000/_next/static/chunks/509c2_next_dist_compiled_react-dom_1698bfa6._.js:6112:21)
    at beginWork (http://localhost:3000/_next/static/chunks/509c2_next_dist_compiled_react-dom_1698bfa6._.js:6708:24)
    at runWithFiberInDEV (http://localhost:3000/_next/static/chunks/509c2_next_dist_compiled_react-dom_1698bfa6._.js:965:74)
    at performUnitOfWork (http://localhost:3000/_next/static/chunks/509c2_next_dist_compiled_react-dom_1698bfa6._.js:9562:97)
    at workLoopConcurrentByScheduler (http://localhost:3000/_next/static/chunks/509c2_next_dist_compiled_react-dom_1698bfa6._.js:9558:58)
    at renderRootConcurrent (http://localhost:3000/_next/static/chunks/509c2_next_dist_compiled_react-dom_1698bfa6._.js:9541:71)
    at performWorkOnRoot (http://localhost:3000/_next/static/chunks/509c2_next_dist_compiled_react-dom_1698bfa6._.js:9068:150)
    at performWorkOnRootViaSchedulerTask (http://localhost:3000/_next/static/chunks/509c2_next_dist_compiled_react-dom_1698bfa6._.js:10230:9)
    at MessagePort.performWorkUntilDeadline (http://localhost:3000/_next/static/chunks/509c2_next_dist_compiled_9044104d._.js:2647:64) @ http://localhost:3000/_next/static/chunks/509c2_next_dist_512df543._.js:3127
[ 2057598ms] [ERROR] IntlError: MISSING_MESSAGE: Could not resolve `modules.dashboard` in messages for locale `login`.
    at getMessagesOrError (http://localhost:3000/_next/static/chunks/db2ad__pnpm_bc426aec._.js:3637:27)
    at createBaseTranslator (http://localhost:3000/_next/static/chunks/db2ad__pnpm_bc426aec._.js:3642:29)
    at useTranslationsImpl.useMemo[translate] (http://localhost:3000/_next/static/chunks/db2ad__pnpm_bc426aec._.js:4163:378)
    at mountMemo (http://localhost:3000/_next/static/chunks/509c2_next_dist_compiled_react-dom_1698bfa6._.js:5424:25)
    at Object.useMemo (http://localhost:3000/_next/static/chunks/509c2_next_dist_compiled_react-dom_1698bfa6._.js:15003:24)
    at exports.useMemo (http://localhost:3000/_next/static/chunks/509c2_next_dist_compiled_9044104d._.js:1742:36)
    at useTranslationsImpl (http://localhost:3000/_next/static/chunks/db2ad__pnpm_bc426aec._.js:4162:416)
    at useTranslations (http://localhost:3000/_next/static/chunks/db2ad__pnpm_bc426aec._.js:4201:12)
    at http://localhost:3000/_next/static/chunks/db2ad__pnpm_6cafc622._.js:70:20
    at DashboardPage (http://localhost:3000/_next/static/chunks/pi-cwd-20260601_admin-platform_d7a92737._.js:987:432)
    at Object.react_stack_bottom_frame (http://localhost:3000/_next/static/chunks/509c2_next_dist_compiled_react-dom_1698bfa6._.js:14826:24)
    at renderWithHooks (http://localhost:3000/_next/static/chunks/509c2_next_dist_compiled_react-dom_1698bfa6._.js:4651:24)
    at updateFunctionComponent (http://localhost:3000/_next/static/chunks/509c2_next_dist_compiled_react-dom_1698bfa6._.js:6112:21)
    at beginWork (http://localhost:3000/_next/static/chunks/509c2_next_dist_compiled_react-dom_1698bfa6._.js:6708:24)
    at runWithFiberInDEV (http://localhost:3000/_next/static/chunks/509c2_next_dist_compiled_react-dom_1698bfa6._.js:965:74)
    at performUnitOfWork (http://localhost:3000/_next/static/chunks/509c2_next_dist_compiled_react-dom_1698bfa6._.js:9562:97)
    at workLoopConcurrentByScheduler (http://localhost:3000/_next/static/chunks/509c2_next_dist_compiled_react-dom_1698bfa6._.js:9558:58)
    at renderRootConcurrent (http://localhost:3000/_next/static/chunks/509c2_next_dist_compiled_react-dom_1698bfa6._.js:9541:71)
    at performWorkOnRoot (http://localhost:3000/_next/static/chunks/509c2_next_dist_compiled_react-dom_1698bfa6._.js:9068:150)
    at performWorkOnRootViaSchedulerTask (http://localhost:3000/_next/static/chunks/509c2_next_dist_compiled_react-dom_1698bfa6._.js:10230:9)
    at MessagePort.performWorkUntilDeadline (http://localhost:3000/_next/static/chunks/509c2_next_dist_compiled_9044104d._.js:2647:64) @ http://localhost:3000/_next/static/chunks/509c2_next_dist_512df543._.js:3127
[ 2057598ms] [ERROR] IntlError: MISSING_MESSAGE: Could not resolve `modules.dashboard` in messages for locale `login`.
    at getMessagesOrError (http://localhost:3000/_next/static/chunks/db2ad__pnpm_bc426aec._.js:3637:27)
    at createBaseTranslator (http://localhost:3000/_next/static/chunks/db2ad__pnpm_bc426aec._.js:3642:29)
    at useTranslationsImpl.useMemo[translate] (http://localhost:3000/_next/static/chunks/db2ad__pnpm_bc426aec._.js:4163:378)
    at mountMemo (http://localhost:3000/_next/static/chunks/509c2_next_dist_compiled_react-dom_1698bfa6._.js:5424:25)
    at Object.useMemo (http://localhost:3000/_next/static/chunks/509c2_next_dist_compiled_react-dom_1698bfa6._.js:15003:24)
    at exports.useMemo (http://localhost:3000/_next/static/chunks/509c2_next_dist_compiled_9044104d._.js:1742:36)
    at useTranslationsImpl (http://localhost:3000/_next/static/chunks/db2ad__pnpm_bc426aec._.js:4162:416)
    at useTranslations (http://localhost:3000/_next/static/chunks/db2ad__pnpm_bc426aec._.js:4201:12)
    at http://localhost:3000/_next/static/chunks/db2ad__pnpm_6cafc622._.js:70:20
    at DashboardPage (http://localhost:3000/_next/static/chunks/pi-cwd-20260601_admin-platform_d7a92737._.js:987:432)
    at Object.react_stack_bottom_frame (http://localhost:3000/_next/static/chunks/509c2_next_dist_compiled_react-dom_1698bfa6._.js:14826:24)
    at renderWithHooks (http://localhost:3000/_next/static/chunks/509c2_next_dist_compiled_react-dom_1698bfa6._.js:4651:24)
    at updateFunctionComponent (http://localhost:3000/_next/static/chunks/509c2_next_dist_compiled_react-dom_1698bfa6._.js:6112:21)
    at beginWork (http://localhost:3000/_next/static/chunks/509c2_next_dist_compiled_react-dom_1698bfa6._.js:6708:24)
    at runWithFiberInDEV (http://localhost:3000/_next/static/chunks/509c2_next_dist_compiled_react-dom_1698bfa6._.js:965:74)
    at performUnitOfWork (http://localhost:3000/_next/static/chunks/509c2_next_dist_compiled_react-dom_1698bfa6._.js:9562:97)
    at workLoopConcurrentByScheduler (http://localhost:3000/_next/static/chunks/509c2_next_dist_compiled_react-dom_1698bfa6._.js:9558:58)
    at renderRootConcurrent (http://localhost:3000/_next/static/chunks/509c2_next_dist_compiled_react-dom_1698bfa6._.js:9541:71)
    at performWorkOnRoot (http://localhost:3000/_next/static/chunks/509c2_next_dist_compiled_react-dom_1698bfa6._.js:9068:150)
    at performWorkOnRootViaSchedulerTask (http://localhost:3000/_next/static/chunks/509c2_next_dist_compiled_react-dom_1698bfa6._.js:10230:9)
    at MessagePort.performWorkUntilDeadline (http://localhost:3000/_next/static/chunks/509c2_next_dist_compiled_9044104d._.js:2647:64) @ http://localhost:3000/_next/static/chunks/509c2_next_dist_512df543._.js:3127
[ 2057598ms] [ERROR] IntlError: MISSING_MESSAGE: Could not resolve `modules.dashboard` in messages for locale `login`.
    at getMessagesOrError (http://localhost:3000/_next/static/chunks/db2ad__pnpm_bc426aec._.js:3637:27)
    at createBaseTranslator (http://localhost:3000/_next/static/chunks/db2ad__pnpm_bc426aec._.js:3642:29)
    at useTranslationsImpl.useMemo[translate] (http://localhost:3000/_next/static/chunks/db2ad__pnpm_bc426aec._.js:4163:378)
    at mountMemo (http://localhost:3000/_next/static/chunks/509c2_next_dist_compiled_react-dom_1698bfa6._.js:5424:25)
    at Object.useMemo (http://localhost:3000/_next/static/chunks/509c2_next_dist_compiled_react-dom_1698bfa6._.js:15003:24)
    at exports.useMemo (http://localhost:3000/_next/static/chunks/509c2_next_dist_compiled_9044104d._.js:1742:36)
    at useTranslationsImpl (http://localhost:3000/_next/static/chunks/db2ad__pnpm_bc426aec._.js:4162:416)
    at useTranslations (http://localhost:3000/_next/static/chunks/db2ad__pnpm_bc426aec._.js:4201:12)
    at http://localhost:3000/_next/static/chunks/db2ad__pnpm_6cafc622._.js:70:20
    at DashboardPage (http://localhost:3000/_next/static/chunks/pi-cwd-20260601_admin-platform_d7a92737._.js:987:432)
    at Object.react_stack_bottom_frame (http://localhost:3000/_next/static/chunks/509c2_next_dist_compiled_react-dom_1698bfa6._.js:14826:24)
    at renderWithHooks (http://localhost:3000/_next/static/chunks/509c2_next_dist_compiled_react-dom_1698bfa6._.js:4651:24)
    at updateFunctionComponent (http://localhost:3000/_next/static/chunks/509c2_next_dist_compiled_react-dom_1698bfa6._.js:6112:21)
    at beginWork (http://localhost:3000/_next/static/chunks/509c2_next_dist_compiled_react-dom_1698bfa6._.js:6708:24)
    at runWithFiberInDEV (http://localhost:3000/_next/static/chunks/509c2_next_dist_compiled_react-dom_1698bfa6._.js:965:74)
    at performUnitOfWork (http://localhost:3000/_next/static/chunks/509c2_next_dist_compiled_react-dom_1698bfa6._.js:9562:97)
    at workLoopConcurrentByScheduler (http://localhost:3000/_next/static/chunks/509c2_next_dist_compiled_react-dom_1698bfa6._.js:9558:58)
    at renderRootConcurrent (http://localhost:3000/_next/static/chunks/509c2_next_dist_compiled_react-dom_1698bfa6._.js:9541:71)
    at performWorkOnRoot (http://localhost:3000/_next/static/chunks/509c2_next_dist_compiled_react-dom_1698bfa6._.js:9068:150)
    at performWorkOnRootViaSchedulerTask (http://localhost:3000/_next/static/chunks/509c2_next_dist_compiled_react-dom_1698bfa6._.js:10230:9)
    at MessagePort.performWorkUntilDeadline (http://localhost:3000/_next/static/chunks/509c2_next_dist_compiled_9044104d._.js:2647:64) @ http://localhost:3000/_next/static/chunks/509c2_next_dist_512df543._.js:3127
[ 2057599ms] [ERROR] IntlError: MISSING_MESSAGE: Could not resolve `modules.dashboard` in messages for locale `login`.
    at getMessagesOrError (http://localhost:3000/_next/static/chunks/db2ad__pnpm_bc426aec._.js:3637:27)
    at createBaseTranslator (http://localhost:3000/_next/static/chunks/db2ad__pnpm_bc426aec._.js:3642:29)
    at useTranslationsImpl.useMemo[translate] (http://localhost:3000/_next/static/chunks/db2ad__pnpm_bc426aec._.js:4163:378)
    at mountMemo (http://localhost:3000/_next/static/chunks/509c2_next_dist_compiled_react-dom_1698bfa6._.js:5424:25)
    at Object.useMemo (http://localhost:3000/_next/static/chunks/509c2_next_dist_compiled_react-dom_1698bfa6._.js:15003:24)
    at exports.useMemo (http://localhost:3000/_next/static/chunks/509c2_next_dist_compiled_9044104d._.js:1742:36)
    at useTranslationsImpl (http://localhost:3000/_next/static/chunks/db2ad__pnpm_bc426aec._.js:4162:416)
    at useTranslations (http://localhost:3000/_next/static/chunks/db2ad__pnpm_bc426aec._.js:4201:12)
    at http://localhost:3000/_next/static/chunks/db2ad__pnpm_6cafc622._.js:70:20
    at DashboardPage (http://localhost:3000/_next/static/chunks/pi-cwd-20260601_admin-platform_d7a92737._.js:987:432)
    at Object.react_stack_bottom_frame (http://localhost:3000/_next/static/chunks/509c2_next_dist_compiled_react-dom_1698bfa6._.js:14826:24)
    at renderWithHooks (http://localhost:3000/_next/static/chunks/509c2_next_dist_compiled_react-dom_1698bfa6._.js:4651:24)
    at updateFunctionComponent (http://localhost:3000/_next/static/chunks/509c2_next_dist_compiled_react-dom_1698bfa6._.js:6112:21)
    at beginWork (http://localhost:3000/_next/static/chunks/509c2_next_dist_compiled_react-dom_1698bfa6._.js:6708:24)
    at runWithFiberInDEV (http://localhost:3000/_next/static/chunks/509c2_next_dist_compiled_react-dom_1698bfa6._.js:965:74)
    at performUnitOfWork (http://localhost:3000/_next/static/chunks/509c2_next_dist_compiled_react-dom_1698bfa6._.js:9562:97)
    at workLoopConcurrentByScheduler (http://localhost:3000/_next/static/chunks/509c2_next_dist_compiled_react-dom_1698bfa6._.js:9558:58)
    at renderRootConcurrent (http://localhost:3000/_next/static/chunks/509c2_next_dist_compiled_react-dom_1698bfa6._.js:9541:71)
    at performWorkOnRoot (http://localhost:3000/_next/static/chunks/509c2_next_dist_compiled_react-dom_1698bfa6._.js:9068:150)
    at performWorkOnRootViaSchedulerTask (http://localhost:3000/_next/static/chunks/509c2_next_dist_compiled_react-dom_1698bfa6._.js:10230:9)
    at MessagePort.performWorkUntilDeadline (http://localhost:3000/_next/static/chunks/509c2_next_dist_compiled_9044104d._.js:2647:64) @ http://localhost:3000/_next/static/chunks/509c2_next_dist_512df543._.js:3127
[ 2057599ms] [ERROR] IntlError: MISSING_MESSAGE: Could not resolve `modules.dashboard` in messages for locale `login`.
    at getMessagesOrError (http://localhost:3000/_next/static/chunks/db2ad__pnpm_bc426aec._.js:3637:27)
    at createBaseTranslator (http://localhost:3000/_next/static/chunks/db2ad__pnpm_bc426aec._.js:3642:29)
    at useTranslationsImpl.useMemo[translate] (http://localhost:3000/_next/static/chunks/db2ad__pnpm_bc426aec._.js:4163:378)
    at mountMemo (http://localhost:3000/_next/static/chunks/509c2_next_dist_compiled_react-dom_1698bfa6._.js:5424:25)
    at Object.useMemo (http://localhost:3000/_next/static/chunks/509c2_next_dist_compiled_react-dom_1698bfa6._.js:15003:24)
    at exports.useMemo (http://localhost:3000/_next/static/chunks/509c2_next_dist_compiled_9044104d._.js:1742:36)
    at useTranslationsImpl (http://localhost:3000/_next/static/chunks/db2ad__pnpm_bc426aec._.js:4162:416)
    at useTranslations (http://localhost:3000/_next/static/chunks/db2ad__pnpm_bc426aec._.js:4201:12)
    at http://localhost:3000/_next/static/chunks/db2ad__pnpm_6cafc622._.js:70:20
    at DashboardPage (http://localhost:3000/_next/static/chunks/pi-cwd-20260601_admin-platform_d7a92737._.js:987:432)
    at Object.react_stack_bottom_frame (http://localhost:3000/_next/static/chunks/509c2_next_dist_compiled_react-dom_1698bfa6._.js:14826:24)
    at renderWithHooks (http://localhost:3000/_next/static/chunks/509c2_next_dist_compiled_react-dom_1698bfa6._.js:4651:24)
    at updateFunctionComponent (http://localhost:3000/_next/static/chunks/509c2_next_dist_compiled_react-dom_1698bfa6._.js:6112:21)
    at beginWork (http://localhost:3000/_next/static/chunks/509c2_next_dist_compiled_react-dom_1698bfa6._.js:6708:24)
    at runWithFiberInDEV (http://localhost:3000/_next/static/chunks/509c2_next_dist_compiled_react-dom_1698bfa6._.js:965:74)
    at performUnitOfWork (http://localhost:3000/_next/static/chunks/509c2_next_dist_compiled_react-dom_1698bfa6._.js:9562:97)
    at workLoopConcurrentByScheduler (http://localhost:3000/_next/static/chunks/509c2_next_dist_compiled_react-dom_1698bfa6._.js:9558:58)
    at renderRootConcurrent (http://localhost:3000/_next/static/chunks/509c2_next_dist_compiled_react-dom_1698bfa6._.js:9541:71)
    at performWorkOnRoot (http://localhost:3000/_next/static/chunks/509c2_next_dist_compiled_react-dom_1698bfa6._.js:9068:150)
    at performWorkOnRootViaSchedulerTask (http://localhost:3000/_next/static/chunks/509c2_next_dist_compiled_react-dom_1698bfa6._.js:10230:9)
    at MessagePort.performWorkUntilDeadline (http://localhost:3000/_next/static/chunks/509c2_next_dist_compiled_9044104d._.js:2647:64) @ http://localhost:3000/_next/static/chunks/509c2_next_dist_512df543._.js:3127
[ 2057600ms] [ERROR] IntlError: MISSING_MESSAGE: Could not resolve `modules.dashboard` in messages for locale `login`.
    at getMessagesOrError (http://localhost:3000/_next/static/chunks/db2ad__pnpm_bc426aec._.js:3637:27)
    at createBaseTranslator (http://localhost:3000/_next/static/chunks/db2ad__pnpm_bc426aec._.js:3642:29)
    at useTranslationsImpl.useMemo[translate] (http://localhost:3000/_next/static/chunks/db2ad__pnpm_bc426aec._.js:4163:378)
    at mountMemo (http://localhost:3000/_next/static/chunks/509c2_next_dist_compiled_react-dom_1698bfa6._.js:5424:25)
    at Object.useMemo (http://localhost:3000/_next/static/chunks/509c2_next_dist_compiled_react-dom_1698bfa6._.js:15003:24)
    at exports.useMemo (http://localhost:3000/_next/static/chunks/509c2_next_dist_compiled_9044104d._.js:1742:36)
    at useTranslationsImpl (http://localhost:3000/_next/static/chunks/db2ad__pnpm_bc426aec._.js:4162:416)
    at useTranslations (http://localhost:3000/_next/static/chunks/db2ad__pnpm_bc426aec._.js:4201:12)
    at http://localhost:3000/_next/static/chunks/db2ad__pnpm_6cafc622._.js:70:20
    at DashboardPage (http://localhost:3000/_next/static/chunks/pi-cwd-20260601_admin-platform_d7a92737._.js:987:432)
    at Object.react_stack_bottom_frame (http://localhost:3000/_next/static/chunks/509c2_next_dist_compiled_react-dom_1698bfa6._.js:14826:24)
    at renderWithHooks (http://localhost:3000/_next/static/chunks/509c2_next_dist_compiled_react-dom_1698bfa6._.js:4651:24)
    at updateFunctionComponent (http://localhost:3000/_next/static/chunks/509c2_next_dist_compiled_react-dom_1698bfa6._.js:6112:21)
    at beginWork (http://localhost:3000/_next/static/chunks/509c2_next_dist_compiled_react-dom_1698bfa6._.js:6708:24)
    at runWithFiberInDEV (http://localhost:3000/_next/static/chunks/509c2_next_dist_compiled_react-dom_1698bfa6._.js:965:74)
    at performUnitOfWork (http://localhost:3000/_next/static/chunks/509c2_next_dist_compiled_react-dom_1698bfa6._.js:9562:97)
    at workLoopConcurrentByScheduler (http://localhost:3000/_next/static/chunks/509c2_next_dist_compiled_react-dom_1698bfa6._.js:9558:58)
    at renderRootConcurrent (http://localhost:3000/_next/static/chunks/509c2_next_dist_compiled_react-dom_1698bfa6._.js:9541:71)
    at performWorkOnRoot (http://localhost:3000/_next/static/chunks/509c2_next_dist_compiled_react-dom_1698bfa6._.js:9068:150)
    at performWorkOnRootViaSchedulerTask (http://localhost:3000/_next/static/chunks/509c2_next_dist_compiled_react-dom_1698bfa6._.js:10230:9)
    at MessagePort.performWorkUntilDeadline (http://localhost:3000/_next/static/chunks/509c2_next_dist_compiled_9044104d._.js:2647:64) @ http://localhost:3000/_next/static/chunks/509c2_next_dist_512df543._.js:3127
[ 2057600ms] [ERROR] IntlError: MISSING_MESSAGE: Could not resolve `modules.dashboard` in messages for locale `login`.
    at getMessagesOrError (http://localhost:3000/_next/static/chunks/db2ad__pnpm_bc426aec._.js:3637:27)
    at createBaseTranslator (http://localhost:3000/_next/static/chunks/db2ad__pnpm_bc426aec._.js:3642:29)
    at useTranslationsImpl.useMemo[translate] (http://localhost:3000/_next/static/chunks/db2ad__pnpm_bc426aec._.js:4163:378)
    at mountMemo (http://localhost:3000/_next/static/chunks/509c2_next_dist_compiled_react-dom_1698bfa6._.js:5424:25)
    at Object.useMemo (http://localhost:3000/_next/static/chunks/509c2_next_dist_compiled_react-dom_1698bfa6._.js:15003:24)
    at exports.useMemo (http://localhost:3000/_next/static/chunks/509c2_next_dist_compiled_9044104d._.js:1742:36)
    at useTranslationsImpl (http://localhost:3000/_next/static/chunks/db2ad__pnpm_bc426aec._.js:4162:416)
    at useTranslations (http://localhost:3000/_next/static/chunks/db2ad__pnpm_bc426aec._.js:4201:12)
    at http://localhost:3000/_next/static/chunks/db2ad__pnpm_6cafc622._.js:70:20
    at DashboardPage (http://localhost:3000/_next/static/chunks/pi-cwd-20260601_admin-platform_d7a92737._.js:987:432)
    at Object.react_stack_bottom_frame (http://localhost:3000/_next/static/chunks/509c2_next_dist_compiled_react-dom_1698bfa6._.js:14826:24)
    at renderWithHooks (http://localhost:3000/_next/static/chunks/509c2_next_dist_compiled_react-dom_1698bfa6._.js:4651:24)
    at updateFunctionComponent (http://localhost:3000/_next/static/chunks/509c2_next_dist_compiled_react-dom_1698bfa6._.js:6112:21)
    at beginWork (http://localhost:3000/_next/static/chunks/509c2_next_dist_compiled_react-dom_1698bfa6._.js:6708:24)
    at runWithFiberInDEV (http://localhost:3000/_next/static/chunks/509c2_next_dist_compiled_react-dom_1698bfa6._.js:965:74)
    at performUnitOfWork (http://localhost:3000/_next/static/chunks/509c2_next_dist_compiled_react-dom_1698bfa6._.js:9562:97)
    at workLoopConcurrentByScheduler (http://localhost:3000/_next/static/chunks/509c2_next_dist_compiled_react-dom_1698bfa6._.js:9558:58)
    at renderRootConcurrent (http://localhost:3000/_next/static/chunks/509c2_next_dist_compiled_react-dom_1698bfa6._.js:9541:71)
    at performWorkOnRoot (http://localhost:3000/_next/static/chunks/509c2_next_dist_compiled_react-dom_1698bfa6._.js:9068:150)
    at performWorkOnRootViaSchedulerTask (http://localhost:3000/_next/static/chunks/509c2_next_dist_compiled_react-dom_1698bfa6._.js:10230:9)
    at MessagePort.performWorkUntilDeadline (http://localhost:3000/_next/static/chunks/509c2_next_dist_compiled_9044104d._.js:2647:64) @ http://localhost:3000/_next/static/chunks/509c2_next_dist_512df543._.js:3127
[ 2057601ms] [ERROR] IntlError: MISSING_MESSAGE: Could not resolve `modules.dashboard` in messages for locale `login`.
    at getMessagesOrError (http://localhost:3000/_next/static/chunks/db2ad__pnpm_bc426aec._.js:3637:27)
    at createBaseTranslator (http://localhost:3000/_next/static/chunks/db2ad__pnpm_bc426aec._.js:3642:29)
    at useTranslationsImpl.useMemo[translate] (http://localhost:3000/_next/static/chunks/db2ad__pnpm_bc426aec._.js:4163:378)
    at mountMemo (http://localhost:3000/_next/static/chunks/509c2_next_dist_compiled_react-dom_1698bfa6._.js:5424:25)
    at Object.useMemo (http://localhost:3000/_next/static/chunks/509c2_next_dist_compiled_react-dom_1698bfa6._.js:15003:24)
    at exports.useMemo (http://localhost:3000/_next/static/chunks/509c2_next_dist_compiled_9044104d._.js:1742:36)
    at useTranslationsImpl (http://localhost:3000/_next/static/chunks/db2ad__pnpm_bc426aec._.js:4162:416)
    at useTranslations (http://localhost:3000/_next/static/chunks/db2ad__pnpm_bc426aec._.js:4201:12)
    at http://localhost:3000/_next/static/chunks/db2ad__pnpm_6cafc622._.js:70:20
    at DashboardPage (http://localhost:3000/_next/static/chunks/pi-cwd-20260601_admin-platform_d7a92737._.js:987:432)
    at Object.react_stack_bottom_frame (http://localhost:3000/_next/static/chunks/509c2_next_dist_compiled_react-dom_1698bfa6._.js:14826:24)
    at renderWithHooks (http://localhost:3000/_next/static/chunks/509c2_next_dist_compiled_react-dom_1698bfa6._.js:4651:24)
    at updateFunctionComponent (http://localhost:3000/_next/static/chunks/509c2_next_dist_compiled_react-dom_1698bfa6._.js:6112:21)
    at beginWork (http://localhost:3000/_next/static/chunks/509c2_next_dist_compiled_react-dom_1698bfa6._.js:6708:24)
    at runWithFiberInDEV (http://localhost:3000/_next/static/chunks/509c2_next_dist_compiled_react-dom_1698bfa6._.js:965:74)
    at performUnitOfWork (http://localhost:3000/_next/static/chunks/509c2_next_dist_compiled_react-dom_1698bfa6._.js:9562:97)
    at workLoopConcurrentByScheduler (http://localhost:3000/_next/static/chunks/509c2_next_dist_compiled_react-dom_1698bfa6._.js:9558:58)
    at renderRootConcurrent (http://localhost:3000/_next/static/chunks/509c2_next_dist_compiled_react-dom_1698bfa6._.js:9541:71)
    at performWorkOnRoot (http://localhost:3000/_next/static/chunks/509c2_next_dist_compiled_react-dom_1698bfa6._.js:9068:150)
    at performWorkOnRootViaSchedulerTask (http://localhost:3000/_next/static/chunks/509c2_next_dist_compiled_react-dom_1698bfa6._.js:10230:9)
    at MessagePort.performWorkUntilDeadline (http://localhost:3000/_next/static/chunks/509c2_next_dist_compiled_9044104d._.js:2647:64) @ http://localhost:3000/_next/static/chunks/509c2_next_dist_512df543._.js:3127
[ 2057601ms] [ERROR] IntlError: MISSING_MESSAGE: Could not resolve `modules.dashboard` in messages for locale `login`.
    at getMessagesOrError (http://localhost:3000/_next/static/chunks/db2ad__pnpm_bc426aec._.js:3637:27)
    at createBaseTranslator (http://localhost:3000/_next/static/chunks/db2ad__pnpm_bc426aec._.js:3642:29)
    at useTranslationsImpl.useMemo[translate] (http://localhost:3000/_next/static/chunks/db2ad__pnpm_bc426aec._.js:4163:378)
    at mountMemo (http://localhost:3000/_next/static/chunks/509c2_next_dist_compiled_react-dom_1698bfa6._.js:5424:25)
    at Object.useMemo (http://localhost:3000/_next/static/chunks/509c2_next_dist_compiled_react-dom_1698bfa6._.js:15003:24)
    at exports.useMemo (http://localhost:3000/_next/static/chunks/509c2_next_dist_compiled_9044104d._.js:1742:36)
    at useTranslationsImpl (http://localhost:3000/_next/static/chunks/db2ad__pnpm_bc426aec._.js:4162:416)
    at useTranslations (http://localhost:3000/_next/static/chunks/db2ad__pnpm_bc426aec._.js:4201:12)
    at http://localhost:3000/_next/static/chunks/db2ad__pnpm_6cafc622._.js:70:20
    at DashboardPage (http://localhost:3000/_next/static/chunks/pi-cwd-20260601_admin-platform_d7a92737._.js:987:432)
    at Object.react_stack_bottom_frame (http://localhost:3000/_next/static/chunks/509c2_next_dist_compiled_react-dom_1698bfa6._.js:14826:24)
    at renderWithHooks (http://localhost:3000/_next/static/chunks/509c2_next_dist_compiled_react-dom_1698bfa6._.js:4651:24)
    at updateFunctionComponent (http://localhost:3000/_next/static/chunks/509c2_next_dist_compiled_react-dom_1698bfa6._.js:6112:21)
    at beginWork (http://localhost:3000/_next/static/chunks/509c2_next_dist_compiled_react-dom_1698bfa6._.js:6708:24)
    at runWithFiberInDEV (http://localhost:3000/_next/static/chunks/509c2_next_dist_compiled_react-dom_1698bfa6._.js:965:74)
    at performUnitOfWork (http://localhost:3000/_next/static/chunks/509c2_next_dist_compiled_react-dom_1698bfa6._.js:9562:97)
    at workLoopConcurrentByScheduler (http://localhost:3000/_next/static/chunks/509c2_next_dist_compiled_react-dom_1698bfa6._.js:9558:58)
    at renderRootConcurrent (http://localhost:3000/_next/static/chunks/509c2_next_dist_compiled_react-dom_1698bfa6._.js:9541:71)
    at performWorkOnRoot (http://localhost:3000/_next/static/chunks/509c2_next_dist_compiled_react-dom_1698bfa6._.js:9068:150)
    at performWorkOnRootViaSchedulerTask (http://localhost:3000/_next/static/chunks/509c2_next_dist_compiled_react-dom_1698bfa6._.js:10230:9)
    at MessagePort.performWorkUntilDeadline (http://localhost:3000/_next/static/chunks/509c2_next_dist_compiled_9044104d._.js:2647:64) @ http://localhost:3000/_next/static/chunks/509c2_next_dist_512df543._.js:3127
[ 2057601ms] [ERROR] IntlError: MISSING_MESSAGE: Could not resolve `modules.dashboard` in messages for locale `login`.
    at getMessagesOrError (http://localhost:3000/_next/static/chunks/db2ad__pnpm_bc426aec._.js:3637:27)
    at createBaseTranslator (http://localhost:3000/_next/static/chunks/db2ad__pnpm_bc426aec._.js:3642:29)
    at useTranslationsImpl.useMemo[translate] (http://localhost:3000/_next/static/chunks/db2ad__pnpm_bc426aec._.js:4163:378)
    at mountMemo (http://localhost:3000/_next/static/chunks/509c2_next_dist_compiled_react-dom_1698bfa6._.js:5424:25)
    at Object.useMemo (http://localhost:3000/_next/static/chunks/509c2_next_dist_compiled_react-dom_1698bfa6._.js:15003:24)
    at exports.useMemo (http://localhost:3000/_next/static/chunks/509c2_next_dist_compiled_9044104d._.js:1742:36)
    at useTranslationsImpl (http://localhost:3000/_next/static/chunks/db2ad__pnpm_bc426aec._.js:4162:416)
    at useTranslations (http://localhost:3000/_next/static/chunks/db2ad__pnpm_bc426aec._.js:4201:12)
    at http://localhost:3000/_next/static/chunks/db2ad__pnpm_6cafc622._.js:70:20
    at DashboardPage (http://localhost:3000/_next/static/chunks/pi-cwd-20260601_admin-platform_d7a92737._.js:987:432)
    at Object.react_stack_bottom_frame (http://localhost:3000/_next/static/chunks/509c2_next_dist_compiled_react-dom_1698bfa6._.js:14826:24)
    at renderWithHooks (http://localhost:3000/_next/static/chunks/509c2_next_dist_compiled_react-dom_1698bfa6._.js:4651:24)
    at updateFunctionComponent (http://localhost:3000/_next/static/chunks/509c2_next_dist_compiled_react-dom_1698bfa6._.js:6112:21)
    at beginWork (http://localhost:3000/_next/static/chunks/509c2_next_dist_compiled_react-dom_1698bfa6._.js:6708:24)
    at runWithFiberInDEV (http://localhost:3000/_next/static/chunks/509c2_next_dist_compiled_react-dom_1698bfa6._.js:965:74)
    at performUnitOfWork (http://localhost:3000/_next/static/chunks/509c2_next_dist_compiled_react-dom_1698bfa6._.js:9562:97)
    at workLoopConcurrentByScheduler (http://localhost:3000/_next/static/chunks/509c2_next_dist_compiled_react-dom_1698bfa6._.js:9558:58)
    at renderRootConcurrent (http://localhost:3000/_next/static/chunks/509c2_next_dist_compiled_react-dom_1698bfa6._.js:9541:71)
    at performWorkOnRoot (http://localhost:3000/_next/static/chunks/509c2_next_dist_compiled_react-dom_1698bfa6._.js:9068:150)
    at performWorkOnRootViaSchedulerTask (http://localhost:3000/_next/static/chunks/509c2_next_dist_compiled_react-dom_1698bfa6._.js:10230:9)
    at MessagePort.performWorkUntilDeadline (http://localhost:3000/_next/static/chunks/509c2_next_dist_compiled_9044104d._.js:2647:64) @ http://localhost:3000/_next/static/chunks/509c2_next_dist_512df543._.js:3127
[ 2057601ms] [ERROR] IntlError: MISSING_MESSAGE: Could not resolve `modules.dashboard` in messages for locale `login`.
    at getMessagesOrError (http://localhost:3000/_next/static/chunks/db2ad__pnpm_bc426aec._.js:3637:27)
    at createBaseTranslator (http://localhost:3000/_next/static/chunks/db2ad__pnpm_bc426aec._.js:3642:29)
    at useTranslationsImpl.useMemo[translate] (http://localhost:3000/_next/static/chunks/db2ad__pnpm_bc426aec._.js:4163:378)
    at mountMemo (http://localhost:3000/_next/static/chunks/509c2_next_dist_compiled_react-dom_1698bfa6._.js:5424:25)
    at Object.useMemo (http://localhost:3000/_next/static/chunks/509c2_next_dist_compiled_react-dom_1698bfa6._.js:15003:24)
    at exports.useMemo (http://localhost:3000/_next/static/chunks/509c2_next_dist_compiled_9044104d._.js:1742:36)
    at useTranslationsImpl (http://localhost:3000/_next/static/chunks/db2ad__pnpm_bc426aec._.js:4162:416)
    at useTranslations (http://localhost:3000/_next/static/chunks/db2ad__pnpm_bc426aec._.js:4201:12)
    at http://localhost:3000/_next/static/chunks/db2ad__pnpm_6cafc622._.js:70:20
    at DashboardPage (http://localhost:3000/_next/static/chunks/pi-cwd-20260601_admin-platform_d7a92737._.js:987:432)
    at Object.react_stack_bottom_frame (http://localhost:3000/_next/static/chunks/509c2_next_dist_compiled_react-dom_1698bfa6._.js:14826:24)
    at renderWithHooks (http://localhost:3000/_next/static/chunks/509c2_next_dist_compiled_react-dom_1698bfa6._.js:4651:24)
    at updateFunctionComponent (http://localhost:3000/_next/static/chunks/509c2_next_dist_compiled_react-dom_1698bfa6._.js:6112:21)
    at beginWork (http://localhost:3000/_next/static/chunks/509c2_next_dist_compiled_react-dom_1698bfa6._.js:6708:24)
    at runWithFiberInDEV (http://localhost:3000/_next/static/chunks/509c2_next_dist_compiled_react-dom_1698bfa6._.js:965:74)
    at performUnitOfWork (http://localhost:3000/_next/static/chunks/509c2_next_dist_compiled_react-dom_1698bfa6._.js:9562:97)
    at workLoopConcurrentByScheduler (http://localhost:3000/_next/static/chunks/509c2_next_dist_compiled_react-dom_1698bfa6._.js:9558:58)
    at renderRootConcurrent (http://localhost:3000/_next/static/chunks/509c2_next_dist_compiled_react-dom_1698bfa6._.js:9541:71)
    at performWorkOnRoot (http://localhost:3000/_next/static/chunks/509c2_next_dist_compiled_react-dom_1698bfa6._.js:9068:150)
    at performWorkOnRootViaSchedulerTask (http://localhost:3000/_next/static/chunks/509c2_next_dist_compiled_react-dom_1698bfa6._.js:10230:9)
    at MessagePort.performWorkUntilDeadline (http://localhost:3000/_next/static/chunks/509c2_next_dist_compiled_9044104d._.js:2647:64) @ http://localhost:3000/_next/static/chunks/509c2_next_dist_512df543._.js:3127
[ 2057602ms] [ERROR] IntlError: MISSING_MESSAGE: Could not resolve `modules.dashboard` in messages for locale `login`.
    at getMessagesOrError (http://localhost:3000/_next/static/chunks/db2ad__pnpm_bc426aec._.js:3637:27)
    at createBaseTranslator (http://localhost:3000/_next/static/chunks/db2ad__pnpm_bc426aec._.js:3642:29)
    at useTranslationsImpl.useMemo[translate] (http://localhost:3000/_next/static/chunks/db2ad__pnpm_bc426aec._.js:4163:378)
    at mountMemo (http://localhost:3000/_next/static/chunks/509c2_next_dist_compiled_react-dom_1698bfa6._.js:5424:25)
    at Object.useMemo (http://localhost:3000/_next/static/chunks/509c2_next_dist_compiled_react-dom_1698bfa6._.js:15003:24)
    at exports.useMemo (http://localhost:3000/_next/static/chunks/509c2_next_dist_compiled_9044104d._.js:1742:36)
    at useTranslationsImpl (http://localhost:3000/_next/static/chunks/db2ad__pnpm_bc426aec._.js:4162:416)
    at useTranslations (http://localhost:3000/_next/static/chunks/db2ad__pnpm_bc426aec._.js:4201:12)
    at http://localhost:3000/_next/static/chunks/db2ad__pnpm_6cafc622._.js:70:20
    at DashboardPage (http://localhost:3000/_next/static/chunks/pi-cwd-20260601_admin-platform_d7a92737._.js:987:432)
    at Object.react_stack_bottom_frame (http://localhost:3000/_next/static/chunks/509c2_next_dist_compiled_react-dom_1698bfa6._.js:14826:24)
    at renderWithHooks (http://localhost:3000/_next/static/chunks/509c2_next_dist_compiled_react-dom_1698bfa6._.js:4651:24)
    at updateFunctionComponent (http://localhost:3000/_next/static/chunks/509c2_next_dist_compiled_react-dom_1698bfa6._.js:6112:21)
    at beginWork (http://localhost:3000/_next/static/chunks/509c2_next_dist_compiled_react-dom_1698bfa6._.js:6708:24)
    at runWithFiberInDEV (http://localhost:3000/_next/static/chunks/509c2_next_dist_compiled_react-dom_1698bfa6._.js:965:74)
    at performUnitOfWork (http://localhost:3000/_next/static/chunks/509c2_next_dist_compiled_react-dom_1698bfa6._.js:9562:97)
    at workLoopConcurrentByScheduler (http://localhost:3000/_next/static/chunks/509c2_next_dist_compiled_react-dom_1698bfa6._.js:9558:58)
    at renderRootConcurrent (http://localhost:3000/_next/static/chunks/509c2_next_dist_compiled_react-dom_1698bfa6._.js:9541:71)
    at performWorkOnRoot (http://localhost:3000/_next/static/chunks/509c2_next_dist_compiled_react-dom_1698bfa6._.js:9068:150)
    at performWorkOnRootViaSchedulerTask (http://localhost:3000/_next/static/chunks/509c2_next_dist_compiled_react-dom_1698bfa6._.js:10230:9)
    at MessagePort.performWorkUntilDeadline (http://localhost:3000/_next/static/chunks/509c2_next_dist_compiled_9044104d._.js:2647:64) @ http://localhost:3000/_next/static/chunks/509c2_next_dist_512df543._.js:3127
[ 2057602ms] [ERROR] IntlError: MISSING_MESSAGE: Could not resolve `modules.dashboard` in messages for locale `login`.
    at getMessagesOrError (http://localhost:3000/_next/static/chunks/db2ad__pnpm_bc426aec._.js:3637:27)
    at createBaseTranslator (http://localhost:3000/_next/static/chunks/db2ad__pnpm_bc426aec._.js:3642:29)
    at useTranslationsImpl.useMemo[translate] (http://localhost:3000/_next/static/chunks/db2ad__pnpm_bc426aec._.js:4163:378)
    at mountMemo (http://localhost:3000/_next/static/chunks/509c2_next_dist_compiled_react-dom_1698bfa6._.js:5424:25)
    at Object.useMemo (http://localhost:3000/_next/static/chunks/509c2_next_dist_compiled_react-dom_1698bfa6._.js:15003:24)
    at exports.useMemo (http://localhost:3000/_next/static/chunks/509c2_next_dist_compiled_9044104d._.js:1742:36)
    at useTranslationsImpl (http://localhost:3000/_next/static/chunks/db2ad__pnpm_bc426aec._.js:4162:416)
    at useTranslations (http://localhost:3000/_next/static/chunks/db2ad__pnpm_bc426aec._.js:4201:12)
    at http://localhost:3000/_next/static/chunks/db2ad__pnpm_6cafc622._.js:70:20
    at DashboardPage (http://localhost:3000/_next/static/chunks/pi-cwd-20260601_admin-platform_d7a92737._.js:987:432)
    at Object.react_stack_bottom_frame (http://localhost:3000/_next/static/chunks/509c2_next_dist_compiled_react-dom_1698bfa6._.js:14826:24)
    at renderWithHooks (http://localhost:3000/_next/static/chunks/509c2_next_dist_compiled_react-dom_1698bfa6._.js:4651:24)
    at updateFunctionComponent (http://localhost:3000/_next/static/chunks/509c2_next_dist_compiled_react-dom_1698bfa6._.js:6112:21)
    at beginWork (http://localhost:3000/_next/static/chunks/509c2_next_dist_compiled_react-dom_1698bfa6._.js:6708:24)
    at runWithFiberInDEV (http://localhost:3000/_next/static/chunks/509c2_next_dist_compiled_react-dom_1698bfa6._.js:965:74)
    at performUnitOfWork (http://localhost:3000/_next/static/chunks/509c2_next_dist_compiled_react-dom_1698bfa6._.js:9562:97)
    at workLoopConcurrentByScheduler (http://localhost:3000/_next/static/chunks/509c2_next_dist_compiled_react-dom_1698bfa6._.js:9558:58)
    at renderRootConcurrent (http://localhost:3000/_next/static/chunks/509c2_next_dist_compiled_react-dom_1698bfa6._.js:9541:71)
    at performWorkOnRoot (http://localhost:3000/_next/static/chunks/509c2_next_dist_compiled_react-dom_1698bfa6._.js:9068:150)
    at performWorkOnRootViaSchedulerTask (http://localhost:3000/_next/static/chunks/509c2_next_dist_compiled_react-dom_1698bfa6._.js:10230:9)
    at MessagePort.performWorkUntilDeadline (http://localhost:3000/_next/static/chunks/509c2_next_dist_compiled_9044104d._.js:2647:64) @ http://localhost:3000/_next/static/chunks/509c2_next_dist_512df543._.js:3127
[ 2057602ms] [ERROR] IntlError: MISSING_MESSAGE: Could not resolve `modules.dashboard` in messages for locale `login`.
    at getMessagesOrError (http://localhost:3000/_next/static/chunks/db2ad__pnpm_bc426aec._.js:3637:27)
    at createBaseTranslator (http://localhost:3000/_next/static/chunks/db2ad__pnpm_bc426aec._.js:3642:29)
    at useTranslationsImpl.useMemo[translate] (http://localhost:3000/_next/static/chunks/db2ad__pnpm_bc426aec._.js:4163:378)
    at mountMemo (http://localhost:3000/_next/static/chunks/509c2_next_dist_compiled_react-dom_1698bfa6._.js:5424:25)
    at Object.useMemo (http://localhost:3000/_next/static/chunks/509c2_next_dist_compiled_react-dom_1698bfa6._.js:15003:24)
    at exports.useMemo (http://localhost:3000/_next/static/chunks/509c2_next_dist_compiled_9044104d._.js:1742:36)
    at useTranslationsImpl (http://localhost:3000/_next/static/chunks/db2ad__pnpm_bc426aec._.js:4162:416)
    at useTranslations (http://localhost:3000/_next/static/chunks/db2ad__pnpm_bc426aec._.js:4201:12)
    at http://localhost:3000/_next/static/chunks/db2ad__pnpm_6cafc622._.js:70:20
    at DashboardPage (http://localhost:3000/_next/static/chunks/pi-cwd-20260601_admin-platform_d7a92737._.js:987:432)
    at Object.react_stack_bottom_frame (http://localhost:3000/_next/static/chunks/509c2_next_dist_compiled_react-dom_1698bfa6._.js:14826:24)
    at renderWithHooks (http://localhost:3000/_next/static/chunks/509c2_next_dist_compiled_react-dom_1698bfa6._.js:4651:24)
    at updateFunctionComponent (http://localhost:3000/_next/static/chunks/509c2_next_dist_compiled_react-dom_1698bfa6._.js:6112:21)
    at beginWork (http://localhost:3000/_next/static/chunks/509c2_next_dist_compiled_react-dom_1698bfa6._.js:6708:24)
    at runWithFiberInDEV (http://localhost:3000/_next/static/chunks/509c2_next_dist_compiled_react-dom_1698bfa6._.js:965:74)
    at performUnitOfWork (http://localhost:3000/_next/static/chunks/509c2_next_dist_compiled_react-dom_1698bfa6._.js:9562:97)
    at workLoopConcurrentByScheduler (http://localhost:3000/_next/static/chunks/509c2_next_dist_compiled_react-dom_1698bfa6._.js:9558:58)
    at renderRootConcurrent (http://localhost:3000/_next/static/chunks/509c2_next_dist_compiled_react-dom_1698bfa6._.js:9541:71)
    at performWorkOnRoot (http://localhost:3000/_next/static/chunks/509c2_next_dist_compiled_react-dom_1698bfa6._.js:9068:150)
    at performWorkOnRootViaSchedulerTask (http://localhost:3000/_next/static/chunks/509c2_next_dist_compiled_react-dom_1698bfa6._.js:10230:9)
    at MessagePort.performWorkUntilDeadline (http://localhost:3000/_next/static/chunks/509c2_next_dist_compiled_9044104d._.js:2647:64) @ http://localhost:3000/_next/static/chunks/509c2_next_dist_512df543._.js:3127
[ 2057602ms] [ERROR] IntlError: MISSING_MESSAGE: Could not resolve `modules.dashboard` in messages for locale `login`.
    at getMessagesOrError (http://localhost:3000/_next/static/chunks/db2ad__pnpm_bc426aec._.js:3637:27)
    at createBaseTranslator (http://localhost:3000/_next/static/chunks/db2ad__pnpm_bc426aec._.js:3642:29)
    at useTranslationsImpl.useMemo[translate] (http://localhost:3000/_next/static/chunks/db2ad__pnpm_bc426aec._.js:4163:378)
    at mountMemo (http://localhost:3000/_next/static/chunks/509c2_next_dist_compiled_react-dom_1698bfa6._.js:5424:25)
    at Object.useMemo (http://localhost:3000/_next/static/chunks/509c2_next_dist_compiled_react-dom_1698bfa6._.js:15003:24)
    at exports.useMemo (http://localhost:3000/_next/static/chunks/509c2_next_dist_compiled_9044104d._.js:1742:36)
    at useTranslationsImpl (http://localhost:3000/_next/static/chunks/db2ad__pnpm_bc426aec._.js:4162:416)
    at useTranslations (http://localhost:3000/_next/static/chunks/db2ad__pnpm_bc426aec._.js:4201:12)
    at http://localhost:3000/_next/static/chunks/db2ad__pnpm_6cafc622._.js:70:20
    at DashboardPage (http://localhost:3000/_next/static/chunks/pi-cwd-20260601_admin-platform_d7a92737._.js:987:432)
    at Object.react_stack_bottom_frame (http://localhost:3000/_next/static/chunks/509c2_next_dist_compiled_react-dom_1698bfa6._.js:14826:24)
    at renderWithHooks (http://localhost:3000/_next/static/chunks/509c2_next_dist_compiled_react-dom_1698bfa6._.js:4651:24)
    at updateFunctionComponent (http://localhost:3000/_next/static/chunks/509c2_next_dist_compiled_react-dom_1698bfa6._.js:6112:21)
    at beginWork (http://localhost:3000/_next/static/chunks/509c2_next_dist_compiled_react-dom_1698bfa6._.js:6708:24)
    at runWithFiberInDEV (http://localhost:3000/_next/static/chunks/509c2_next_dist_compiled_react-dom_1698bfa6._.js:965:74)
    at performUnitOfWork (http://localhost:3000/_next/static/chunks/509c2_next_dist_compiled_react-dom_1698bfa6._.js:9562:97)
    at workLoopConcurrentByScheduler (http://localhost:3000/_next/static/chunks/509c2_next_dist_compiled_react-dom_1698bfa6._.js:9558:58)
    at renderRootConcurrent (http://localhost:3000/_next/static/chunks/509c2_next_dist_compiled_react-dom_1698bfa6._.js:9541:71)
    at performWorkOnRoot (http://localhost:3000/_next/static/chunks/509c2_next_dist_compiled_react-dom_1698bfa6._.js:9068:150)
    at performWorkOnRootViaSchedulerTask (http://localhost:3000/_next/static/chunks/509c2_next_dist_compiled_react-dom_1698bfa6._.js:10230:9)
    at MessagePort.performWorkUntilDeadline (http://localhost:3000/_next/static/chunks/509c2_next_dist_compiled_9044104d._.js:2647:64) @ http://localhost:3000/_next/static/chunks/509c2_next_dist_512df543._.js:3127
[ 2057602ms] [ERROR] IntlError: MISSING_MESSAGE: Could not resolve `modules.dashboard` in messages for locale `login`.
    at getMessagesOrError (http://localhost:3000/_next/static/chunks/db2ad__pnpm_bc426aec._.js:3637:27)
    at createBaseTranslator (http://localhost:3000/_next/static/chunks/db2ad__pnpm_bc426aec._.js:3642:29)
    at useTranslationsImpl.useMemo[translate] (http://localhost:3000/_next/static/chunks/db2ad__pnpm_bc426aec._.js:4163:378)
    at mountMemo (http://localhost:3000/_next/static/chunks/509c2_next_dist_compiled_react-dom_1698bfa6._.js:5424:25)
    at Object.useMemo (http://localhost:3000/_next/static/chunks/509c2_next_dist_compiled_react-dom_1698bfa6._.js:15003:24)
    at exports.useMemo (http://localhost:3000/_next/static/chunks/509c2_next_dist_compiled_9044104d._.js:1742:36)
    at useTranslationsImpl (http://localhost:3000/_next/static/chunks/db2ad__pnpm_bc426aec._.js:4162:416)
    at useTranslations (http://localhost:3000/_next/static/chunks/db2ad__pnpm_bc426aec._.js:4201:12)
    at http://localhost:3000/_next/static/chunks/db2ad__pnpm_6cafc622._.js:70:20
    at DashboardPage (http://localhost:3000/_next/static/chunks/pi-cwd-20260601_admin-platform_d7a92737._.js:987:432)
    at Object.react_stack_bottom_frame (http://localhost:3000/_next/static/chunks/509c2_next_dist_compiled_react-dom_1698bfa6._.js:14826:24)
    at renderWithHooks (http://localhost:3000/_next/static/chunks/509c2_next_dist_compiled_react-dom_1698bfa6._.js:4651:24)
    at updateFunctionComponent (http://localhost:3000/_next/static/chunks/509c2_next_dist_compiled_react-dom_1698bfa6._.js:6112:21)
    at beginWork (http://localhost:3000/_next/static/chunks/509c2_next_dist_compiled_react-dom_1698bfa6._.js:6708:24)
    at runWithFiberInDEV (http://localhost:3000/_next/static/chunks/509c2_next_dist_compiled_react-dom_1698bfa6._.js:965:74)
    at performUnitOfWork (http://localhost:3000/_next/static/chunks/509c2_next_dist_compiled_react-dom_1698bfa6._.js:9562:97)
    at workLoopConcurrentByScheduler (http://localhost:3000/_next/static/chunks/509c2_next_dist_compiled_react-dom_1698bfa6._.js:9558:58)
    at renderRootConcurrent (http://localhost:3000/_next/static/chunks/509c2_next_dist_compiled_react-dom_1698bfa6._.js:9541:71)
    at performWorkOnRoot (http://localhost:3000/_next/static/chunks/509c2_next_dist_compiled_react-dom_1698bfa6._.js:9068:150)
    at performWorkOnRootViaSchedulerTask (http://localhost:3000/_next/static/chunks/509c2_next_dist_compiled_react-dom_1698bfa6._.js:10230:9)
    at MessagePort.performWorkUntilDeadline (http://localhost:3000/_next/static/chunks/509c2_next_dist_compiled_9044104d._.js:2647:64) @ http://localhost:3000/_next/static/chunks/509c2_next_dist_512df543._.js:3127
[ 2057603ms] [ERROR] IntlError: MISSING_MESSAGE: Could not resolve `modules.dashboard` in messages for locale `login`.
    at getMessagesOrError (http://localhost:3000/_next/static/chunks/db2ad__pnpm_bc426aec._.js:3637:27)
    at createBaseTranslator (http://localhost:3000/_next/static/chunks/db2ad__pnpm_bc426aec._.js:3642:29)
    at useTranslationsImpl.useMemo[translate] (http://localhost:3000/_next/static/chunks/db2ad__pnpm_bc426aec._.js:4163:378)
    at mountMemo (http://localhost:3000/_next/static/chunks/509c2_next_dist_compiled_react-dom_1698bfa6._.js:5424:25)
    at Object.useMemo (http://localhost:3000/_next/static/chunks/509c2_next_dist_compiled_react-dom_1698bfa6._.js:15003:24)
    at exports.useMemo (http://localhost:3000/_next/static/chunks/509c2_next_dist_compiled_9044104d._.js:1742:36)
    at useTranslationsImpl (http://localhost:3000/_next/static/chunks/db2ad__pnpm_bc426aec._.js:4162:416)
    at useTranslations (http://localhost:3000/_next/static/chunks/db2ad__pnpm_bc426aec._.js:4201:12)
    at http://localhost:3000/_next/static/chunks/db2ad__pnpm_6cafc622._.js:70:20
    at DashboardPage (http://localhost:3000/_next/static/chunks/pi-cwd-20260601_admin-platform_d7a92737._.js:987:432)
    at Object.react_stack_bottom_frame (http://localhost:3000/_next/static/chunks/509c2_next_dist_compiled_react-dom_1698bfa6._.js:14826:24)
    at renderWithHooks (http://localhost:3000/_next/static/chunks/509c2_next_dist_compiled_react-dom_1698bfa6._.js:4651:24)
    at updateFunctionComponent (http://localhost:3000/_next/static/chunks/509c2_next_dist_compiled_react-dom_1698bfa6._.js:6112:21)
    at beginWork (http://localhost:3000/_next/static/chunks/509c2_next_dist_compiled_react-dom_1698bfa6._.js:6708:24)
    at runWithFiberInDEV (http://localhost:3000/_next/static/chunks/509c2_next_dist_compiled_react-dom_1698bfa6._.js:965:74)
    at performUnitOfWork (http://localhost:3000/_next/static/chunks/509c2_next_dist_compiled_react-dom_1698bfa6._.js:9562:97)
    at workLoopConcurrentByScheduler (http://localhost:3000/_next/static/chunks/509c2_next_dist_compiled_react-dom_1698bfa6._.js:9558:58)
    at renderRootConcurrent (http://localhost:3000/_next/static/chunks/509c2_next_dist_compiled_react-dom_1698bfa6._.js:9541:71)
    at performWorkOnRoot (http://localhost:3000/_next/static/chunks/509c2_next_dist_compiled_react-dom_1698bfa6._.js:9068:150)
    at performWorkOnRootViaSchedulerTask (http://localhost:3000/_next/static/chunks/509c2_next_dist_compiled_react-dom_1698bfa6._.js:10230:9)
    at MessagePort.performWorkUntilDeadline (http://localhost:3000/_next/static/chunks/509c2_next_dist_compiled_9044104d._.js:2647:64) @ http://localhost:3000/_next/static/chunks/509c2_next_dist_512df543._.js:3127
[ 2057603ms] [ERROR] IntlError: MISSING_MESSAGE: Could not resolve `modules.dashboard` in messages for locale `login`.
    at getMessagesOrError (http://localhost:3000/_next/static/chunks/db2ad__pnpm_bc426aec._.js:3637:27)
    at createBaseTranslator (http://localhost:3000/_next/static/chunks/db2ad__pnpm_bc426aec._.js:3642:29)
    at useTranslationsImpl.useMemo[translate] (http://localhost:3000/_next/static/chunks/db2ad__pnpm_bc426aec._.js:4163:378)
    at mountMemo (http://localhost:3000/_next/static/chunks/509c2_next_dist_compiled_react-dom_1698bfa6._.js:5424:25)
    at Object.useMemo (http://localhost:3000/_next/static/chunks/509c2_next_dist_compiled_react-dom_1698bfa6._.js:15003:24)
    at exports.useMemo (http://localhost:3000/_next/static/chunks/509c2_next_dist_compiled_9044104d._.js:1742:36)
    at useTranslationsImpl (http://localhost:3000/_next/static/chunks/db2ad__pnpm_bc426aec._.js:4162:416)
    at useTranslations (http://localhost:3000/_next/static/chunks/db2ad__pnpm_bc426aec._.js:4201:12)
    at http://localhost:3000/_next/static/chunks/db2ad__pnpm_6cafc622._.js:70:20
    at DashboardPage (http://localhost:3000/_next/static/chunks/pi-cwd-20260601_admin-platform_d7a92737._.js:987:432)
    at Object.react_stack_bottom_frame (http://localhost:3000/_next/static/chunks/509c2_next_dist_compiled_react-dom_1698bfa6._.js:14826:24)
    at renderWithHooks (http://localhost:3000/_next/static/chunks/509c2_next_dist_compiled_react-dom_1698bfa6._.js:4651:24)
    at updateFunctionComponent (http://localhost:3000/_next/static/chunks/509c2_next_dist_compiled_react-dom_1698bfa6._.js:6112:21)
    at beginWork (http://localhost:3000/_next/static/chunks/509c2_next_dist_compiled_react-dom_1698bfa6._.js:6708:24)
    at runWithFiberInDEV (http://localhost:3000/_next/static/chunks/509c2_next_dist_compiled_react-dom_1698bfa6._.js:965:74)
    at performUnitOfWork (http://localhost:3000/_next/static/chunks/509c2_next_dist_compiled_react-dom_1698bfa6._.js:9562:97)
    at workLoopConcurrentByScheduler (http://localhost:3000/_next/static/chunks/509c2_next_dist_compiled_react-dom_1698bfa6._.js:9558:58)
    at renderRootConcurrent (http://localhost:3000/_next/static/chunks/509c2_next_dist_compiled_react-dom_1698bfa6._.js:9541:71)
    at performWorkOnRoot (http://localhost:3000/_next/static/chunks/509c2_next_dist_compiled_react-dom_1698bfa6._.js:9068:150)
    at performWorkOnRootViaSchedulerTask (http://localhost:3000/_next/static/chunks/509c2_next_dist_compiled_react-dom_1698bfa6._.js:10230:9)
    at MessagePort.performWorkUntilDeadline (http://localhost:3000/_next/static/chunks/509c2_next_dist_compiled_9044104d._.js:2647:64) @ http://localhost:3000/_next/static/chunks/509c2_next_dist_512df543._.js:3127
[ 2057603ms] [ERROR] IntlError: MISSING_MESSAGE: Could not resolve `modules.dashboard` in messages for locale `login`.
    at getMessagesOrError (http://localhost:3000/_next/static/chunks/db2ad__pnpm_bc426aec._.js:3637:27)
    at createBaseTranslator (http://localhost:3000/_next/static/chunks/db2ad__pnpm_bc426aec._.js:3642:29)
    at useTranslationsImpl.useMemo[translate] (http://localhost:3000/_next/static/chunks/db2ad__pnpm_bc426aec._.js:4163:378)
    at mountMemo (http://localhost:3000/_next/static/chunks/509c2_next_dist_compiled_react-dom_1698bfa6._.js:5424:25)
    at Object.useMemo (http://localhost:3000/_next/static/chunks/509c2_next_dist_compiled_react-dom_1698bfa6._.js:15003:24)
    at exports.useMemo (http://localhost:3000/_next/static/chunks/509c2_next_dist_compiled_9044104d._.js:1742:36)
    at useTranslationsImpl (http://localhost:3000/_next/static/chunks/db2ad__pnpm_bc426aec._.js:4162:416)
    at useTranslations (http://localhost:3000/_next/static/chunks/db2ad__pnpm_bc426aec._.js:4201:12)
    at http://localhost:3000/_next/static/chunks/db2ad__pnpm_6cafc622._.js:70:20
    at DashboardPage (http://localhost:3000/_next/static/chunks/pi-cwd-20260601_admin-platform_d7a92737._.js:987:432)
    at Object.react_stack_bottom_frame (http://localhost:3000/_next/static/chunks/509c2_next_dist_compiled_react-dom_1698bfa6._.js:14826:24)
    at renderWithHooks (http://localhost:3000/_next/static/chunks/509c2_next_dist_compiled_react-dom_1698bfa6._.js:4651:24)
    at updateFunctionComponent (http://localhost:3000/_next/static/chunks/509c2_next_dist_compiled_react-dom_1698bfa6._.js:6112:21)
    at beginWork (http://localhost:3000/_next/static/chunks/509c2_next_dist_compiled_react-dom_1698bfa6._.js:6708:24)
    at runWithFiberInDEV (http://localhost:3000/_next/static/chunks/509c2_next_dist_compiled_react-dom_1698bfa6._.js:965:74)
    at performUnitOfWork (http://localhost:3000/_next/static/chunks/509c2_next_dist_compiled_react-dom_1698bfa6._.js:9562:97)
    at workLoopConcurrentByScheduler (http://localhost:3000/_next/static/chunks/509c2_next_dist_compiled_react-dom_1698bfa6._.js:9558:58)
    at renderRootConcurrent (http://localhost:3000/_next/static/chunks/509c2_next_dist_compiled_react-dom_1698bfa6._.js:9541:71)
    at performWorkOnRoot (http://localhost:3000/_next/static/chunks/509c2_next_dist_compiled_react-dom_1698bfa6._.js:9068:150)
    at performWorkOnRootViaSchedulerTask (http://localhost:3000/_next/static/chunks/509c2_next_dist_compiled_react-dom_1698bfa6._.js:10230:9)
    at MessagePort.performWorkUntilDeadline (http://localhost:3000/_next/static/chunks/509c2_next_dist_compiled_9044104d._.js:2647:64) @ http://localhost:3000/_next/static/chunks/509c2_next_dist_512df543._.js:3127
[ 2057604ms] [ERROR] IntlError: MISSING_MESSAGE: Could not resolve `modules.dashboard` in messages for locale `login`.
    at getMessagesOrError (http://localhost:3000/_next/static/chunks/db2ad__pnpm_bc426aec._.js:3637:27)
    at createBaseTranslator (http://localhost:3000/_next/static/chunks/db2ad__pnpm_bc426aec._.js:3642:29)
    at useTranslationsImpl.useMemo[translate] (http://localhost:3000/_next/static/chunks/db2ad__pnpm_bc426aec._.js:4163:378)
    at mountMemo (http://localhost:3000/_next/static/chunks/509c2_next_dist_compiled_react-dom_1698bfa6._.js:5424:25)
    at Object.useMemo (http://localhost:3000/_next/static/chunks/509c2_next_dist_compiled_react-dom_1698bfa6._.js:15003:24)
    at exports.useMemo (http://localhost:3000/_next/static/chunks/509c2_next_dist_compiled_9044104d._.js:1742:36)
    at useTranslationsImpl (http://localhost:3000/_next/static/chunks/db2ad__pnpm_bc426aec._.js:4162:416)
    at useTranslations (http://localhost:3000/_next/static/chunks/db2ad__pnpm_bc426aec._.js:4201:12)
    at http://localhost:3000/_next/static/chunks/db2ad__pnpm_6cafc622._.js:70:20
    at DashboardPage (http://localhost:3000/_next/static/chunks/pi-cwd-20260601_admin-platform_d7a92737._.js:987:432)
    at Object.react_stack_bottom_frame (http://localhost:3000/_next/static/chunks/509c2_next_dist_compiled_react-dom_1698bfa6._.js:14826:24)
    at renderWithHooks (http://localhost:3000/_next/static/chunks/509c2_next_dist_compiled_react-dom_1698bfa6._.js:4651:24)
    at updateFunctionComponent (http://localhost:3000/_next/static/chunks/509c2_next_dist_compiled_react-dom_1698bfa6._.js:6112:21)
    at beginWork (http://localhost:3000/_next/static/chunks/509c2_next_dist_compiled_react-dom_1698bfa6._.js:6708:24)
    at runWithFiberInDEV (http://localhost:3000/_next/static/chunks/509c2_next_dist_compiled_react-dom_1698bfa6._.js:965:74)
    at performUnitOfWork (http://localhost:3000/_next/static/chunks/509c2_next_dist_compiled_react-dom_1698bfa6._.js:9562:97)
    at workLoopConcurrentByScheduler (http://localhost:3000/_next/static/chunks/509c2_next_dist_compiled_react-dom_1698bfa6._.js:9558:58)
    at renderRootConcurrent (http://localhost:3000/_next/static/chunks/509c2_next_dist_compiled_react-dom_1698bfa6._.js:9541:71)
    at performWorkOnRoot (http://localhost:3000/_next/static/chunks/509c2_next_dist_compiled_react-dom_1698bfa6._.js:9068:150)
    at performWorkOnRootViaSchedulerTask (http://localhost:3000/_next/static/chunks/509c2_next_dist_compiled_react-dom_1698bfa6._.js:10230:9)
    at MessagePort.performWorkUntilDeadline (http://localhost:3000/_next/static/chunks/509c2_next_dist_compiled_9044104d._.js:2647:64) @ http://localhost:3000/_next/static/chunks/509c2_next_dist_512df543._.js:3127
[ 2057604ms] [ERROR] IntlError: MISSING_MESSAGE: Could not resolve `modules.dashboard` in messages for locale `login`.
    at getMessagesOrError (http://localhost:3000/_next/static/chunks/db2ad__pnpm_bc426aec._.js:3637:27)
    at createBaseTranslator (http://localhost:3000/_next/static/chunks/db2ad__pnpm_bc426aec._.js:3642:29)
    at useTranslationsImpl.useMemo[translate] (http://localhost:3000/_next/static/chunks/db2ad__pnpm_bc426aec._.js:4163:378)
    at mountMemo (http://localhost:3000/_next/static/chunks/509c2_next_dist_compiled_react-dom_1698bfa6._.js:5424:25)
    at Object.useMemo (http://localhost:3000/_next/static/chunks/509c2_next_dist_compiled_react-dom_1698bfa6._.js:15003:24)
    at exports.useMemo (http://localhost:3000/_next/static/chunks/509c2_next_dist_compiled_9044104d._.js:1742:36)
    at useTranslationsImpl (http://localhost:3000/_next/static/chunks/db2ad__pnpm_bc426aec._.js:4162:416)
    at useTranslations (http://localhost:3000/_next/static/chunks/db2ad__pnpm_bc426aec._.js:4201:12)
    at http://localhost:3000/_next/static/chunks/db2ad__pnpm_6cafc622._.js:70:20
    at DashboardPage (http://localhost:3000/_next/static/chunks/pi-cwd-20260601_admin-platform_d7a92737._.js:987:432)
    at Object.react_stack_bottom_frame (http://localhost:3000/_next/static/chunks/509c2_next_dist_compiled_react-dom_1698bfa6._.js:14826:24)
    at renderWithHooks (http://localhost:3000/_next/static/chunks/509c2_next_dist_compiled_react-dom_1698bfa6._.js:4651:24)
    at updateFunctionComponent (http://localhost:3000/_next/static/chunks/509c2_next_dist_compiled_react-dom_1698bfa6._.js:6112:21)
    at beginWork (http://localhost:3000/_next/static/chunks/509c2_next_dist_compiled_react-dom_1698bfa6._.js:6708:24)
    at runWithFiberInDEV (http://localhost:3000/_next/static/chunks/509c2_next_dist_compiled_react-dom_1698bfa6._.js:965:74)
    at performUnitOfWork (http://localhost:3000/_next/static/chunks/509c2_next_dist_compiled_react-dom_1698bfa6._.js:9562:97)
    at workLoopConcurrentByScheduler (http://localhost:3000/_next/static/chunks/509c2_next_dist_compiled_react-dom_1698bfa6._.js:9558:58)
    at renderRootConcurrent (http://localhost:3000/_next/static/chunks/509c2_next_dist_compiled_react-dom_1698bfa6._.js:9541:71)
    at performWorkOnRoot (http://localhost:3000/_next/static/chunks/509c2_next_dist_compiled_react-dom_1698bfa6._.js:9068:150)
    at performWorkOnRootViaSchedulerTask (http://localhost:3000/_next/static/chunks/509c2_next_dist_compiled_react-dom_1698bfa6._.js:10230:9)
    at MessagePort.performWorkUntilDeadline (http://localhost:3000/_next/static/chunks/509c2_next_dist_compiled_9044104d._.js:2647:64) @ http://localhost:3000/_next/static/chunks/509c2_next_dist_512df543._.js:3127
[ 2057604ms] [ERROR] IntlError: MISSING_MESSAGE: Could not resolve `modules.dashboard` in messages for locale `login`.
    at getMessagesOrError (http://localhost:3000/_next/static/chunks/db2ad__pnpm_bc426aec._.js:3637:27)
    at createBaseTranslator (http://localhost:3000/_next/static/chunks/db2ad__pnpm_bc426aec._.js:3642:29)
    at useTranslationsImpl.useMemo[translate] (http://localhost:3000/_next/static/chunks/db2ad__pnpm_bc426aec._.js:4163:378)
    at mountMemo (http://localhost:3000/_next/static/chunks/509c2_next_dist_compiled_react-dom_1698bfa6._.js:5424:25)
    at Object.useMemo (http://localhost:3000/_next/static/chunks/509c2_next_dist_compiled_react-dom_1698bfa6._.js:15003:24)
    at exports.useMemo (http://localhost:3000/_next/static/chunks/509c2_next_dist_compiled_9044104d._.js:1742:36)
    at useTranslationsImpl (http://localhost:3000/_next/static/chunks/db2ad__pnpm_bc426aec._.js:4162:416)
    at useTranslations (http://localhost:3000/_next/static/chunks/db2ad__pnpm_bc426aec._.js:4201:12)
    at http://localhost:3000/_next/static/chunks/db2ad__pnpm_6cafc622._.js:70:20
    at DashboardPage (http://localhost:3000/_next/static/chunks/pi-cwd-20260601_admin-platform_d7a92737._.js:987:432)
    at Object.react_stack_bottom_frame (http://localhost:3000/_next/static/chunks/509c2_next_dist_compiled_react-dom_1698bfa6._.js:14826:24)
    at renderWithHooks (http://localhost:3000/_next/static/chunks/509c2_next_dist_compiled_react-dom_1698bfa6._.js:4651:24)
    at updateFunctionComponent (http://localhost:3000/_next/static/chunks/509c2_next_dist_compiled_react-dom_1698bfa6._.js:6112:21)
    at beginWork (http://localhost:3000/_next/static/chunks/509c2_next_dist_compiled_react-dom_1698bfa6._.js:6708:24)
    at runWithFiberInDEV (http://localhost:3000/_next/static/chunks/509c2_next_dist_compiled_react-dom_1698bfa6._.js:965:74)
    at performUnitOfWork (http://localhost:3000/_next/static/chunks/509c2_next_dist_compiled_react-dom_1698bfa6._.js:9562:97)
    at workLoopConcurrentByScheduler (http://localhost:3000/_next/static/chunks/509c2_next_dist_compiled_react-dom_1698bfa6._.js:9558:58)
    at renderRootConcurrent (http://localhost:3000/_next/static/chunks/509c2_next_dist_compiled_react-dom_1698bfa6._.js:9541:71)
    at performWorkOnRoot (http://localhost:3000/_next/static/chunks/509c2_next_dist_compiled_react-dom_1698bfa6._.js:9068:150)
    at performWorkOnRootViaSchedulerTask (http://localhost:3000/_next/static/chunks/509c2_next_dist_compiled_react-dom_1698bfa6._.js:10230:9)
    at MessagePort.performWorkUntilDeadline (http://localhost:3000/_next/static/chunks/509c2_next_dist_compiled_9044104d._.js:2647:64) @ http://localhost:3000/_next/static/chunks/509c2_next_dist_512df543._.js:3127
[ 2057604ms] [ERROR] IntlError: MISSING_MESSAGE: Could not resolve `modules.dashboard` in messages for locale `login`.
    at getMessagesOrError (http://localhost:3000/_next/static/chunks/db2ad__pnpm_bc426aec._.js:3637:27)
    at createBaseTranslator (http://localhost:3000/_next/static/chunks/db2ad__pnpm_bc426aec._.js:3642:29)
    at useTranslationsImpl.useMemo[translate] (http://localhost:3000/_next/static/chunks/db2ad__pnpm_bc426aec._.js:4163:378)
    at mountMemo (http://localhost:3000/_next/static/chunks/509c2_next_dist_compiled_react-dom_1698bfa6._.js:5424:25)
    at Object.useMemo (http://localhost:3000/_next/static/chunks/509c2_next_dist_compiled_react-dom_1698bfa6._.js:15003:24)
    at exports.useMemo (http://localhost:3000/_next/static/chunks/509c2_next_dist_compiled_9044104d._.js:1742:36)
    at useTranslationsImpl (http://localhost:3000/_next/static/chunks/db2ad__pnpm_bc426aec._.js:4162:416)
    at useTranslations (http://localhost:3000/_next/static/chunks/db2ad__pnpm_bc426aec._.js:4201:12)
    at http://localhost:3000/_next/static/chunks/db2ad__pnpm_6cafc622._.js:70:20
    at DashboardPage (http://localhost:3000/_next/static/chunks/pi-cwd-20260601_admin-platform_d7a92737._.js:987:432)
    at Object.react_stack_bottom_frame (http://localhost:3000/_next/static/chunks/509c2_next_dist_compiled_react-dom_1698bfa6._.js:14826:24)
    at renderWithHooks (http://localhost:3000/_next/static/chunks/509c2_next_dist_compiled_react-dom_1698bfa6._.js:4651:24)
    at updateFunctionComponent (http://localhost:3000/_next/static/chunks/509c2_next_dist_compiled_react-dom_1698bfa6._.js:6112:21)
    at beginWork (http://localhost:3000/_next/static/chunks/509c2_next_dist_compiled_react-dom_1698bfa6._.js:6708:24)
    at runWithFiberInDEV (http://localhost:3000/_next/static/chunks/509c2_next_dist_compiled_react-dom_1698bfa6._.js:965:74)
    at performUnitOfWork (http://localhost:3000/_next/static/chunks/509c2_next_dist_compiled_react-dom_1698bfa6._.js:9562:97)
    at workLoopConcurrentByScheduler (http://localhost:3000/_next/static/chunks/509c2_next_dist_compiled_react-dom_1698bfa6._.js:9558:58)
    at renderRootConcurrent (http://localhost:3000/_next/static/chunks/509c2_next_dist_compiled_react-dom_1698bfa6._.js:9541:71)
    at performWorkOnRoot (http://localhost:3000/_next/static/chunks/509c2_next_dist_compiled_react-dom_1698bfa6._.js:9068:150)
    at performWorkOnRootViaSchedulerTask (http://localhost:3000/_next/static/chunks/509c2_next_dist_compiled_react-dom_1698bfa6._.js:10230:9)
    at MessagePort.performWorkUntilDeadline (http://localhost:3000/_next/static/chunks/509c2_next_dist_compiled_9044104d._.js:2647:64) @ http://localhost:3000/_next/static/chunks/509c2_next_dist_512df543._.js:3127
[ 2057605ms] [ERROR] IntlError: MISSING_MESSAGE: Could not resolve `modules.dashboard` in messages for locale `login`.
    at getMessagesOrError (http://localhost:3000/_next/static/chunks/db2ad__pnpm_bc426aec._.js:3637:27)
    at createBaseTranslator (http://localhost:3000/_next/static/chunks/db2ad__pnpm_bc426aec._.js:3642:29)
    at useTranslationsImpl.useMemo[translate] (http://localhost:3000/_next/static/chunks/db2ad__pnpm_bc426aec._.js:4163:378)
    at mountMemo (http://localhost:3000/_next/static/chunks/509c2_next_dist_compiled_react-dom_1698bfa6._.js:5424:25)
    at Object.useMemo (http://localhost:3000/_next/static/chunks/509c2_next_dist_compiled_react-dom_1698bfa6._.js:15003:24)
    at exports.useMemo (http://localhost:3000/_next/static/chunks/509c2_next_dist_compiled_9044104d._.js:1742:36)
    at useTranslationsImpl (http://localhost:3000/_next/static/chunks/db2ad__pnpm_bc426aec._.js:4162:416)
    at useTranslations (http://localhost:3000/_next/static/chunks/db2ad__pnpm_bc426aec._.js:4201:12)
    at http://localhost:3000/_next/static/chunks/db2ad__pnpm_6cafc622._.js:70:20
    at DashboardPage (http://localhost:3000/_next/static/chunks/pi-cwd-20260601_admin-platform_d7a92737._.js:987:432)
    at Object.react_stack_bottom_frame (http://localhost:3000/_next/static/chunks/509c2_next_dist_compiled_react-dom_1698bfa6._.js:14826:24)
    at renderWithHooks (http://localhost:3000/_next/static/chunks/509c2_next_dist_compiled_react-dom_1698bfa6._.js:4651:24)
    at updateFunctionComponent (http://localhost:3000/_next/static/chunks/509c2_next_dist_compiled_react-dom_1698bfa6._.js:6112:21)
    at beginWork (http://localhost:3000/_next/static/chunks/509c2_next_dist_compiled_react-dom_1698bfa6._.js:6708:24)
    at runWithFiberInDEV (http://localhost:3000/_next/static/chunks/509c2_next_dist_compiled_react-dom_1698bfa6._.js:965:74)
    at performUnitOfWork (http://localhost:3000/_next/static/chunks/509c2_next_dist_compiled_react-dom_1698bfa6._.js:9562:97)
    at workLoopConcurrentByScheduler (http://localhost:3000/_next/static/chunks/509c2_next_dist_compiled_react-dom_1698bfa6._.js:9558:58)
    at renderRootConcurrent (http://localhost:3000/_next/static/chunks/509c2_next_dist_compiled_react-dom_1698bfa6._.js:9541:71)
    at performWorkOnRoot (http://localhost:3000/_next/static/chunks/509c2_next_dist_compiled_react-dom_1698bfa6._.js:9068:150)
    at performWorkOnRootViaSchedulerTask (http://localhost:3000/_next/static/chunks/509c2_next_dist_compiled_react-dom_1698bfa6._.js:10230:9)
    at MessagePort.performWorkUntilDeadline (http://localhost:3000/_next/static/chunks/509c2_next_dist_compiled_9044104d._.js:2647:64) @ http://localhost:3000/_next/static/chunks/509c2_next_dist_512df543._.js:3127
[ 2057605ms] [ERROR] IntlError: MISSING_MESSAGE: Could not resolve `modules.dashboard` in messages for locale `login`.
    at getMessagesOrError (http://localhost:3000/_next/static/chunks/db2ad__pnpm_bc426aec._.js:3637:27)
    at createBaseTranslator (http://localhost:3000/_next/static/chunks/db2ad__pnpm_bc426aec._.js:3642:29)
    at useTranslationsImpl.useMemo[translate] (http://localhost:3000/_next/static/chunks/db2ad__pnpm_bc426aec._.js:4163:378)
    at mountMemo (http://localhost:3000/_next/static/chunks/509c2_next_dist_compiled_react-dom_1698bfa6._.js:5424:25)
    at Object.useMemo (http://localhost:3000/_next/static/chunks/509c2_next_dist_compiled_react-dom_1698bfa6._.js:15003:24)
    at exports.useMemo (http://localhost:3000/_next/static/chunks/509c2_next_dist_compiled_9044104d._.js:1742:36)
    at useTranslationsImpl (http://localhost:3000/_next/static/chunks/db2ad__pnpm_bc426aec._.js:4162:416)
    at useTranslations (http://localhost:3000/_next/static/chunks/db2ad__pnpm_bc426aec._.js:4201:12)
    at http://localhost:3000/_next/static/chunks/db2ad__pnpm_6cafc622._.js:70:20
    at DashboardPage (http://localhost:3000/_next/static/chunks/pi-cwd-20260601_admin-platform_d7a92737._.js:987:432)
    at Object.react_stack_bottom_frame (http://localhost:3000/_next/static/chunks/509c2_next_dist_compiled_react-dom_1698bfa6._.js:14826:24)
    at renderWithHooks (http://localhost:3000/_next/static/chunks/509c2_next_dist_compiled_react-dom_1698bfa6._.js:4651:24)
    at updateFunctionComponent (http://localhost:3000/_next/static/chunks/509c2_next_dist_compiled_react-dom_1698bfa6._.js:6112:21)
    at beginWork (http://localhost:3000/_next/static/chunks/509c2_next_dist_compiled_react-dom_1698bfa6._.js:6708:24)
    at runWithFiberInDEV (http://localhost:3000/_next/static/chunks/509c2_next_dist_compiled_react-dom_1698bfa6._.js:965:74)
    at performUnitOfWork (http://localhost:3000/_next/static/chunks/509c2_next_dist_compiled_react-dom_1698bfa6._.js:9562:97)
    at workLoopConcurrentByScheduler (http://localhost:3000/_next/static/chunks/509c2_next_dist_compiled_react-dom_1698bfa6._.js:9558:58)
    at renderRootConcurrent (http://localhost:3000/_next/static/chunks/509c2_next_dist_compiled_react-dom_1698bfa6._.js:9541:71)
    at performWorkOnRoot (http://localhost:3000/_next/static/chunks/509c2_next_dist_compiled_react-dom_1698bfa6._.js:9068:150)
    at performWorkOnRootViaSchedulerTask (http://localhost:3000/_next/static/chunks/509c2_next_dist_compiled_react-dom_1698bfa6._.js:10230:9)
    at MessagePort.performWorkUntilDeadline (http://localhost:3000/_next/static/chunks/509c2_next_dist_compiled_9044104d._.js:2647:64) @ http://localhost:3000/_next/static/chunks/509c2_next_dist_512df543._.js:3127
[ 2057606ms] [ERROR] IntlError: MISSING_MESSAGE: Could not resolve `modules.dashboard` in messages for locale `login`.
    at getMessagesOrError (http://localhost:3000/_next/static/chunks/db2ad__pnpm_bc426aec._.js:3637:27)
    at createBaseTranslator (http://localhost:3000/_next/static/chunks/db2ad__pnpm_bc426aec._.js:3642:29)
    at useTranslationsImpl.useMemo[translate] (http://localhost:3000/_next/static/chunks/db2ad__pnpm_bc426aec._.js:4163:378)
    at mountMemo (http://localhost:3000/_next/static/chunks/509c2_next_dist_compiled_react-dom_1698bfa6._.js:5424:25)
    at Object.useMemo (http://localhost:3000/_next/static/chunks/509c2_next_dist_compiled_react-dom_1698bfa6._.js:15003:24)
    at exports.useMemo (http://localhost:3000/_next/static/chunks/509c2_next_dist_compiled_9044104d._.js:1742:36)
    at useTranslationsImpl (http://localhost:3000/_next/static/chunks/db2ad__pnpm_bc426aec._.js:4162:416)
    at useTranslations (http://localhost:3000/_next/static/chunks/db2ad__pnpm_bc426aec._.js:4201:12)
    at http://localhost:3000/_next/static/chunks/db2ad__pnpm_6cafc622._.js:70:20
    at DashboardPage (http://localhost:3000/_next/static/chunks/pi-cwd-20260601_admin-platform_d7a92737._.js:987:432)
    at Object.react_stack_bottom_frame (http://localhost:3000/_next/static/chunks/509c2_next_dist_compiled_react-dom_1698bfa6._.js:14826:24)
    at renderWithHooks (http://localhost:3000/_next/static/chunks/509c2_next_dist_compiled_react-dom_1698bfa6._.js:4651:24)
    at updateFunctionComponent (http://localhost:3000/_next/static/chunks/509c2_next_dist_compiled_react-dom_1698bfa6._.js:6112:21)
    at beginWork (http://localhost:3000/_next/static/chunks/509c2_next_dist_compiled_react-dom_1698bfa6._.js:6708:24)
    at runWithFiberInDEV (http://localhost:3000/_next/static/chunks/509c2_next_dist_compiled_react-dom_1698bfa6._.js:965:74)
    at performUnitOfWork (http://localhost:3000/_next/static/chunks/509c2_next_dist_compiled_react-dom_1698bfa6._.js:9562:97)
    at workLoopConcurrentByScheduler (http://localhost:3000/_next/static/chunks/509c2_next_dist_compiled_react-dom_1698bfa6._.js:9558:58)
    at renderRootConcurrent (http://localhost:3000/_next/static/chunks/509c2_next_dist_compiled_react-dom_1698bfa6._.js:9541:71)
    at performWorkOnRoot (http://localhost:3000/_next/static/chunks/509c2_next_dist_compiled_react-dom_1698bfa6._.js:9068:150)
    at performWorkOnRootViaSchedulerTask (http://localhost:3000/_next/static/chunks/509c2_next_dist_compiled_react-dom_1698bfa6._.js:10230:9)
    at MessagePort.performWorkUntilDeadline (http://localhost:3000/_next/static/chunks/509c2_next_dist_compiled_9044104d._.js:2647:64) @ http://localhost:3000/_next/static/chunks/509c2_next_dist_512df543._.js:3127
[ 2057606ms] [ERROR] IntlError: MISSING_MESSAGE: Could not resolve `modules.dashboard` in messages for locale `login`.
    at getMessagesOrError (http://localhost:3000/_next/static/chunks/db2ad__pnpm_bc426aec._.js:3637:27)
    at createBaseTranslator (http://localhost:3000/_next/static/chunks/db2ad__pnpm_bc426aec._.js:3642:29)
    at useTranslationsImpl.useMemo[translate] (http://localhost:3000/_next/static/chunks/db2ad__pnpm_bc426aec._.js:4163:378)
    at mountMemo (http://localhost:3000/_next/static/chunks/509c2_next_dist_compiled_react-dom_1698bfa6._.js:5424:25)
    at Object.useMemo (http://localhost:3000/_next/static/chunks/509c2_next_dist_compiled_react-dom_1698bfa6._.js:15003:24)
    at exports.useMemo (http://localhost:3000/_next/static/chunks/509c2_next_dist_compiled_9044104d._.js:1742:36)
    at useTranslationsImpl (http://localhost:3000/_next/static/chunks/db2ad__pnpm_bc426aec._.js:4162:416)
    at useTranslations (http://localhost:3000/_next/static/chunks/db2ad__pnpm_bc426aec._.js:4201:12)
    at http://localhost:3000/_next/static/chunks/db2ad__pnpm_6cafc622._.js:70:20
    at DashboardPage (http://localhost:3000/_next/static/chunks/pi-cwd-20260601_admin-platform_d7a92737._.js:987:432)
    at Object.react_stack_bottom_frame (http://localhost:3000/_next/static/chunks/509c2_next_dist_compiled_react-dom_1698bfa6._.js:14826:24)
    at renderWithHooks (http://localhost:3000/_next/static/chunks/509c2_next_dist_compiled_react-dom_1698bfa6._.js:4651:24)
    at updateFunctionComponent (http://localhost:3000/_next/static/chunks/509c2_next_dist_compiled_react-dom_1698bfa6._.js:6112:21)
    at beginWork (http://localhost:3000/_next/static/chunks/509c2_next_dist_compiled_react-dom_1698bfa6._.js:6708:24)
    at runWithFiberInDEV (http://localhost:3000/_next/static/chunks/509c2_next_dist_compiled_react-dom_1698bfa6._.js:965:74)
    at performUnitOfWork (http://localhost:3000/_next/static/chunks/509c2_next_dist_compiled_react-dom_1698bfa6._.js:9562:97)
    at workLoopConcurrentByScheduler (http://localhost:3000/_next/static/chunks/509c2_next_dist_compiled_react-dom_1698bfa6._.js:9558:58)
    at renderRootConcurrent (http://localhost:3000/_next/static/chunks/509c2_next_dist_compiled_react-dom_1698bfa6._.js:9541:71)
    at performWorkOnRoot (http://localhost:3000/_next/static/chunks/509c2_next_dist_compiled_react-dom_1698bfa6._.js:9068:150)
    at performWorkOnRootViaSchedulerTask (http://localhost:3000/_next/static/chunks/509c2_next_dist_compiled_react-dom_1698bfa6._.js:10230:9)
    at MessagePort.performWorkUntilDeadline (http://localhost:3000/_next/static/chunks/509c2_next_dist_compiled_9044104d._.js:2647:64) @ http://localhost:3000/_next/static/chunks/509c2_next_dist_512df543._.js:3127
[ 2057607ms] [ERROR] IntlError: MISSING_MESSAGE: Could not resolve `modules.dashboard` in messages for locale `login`.
    at getMessagesOrError (http://localhost:3000/_next/static/chunks/db2ad__pnpm_bc426aec._.js:3637:27)
    at createBaseTranslator (http://localhost:3000/_next/static/chunks/db2ad__pnpm_bc426aec._.js:3642:29)
    at useTranslationsImpl.useMemo[translate] (http://localhost:3000/_next/static/chunks/db2ad__pnpm_bc426aec._.js:4163:378)
    at mountMemo (http://localhost:3000/_next/static/chunks/509c2_next_dist_compiled_react-dom_1698bfa6._.js:5424:25)
    at Object.useMemo (http://localhost:3000/_next/static/chunks/509c2_next_dist_compiled_react-dom_1698bfa6._.js:15003:24)
    at exports.useMemo (http://localhost:3000/_next/static/chunks/509c2_next_dist_compiled_9044104d._.js:1742:36)
    at useTranslationsImpl (http://localhost:3000/_next/static/chunks/db2ad__pnpm_bc426aec._.js:4162:416)
    at useTranslations (http://localhost:3000/_next/static/chunks/db2ad__pnpm_bc426aec._.js:4201:12)
    at http://localhost:3000/_next/static/chunks/db2ad__pnpm_6cafc622._.js:70:20
    at DashboardPage (http://localhost:3000/_next/static/chunks/pi-cwd-20260601_admin-platform_d7a92737._.js:987:432)
    at Object.react_stack_bottom_frame (http://localhost:3000/_next/static/chunks/509c2_next_dist_compiled_react-dom_1698bfa6._.js:14826:24)
    at renderWithHooks (http://localhost:3000/_next/static/chunks/509c2_next_dist_compiled_react-dom_1698bfa6._.js:4651:24)
    at updateFunctionComponent (http://localhost:3000/_next/static/chunks/509c2_next_dist_compiled_react-dom_1698bfa6._.js:6112:21)
    at beginWork (http://localhost:3000/_next/static/chunks/509c2_next_dist_compiled_react-dom_1698bfa6._.js:6708:24)
    at runWithFiberInDEV (http://localhost:3000/_next/static/chunks/509c2_next_dist_compiled_react-dom_1698bfa6._.js:965:74)
    at performUnitOfWork (http://localhost:3000/_next/static/chunks/509c2_next_dist_compiled_react-dom_1698bfa6._.js:9562:97)
    at workLoopConcurrentByScheduler (http://localhost:3000/_next/static/chunks/509c2_next_dist_compiled_react-dom_1698bfa6._.js:9558:58)
    at renderRootConcurrent (http://localhost:3000/_next/static/chunks/509c2_next_dist_compiled_react-dom_1698bfa6._.js:9541:71)
    at performWorkOnRoot (http://localhost:3000/_next/static/chunks/509c2_next_dist_compiled_react-dom_1698bfa6._.js:9068:150)
    at performWorkOnRootViaSchedulerTask (http://localhost:3000/_next/static/chunks/509c2_next_dist_compiled_react-dom_1698bfa6._.js:10230:9)
    at MessagePort.performWorkUntilDeadline (http://localhost:3000/_next/static/chunks/509c2_next_dist_compiled_9044104d._.js:2647:64) @ http://localhost:3000/_next/static/chunks/509c2_next_dist_512df543._.js:3127
[ 2057607ms] [ERROR] IntlError: MISSING_MESSAGE: Could not resolve `modules.dashboard` in messages for locale `login`.
    at getMessagesOrError (http://localhost:3000/_next/static/chunks/db2ad__pnpm_bc426aec._.js:3637:27)
    at createBaseTranslator (http://localhost:3000/_next/static/chunks/db2ad__pnpm_bc426aec._.js:3642:29)
    at useTranslationsImpl.useMemo[translate] (http://localhost:3000/_next/static/chunks/db2ad__pnpm_bc426aec._.js:4163:378)
    at mountMemo (http://localhost:3000/_next/static/chunks/509c2_next_dist_compiled_react-dom_1698bfa6._.js:5424:25)
    at Object.useMemo (http://localhost:3000/_next/static/chunks/509c2_next_dist_compiled_react-dom_1698bfa6._.js:15003:24)
    at exports.useMemo (http://localhost:3000/_next/static/chunks/509c2_next_dist_compiled_9044104d._.js:1742:36)
    at useTranslationsImpl (http://localhost:3000/_next/static/chunks/db2ad__pnpm_bc426aec._.js:4162:416)
    at useTranslations (http://localhost:3000/_next/static/chunks/db2ad__pnpm_bc426aec._.js:4201:12)
    at http://localhost:3000/_next/static/chunks/db2ad__pnpm_6cafc622._.js:70:20
    at DashboardPage (http://localhost:3000/_next/static/chunks/pi-cwd-20260601_admin-platform_d7a92737._.js:987:432)
    at Object.react_stack_bottom_frame (http://localhost:3000/_next/static/chunks/509c2_next_dist_compiled_react-dom_1698bfa6._.js:14826:24)
    at renderWithHooks (http://localhost:3000/_next/static/chunks/509c2_next_dist_compiled_react-dom_1698bfa6._.js:4651:24)
    at updateFunctionComponent (http://localhost:3000/_next/static/chunks/509c2_next_dist_compiled_react-dom_1698bfa6._.js:6112:21)
    at beginWork (http://localhost:3000/_next/static/chunks/509c2_next_dist_compiled_react-dom_1698bfa6._.js:6708:24)
    at runWithFiberInDEV (http://localhost:3000/_next/static/chunks/509c2_next_dist_compiled_react-dom_1698bfa6._.js:965:74)
    at performUnitOfWork (http://localhost:3000/_next/static/chunks/509c2_next_dist_compiled_react-dom_1698bfa6._.js:9562:97)
    at workLoopConcurrentByScheduler (http://localhost:3000/_next/static/chunks/509c2_next_dist_compiled_react-dom_1698bfa6._.js:9558:58)
    at renderRootConcurrent (http://localhost:3000/_next/static/chunks/509c2_next_dist_compiled_react-dom_1698bfa6._.js:9541:71)
    at performWorkOnRoot (http://localhost:3000/_next/static/chunks/509c2_next_dist_compiled_react-dom_1698bfa6._.js:9068:150)
    at performWorkOnRootViaSchedulerTask (http://localhost:3000/_next/static/chunks/509c2_next_dist_compiled_react-dom_1698bfa6._.js:10230:9)
    at MessagePort.performWorkUntilDeadline (http://localhost:3000/_next/static/chunks/509c2_next_dist_compiled_9044104d._.js:2647:64) @ http://localhost:3000/_next/static/chunks/509c2_next_dist_512df543._.js:3127
[ 2057607ms] [ERROR] IntlError: MISSING_MESSAGE: Could not resolve `modules.dashboard` in messages for locale `login`.
    at getMessagesOrError (http://localhost:3000/_next/static/chunks/db2ad__pnpm_bc426aec._.js:3637:27)
    at createBaseTranslator (http://localhost:3000/_next/static/chunks/db2ad__pnpm_bc426aec._.js:3642:29)
    at useTranslationsImpl.useMemo[translate] (http://localhost:3000/_next/static/chunks/db2ad__pnpm_bc426aec._.js:4163:378)
    at mountMemo (http://localhost:3000/_next/static/chunks/509c2_next_dist_compiled_react-dom_1698bfa6._.js:5424:25)
    at Object.useMemo (http://localhost:3000/_next/static/chunks/509c2_next_dist_compiled_react-dom_1698bfa6._.js:15003:24)
    at exports.useMemo (http://localhost:3000/_next/static/chunks/509c2_next_dist_compiled_9044104d._.js:1742:36)
    at useTranslationsImpl (http://localhost:3000/_next/static/chunks/db2ad__pnpm_bc426aec._.js:4162:416)
    at useTranslations (http://localhost:3000/_next/static/chunks/db2ad__pnpm_bc426aec._.js:4201:12)
    at http://localhost:3000/_next/static/chunks/db2ad__pnpm_6cafc622._.js:70:20
    at DashboardPage (http://localhost:3000/_next/static/chunks/pi-cwd-20260601_admin-platform_d7a92737._.js:987:432)
    at Object.react_stack_bottom_frame (http://localhost:3000/_next/static/chunks/509c2_next_dist_compiled_react-dom_1698bfa6._.js:14826:24)
    at renderWithHooks (http://localhost:3000/_next/static/chunks/509c2_next_dist_compiled_react-dom_1698bfa6._.js:4651:24)
    at updateFunctionComponent (http://localhost:3000/_next/static/chunks/509c2_next_dist_compiled_react-dom_1698bfa6._.js:6112:21)
    at beginWork (http://localhost:3000/_next/static/chunks/509c2_next_dist_compiled_react-dom_1698bfa6._.js:6708:24)
    at runWithFiberInDEV (http://localhost:3000/_next/static/chunks/509c2_next_dist_compiled_react-dom_1698bfa6._.js:965:74)
    at performUnitOfWork (http://localhost:3000/_next/static/chunks/509c2_next_dist_compiled_react-dom_1698bfa6._.js:9562:97)
    at workLoopConcurrentByScheduler (http://localhost:3000/_next/static/chunks/509c2_next_dist_compiled_react-dom_1698bfa6._.js:9558:58)
    at renderRootConcurrent (http://localhost:3000/_next/static/chunks/509c2_next_dist_compiled_react-dom_1698bfa6._.js:9541:71)
    at performWorkOnRoot (http://localhost:3000/_next/static/chunks/509c2_next_dist_compiled_react-dom_1698bfa6._.js:9068:150)
    at performWorkOnRootViaSchedulerTask (http://localhost:3000/_next/static/chunks/509c2_next_dist_compiled_react-dom_1698bfa6._.js:10230:9)
    at MessagePort.performWorkUntilDeadline (http://localhost:3000/_next/static/chunks/509c2_next_dist_compiled_9044104d._.js:2647:64) @ http://localhost:3000/_next/static/chunks/509c2_next_dist_512df543._.js:3127
[ 2057608ms] [ERROR] IntlError: MISSING_MESSAGE: Could not resolve `modules.dashboard` in messages for locale `login`.
    at getMessagesOrError (http://localhost:3000/_next/static/chunks/db2ad__pnpm_bc426aec._.js:3637:27)
    at createBaseTranslator (http://localhost:3000/_next/static/chunks/db2ad__pnpm_bc426aec._.js:3642:29)
    at useTranslationsImpl.useMemo[translate] (http://localhost:3000/_next/static/chunks/db2ad__pnpm_bc426aec._.js:4163:378)
    at mountMemo (http://localhost:3000/_next/static/chunks/509c2_next_dist_compiled_react-dom_1698bfa6._.js:5424:25)
    at Object.useMemo (http://localhost:3000/_next/static/chunks/509c2_next_dist_compiled_react-dom_1698bfa6._.js:15003:24)
    at exports.useMemo (http://localhost:3000/_next/static/chunks/509c2_next_dist_compiled_9044104d._.js:1742:36)
    at useTranslationsImpl (http://localhost:3000/_next/static/chunks/db2ad__pnpm_bc426aec._.js:4162:416)
    at useTranslations (http://localhost:3000/_next/static/chunks/db2ad__pnpm_bc426aec._.js:4201:12)
    at http://localhost:3000/_next/static/chunks/db2ad__pnpm_6cafc622._.js:70:20
    at DashboardPage (http://localhost:3000/_next/static/chunks/pi-cwd-20260601_admin-platform_d7a92737._.js:987:432)
    at Object.react_stack_bottom_frame (http://localhost:3000/_next/static/chunks/509c2_next_dist_compiled_react-dom_1698bfa6._.js:14826:24)
    at renderWithHooks (http://localhost:3000/_next/static/chunks/509c2_next_dist_compiled_react-dom_1698bfa6._.js:4651:24)
    at updateFunctionComponent (http://localhost:3000/_next/static/chunks/509c2_next_dist_compiled_react-dom_1698bfa6._.js:6112:21)
    at beginWork (http://localhost:3000/_next/static/chunks/509c2_next_dist_compiled_react-dom_1698bfa6._.js:6708:24)
    at runWithFiberInDEV (http://localhost:3000/_next/static/chunks/509c2_next_dist_compiled_react-dom_1698bfa6._.js:965:74)
    at performUnitOfWork (http://localhost:3000/_next/static/chunks/509c2_next_dist_compiled_react-dom_1698bfa6._.js:9562:97)
    at workLoopConcurrentByScheduler (http://localhost:3000/_next/static/chunks/509c2_next_dist_compiled_react-dom_1698bfa6._.js:9558:58)
    at renderRootConcurrent (http://localhost:3000/_next/static/chunks/509c2_next_dist_compiled_react-dom_1698bfa6._.js:9541:71)
    at performWorkOnRoot (http://localhost:3000/_next/static/chunks/509c2_next_dist_compiled_react-dom_1698bfa6._.js:9068:150)
    at performWorkOnRootViaSchedulerTask (http://localhost:3000/_next/static/chunks/509c2_next_dist_compiled_react-dom_1698bfa6._.js:10230:9)
    at MessagePort.performWorkUntilDeadline (http://localhost:3000/_next/static/chunks/509c2_next_dist_compiled_9044104d._.js:2647:64) @ http://localhost:3000/_next/static/chunks/509c2_next_dist_512df543._.js:3127
[ 2057608ms] [ERROR] IntlError: MISSING_MESSAGE: Could not resolve `modules.dashboard` in messages for locale `login`.
    at getMessagesOrError (http://localhost:3000/_next/static/chunks/db2ad__pnpm_bc426aec._.js:3637:27)
    at createBaseTranslator (http://localhost:3000/_next/static/chunks/db2ad__pnpm_bc426aec._.js:3642:29)
    at useTranslationsImpl.useMemo[translate] (http://localhost:3000/_next/static/chunks/db2ad__pnpm_bc426aec._.js:4163:378)
    at mountMemo (http://localhost:3000/_next/static/chunks/509c2_next_dist_compiled_react-dom_1698bfa6._.js:5424:25)
    at Object.useMemo (http://localhost:3000/_next/static/chunks/509c2_next_dist_compiled_react-dom_1698bfa6._.js:15003:24)
    at exports.useMemo (http://localhost:3000/_next/static/chunks/509c2_next_dist_compiled_9044104d._.js:1742:36)
    at useTranslationsImpl (http://localhost:3000/_next/static/chunks/db2ad__pnpm_bc426aec._.js:4162:416)
    at useTranslations (http://localhost:3000/_next/static/chunks/db2ad__pnpm_bc426aec._.js:4201:12)
    at http://localhost:3000/_next/static/chunks/db2ad__pnpm_6cafc622._.js:70:20
    at DashboardPage (http://localhost:3000/_next/static/chunks/pi-cwd-20260601_admin-platform_d7a92737._.js:987:432)
    at Object.react_stack_bottom_frame (http://localhost:3000/_next/static/chunks/509c2_next_dist_compiled_react-dom_1698bfa6._.js:14826:24)
    at renderWithHooks (http://localhost:3000/_next/static/chunks/509c2_next_dist_compiled_react-dom_1698bfa6._.js:4651:24)
    at updateFunctionComponent (http://localhost:3000/_next/static/chunks/509c2_next_dist_compiled_react-dom_1698bfa6._.js:6112:21)
    at beginWork (http://localhost:3000/_next/static/chunks/509c2_next_dist_compiled_react-dom_1698bfa6._.js:6708:24)
    at runWithFiberInDEV (http://localhost:3000/_next/static/chunks/509c2_next_dist_compiled_react-dom_1698bfa6._.js:965:74)
    at performUnitOfWork (http://localhost:3000/_next/static/chunks/509c2_next_dist_compiled_react-dom_1698bfa6._.js:9562:97)
    at workLoopConcurrentByScheduler (http://localhost:3000/_next/static/chunks/509c2_next_dist_compiled_react-dom_1698bfa6._.js:9558:58)
    at renderRootConcurrent (http://localhost:3000/_next/static/chunks/509c2_next_dist_compiled_react-dom_1698bfa6._.js:9541:71)
    at performWorkOnRoot (http://localhost:3000/_next/static/chunks/509c2_next_dist_compiled_react-dom_1698bfa6._.js:9068:150)
    at performWorkOnRootViaSchedulerTask (http://localhost:3000/_next/static/chunks/509c2_next_dist_compiled_react-dom_1698bfa6._.js:10230:9)
    at MessagePort.performWorkUntilDeadline (http://localhost:3000/_next/static/chunks/509c2_next_dist_compiled_9044104d._.js:2647:64) @ http://localhost:3000/_next/static/chunks/509c2_next_dist_512df543._.js:3127
[ 2057608ms] [ERROR] IntlError: MISSING_MESSAGE: Could not resolve `modules.dashboard` in messages for locale `login`.
    at getMessagesOrError (http://localhost:3000/_next/static/chunks/db2ad__pnpm_bc426aec._.js:3637:27)
    at createBaseTranslator (http://localhost:3000/_next/static/chunks/db2ad__pnpm_bc426aec._.js:3642:29)
    at useTranslationsImpl.useMemo[translate] (http://localhost:3000/_next/static/chunks/db2ad__pnpm_bc426aec._.js:4163:378)
    at mountMemo (http://localhost:3000/_next/static/chunks/509c2_next_dist_compiled_react-dom_1698bfa6._.js:5424:25)
    at Object.useMemo (http://localhost:3000/_next/static/chunks/509c2_next_dist_compiled_react-dom_1698bfa6._.js:15003:24)
    at exports.useMemo (http://localhost:3000/_next/static/chunks/509c2_next_dist_compiled_9044104d._.js:1742:36)
    at useTranslationsImpl (http://localhost:3000/_next/static/chunks/db2ad__pnpm_bc426aec._.js:4162:416)
    at useTranslations (http://localhost:3000/_next/static/chunks/db2ad__pnpm_bc426aec._.js:4201:12)
    at http://localhost:3000/_next/static/chunks/db2ad__pnpm_6cafc622._.js:70:20
    at DashboardPage (http://localhost:3000/_next/static/chunks/pi-cwd-20260601_admin-platform_d7a92737._.js:987:432)
    at Object.react_stack_bottom_frame (http://localhost:3000/_next/static/chunks/509c2_next_dist_compiled_react-dom_1698bfa6._.js:14826:24)
    at renderWithHooks (http://localhost:3000/_next/static/chunks/509c2_next_dist_compiled_react-dom_1698bfa6._.js:4651:24)
    at updateFunctionComponent (http://localhost:3000/_next/static/chunks/509c2_next_dist_compiled_react-dom_1698bfa6._.js:6112:21)
    at beginWork (http://localhost:3000/_next/static/chunks/509c2_next_dist_compiled_react-dom_1698bfa6._.js:6708:24)
    at runWithFiberInDEV (http://localhost:3000/_next/static/chunks/509c2_next_dist_compiled_react-dom_1698bfa6._.js:965:74)
    at performUnitOfWork (http://localhost:3000/_next/static/chunks/509c2_next_dist_compiled_react-dom_1698bfa6._.js:9562:97)
    at workLoopConcurrentByScheduler (http://localhost:3000/_next/static/chunks/509c2_next_dist_compiled_react-dom_1698bfa6._.js:9558:58)
    at renderRootConcurrent (http://localhost:3000/_next/static/chunks/509c2_next_dist_compiled_react-dom_1698bfa6._.js:9541:71)
    at performWorkOnRoot (http://localhost:3000/_next/static/chunks/509c2_next_dist_compiled_react-dom_1698bfa6._.js:9068:150)
    at performWorkOnRootViaSchedulerTask (http://localhost:3000/_next/static/chunks/509c2_next_dist_compiled_react-dom_1698bfa6._.js:10230:9)
    at MessagePort.performWorkUntilDeadline (http://localhost:3000/_next/static/chunks/509c2_next_dist_compiled_9044104d._.js:2647:64) @ http://localhost:3000/_next/static/chunks/509c2_next_dist_512df543._.js:3127
[ 2057608ms] [ERROR] IntlError: MISSING_MESSAGE: Could not resolve `modules.dashboard` in messages for locale `login`.
    at getMessagesOrError (http://localhost:3000/_next/static/chunks/db2ad__pnpm_bc426aec._.js:3637:27)
    at createBaseTranslator (http://localhost:3000/_next/static/chunks/db2ad__pnpm_bc426aec._.js:3642:29)
    at useTranslationsImpl.useMemo[translate] (http://localhost:3000/_next/static/chunks/db2ad__pnpm_bc426aec._.js:4163:378)
    at mountMemo (http://localhost:3000/_next/static/chunks/509c2_next_dist_compiled_react-dom_1698bfa6._.js:5424:25)
    at Object.useMemo (http://localhost:3000/_next/static/chunks/509c2_next_dist_compiled_react-dom_1698bfa6._.js:15003:24)
    at exports.useMemo (http://localhost:3000/_next/static/chunks/509c2_next_dist_compiled_9044104d._.js:1742:36)
    at useTranslationsImpl (http://localhost:3000/_next/static/chunks/db2ad__pnpm_bc426aec._.js:4162:416)
    at useTranslations (http://localhost:3000/_next/static/chunks/db2ad__pnpm_bc426aec._.js:4201:12)
    at http://localhost:3000/_next/static/chunks/db2ad__pnpm_6cafc622._.js:70:20
    at DashboardPage (http://localhost:3000/_next/static/chunks/pi-cwd-20260601_admin-platform_d7a92737._.js:987:432)
    at Object.react_stack_bottom_frame (http://localhost:3000/_next/static/chunks/509c2_next_dist_compiled_react-dom_1698bfa6._.js:14826:24)
    at renderWithHooks (http://localhost:3000/_next/static/chunks/509c2_next_dist_compiled_react-dom_1698bfa6._.js:4651:24)
    at updateFunctionComponent (http://localhost:3000/_next/static/chunks/509c2_next_dist_compiled_react-dom_1698bfa6._.js:6112:21)
    at beginWork (http://localhost:3000/_next/static/chunks/509c2_next_dist_compiled_react-dom_1698bfa6._.js:6708:24)
    at runWithFiberInDEV (http://localhost:3000/_next/static/chunks/509c2_next_dist_compiled_react-dom_1698bfa6._.js:965:74)
    at performUnitOfWork (http://localhost:3000/_next/static/chunks/509c2_next_dist_compiled_react-dom_1698bfa6._.js:9562:97)
    at workLoopConcurrentByScheduler (http://localhost:3000/_next/static/chunks/509c2_next_dist_compiled_react-dom_1698bfa6._.js:9558:58)
    at renderRootConcurrent (http://localhost:3000/_next/static/chunks/509c2_next_dist_compiled_react-dom_1698bfa6._.js:9541:71)
    at performWorkOnRoot (http://localhost:3000/_next/static/chunks/509c2_next_dist_compiled_react-dom_1698bfa6._.js:9068:150)
    at performWorkOnRootViaSchedulerTask (http://localhost:3000/_next/static/chunks/509c2_next_dist_compiled_react-dom_1698bfa6._.js:10230:9)
    at MessagePort.performWorkUntilDeadline (http://localhost:3000/_next/static/chunks/509c2_next_dist_compiled_9044104d._.js:2647:64) @ http://localhost:3000/_next/static/chunks/509c2_next_dist_512df543._.js:3127
[ 2057608ms] [ERROR] IntlError: MISSING_MESSAGE: Could not resolve `modules.dashboard` in messages for locale `login`.
    at getMessagesOrError (http://localhost:3000/_next/static/chunks/db2ad__pnpm_bc426aec._.js:3637:27)
    at createBaseTranslator (http://localhost:3000/_next/static/chunks/db2ad__pnpm_bc426aec._.js:3642:29)
    at useTranslationsImpl.useMemo[translate] (http://localhost:3000/_next/static/chunks/db2ad__pnpm_bc426aec._.js:4163:378)
    at mountMemo (http://localhost:3000/_next/static/chunks/509c2_next_dist_compiled_react-dom_1698bfa6._.js:5424:25)
    at Object.useMemo (http://localhost:3000/_next/static/chunks/509c2_next_dist_compiled_react-dom_1698bfa6._.js:15003:24)
    at exports.useMemo (http://localhost:3000/_next/static/chunks/509c2_next_dist_compiled_9044104d._.js:1742:36)
    at useTranslationsImpl (http://localhost:3000/_next/static/chunks/db2ad__pnpm_bc426aec._.js:4162:416)
    at useTranslations (http://localhost:3000/_next/static/chunks/db2ad__pnpm_bc426aec._.js:4201:12)
    at http://localhost:3000/_next/static/chunks/db2ad__pnpm_6cafc622._.js:70:20
    at DashboardPage (http://localhost:3000/_next/static/chunks/pi-cwd-20260601_admin-platform_d7a92737._.js:987:432)
    at Object.react_stack_bottom_frame (http://localhost:3000/_next/static/chunks/509c2_next_dist_compiled_react-dom_1698bfa6._.js:14826:24)
    at renderWithHooks (http://localhost:3000/_next/static/chunks/509c2_next_dist_compiled_react-dom_1698bfa6._.js:4651:24)
    at updateFunctionComponent (http://localhost:3000/_next/static/chunks/509c2_next_dist_compiled_react-dom_1698bfa6._.js:6112:21)
    at beginWork (http://localhost:3000/_next/static/chunks/509c2_next_dist_compiled_react-dom_1698bfa6._.js:6708:24)
    at runWithFiberInDEV (http://localhost:3000/_next/static/chunks/509c2_next_dist_compiled_react-dom_1698bfa6._.js:965:74)
    at performUnitOfWork (http://localhost:3000/_next/static/chunks/509c2_next_dist_compiled_react-dom_1698bfa6._.js:9562:97)
    at workLoopConcurrentByScheduler (http://localhost:3000/_next/static/chunks/509c2_next_dist_compiled_react-dom_1698bfa6._.js:9558:58)
    at renderRootConcurrent (http://localhost:3000/_next/static/chunks/509c2_next_dist_compiled_react-dom_1698bfa6._.js:9541:71)
    at performWorkOnRoot (http://localhost:3000/_next/static/chunks/509c2_next_dist_compiled_react-dom_1698bfa6._.js:9068:150)
    at performWorkOnRootViaSchedulerTask (http://localhost:3000/_next/static/chunks/509c2_next_dist_compiled_react-dom_1698bfa6._.js:10230:9)
    at MessagePort.performWorkUntilDeadline (http://localhost:3000/_next/static/chunks/509c2_next_dist_compiled_9044104d._.js:2647:64) @ http://localhost:3000/_next/static/chunks/509c2_next_dist_512df543._.js:3127
[ 2057609ms] [ERROR] IntlError: MISSING_MESSAGE: Could not resolve `modules.dashboard` in messages for locale `login`.
    at getMessagesOrError (http://localhost:3000/_next/static/chunks/db2ad__pnpm_bc426aec._.js:3637:27)
    at createBaseTranslator (http://localhost:3000/_next/static/chunks/db2ad__pnpm_bc426aec._.js:3642:29)
    at useTranslationsImpl.useMemo[translate] (http://localhost:3000/_next/static/chunks/db2ad__pnpm_bc426aec._.js:4163:378)
    at mountMemo (http://localhost:3000/_next/static/chunks/509c2_next_dist_compiled_react-dom_1698bfa6._.js:5424:25)
    at Object.useMemo (http://localhost:3000/_next/static/chunks/509c2_next_dist_compiled_react-dom_1698bfa6._.js:15003:24)
    at exports.useMemo (http://localhost:3000/_next/static/chunks/509c2_next_dist_compiled_9044104d._.js:1742:36)
    at useTranslationsImpl (http://localhost:3000/_next/static/chunks/db2ad__pnpm_bc426aec._.js:4162:416)
    at useTranslations (http://localhost:3000/_next/static/chunks/db2ad__pnpm_bc426aec._.js:4201:12)
    at http://localhost:3000/_next/static/chunks/db2ad__pnpm_6cafc622._.js:70:20
    at DashboardPage (http://localhost:3000/_next/static/chunks/pi-cwd-20260601_admin-platform_d7a92737._.js:987:432)
    at Object.react_stack_bottom_frame (http://localhost:3000/_next/static/chunks/509c2_next_dist_compiled_react-dom_1698bfa6._.js:14826:24)
    at renderWithHooks (http://localhost:3000/_next/static/chunks/509c2_next_dist_compiled_react-dom_1698bfa6._.js:4651:24)
    at updateFunctionComponent (http://localhost:3000/_next/static/chunks/509c2_next_dist_compiled_react-dom_1698bfa6._.js:6112:21)
    at beginWork (http://localhost:3000/_next/static/chunks/509c2_next_dist_compiled_react-dom_1698bfa6._.js:6708:24)
    at runWithFiberInDEV (http://localhost:3000/_next/static/chunks/509c2_next_dist_compiled_react-dom_1698bfa6._.js:965:74)
    at performUnitOfWork (http://localhost:3000/_next/static/chunks/509c2_next_dist_compiled_react-dom_1698bfa6._.js:9562:97)
    at workLoopConcurrentByScheduler (http://localhost:3000/_next/static/chunks/509c2_next_dist_compiled_react-dom_1698bfa6._.js:9558:58)
    at renderRootConcurrent (http://localhost:3000/_next/static/chunks/509c2_next_dist_compiled_react-dom_1698bfa6._.js:9541:71)
    at performWorkOnRoot (http://localhost:3000/_next/static/chunks/509c2_next_dist_compiled_react-dom_1698bfa6._.js:9068:150)
    at performWorkOnRootViaSchedulerTask (http://localhost:3000/_next/static/chunks/509c2_next_dist_compiled_react-dom_1698bfa6._.js:10230:9)
    at MessagePort.performWorkUntilDeadline (http://localhost:3000/_next/static/chunks/509c2_next_dist_compiled_9044104d._.js:2647:64) @ http://localhost:3000/_next/static/chunks/509c2_next_dist_512df543._.js:3127
[ 2057609ms] [ERROR] IntlError: MISSING_MESSAGE: Could not resolve `modules.dashboard` in messages for locale `login`.
    at getMessagesOrError (http://localhost:3000/_next/static/chunks/db2ad__pnpm_bc426aec._.js:3637:27)
    at createBaseTranslator (http://localhost:3000/_next/static/chunks/db2ad__pnpm_bc426aec._.js:3642:29)
    at useTranslationsImpl.useMemo[translate] (http://localhost:3000/_next/static/chunks/db2ad__pnpm_bc426aec._.js:4163:378)
    at mountMemo (http://localhost:3000/_next/static/chunks/509c2_next_dist_compiled_react-dom_1698bfa6._.js:5424:25)
    at Object.useMemo (http://localhost:3000/_next/static/chunks/509c2_next_dist_compiled_react-dom_1698bfa6._.js:15003:24)
    at exports.useMemo (http://localhost:3000/_next/static/chunks/509c2_next_dist_compiled_9044104d._.js:1742:36)
    at useTranslationsImpl (http://localhost:3000/_next/static/chunks/db2ad__pnpm_bc426aec._.js:4162:416)
    at useTranslations (http://localhost:3000/_next/static/chunks/db2ad__pnpm_bc426aec._.js:4201:12)
    at http://localhost:3000/_next/static/chunks/db2ad__pnpm_6cafc622._.js:70:20
    at DashboardPage (http://localhost:3000/_next/static/chunks/pi-cwd-20260601_admin-platform_d7a92737._.js:987:432)
    at Object.react_stack_bottom_frame (http://localhost:3000/_next/static/chunks/509c2_next_dist_compiled_react-dom_1698bfa6._.js:14826:24)
    at renderWithHooks (http://localhost:3000/_next/static/chunks/509c2_next_dist_compiled_react-dom_1698bfa6._.js:4651:24)
    at updateFunctionComponent (http://localhost:3000/_next/static/chunks/509c2_next_dist_compiled_react-dom_1698bfa6._.js:6112:21)
    at beginWork (http://localhost:3000/_next/static/chunks/509c2_next_dist_compiled_react-dom_1698bfa6._.js:6708:24)
    at runWithFiberInDEV (http://localhost:3000/_next/static/chunks/509c2_next_dist_compiled_react-dom_1698bfa6._.js:965:74)
    at performUnitOfWork (http://localhost:3000/_next/static/chunks/509c2_next_dist_compiled_react-dom_1698bfa6._.js:9562:97)
    at workLoopConcurrentByScheduler (http://localhost:3000/_next/static/chunks/509c2_next_dist_compiled_react-dom_1698bfa6._.js:9558:58)
    at renderRootConcurrent (http://localhost:3000/_next/static/chunks/509c2_next_dist_compiled_react-dom_1698bfa6._.js:9541:71)
    at performWorkOnRoot (http://localhost:3000/_next/static/chunks/509c2_next_dist_compiled_react-dom_1698bfa6._.js:9068:150)
    at performWorkOnRootViaSchedulerTask (http://localhost:3000/_next/static/chunks/509c2_next_dist_compiled_react-dom_1698bfa6._.js:10230:9)
    at MessagePort.performWorkUntilDeadline (http://localhost:3000/_next/static/chunks/509c2_next_dist_compiled_9044104d._.js:2647:64) @ http://localhost:3000/_next/static/chunks/509c2_next_dist_512df543._.js:3127
[ 2057609ms] [ERROR] IntlError: MISSING_MESSAGE: Could not resolve `modules.dashboard` in messages for locale `login`.
    at getMessagesOrError (http://localhost:3000/_next/static/chunks/db2ad__pnpm_bc426aec._.js:3637:27)
    at createBaseTranslator (http://localhost:3000/_next/static/chunks/db2ad__pnpm_bc426aec._.js:3642:29)
    at useTranslationsImpl.useMemo[translate] (http://localhost:3000/_next/static/chunks/db2ad__pnpm_bc426aec._.js:4163:378)
    at mountMemo (http://localhost:3000/_next/static/chunks/509c2_next_dist_compiled_react-dom_1698bfa6._.js:5424:25)
    at Object.useMemo (http://localhost:3000/_next/static/chunks/509c2_next_dist_compiled_react-dom_1698bfa6._.js:15003:24)
    at exports.useMemo (http://localhost:3000/_next/static/chunks/509c2_next_dist_compiled_9044104d._.js:1742:36)
    at useTranslationsImpl (http://localhost:3000/_next/static/chunks/db2ad__pnpm_bc426aec._.js:4162:416)
    at useTranslations (http://localhost:3000/_next/static/chunks/db2ad__pnpm_bc426aec._.js:4201:12)
    at http://localhost:3000/_next/static/chunks/db2ad__pnpm_6cafc622._.js:70:20
    at DashboardPage (http://localhost:3000/_next/static/chunks/pi-cwd-20260601_admin-platform_d7a92737._.js:987:432)
    at Object.react_stack_bottom_frame (http://localhost:3000/_next/static/chunks/509c2_next_dist_compiled_react-dom_1698bfa6._.js:14826:24)
    at renderWithHooks (http://localhost:3000/_next/static/chunks/509c2_next_dist_compiled_react-dom_1698bfa6._.js:4651:24)
    at updateFunctionComponent (http://localhost:3000/_next/static/chunks/509c2_next_dist_compiled_react-dom_1698bfa6._.js:6112:21)
    at beginWork (http://localhost:3000/_next/static/chunks/509c2_next_dist_compiled_react-dom_1698bfa6._.js:6708:24)
    at runWithFiberInDEV (http://localhost:3000/_next/static/chunks/509c2_next_dist_compiled_react-dom_1698bfa6._.js:965:74)
    at performUnitOfWork (http://localhost:3000/_next/static/chunks/509c2_next_dist_compiled_react-dom_1698bfa6._.js:9562:97)
    at workLoopConcurrentByScheduler (http://localhost:3000/_next/static/chunks/509c2_next_dist_compiled_react-dom_1698bfa6._.js:9558:58)
    at renderRootConcurrent (http://localhost:3000/_next/static/chunks/509c2_next_dist_compiled_react-dom_1698bfa6._.js:9541:71)
    at performWorkOnRoot (http://localhost:3000/_next/static/chunks/509c2_next_dist_compiled_react-dom_1698bfa6._.js:9068:150)
    at performWorkOnRootViaSchedulerTask (http://localhost:3000/_next/static/chunks/509c2_next_dist_compiled_react-dom_1698bfa6._.js:10230:9)
    at MessagePort.performWorkUntilDeadline (http://localhost:3000/_next/static/chunks/509c2_next_dist_compiled_9044104d._.js:2647:64) @ http://localhost:3000/_next/static/chunks/509c2_next_dist_512df543._.js:3127
[ 2057615ms] [ERROR] IntlError: MISSING_MESSAGE: Could not resolve `modules.dashboard` in messages for locale `login`.
    at getMessagesOrError (http://localhost:3000/_next/static/chunks/db2ad__pnpm_bc426aec._.js:3637:27)
    at createBaseTranslator (http://localhost:3000/_next/static/chunks/db2ad__pnpm_bc426aec._.js:3642:29)
    at useTranslationsImpl.useMemo[translate] (http://localhost:3000/_next/static/chunks/db2ad__pnpm_bc426aec._.js:4163:378)
    at mountMemo (http://localhost:3000/_next/static/chunks/509c2_next_dist_compiled_react-dom_1698bfa6._.js:5424:25)
    at Object.useMemo (http://localhost:3000/_next/static/chunks/509c2_next_dist_compiled_react-dom_1698bfa6._.js:15003:24)
    at exports.useMemo (http://localhost:3000/_next/static/chunks/509c2_next_dist_compiled_9044104d._.js:1742:36)
    at useTranslationsImpl (http://localhost:3000/_next/static/chunks/db2ad__pnpm_bc426aec._.js:4162:416)
    at useTranslations (http://localhost:3000/_next/static/chunks/db2ad__pnpm_bc426aec._.js:4201:12)
    at http://localhost:3000/_next/static/chunks/db2ad__pnpm_6cafc622._.js:70:20
    at DashboardPage (http://localhost:3000/_next/static/chunks/pi-cwd-20260601_admin-platform_d7a92737._.js:987:432)
    at Object.react_stack_bottom_frame (http://localhost:3000/_next/static/chunks/509c2_next_dist_compiled_react-dom_1698bfa6._.js:14826:24)
    at renderWithHooks (http://localhost:3000/_next/static/chunks/509c2_next_dist_compiled_react-dom_1698bfa6._.js:4651:24)
    at updateFunctionComponent (http://localhost:3000/_next/static/chunks/509c2_next_dist_compiled_react-dom_1698bfa6._.js:6112:21)
    at beginWork (http://localhost:3000/_next/static/chunks/509c2_next_dist_compiled_react-dom_1698bfa6._.js:6708:24)
    at runWithFiberInDEV (http://localhost:3000/_next/static/chunks/509c2_next_dist_compiled_react-dom_1698bfa6._.js:965:74)
    at performUnitOfWork (http://localhost:3000/_next/static/chunks/509c2_next_dist_compiled_react-dom_1698bfa6._.js:9562:97)
    at workLoopConcurrentByScheduler (http://localhost:3000/_next/static/chunks/509c2_next_dist_compiled_react-dom_1698bfa6._.js:9558:58)
    at renderRootConcurrent (http://localhost:3000/_next/static/chunks/509c2_next_dist_compiled_react-dom_1698bfa6._.js:9541:71)
    at performWorkOnRoot (http://localhost:3000/_next/static/chunks/509c2_next_dist_compiled_react-dom_1698bfa6._.js:9068:150)
    at performWorkOnRootViaSchedulerTask (http://localhost:3000/_next/static/chunks/509c2_next_dist_compiled_react-dom_1698bfa6._.js:10230:9)
    at MessagePort.performWorkUntilDeadline (http://localhost:3000/_next/static/chunks/509c2_next_dist_compiled_9044104d._.js:2647:64) @ http://localhost:3000/_next/static/chunks/509c2_next_dist_512df543._.js:3127
[ 2057615ms] [ERROR] IntlError: MISSING_MESSAGE: Could not resolve `modules.dashboard` in messages for locale `login`.
    at getMessagesOrError (http://localhost:3000/_next/static/chunks/db2ad__pnpm_bc426aec._.js:3637:27)
    at createBaseTranslator (http://localhost:3000/_next/static/chunks/db2ad__pnpm_bc426aec._.js:3642:29)
    at useTranslationsImpl.useMemo[translate] (http://localhost:3000/_next/static/chunks/db2ad__pnpm_bc426aec._.js:4163:378)
    at mountMemo (http://localhost:3000/_next/static/chunks/509c2_next_dist_compiled_react-dom_1698bfa6._.js:5424:25)
    at Object.useMemo (http://localhost:3000/_next/static/chunks/509c2_next_dist_compiled_react-dom_1698bfa6._.js:15003:24)
    at exports.useMemo (http://localhost:3000/_next/static/chunks/509c2_next_dist_compiled_9044104d._.js:1742:36)
    at useTranslationsImpl (http://localhost:3000/_next/static/chunks/db2ad__pnpm_bc426aec._.js:4162:416)
    at useTranslations (http://localhost:3000/_next/static/chunks/db2ad__pnpm_bc426aec._.js:4201:12)
    at http://localhost:3000/_next/static/chunks/db2ad__pnpm_6cafc622._.js:70:20
    at DashboardPage (http://localhost:3000/_next/static/chunks/pi-cwd-20260601_admin-platform_d7a92737._.js:987:432)
    at Object.react_stack_bottom_frame (http://localhost:3000/_next/static/chunks/509c2_next_dist_compiled_react-dom_1698bfa6._.js:14826:24)
    at renderWithHooks (http://localhost:3000/_next/static/chunks/509c2_next_dist_compiled_react-dom_1698bfa6._.js:4651:24)
    at updateFunctionComponent (http://localhost:3000/_next/static/chunks/509c2_next_dist_compiled_react-dom_1698bfa6._.js:6112:21)
    at beginWork (http://localhost:3000/_next/static/chunks/509c2_next_dist_compiled_react-dom_1698bfa6._.js:6708:24)
    at runWithFiberInDEV (http://localhost:3000/_next/static/chunks/509c2_next_dist_compiled_react-dom_1698bfa6._.js:965:74)
    at performUnitOfWork (http://localhost:3000/_next/static/chunks/509c2_next_dist_compiled_react-dom_1698bfa6._.js:9562:97)
    at workLoopConcurrentByScheduler (http://localhost:3000/_next/static/chunks/509c2_next_dist_compiled_react-dom_1698bfa6._.js:9558:58)
    at renderRootConcurrent (http://localhost:3000/_next/static/chunks/509c2_next_dist_compiled_react-dom_1698bfa6._.js:9541:71)
    at performWorkOnRoot (http://localhost:3000/_next/static/chunks/509c2_next_dist_compiled_react-dom_1698bfa6._.js:9068:150)
    at performWorkOnRootViaSchedulerTask (http://localhost:3000/_next/static/chunks/509c2_next_dist_compiled_react-dom_1698bfa6._.js:10230:9)
    at MessagePort.performWorkUntilDeadline (http://localhost:3000/_next/static/chunks/509c2_next_dist_compiled_9044104d._.js:2647:64) @ http://localhost:3000/_next/static/chunks/509c2_next_dist_512df543._.js:3127
[ 2057616ms] [ERROR] IntlError: MISSING_MESSAGE: Could not resolve `modules.dashboard` in messages for locale `login`.
    at getMessagesOrError (http://localhost:3000/_next/static/chunks/db2ad__pnpm_bc426aec._.js:3637:27)
    at createBaseTranslator (http://localhost:3000/_next/static/chunks/db2ad__pnpm_bc426aec._.js:3642:29)
    at useTranslationsImpl.useMemo[translate] (http://localhost:3000/_next/static/chunks/db2ad__pnpm_bc426aec._.js:4163:378)
    at mountMemo (http://localhost:3000/_next/static/chunks/509c2_next_dist_compiled_react-dom_1698bfa6._.js:5424:25)
    at Object.useMemo (http://localhost:3000/_next/static/chunks/509c2_next_dist_compiled_react-dom_1698bfa6._.js:15003:24)
    at exports.useMemo (http://localhost:3000/_next/static/chunks/509c2_next_dist_compiled_9044104d._.js:1742:36)
    at useTranslationsImpl (http://localhost:3000/_next/static/chunks/db2ad__pnpm_bc426aec._.js:4162:416)
    at useTranslations (http://localhost:3000/_next/static/chunks/db2ad__pnpm_bc426aec._.js:4201:12)
    at http://localhost:3000/_next/static/chunks/db2ad__pnpm_6cafc622._.js:70:20
    at DashboardPage (http://localhost:3000/_next/static/chunks/pi-cwd-20260601_admin-platform_d7a92737._.js:987:432)
    at Object.react_stack_bottom_frame (http://localhost:3000/_next/static/chunks/509c2_next_dist_compiled_react-dom_1698bfa6._.js:14826:24)
    at renderWithHooks (http://localhost:3000/_next/static/chunks/509c2_next_dist_compiled_react-dom_1698bfa6._.js:4651:24)
    at updateFunctionComponent (http://localhost:3000/_next/static/chunks/509c2_next_dist_compiled_react-dom_1698bfa6._.js:6112:21)
    at beginWork (http://localhost:3000/_next/static/chunks/509c2_next_dist_compiled_react-dom_1698bfa6._.js:6708:24)
    at runWithFiberInDEV (http://localhost:3000/_next/static/chunks/509c2_next_dist_compiled_react-dom_1698bfa6._.js:965:74)
    at performUnitOfWork (http://localhost:3000/_next/static/chunks/509c2_next_dist_compiled_react-dom_1698bfa6._.js:9562:97)
    at workLoopConcurrentByScheduler (http://localhost:3000/_next/static/chunks/509c2_next_dist_compiled_react-dom_1698bfa6._.js:9558:58)
    at renderRootConcurrent (http://localhost:3000/_next/static/chunks/509c2_next_dist_compiled_react-dom_1698bfa6._.js:9541:71)
    at performWorkOnRoot (http://localhost:3000/_next/static/chunks/509c2_next_dist_compiled_react-dom_1698bfa6._.js:9068:150)
    at performWorkOnRootViaSchedulerTask (http://localhost:3000/_next/static/chunks/509c2_next_dist_compiled_react-dom_1698bfa6._.js:10230:9)
    at MessagePort.performWorkUntilDeadline (http://localhost:3000/_next/static/chunks/509c2_next_dist_compiled_9044104d._.js:2647:64) @ http://localhost:3000/_next/static/chunks/509c2_next_dist_512df543._.js:3127
[ 2057616ms] [ERROR] IntlError: MISSING_MESSAGE: Could not resolve `modules.dashboard` in messages for locale `login`.
    at getMessagesOrError (http://localhost:3000/_next/static/chunks/db2ad__pnpm_bc426aec._.js:3637:27)
    at createBaseTranslator (http://localhost:3000/_next/static/chunks/db2ad__pnpm_bc426aec._.js:3642:29)
    at useTranslationsImpl.useMemo[translate] (http://localhost:3000/_next/static/chunks/db2ad__pnpm_bc426aec._.js:4163:378)
    at mountMemo (http://localhost:3000/_next/static/chunks/509c2_next_dist_compiled_react-dom_1698bfa6._.js:5424:25)
    at Object.useMemo (http://localhost:3000/_next/static/chunks/509c2_next_dist_compiled_react-dom_1698bfa6._.js:15003:24)
    at exports.useMemo (http://localhost:3000/_next/static/chunks/509c2_next_dist_compiled_9044104d._.js:1742:36)
    at useTranslationsImpl (http://localhost:3000/_next/static/chunks/db2ad__pnpm_bc426aec._.js:4162:416)
    at useTranslations (http://localhost:3000/_next/static/chunks/db2ad__pnpm_bc426aec._.js:4201:12)
    at http://localhost:3000/_next/static/chunks/db2ad__pnpm_6cafc622._.js:70:20
    at DashboardPage (http://localhost:3000/_next/static/chunks/pi-cwd-20260601_admin-platform_d7a92737._.js:987:432)
    at Object.react_stack_bottom_frame (http://localhost:3000/_next/static/chunks/509c2_next_dist_compiled_react-dom_1698bfa6._.js:14826:24)
    at renderWithHooks (http://localhost:3000/_next/static/chunks/509c2_next_dist_compiled_react-dom_1698bfa6._.js:4651:24)
    at updateFunctionComponent (http://localhost:3000/_next/static/chunks/509c2_next_dist_compiled_react-dom_1698bfa6._.js:6112:21)
    at beginWork (http://localhost:3000/_next/static/chunks/509c2_next_dist_compiled_react-dom_1698bfa6._.js:6708:24)
    at runWithFiberInDEV (http://localhost:3000/_next/static/chunks/509c2_next_dist_compiled_react-dom_1698bfa6._.js:965:74)
    at performUnitOfWork (http://localhost:3000/_next/static/chunks/509c2_next_dist_compiled_react-dom_1698bfa6._.js:9562:97)
    at workLoopConcurrentByScheduler (http://localhost:3000/_next/static/chunks/509c2_next_dist_compiled_react-dom_1698bfa6._.js:9558:58)
    at renderRootConcurrent (http://localhost:3000/_next/static/chunks/509c2_next_dist_compiled_react-dom_1698bfa6._.js:9541:71)
    at performWorkOnRoot (http://localhost:3000/_next/static/chunks/509c2_next_dist_compiled_react-dom_1698bfa6._.js:9068:150)
    at performWorkOnRootViaSchedulerTask (http://localhost:3000/_next/static/chunks/509c2_next_dist_compiled_react-dom_1698bfa6._.js:10230:9)
    at MessagePort.performWorkUntilDeadline (http://localhost:3000/_next/static/chunks/509c2_next_dist_compiled_9044104d._.js:2647:64) @ http://localhost:3000/_next/static/chunks/509c2_next_dist_512df543._.js:3127
[ 2057616ms] [ERROR] IntlError: MISSING_MESSAGE: Could not resolve `modules.dashboard` in messages for locale `login`.
    at getMessagesOrError (http://localhost:3000/_next/static/chunks/db2ad__pnpm_bc426aec._.js:3637:27)
    at createBaseTranslator (http://localhost:3000/_next/static/chunks/db2ad__pnpm_bc426aec._.js:3642:29)
    at useTranslationsImpl.useMemo[translate] (http://localhost:3000/_next/static/chunks/db2ad__pnpm_bc426aec._.js:4163:378)
    at mountMemo (http://localhost:3000/_next/static/chunks/509c2_next_dist_compiled_react-dom_1698bfa6._.js:5424:25)
    at Object.useMemo (http://localhost:3000/_next/static/chunks/509c2_next_dist_compiled_react-dom_1698bfa6._.js:15003:24)
    at exports.useMemo (http://localhost:3000/_next/static/chunks/509c2_next_dist_compiled_9044104d._.js:1742:36)
    at useTranslationsImpl (http://localhost:3000/_next/static/chunks/db2ad__pnpm_bc426aec._.js:4162:416)
    at useTranslations (http://localhost:3000/_next/static/chunks/db2ad__pnpm_bc426aec._.js:4201:12)
    at http://localhost:3000/_next/static/chunks/db2ad__pnpm_6cafc622._.js:70:20
    at DashboardPage (http://localhost:3000/_next/static/chunks/pi-cwd-20260601_admin-platform_d7a92737._.js:987:432)
    at Object.react_stack_bottom_frame (http://localhost:3000/_next/static/chunks/509c2_next_dist_compiled_react-dom_1698bfa6._.js:14826:24)
    at renderWithHooks (http://localhost:3000/_next/static/chunks/509c2_next_dist_compiled_react-dom_1698bfa6._.js:4651:24)
    at updateFunctionComponent (http://localhost:3000/_next/static/chunks/509c2_next_dist_compiled_react-dom_1698bfa6._.js:6112:21)
    at beginWork (http://localhost:3000/_next/static/chunks/509c2_next_dist_compiled_react-dom_1698bfa6._.js:6708:24)
    at runWithFiberInDEV (http://localhost:3000/_next/static/chunks/509c2_next_dist_compiled_react-dom_1698bfa6._.js:965:74)
    at performUnitOfWork (http://localhost:3000/_next/static/chunks/509c2_next_dist_compiled_react-dom_1698bfa6._.js:9562:97)
    at workLoopConcurrentByScheduler (http://localhost:3000/_next/static/chunks/509c2_next_dist_compiled_react-dom_1698bfa6._.js:9558:58)
    at renderRootConcurrent (http://localhost:3000/_next/static/chunks/509c2_next_dist_compiled_react-dom_1698bfa6._.js:9541:71)
    at performWorkOnRoot (http://localhost:3000/_next/static/chunks/509c2_next_dist_compiled_react-dom_1698bfa6._.js:9068:150)
    at performWorkOnRootViaSchedulerTask (http://localhost:3000/_next/static/chunks/509c2_next_dist_compiled_react-dom_1698bfa6._.js:10230:9)
    at MessagePort.performWorkUntilDeadline (http://localhost:3000/_next/static/chunks/509c2_next_dist_compiled_9044104d._.js:2647:64) @ http://localhost:3000/_next/static/chunks/509c2_next_dist_512df543._.js:3127
[ 2057616ms] [ERROR] IntlError: MISSING_MESSAGE: Could not resolve `modules.dashboard` in messages for locale `login`.
    at getMessagesOrError (http://localhost:3000/_next/static/chunks/db2ad__pnpm_bc426aec._.js:3637:27)
    at createBaseTranslator (http://localhost:3000/_next/static/chunks/db2ad__pnpm_bc426aec._.js:3642:29)
    at useTranslationsImpl.useMemo[translate] (http://localhost:3000/_next/static/chunks/db2ad__pnpm_bc426aec._.js:4163:378)
    at mountMemo (http://localhost:3000/_next/static/chunks/509c2_next_dist_compiled_react-dom_1698bfa6._.js:5424:25)
    at Object.useMemo (http://localhost:3000/_next/static/chunks/509c2_next_dist_compiled_react-dom_1698bfa6._.js:15003:24)
    at exports.useMemo (http://localhost:3000/_next/static/chunks/509c2_next_dist_compiled_9044104d._.js:1742:36)
    at useTranslationsImpl (http://localhost:3000/_next/static/chunks/db2ad__pnpm_bc426aec._.js:4162:416)
    at useTranslations (http://localhost:3000/_next/static/chunks/db2ad__pnpm_bc426aec._.js:4201:12)
    at http://localhost:3000/_next/static/chunks/db2ad__pnpm_6cafc622._.js:70:20
    at DashboardPage (http://localhost:3000/_next/static/chunks/pi-cwd-20260601_admin-platform_d7a92737._.js:987:432)
    at Object.react_stack_bottom_frame (http://localhost:3000/_next/static/chunks/509c2_next_dist_compiled_react-dom_1698bfa6._.js:14826:24)
    at renderWithHooks (http://localhost:3000/_next/static/chunks/509c2_next_dist_compiled_react-dom_1698bfa6._.js:4651:24)
    at updateFunctionComponent (http://localhost:3000/_next/static/chunks/509c2_next_dist_compiled_react-dom_1698bfa6._.js:6112:21)
    at beginWork (http://localhost:3000/_next/static/chunks/509c2_next_dist_compiled_react-dom_1698bfa6._.js:6708:24)
    at runWithFiberInDEV (http://localhost:3000/_next/static/chunks/509c2_next_dist_compiled_react-dom_1698bfa6._.js:965:74)
    at performUnitOfWork (http://localhost:3000/_next/static/chunks/509c2_next_dist_compiled_react-dom_1698bfa6._.js:9562:97)
    at workLoopConcurrentByScheduler (http://localhost:3000/_next/static/chunks/509c2_next_dist_compiled_react-dom_1698bfa6._.js:9558:58)
    at renderRootConcurrent (http://localhost:3000/_next/static/chunks/509c2_next_dist_compiled_react-dom_1698bfa6._.js:9541:71)
    at performWorkOnRoot (http://localhost:3000/_next/static/chunks/509c2_next_dist_compiled_react-dom_1698bfa6._.js:9068:150)
    at performWorkOnRootViaSchedulerTask (http://localhost:3000/_next/static/chunks/509c2_next_dist_compiled_react-dom_1698bfa6._.js:10230:9)
    at MessagePort.performWorkUntilDeadline (http://localhost:3000/_next/static/chunks/509c2_next_dist_compiled_9044104d._.js:2647:64) @ http://localhost:3000/_next/static/chunks/509c2_next_dist_512df543._.js:3127
[ 2057617ms] [ERROR] IntlError: MISSING_MESSAGE: Could not resolve `modules.dashboard` in messages for locale `login`.
    at getMessagesOrError (http://localhost:3000/_next/static/chunks/db2ad__pnpm_bc426aec._.js:3637:27)
    at createBaseTranslator (http://localhost:3000/_next/static/chunks/db2ad__pnpm_bc426aec._.js:3642:29)
    at useTranslationsImpl.useMemo[translate] (http://localhost:3000/_next/static/chunks/db2ad__pnpm_bc426aec._.js:4163:378)
    at mountMemo (http://localhost:3000/_next/static/chunks/509c2_next_dist_compiled_react-dom_1698bfa6._.js:5424:25)
    at Object.useMemo (http://localhost:3000/_next/static/chunks/509c2_next_dist_compiled_react-dom_1698bfa6._.js:15003:24)
    at exports.useMemo (http://localhost:3000/_next/static/chunks/509c2_next_dist_compiled_9044104d._.js:1742:36)
    at useTranslationsImpl (http://localhost:3000/_next/static/chunks/db2ad__pnpm_bc426aec._.js:4162:416)
    at useTranslations (http://localhost:3000/_next/static/chunks/db2ad__pnpm_bc426aec._.js:4201:12)
    at http://localhost:3000/_next/static/chunks/db2ad__pnpm_6cafc622._.js:70:20
    at DashboardPage (http://localhost:3000/_next/static/chunks/pi-cwd-20260601_admin-platform_d7a92737._.js:987:432)
    at Object.react_stack_bottom_frame (http://localhost:3000/_next/static/chunks/509c2_next_dist_compiled_react-dom_1698bfa6._.js:14826:24)
    at renderWithHooks (http://localhost:3000/_next/static/chunks/509c2_next_dist_compiled_react-dom_1698bfa6._.js:4651:24)
    at updateFunctionComponent (http://localhost:3000/_next/static/chunks/509c2_next_dist_compiled_react-dom_1698bfa6._.js:6112:21)
    at beginWork (http://localhost:3000/_next/static/chunks/509c2_next_dist_compiled_react-dom_1698bfa6._.js:6708:24)
    at runWithFiberInDEV (http://localhost:3000/_next/static/chunks/509c2_next_dist_compiled_react-dom_1698bfa6._.js:965:74)
    at performUnitOfWork (http://localhost:3000/_next/static/chunks/509c2_next_dist_compiled_react-dom_1698bfa6._.js:9562:97)
    at workLoopConcurrentByScheduler (http://localhost:3000/_next/static/chunks/509c2_next_dist_compiled_react-dom_1698bfa6._.js:9558:58)
    at renderRootConcurrent (http://localhost:3000/_next/static/chunks/509c2_next_dist_compiled_react-dom_1698bfa6._.js:9541:71)
    at performWorkOnRoot (http://localhost:3000/_next/static/chunks/509c2_next_dist_compiled_react-dom_1698bfa6._.js:9068:150)
    at performWorkOnRootViaSchedulerTask (http://localhost:3000/_next/static/chunks/509c2_next_dist_compiled_react-dom_1698bfa6._.js:10230:9)
    at MessagePort.performWorkUntilDeadline (http://localhost:3000/_next/static/chunks/509c2_next_dist_compiled_9044104d._.js:2647:64) @ http://localhost:3000/_next/static/chunks/509c2_next_dist_512df543._.js:3127
[ 2057617ms] [ERROR] IntlError: MISSING_MESSAGE: Could not resolve `modules.dashboard` in messages for locale `login`.
    at getMessagesOrError (http://localhost:3000/_next/static/chunks/db2ad__pnpm_bc426aec._.js:3637:27)
    at createBaseTranslator (http://localhost:3000/_next/static/chunks/db2ad__pnpm_bc426aec._.js:3642:29)
    at useTranslationsImpl.useMemo[translate] (http://localhost:3000/_next/static/chunks/db2ad__pnpm_bc426aec._.js:4163:378)
    at mountMemo (http://localhost:3000/_next/static/chunks/509c2_next_dist_compiled_react-dom_1698bfa6._.js:5424:25)
    at Object.useMemo (http://localhost:3000/_next/static/chunks/509c2_next_dist_compiled_react-dom_1698bfa6._.js:15003:24)
    at exports.useMemo (http://localhost:3000/_next/static/chunks/509c2_next_dist_compiled_9044104d._.js:1742:36)
    at useTranslationsImpl (http://localhost:3000/_next/static/chunks/db2ad__pnpm_bc426aec._.js:4162:416)
    at useTranslations (http://localhost:3000/_next/static/chunks/db2ad__pnpm_bc426aec._.js:4201:12)
    at http://localhost:3000/_next/static/chunks/db2ad__pnpm_6cafc622._.js:70:20
    at DashboardPage (http://localhost:3000/_next/static/chunks/pi-cwd-20260601_admin-platform_d7a92737._.js:987:432)
    at Object.react_stack_bottom_frame (http://localhost:3000/_next/static/chunks/509c2_next_dist_compiled_react-dom_1698bfa6._.js:14826:24)
    at renderWithHooks (http://localhost:3000/_next/static/chunks/509c2_next_dist_compiled_react-dom_1698bfa6._.js:4651:24)
    at updateFunctionComponent (http://localhost:3000/_next/static/chunks/509c2_next_dist_compiled_react-dom_1698bfa6._.js:6112:21)
    at beginWork (http://localhost:3000/_next/static/chunks/509c2_next_dist_compiled_react-dom_1698bfa6._.js:6708:24)
    at runWithFiberInDEV (http://localhost:3000/_next/static/chunks/509c2_next_dist_compiled_react-dom_1698bfa6._.js:965:74)
    at performUnitOfWork (http://localhost:3000/_next/static/chunks/509c2_next_dist_compiled_react-dom_1698bfa6._.js:9562:97)
    at workLoopConcurrentByScheduler (http://localhost:3000/_next/static/chunks/509c2_next_dist_compiled_react-dom_1698bfa6._.js:9558:58)
    at renderRootConcurrent (http://localhost:3000/_next/static/chunks/509c2_next_dist_compiled_react-dom_1698bfa6._.js:9541:71)
    at performWorkOnRoot (http://localhost:3000/_next/static/chunks/509c2_next_dist_compiled_react-dom_1698bfa6._.js:9068:150)
    at performWorkOnRootViaSchedulerTask (http://localhost:3000/_next/static/chunks/509c2_next_dist_compiled_react-dom_1698bfa6._.js:10230:9)
    at MessagePort.performWorkUntilDeadline (http://localhost:3000/_next/static/chunks/509c2_next_dist_compiled_9044104d._.js:2647:64) @ http://localhost:3000/_next/static/chunks/509c2_next_dist_512df543._.js:3127
[ 2057629ms] [ERROR] IntlError: MISSING_MESSAGE: Could not resolve `modules.dashboard` in messages for locale `login`.
    at getMessagesOrError (http://localhost:3000/_next/static/chunks/db2ad__pnpm_bc426aec._.js:3637:27)
    at createBaseTranslator (http://localhost:3000/_next/static/chunks/db2ad__pnpm_bc426aec._.js:3642:29)
    at useTranslationsImpl.useMemo[translate] (http://localhost:3000/_next/static/chunks/db2ad__pnpm_bc426aec._.js:4163:378)
    at mountMemo (http://localhost:3000/_next/static/chunks/509c2_next_dist_compiled_react-dom_1698bfa6._.js:5424:25)
    at Object.useMemo (http://localhost:3000/_next/static/chunks/509c2_next_dist_compiled_react-dom_1698bfa6._.js:15003:24)
    at exports.useMemo (http://localhost:3000/_next/static/chunks/509c2_next_dist_compiled_9044104d._.js:1742:36)
    at useTranslationsImpl (http://localhost:3000/_next/static/chunks/db2ad__pnpm_bc426aec._.js:4162:416)
    at useTranslations (http://localhost:3000/_next/static/chunks/db2ad__pnpm_bc426aec._.js:4201:12)
    at http://localhost:3000/_next/static/chunks/db2ad__pnpm_6cafc622._.js:70:20
    at DashboardPage (http://localhost:3000/_next/static/chunks/pi-cwd-20260601_admin-platform_d7a92737._.js:987:432)
    at Object.react_stack_bottom_frame (http://localhost:3000/_next/static/chunks/509c2_next_dist_compiled_react-dom_1698bfa6._.js:14826:24)
    at renderWithHooks (http://localhost:3000/_next/static/chunks/509c2_next_dist_compiled_react-dom_1698bfa6._.js:4651:24)
    at updateFunctionComponent (http://localhost:3000/_next/static/chunks/509c2_next_dist_compiled_react-dom_1698bfa6._.js:6112:21)
    at beginWork (http://localhost:3000/_next/static/chunks/509c2_next_dist_compiled_react-dom_1698bfa6._.js:6708:24)
    at runWithFiberInDEV (http://localhost:3000/_next/static/chunks/509c2_next_dist_compiled_react-dom_1698bfa6._.js:965:74)
    at performUnitOfWork (http://localhost:3000/_next/static/chunks/509c2_next_dist_compiled_react-dom_1698bfa6._.js:9562:97)
    at workLoopConcurrentByScheduler (http://localhost:3000/_next/static/chunks/509c2_next_dist_compiled_react-dom_1698bfa6._.js:9558:58)
    at renderRootConcurrent (http://localhost:3000/_next/static/chunks/509c2_next_dist_compiled_react-dom_1698bfa6._.js:9541:71)
    at performWorkOnRoot (http://localhost:3000/_next/static/chunks/509c2_next_dist_compiled_react-dom_1698bfa6._.js:9068:150)
    at performWorkOnRootViaSchedulerTask (http://localhost:3000/_next/static/chunks/509c2_next_dist_compiled_react-dom_1698bfa6._.js:10230:9)
    at MessagePort.performWorkUntilDeadline (http://localhost:3000/_next/static/chunks/509c2_next_dist_compiled_9044104d._.js:2647:64) @ http://localhost:3000/_next/static/chunks/509c2_next_dist_512df543._.js:3127
[ 2057629ms] [ERROR] IntlError: MISSING_MESSAGE: Could not resolve `modules.dashboard` in messages for locale `login`.
    at getMessagesOrError (http://localhost:3000/_next/static/chunks/db2ad__pnpm_bc426aec._.js:3637:27)
    at createBaseTranslator (http://localhost:3000/_next/static/chunks/db2ad__pnpm_bc426aec._.js:3642:29)
    at useTranslationsImpl.useMemo[translate] (http://localhost:3000/_next/static/chunks/db2ad__pnpm_bc426aec._.js:4163:378)
    at mountMemo (http://localhost:3000/_next/static/chunks/509c2_next_dist_compiled_react-dom_1698bfa6._.js:5424:25)
    at Object.useMemo (http://localhost:3000/_next/static/chunks/509c2_next_dist_compiled_react-dom_1698bfa6._.js:15003:24)
    at exports.useMemo (http://localhost:3000/_next/static/chunks/509c2_next_dist_compiled_9044104d._.js:1742:36)
    at useTranslationsImpl (http://localhost:3000/_next/static/chunks/db2ad__pnpm_bc426aec._.js:4162:416)
    at useTranslations (http://localhost:3000/_next/static/chunks/db2ad__pnpm_bc426aec._.js:4201:12)
    at http://localhost:3000/_next/static/chunks/db2ad__pnpm_6cafc622._.js:70:20
    at DashboardPage (http://localhost:3000/_next/static/chunks/pi-cwd-20260601_admin-platform_d7a92737._.js:987:432)
    at Object.react_stack_bottom_frame (http://localhost:3000/_next/static/chunks/509c2_next_dist_compiled_react-dom_1698bfa6._.js:14826:24)
    at renderWithHooks (http://localhost:3000/_next/static/chunks/509c2_next_dist_compiled_react-dom_1698bfa6._.js:4651:24)
    at updateFunctionComponent (http://localhost:3000/_next/static/chunks/509c2_next_dist_compiled_react-dom_1698bfa6._.js:6112:21)
    at beginWork (http://localhost:3000/_next/static/chunks/509c2_next_dist_compiled_react-dom_1698bfa6._.js:6708:24)
    at runWithFiberInDEV (http://localhost:3000/_next/static/chunks/509c2_next_dist_compiled_react-dom_1698bfa6._.js:965:74)
    at performUnitOfWork (http://localhost:3000/_next/static/chunks/509c2_next_dist_compiled_react-dom_1698bfa6._.js:9562:97)
    at workLoopConcurrentByScheduler (http://localhost:3000/_next/static/chunks/509c2_next_dist_compiled_react-dom_1698bfa6._.js:9558:58)
    at renderRootConcurrent (http://localhost:3000/_next/static/chunks/509c2_next_dist_compiled_react-dom_1698bfa6._.js:9541:71)
    at performWorkOnRoot (http://localhost:3000/_next/static/chunks/509c2_next_dist_compiled_react-dom_1698bfa6._.js:9068:150)
    at performWorkOnRootViaSchedulerTask (http://localhost:3000/_next/static/chunks/509c2_next_dist_compiled_react-dom_1698bfa6._.js:10230:9)
    at MessagePort.performWorkUntilDeadline (http://localhost:3000/_next/static/chunks/509c2_next_dist_compiled_9044104d._.js:2647:64) @ http://localhost:3000/_next/static/chunks/509c2_next_dist_512df543._.js:3127
[ 2057630ms] [ERROR] IntlError: MISSING_MESSAGE: Could not resolve `modules.dashboard` in messages for locale `login`.
    at getMessagesOrError (http://localhost:3000/_next/static/chunks/db2ad__pnpm_bc426aec._.js:3637:27)
    at createBaseTranslator (http://localhost:3000/_next/static/chunks/db2ad__pnpm_bc426aec._.js:3642:29)
    at useTranslationsImpl.useMemo[translate] (http://localhost:3000/_next/static/chunks/db2ad__pnpm_bc426aec._.js:4163:378)
    at mountMemo (http://localhost:3000/_next/static/chunks/509c2_next_dist_compiled_react-dom_1698bfa6._.js:5424:25)
    at Object.useMemo (http://localhost:3000/_next/static/chunks/509c2_next_dist_compiled_react-dom_1698bfa6._.js:15003:24)
    at exports.useMemo (http://localhost:3000/_next/static/chunks/509c2_next_dist_compiled_9044104d._.js:1742:36)
    at useTranslationsImpl (http://localhost:3000/_next/static/chunks/db2ad__pnpm_bc426aec._.js:4162:416)
    at useTranslations (http://localhost:3000/_next/static/chunks/db2ad__pnpm_bc426aec._.js:4201:12)
    at http://localhost:3000/_next/static/chunks/db2ad__pnpm_6cafc622._.js:70:20
    at DashboardPage (http://localhost:3000/_next/static/chunks/pi-cwd-20260601_admin-platform_d7a92737._.js:987:432)
    at Object.react_stack_bottom_frame (http://localhost:3000/_next/static/chunks/509c2_next_dist_compiled_react-dom_1698bfa6._.js:14826:24)
    at renderWithHooks (http://localhost:3000/_next/static/chunks/509c2_next_dist_compiled_react-dom_1698bfa6._.js:4651:24)
    at updateFunctionComponent (http://localhost:3000/_next/static/chunks/509c2_next_dist_compiled_react-dom_1698bfa6._.js:6112:21)
    at beginWork (http://localhost:3000/_next/static/chunks/509c2_next_dist_compiled_react-dom_1698bfa6._.js:6708:24)
    at runWithFiberInDEV (http://localhost:3000/_next/static/chunks/509c2_next_dist_compiled_react-dom_1698bfa6._.js:965:74)
    at performUnitOfWork (http://localhost:3000/_next/static/chunks/509c2_next_dist_compiled_react-dom_1698bfa6._.js:9562:97)
    at workLoopConcurrentByScheduler (http://localhost:3000/_next/static/chunks/509c2_next_dist_compiled_react-dom_1698bfa6._.js:9558:58)
    at renderRootConcurrent (http://localhost:3000/_next/static/chunks/509c2_next_dist_compiled_react-dom_1698bfa6._.js:9541:71)
    at performWorkOnRoot (http://localhost:3000/_next/static/chunks/509c2_next_dist_compiled_react-dom_1698bfa6._.js:9068:150)
    at performWorkOnRootViaSchedulerTask (http://localhost:3000/_next/static/chunks/509c2_next_dist_compiled_react-dom_1698bfa6._.js:10230:9)
    at MessagePort.performWorkUntilDeadline (http://localhost:3000/_next/static/chunks/509c2_next_dist_compiled_9044104d._.js:2647:64) @ http://localhost:3000/_next/static/chunks/509c2_next_dist_512df543._.js:3127
[ 2057630ms] [ERROR] IntlError: MISSING_MESSAGE: Could not resolve `modules.dashboard` in messages for locale `login`.
    at getMessagesOrError (http://localhost:3000/_next/static/chunks/db2ad__pnpm_bc426aec._.js:3637:27)
    at createBaseTranslator (http://localhost:3000/_next/static/chunks/db2ad__pnpm_bc426aec._.js:3642:29)
    at useTranslationsImpl.useMemo[translate] (http://localhost:3000/_next/static/chunks/db2ad__pnpm_bc426aec._.js:4163:378)
    at mountMemo (http://localhost:3000/_next/static/chunks/509c2_next_dist_compiled_react-dom_1698bfa6._.js:5424:25)
    at Object.useMemo (http://localhost:3000/_next/static/chunks/509c2_next_dist_compiled_react-dom_1698bfa6._.js:15003:24)
    at exports.useMemo (http://localhost:3000/_next/static/chunks/509c2_next_dist_compiled_9044104d._.js:1742:36)
    at useTranslationsImpl (http://localhost:3000/_next/static/chunks/db2ad__pnpm_bc426aec._.js:4162:416)
    at useTranslations (http://localhost:3000/_next/static/chunks/db2ad__pnpm_bc426aec._.js:4201:12)
    at http://localhost:3000/_next/static/chunks/db2ad__pnpm_6cafc622._.js:70:20
    at DashboardPage (http://localhost:3000/_next/static/chunks/pi-cwd-20260601_admin-platform_d7a92737._.js:987:432)
    at Object.react_stack_bottom_frame (http://localhost:3000/_next/static/chunks/509c2_next_dist_compiled_react-dom_1698bfa6._.js:14826:24)
    at renderWithHooks (http://localhost:3000/_next/static/chunks/509c2_next_dist_compiled_react-dom_1698bfa6._.js:4651:24)
    at updateFunctionComponent (http://localhost:3000/_next/static/chunks/509c2_next_dist_compiled_react-dom_1698bfa6._.js:6112:21)
    at beginWork (http://localhost:3000/_next/static/chunks/509c2_next_dist_compiled_react-dom_1698bfa6._.js:6708:24)
    at runWithFiberInDEV (http://localhost:3000/_next/static/chunks/509c2_next_dist_compiled_react-dom_1698bfa6._.js:965:74)
    at performUnitOfWork (http://localhost:3000/_next/static/chunks/509c2_next_dist_compiled_react-dom_1698bfa6._.js:9562:97)
    at workLoopConcurrentByScheduler (http://localhost:3000/_next/static/chunks/509c2_next_dist_compiled_react-dom_1698bfa6._.js:9558:58)
    at renderRootConcurrent (http://localhost:3000/_next/static/chunks/509c2_next_dist_compiled_react-dom_1698bfa6._.js:9541:71)
    at performWorkOnRoot (http://localhost:3000/_next/static/chunks/509c2_next_dist_compiled_react-dom_1698bfa6._.js:9068:150)
    at performWorkOnRootViaSchedulerTask (http://localhost:3000/_next/static/chunks/509c2_next_dist_compiled_react-dom_1698bfa6._.js:10230:9)
    at MessagePort.performWorkUntilDeadline (http://localhost:3000/_next/static/chunks/509c2_next_dist_compiled_9044104d._.js:2647:64) @ http://localhost:3000/_next/static/chunks/509c2_next_dist_512df543._.js:3127
[ 2057630ms] [ERROR] IntlError: MISSING_MESSAGE: Could not resolve `modules.dashboard` in messages for locale `login`.
    at getMessagesOrError (http://localhost:3000/_next/static/chunks/db2ad__pnpm_bc426aec._.js:3637:27)
    at createBaseTranslator (http://localhost:3000/_next/static/chunks/db2ad__pnpm_bc426aec._.js:3642:29)
    at useTranslationsImpl.useMemo[translate] (http://localhost:3000/_next/static/chunks/db2ad__pnpm_bc426aec._.js:4163:378)
    at mountMemo (http://localhost:3000/_next/static/chunks/509c2_next_dist_compiled_react-dom_1698bfa6._.js:5424:25)
    at Object.useMemo (http://localhost:3000/_next/static/chunks/509c2_next_dist_compiled_react-dom_1698bfa6._.js:15003:24)
    at exports.useMemo (http://localhost:3000/_next/static/chunks/509c2_next_dist_compiled_9044104d._.js:1742:36)
    at useTranslationsImpl (http://localhost:3000/_next/static/chunks/db2ad__pnpm_bc426aec._.js:4162:416)
    at useTranslations (http://localhost:3000/_next/static/chunks/db2ad__pnpm_bc426aec._.js:4201:12)
    at http://localhost:3000/_next/static/chunks/db2ad__pnpm_6cafc622._.js:70:20
    at DashboardPage (http://localhost:3000/_next/static/chunks/pi-cwd-20260601_admin-platform_d7a92737._.js:987:432)
    at Object.react_stack_bottom_frame (http://localhost:3000/_next/static/chunks/509c2_next_dist_compiled_react-dom_1698bfa6._.js:14826:24)
    at renderWithHooks (http://localhost:3000/_next/static/chunks/509c2_next_dist_compiled_react-dom_1698bfa6._.js:4651:24)
    at updateFunctionComponent (http://localhost:3000/_next/static/chunks/509c2_next_dist_compiled_react-dom_1698bfa6._.js:6112:21)
    at beginWork (http://localhost:3000/_next/static/chunks/509c2_next_dist_compiled_react-dom_1698bfa6._.js:6708:24)
    at runWithFiberInDEV (http://localhost:3000/_next/static/chunks/509c2_next_dist_compiled_react-dom_1698bfa6._.js:965:74)
    at performUnitOfWork (http://localhost:3000/_next/static/chunks/509c2_next_dist_compiled_react-dom_1698bfa6._.js:9562:97)
    at workLoopConcurrentByScheduler (http://localhost:3000/_next/static/chunks/509c2_next_dist_compiled_react-dom_1698bfa6._.js:9558:58)
    at renderRootConcurrent (http://localhost:3000/_next/static/chunks/509c2_next_dist_compiled_react-dom_1698bfa6._.js:9541:71)
    at performWorkOnRoot (http://localhost:3000/_next/static/chunks/509c2_next_dist_compiled_react-dom_1698bfa6._.js:9068:150)
    at performWorkOnRootViaSchedulerTask (http://localhost:3000/_next/static/chunks/509c2_next_dist_compiled_react-dom_1698bfa6._.js:10230:9)
    at MessagePort.performWorkUntilDeadline (http://localhost:3000/_next/static/chunks/509c2_next_dist_compiled_9044104d._.js:2647:64) @ http://localhost:3000/_next/static/chunks/509c2_next_dist_512df543._.js:3127
[ 2057631ms] [ERROR] IntlError: MISSING_MESSAGE: Could not resolve `modules.dashboard` in messages for locale `login`.
    at getMessagesOrError (http://localhost:3000/_next/static/chunks/db2ad__pnpm_bc426aec._.js:3637:27)
    at createBaseTranslator (http://localhost:3000/_next/static/chunks/db2ad__pnpm_bc426aec._.js:3642:29)
    at useTranslationsImpl.useMemo[translate] (http://localhost:3000/_next/static/chunks/db2ad__pnpm_bc426aec._.js:4163:378)
    at mountMemo (http://localhost:3000/_next/static/chunks/509c2_next_dist_compiled_react-dom_1698bfa6._.js:5424:25)
    at Object.useMemo (http://localhost:3000/_next/static/chunks/509c2_next_dist_compiled_react-dom_1698bfa6._.js:15003:24)
    at exports.useMemo (http://localhost:3000/_next/static/chunks/509c2_next_dist_compiled_9044104d._.js:1742:36)
    at useTranslationsImpl (http://localhost:3000/_next/static/chunks/db2ad__pnpm_bc426aec._.js:4162:416)
    at useTranslations (http://localhost:3000/_next/static/chunks/db2ad__pnpm_bc426aec._.js:4201:12)
    at http://localhost:3000/_next/static/chunks/db2ad__pnpm_6cafc622._.js:70:20
    at DashboardPage (http://localhost:3000/_next/static/chunks/pi-cwd-20260601_admin-platform_d7a92737._.js:987:432)
    at Object.react_stack_bottom_frame (http://localhost:3000/_next/static/chunks/509c2_next_dist_compiled_react-dom_1698bfa6._.js:14826:24)
    at renderWithHooks (http://localhost:3000/_next/static/chunks/509c2_next_dist_compiled_react-dom_1698bfa6._.js:4651:24)
    at updateFunctionComponent (http://localhost:3000/_next/static/chunks/509c2_next_dist_compiled_react-dom_1698bfa6._.js:6112:21)
    at beginWork (http://localhost:3000/_next/static/chunks/509c2_next_dist_compiled_react-dom_1698bfa6._.js:6708:24)
    at runWithFiberInDEV (http://localhost:3000/_next/static/chunks/509c2_next_dist_compiled_react-dom_1698bfa6._.js:965:74)
    at performUnitOfWork (http://localhost:3000/_next/static/chunks/509c2_next_dist_compiled_react-dom_1698bfa6._.js:9562:97)
    at workLoopConcurrentByScheduler (http://localhost:3000/_next/static/chunks/509c2_next_dist_compiled_react-dom_1698bfa6._.js:9558:58)
    at renderRootConcurrent (http://localhost:3000/_next/static/chunks/509c2_next_dist_compiled_react-dom_1698bfa6._.js:9541:71)
    at performWorkOnRoot (http://localhost:3000/_next/static/chunks/509c2_next_dist_compiled_react-dom_1698bfa6._.js:9068:150)
    at performWorkOnRootViaSchedulerTask (http://localhost:3000/_next/static/chunks/509c2_next_dist_compiled_react-dom_1698bfa6._.js:10230:9)
    at MessagePort.performWorkUntilDeadline (http://localhost:3000/_next/static/chunks/509c2_next_dist_compiled_9044104d._.js:2647:64) @ http://localhost:3000/_next/static/chunks/509c2_next_dist_512df543._.js:3127
[ 2057631ms] [ERROR] IntlError: MISSING_MESSAGE: Could not resolve `modules.dashboard` in messages for locale `login`.
    at getMessagesOrError (http://localhost:3000/_next/static/chunks/db2ad__pnpm_bc426aec._.js:3637:27)
    at createBaseTranslator (http://localhost:3000/_next/static/chunks/db2ad__pnpm_bc426aec._.js:3642:29)
    at useTranslationsImpl.useMemo[translate] (http://localhost:3000/_next/static/chunks/db2ad__pnpm_bc426aec._.js:4163:378)
    at mountMemo (http://localhost:3000/_next/static/chunks/509c2_next_dist_compiled_react-dom_1698bfa6._.js:5424:25)
    at Object.useMemo (http://localhost:3000/_next/static/chunks/509c2_next_dist_compiled_react-dom_1698bfa6._.js:15003:24)
    at exports.useMemo (http://localhost:3000/_next/static/chunks/509c2_next_dist_compiled_9044104d._.js:1742:36)
    at useTranslationsImpl (http://localhost:3000/_next/static/chunks/db2ad__pnpm_bc426aec._.js:4162:416)
    at useTranslations (http://localhost:3000/_next/static/chunks/db2ad__pnpm_bc426aec._.js:4201:12)
    at http://localhost:3000/_next/static/chunks/db2ad__pnpm_6cafc622._.js:70:20
    at DashboardPage (http://localhost:3000/_next/static/chunks/pi-cwd-20260601_admin-platform_d7a92737._.js:987:432)
    at Object.react_stack_bottom_frame (http://localhost:3000/_next/static/chunks/509c2_next_dist_compiled_react-dom_1698bfa6._.js:14826:24)
    at renderWithHooks (http://localhost:3000/_next/static/chunks/509c2_next_dist_compiled_react-dom_1698bfa6._.js:4651:24)
    at updateFunctionComponent (http://localhost:3000/_next/static/chunks/509c2_next_dist_compiled_react-dom_1698bfa6._.js:6112:21)
    at beginWork (http://localhost:3000/_next/static/chunks/509c2_next_dist_compiled_react-dom_1698bfa6._.js:6708:24)
    at runWithFiberInDEV (http://localhost:3000/_next/static/chunks/509c2_next_dist_compiled_react-dom_1698bfa6._.js:965:74)
    at performUnitOfWork (http://localhost:3000/_next/static/chunks/509c2_next_dist_compiled_react-dom_1698bfa6._.js:9562:97)
    at workLoopConcurrentByScheduler (http://localhost:3000/_next/static/chunks/509c2_next_dist_compiled_react-dom_1698bfa6._.js:9558:58)
    at renderRootConcurrent (http://localhost:3000/_next/static/chunks/509c2_next_dist_compiled_react-dom_1698bfa6._.js:9541:71)
    at performWorkOnRoot (http://localhost:3000/_next/static/chunks/509c2_next_dist_compiled_react-dom_1698bfa6._.js:9068:150)
    at performWorkOnRootViaSchedulerTask (http://localhost:3000/_next/static/chunks/509c2_next_dist_compiled_react-dom_1698bfa6._.js:10230:9)
    at MessagePort.performWorkUntilDeadline (http://localhost:3000/_next/static/chunks/509c2_next_dist_compiled_9044104d._.js:2647:64) @ http://localhost:3000/_next/static/chunks/509c2_next_dist_512df543._.js:3127
[ 2057631ms] [ERROR] IntlError: MISSING_MESSAGE: Could not resolve `modules.dashboard` in messages for locale `login`.
    at getMessagesOrError (http://localhost:3000/_next/static/chunks/db2ad__pnpm_bc426aec._.js:3637:27)
    at createBaseTranslator (http://localhost:3000/_next/static/chunks/db2ad__pnpm_bc426aec._.js:3642:29)
    at useTranslationsImpl.useMemo[translate] (http://localhost:3000/_next/static/chunks/db2ad__pnpm_bc426aec._.js:4163:378)
    at mountMemo (http://localhost:3000/_next/static/chunks/509c2_next_dist_compiled_react-dom_1698bfa6._.js:5424:25)
    at Object.useMemo (http://localhost:3000/_next/static/chunks/509c2_next_dist_compiled_react-dom_1698bfa6._.js:15003:24)
    at exports.useMemo (http://localhost:3000/_next/static/chunks/509c2_next_dist_compiled_9044104d._.js:1742:36)
    at useTranslationsImpl (http://localhost:3000/_next/static/chunks/db2ad__pnpm_bc426aec._.js:4162:416)
    at useTranslations (http://localhost:3000/_next/static/chunks/db2ad__pnpm_bc426aec._.js:4201:12)
    at http://localhost:3000/_next/static/chunks/db2ad__pnpm_6cafc622._.js:70:20
    at DashboardPage (http://localhost:3000/_next/static/chunks/pi-cwd-20260601_admin-platform_d7a92737._.js:987:432)
    at Object.react_stack_bottom_frame (http://localhost:3000/_next/static/chunks/509c2_next_dist_compiled_react-dom_1698bfa6._.js:14826:24)
    at renderWithHooks (http://localhost:3000/_next/static/chunks/509c2_next_dist_compiled_react-dom_1698bfa6._.js:4651:24)
    at updateFunctionComponent (http://localhost:3000/_next/static/chunks/509c2_next_dist_compiled_react-dom_1698bfa6._.js:6112:21)
    at beginWork (http://localhost:3000/_next/static/chunks/509c2_next_dist_compiled_react-dom_1698bfa6._.js:6708:24)
    at runWithFiberInDEV (http://localhost:3000/_next/static/chunks/509c2_next_dist_compiled_react-dom_1698bfa6._.js:965:74)
    at performUnitOfWork (http://localhost:3000/_next/static/chunks/509c2_next_dist_compiled_react-dom_1698bfa6._.js:9562:97)
    at workLoopConcurrentByScheduler (http://localhost:3000/_next/static/chunks/509c2_next_dist_compiled_react-dom_1698bfa6._.js:9558:58)
    at renderRootConcurrent (http://localhost:3000/_next/static/chunks/509c2_next_dist_compiled_react-dom_1698bfa6._.js:9541:71)
    at performWorkOnRoot (http://localhost:3000/_next/static/chunks/509c2_next_dist_compiled_react-dom_1698bfa6._.js:9068:150)
    at performWorkOnRootViaSchedulerTask (http://localhost:3000/_next/static/chunks/509c2_next_dist_compiled_react-dom_1698bfa6._.js:10230:9)
    at MessagePort.performWorkUntilDeadline (http://localhost:3000/_next/static/chunks/509c2_next_dist_compiled_9044104d._.js:2647:64) @ http://localhost:3000/_next/static/chunks/509c2_next_dist_512df543._.js:3127
[ 2058158ms] [LOG] [Fast Refresh] rebuilding @ http://localhost:3000/_next/static/chunks/509c2_next_dist_512df543._.js:2297
[ 2061053ms] [WARNING] The resource http://localhost:3000/_next/static/chunks/%5Broot-of-the-server%5D__e4da2690._.css was preloaded using link preload but not used within a few seconds from the window's load event. Please make sure it has an appropriate `as` value and it is preloaded intentionally. @ http://localhost:3000/login:0
[ 2068667ms] [LOG] [Fast Refresh] done in 10609ms @ http://localhost:3000/_next/static/chunks/509c2_next_dist_512df543._.js:2297
[ 2071828ms] [WARNING] The resource http://localhost:3000/_next/static/chunks/%5Broot-of-the-server%5D__e4da2690._.css was preloaded using link preload but not used within a few seconds from the window's load event. Please make sure it has an appropriate `as` value and it is preloaded intentionally. @ http://localhost:3000/login:0
[ 2074026ms] [ERROR] IntlError: MISSING_MESSAGE: Could not resolve `modules.dashboard` in messages for locale `login`.
    at getMessagesOrError (http://localhost:3000/_next/static/chunks/db2ad__pnpm_bc426aec._.js:3637:27)
    at createBaseTranslator (http://localhost:3000/_next/static/chunks/db2ad__pnpm_bc426aec._.js:3642:29)
    at useTranslationsImpl.useMemo[translate] (http://localhost:3000/_next/static/chunks/db2ad__pnpm_bc426aec._.js:4163:378)
    at mountMemo (http://localhost:3000/_next/static/chunks/509c2_next_dist_compiled_react-dom_1698bfa6._.js:5424:25)
    at Object.useMemo (http://localhost:3000/_next/static/chunks/509c2_next_dist_compiled_react-dom_1698bfa6._.js:15003:24)
    at exports.useMemo (http://localhost:3000/_next/static/chunks/509c2_next_dist_compiled_9044104d._.js:1742:36)
    at useTranslationsImpl (http://localhost:3000/_next/static/chunks/db2ad__pnpm_bc426aec._.js:4162:416)
    at useTranslations (http://localhost:3000/_next/static/chunks/db2ad__pnpm_bc426aec._.js:4201:12)
    at http://localhost:3000/_next/static/chunks/db2ad__pnpm_6cafc622._.js:70:20
    at DashboardPage (http://localhost:3000/_next/static/chunks/pi-cwd-20260601_admin-platform_d7a92737._.js:987:432)
    at Object.react_stack_bottom_frame (http://localhost:3000/_next/static/chunks/509c2_next_dist_compiled_react-dom_1698bfa6._.js:14826:24)
    at renderWithHooks (http://localhost:3000/_next/static/chunks/509c2_next_dist_compiled_react-dom_1698bfa6._.js:4651:24)
    at updateFunctionComponent (http://localhost:3000/_next/static/chunks/509c2_next_dist_compiled_react-dom_1698bfa6._.js:6112:21)
    at beginWork (http://localhost:3000/_next/static/chunks/509c2_next_dist_compiled_react-dom_1698bfa6._.js:6708:24)
    at runWithFiberInDEV (http://localhost:3000/_next/static/chunks/509c2_next_dist_compiled_react-dom_1698bfa6._.js:965:74)
    at performUnitOfWork (http://localhost:3000/_next/static/chunks/509c2_next_dist_compiled_react-dom_1698bfa6._.js:9562:97)
    at workLoopConcurrentByScheduler (http://localhost:3000/_next/static/chunks/509c2_next_dist_compiled_react-dom_1698bfa6._.js:9558:58)
    at renderRootConcurrent (http://localhost:3000/_next/static/chunks/509c2_next_dist_compiled_react-dom_1698bfa6._.js:9541:71)
    at performWorkOnRoot (http://localhost:3000/_next/static/chunks/509c2_next_dist_compiled_react-dom_1698bfa6._.js:9068:150)
    at performWorkOnRootViaSchedulerTask (http://localhost:3000/_next/static/chunks/509c2_next_dist_compiled_react-dom_1698bfa6._.js:10230:9)
    at MessagePort.performWorkUntilDeadline (http://localhost:3000/_next/static/chunks/509c2_next_dist_compiled_9044104d._.js:2647:64) @ http://localhost:3000/_next/static/chunks/509c2_next_dist_512df543._.js:3127
[ 2074027ms] [ERROR] IntlError: MISSING_MESSAGE: Could not resolve `modules.dashboard` in messages for locale `login`.
    at getMessagesOrError (http://localhost:3000/_next/static/chunks/db2ad__pnpm_bc426aec._.js:3637:27)
    at createBaseTranslator (http://localhost:3000/_next/static/chunks/db2ad__pnpm_bc426aec._.js:3642:29)
    at useTranslationsImpl.useMemo[translate] (http://localhost:3000/_next/static/chunks/db2ad__pnpm_bc426aec._.js:4163:378)
    at mountMemo (http://localhost:3000/_next/static/chunks/509c2_next_dist_compiled_react-dom_1698bfa6._.js:5424:25)
    at Object.useMemo (http://localhost:3000/_next/static/chunks/509c2_next_dist_compiled_react-dom_1698bfa6._.js:15003:24)
    at exports.useMemo (http://localhost:3000/_next/static/chunks/509c2_next_dist_compiled_9044104d._.js:1742:36)
    at useTranslationsImpl (http://localhost:3000/_next/static/chunks/db2ad__pnpm_bc426aec._.js:4162:416)
    at useTranslations (http://localhost:3000/_next/static/chunks/db2ad__pnpm_bc426aec._.js:4201:12)
    at http://localhost:3000/_next/static/chunks/db2ad__pnpm_6cafc622._.js:70:20
    at DashboardPage (http://localhost:3000/_next/static/chunks/pi-cwd-20260601_admin-platform_d7a92737._.js:987:432)
    at Object.react_stack_bottom_frame (http://localhost:3000/_next/static/chunks/509c2_next_dist_compiled_react-dom_1698bfa6._.js:14826:24)
    at renderWithHooks (http://localhost:3000/_next/static/chunks/509c2_next_dist_compiled_react-dom_1698bfa6._.js:4651:24)
    at updateFunctionComponent (http://localhost:3000/_next/static/chunks/509c2_next_dist_compiled_react-dom_1698bfa6._.js:6112:21)
    at beginWork (http://localhost:3000/_next/static/chunks/509c2_next_dist_compiled_react-dom_1698bfa6._.js:6708:24)
    at runWithFiberInDEV (http://localhost:3000/_next/static/chunks/509c2_next_dist_compiled_react-dom_1698bfa6._.js:965:74)
    at performUnitOfWork (http://localhost:3000/_next/static/chunks/509c2_next_dist_compiled_react-dom_1698bfa6._.js:9562:97)
    at workLoopConcurrentByScheduler (http://localhost:3000/_next/static/chunks/509c2_next_dist_compiled_react-dom_1698bfa6._.js:9558:58)
    at renderRootConcurrent (http://localhost:3000/_next/static/chunks/509c2_next_dist_compiled_react-dom_1698bfa6._.js:9541:71)
    at performWorkOnRoot (http://localhost:3000/_next/static/chunks/509c2_next_dist_compiled_react-dom_1698bfa6._.js:9068:150)
    at performWorkOnRootViaSchedulerTask (http://localhost:3000/_next/static/chunks/509c2_next_dist_compiled_react-dom_1698bfa6._.js:10230:9)
    at MessagePort.performWorkUntilDeadline (http://localhost:3000/_next/static/chunks/509c2_next_dist_compiled_9044104d._.js:2647:64) @ http://localhost:3000/_next/static/chunks/509c2_next_dist_512df543._.js:3127
[ 2074027ms] [ERROR] IntlError: MISSING_MESSAGE: Could not resolve `modules.dashboard` in messages for locale `login`.
    at getMessagesOrError (http://localhost:3000/_next/static/chunks/db2ad__pnpm_bc426aec._.js:3637:27)
    at createBaseTranslator (http://localhost:3000/_next/static/chunks/db2ad__pnpm_bc426aec._.js:3642:29)
    at useTranslationsImpl.useMemo[translate] (http://localhost:3000/_next/static/chunks/db2ad__pnpm_bc426aec._.js:4163:378)
    at mountMemo (http://localhost:3000/_next/static/chunks/509c2_next_dist_compiled_react-dom_1698bfa6._.js:5424:25)
    at Object.useMemo (http://localhost:3000/_next/static/chunks/509c2_next_dist_compiled_react-dom_1698bfa6._.js:15003:24)
    at exports.useMemo (http://localhost:3000/_next/static/chunks/509c2_next_dist_compiled_9044104d._.js:1742:36)
    at useTranslationsImpl (http://localhost:3000/_next/static/chunks/db2ad__pnpm_bc426aec._.js:4162:416)
    at useTranslations (http://localhost:3000/_next/static/chunks/db2ad__pnpm_bc426aec._.js:4201:12)
    at http://localhost:3000/_next/static/chunks/db2ad__pnpm_6cafc622._.js:70:20
    at DashboardPage (http://localhost:3000/_next/static/chunks/pi-cwd-20260601_admin-platform_d7a92737._.js:987:432)
    at Object.react_stack_bottom_frame (http://localhost:3000/_next/static/chunks/509c2_next_dist_compiled_react-dom_1698bfa6._.js:14826:24)
    at renderWithHooks (http://localhost:3000/_next/static/chunks/509c2_next_dist_compiled_react-dom_1698bfa6._.js:4651:24)
    at updateFunctionComponent (http://localhost:3000/_next/static/chunks/509c2_next_dist_compiled_react-dom_1698bfa6._.js:6112:21)
    at beginWork (http://localhost:3000/_next/static/chunks/509c2_next_dist_compiled_react-dom_1698bfa6._.js:6708:24)
    at runWithFiberInDEV (http://localhost:3000/_next/static/chunks/509c2_next_dist_compiled_react-dom_1698bfa6._.js:965:74)
    at performUnitOfWork (http://localhost:3000/_next/static/chunks/509c2_next_dist_compiled_react-dom_1698bfa6._.js:9562:97)
    at workLoopConcurrentByScheduler (http://localhost:3000/_next/static/chunks/509c2_next_dist_compiled_react-dom_1698bfa6._.js:9558:58)
    at renderRootConcurrent (http://localhost:3000/_next/static/chunks/509c2_next_dist_compiled_react-dom_1698bfa6._.js:9541:71)
    at performWorkOnRoot (http://localhost:3000/_next/static/chunks/509c2_next_dist_compiled_react-dom_1698bfa6._.js:9068:150)
    at performWorkOnRootViaSchedulerTask (http://localhost:3000/_next/static/chunks/509c2_next_dist_compiled_react-dom_1698bfa6._.js:10230:9)
    at MessagePort.performWorkUntilDeadline (http://localhost:3000/_next/static/chunks/509c2_next_dist_compiled_9044104d._.js:2647:64) @ http://localhost:3000/_next/static/chunks/509c2_next_dist_512df543._.js:3127
[ 2074027ms] [ERROR] IntlError: MISSING_MESSAGE: Could not resolve `modules.dashboard` in messages for locale `login`.
    at getMessagesOrError (http://localhost:3000/_next/static/chunks/db2ad__pnpm_bc426aec._.js:3637:27)
    at createBaseTranslator (http://localhost:3000/_next/static/chunks/db2ad__pnpm_bc426aec._.js:3642:29)
    at useTranslationsImpl.useMemo[translate] (http://localhost:3000/_next/static/chunks/db2ad__pnpm_bc426aec._.js:4163:378)
    at mountMemo (http://localhost:3000/_next/static/chunks/509c2_next_dist_compiled_react-dom_1698bfa6._.js:5424:25)
    at Object.useMemo (http://localhost:3000/_next/static/chunks/509c2_next_dist_compiled_react-dom_1698bfa6._.js:15003:24)
    at exports.useMemo (http://localhost:3000/_next/static/chunks/509c2_next_dist_compiled_9044104d._.js:1742:36)
    at useTranslationsImpl (http://localhost:3000/_next/static/chunks/db2ad__pnpm_bc426aec._.js:4162:416)
    at useTranslations (http://localhost:3000/_next/static/chunks/db2ad__pnpm_bc426aec._.js:4201:12)
    at http://localhost:3000/_next/static/chunks/db2ad__pnpm_6cafc622._.js:70:20
    at DashboardPage (http://localhost:3000/_next/static/chunks/pi-cwd-20260601_admin-platform_d7a92737._.js:987:432)
    at Object.react_stack_bottom_frame (http://localhost:3000/_next/static/chunks/509c2_next_dist_compiled_react-dom_1698bfa6._.js:14826:24)
    at renderWithHooks (http://localhost:3000/_next/static/chunks/509c2_next_dist_compiled_react-dom_1698bfa6._.js:4651:24)
    at updateFunctionComponent (http://localhost:3000/_next/static/chunks/509c2_next_dist_compiled_react-dom_1698bfa6._.js:6112:21)
    at beginWork (http://localhost:3000/_next/static/chunks/509c2_next_dist_compiled_react-dom_1698bfa6._.js:6708:24)
    at runWithFiberInDEV (http://localhost:3000/_next/static/chunks/509c2_next_dist_compiled_react-dom_1698bfa6._.js:965:74)
    at performUnitOfWork (http://localhost:3000/_next/static/chunks/509c2_next_dist_compiled_react-dom_1698bfa6._.js:9562:97)
    at workLoopConcurrentByScheduler (http://localhost:3000/_next/static/chunks/509c2_next_dist_compiled_react-dom_1698bfa6._.js:9558:58)
    at renderRootConcurrent (http://localhost:3000/_next/static/chunks/509c2_next_dist_compiled_react-dom_1698bfa6._.js:9541:71)
    at performWorkOnRoot (http://localhost:3000/_next/static/chunks/509c2_next_dist_compiled_react-dom_1698bfa6._.js:9068:150)
    at performWorkOnRootViaSchedulerTask (http://localhost:3000/_next/static/chunks/509c2_next_dist_compiled_react-dom_1698bfa6._.js:10230:9)
    at MessagePort.performWorkUntilDeadline (http://localhost:3000/_next/static/chunks/509c2_next_dist_compiled_9044104d._.js:2647:64) @ http://localhost:3000/_next/static/chunks/509c2_next_dist_512df543._.js:3127
[ 2074027ms] [ERROR] IntlError: MISSING_MESSAGE: Could not resolve `modules.dashboard` in messages for locale `login`.
    at getMessagesOrError (http://localhost:3000/_next/static/chunks/db2ad__pnpm_bc426aec._.js:3637:27)
    at createBaseTranslator (http://localhost:3000/_next/static/chunks/db2ad__pnpm_bc426aec._.js:3642:29)
    at useTranslationsImpl.useMemo[translate] (http://localhost:3000/_next/static/chunks/db2ad__pnpm_bc426aec._.js:4163:378)
    at mountMemo (http://localhost:3000/_next/static/chunks/509c2_next_dist_compiled_react-dom_1698bfa6._.js:5424:25)
    at Object.useMemo (http://localhost:3000/_next/static/chunks/509c2_next_dist_compiled_react-dom_1698bfa6._.js:15003:24)
    at exports.useMemo (http://localhost:3000/_next/static/chunks/509c2_next_dist_compiled_9044104d._.js:1742:36)
    at useTranslationsImpl (http://localhost:3000/_next/static/chunks/db2ad__pnpm_bc426aec._.js:4162:416)
    at useTranslations (http://localhost:3000/_next/static/chunks/db2ad__pnpm_bc426aec._.js:4201:12)
    at http://localhost:3000/_next/static/chunks/db2ad__pnpm_6cafc622._.js:70:20
    at DashboardPage (http://localhost:3000/_next/static/chunks/pi-cwd-20260601_admin-platform_d7a92737._.js:987:432)
    at Object.react_stack_bottom_frame (http://localhost:3000/_next/static/chunks/509c2_next_dist_compiled_react-dom_1698bfa6._.js:14826:24)
    at renderWithHooks (http://localhost:3000/_next/static/chunks/509c2_next_dist_compiled_react-dom_1698bfa6._.js:4651:24)
    at updateFunctionComponent (http://localhost:3000/_next/static/chunks/509c2_next_dist_compiled_react-dom_1698bfa6._.js:6112:21)
    at beginWork (http://localhost:3000/_next/static/chunks/509c2_next_dist_compiled_react-dom_1698bfa6._.js:6708:24)
    at runWithFiberInDEV (http://localhost:3000/_next/static/chunks/509c2_next_dist_compiled_react-dom_1698bfa6._.js:965:74)
    at performUnitOfWork (http://localhost:3000/_next/static/chunks/509c2_next_dist_compiled_react-dom_1698bfa6._.js:9562:97)
    at workLoopConcurrentByScheduler (http://localhost:3000/_next/static/chunks/509c2_next_dist_compiled_react-dom_1698bfa6._.js:9558:58)
    at renderRootConcurrent (http://localhost:3000/_next/static/chunks/509c2_next_dist_compiled_react-dom_1698bfa6._.js:9541:71)
    at performWorkOnRoot (http://localhost:3000/_next/static/chunks/509c2_next_dist_compiled_react-dom_1698bfa6._.js:9068:150)
    at performWorkOnRootViaSchedulerTask (http://localhost:3000/_next/static/chunks/509c2_next_dist_compiled_react-dom_1698bfa6._.js:10230:9)
    at MessagePort.performWorkUntilDeadline (http://localhost:3000/_next/static/chunks/509c2_next_dist_compiled_9044104d._.js:2647:64) @ http://localhost:3000/_next/static/chunks/509c2_next_dist_512df543._.js:3127
[ 2074028ms] [ERROR] IntlError: MISSING_MESSAGE: Could not resolve `modules.dashboard` in messages for locale `login`.
    at getMessagesOrError (http://localhost:3000/_next/static/chunks/db2ad__pnpm_bc426aec._.js:3637:27)
    at createBaseTranslator (http://localhost:3000/_next/static/chunks/db2ad__pnpm_bc426aec._.js:3642:29)
    at useTranslationsImpl.useMemo[translate] (http://localhost:3000/_next/static/chunks/db2ad__pnpm_bc426aec._.js:4163:378)
    at mountMemo (http://localhost:3000/_next/static/chunks/509c2_next_dist_compiled_react-dom_1698bfa6._.js:5424:25)
    at Object.useMemo (http://localhost:3000/_next/static/chunks/509c2_next_dist_compiled_react-dom_1698bfa6._.js:15003:24)
    at exports.useMemo (http://localhost:3000/_next/static/chunks/509c2_next_dist_compiled_9044104d._.js:1742:36)
    at useTranslationsImpl (http://localhost:3000/_next/static/chunks/db2ad__pnpm_bc426aec._.js:4162:416)
    at useTranslations (http://localhost:3000/_next/static/chunks/db2ad__pnpm_bc426aec._.js:4201:12)
    at http://localhost:3000/_next/static/chunks/db2ad__pnpm_6cafc622._.js:70:20
    at DashboardPage (http://localhost:3000/_next/static/chunks/pi-cwd-20260601_admin-platform_d7a92737._.js:987:432)
    at Object.react_stack_bottom_frame (http://localhost:3000/_next/static/chunks/509c2_next_dist_compiled_react-dom_1698bfa6._.js:14826:24)
    at renderWithHooks (http://localhost:3000/_next/static/chunks/509c2_next_dist_compiled_react-dom_1698bfa6._.js:4651:24)
    at updateFunctionComponent (http://localhost:3000/_next/static/chunks/509c2_next_dist_compiled_react-dom_1698bfa6._.js:6112:21)
    at beginWork (http://localhost:3000/_next/static/chunks/509c2_next_dist_compiled_react-dom_1698bfa6._.js:6708:24)
    at runWithFiberInDEV (http://localhost:3000/_next/static/chunks/509c2_next_dist_compiled_react-dom_1698bfa6._.js:965:74)
    at performUnitOfWork (http://localhost:3000/_next/static/chunks/509c2_next_dist_compiled_react-dom_1698bfa6._.js:9562:97)
    at workLoopConcurrentByScheduler (http://localhost:3000/_next/static/chunks/509c2_next_dist_compiled_react-dom_1698bfa6._.js:9558:58)
    at renderRootConcurrent (http://localhost:3000/_next/static/chunks/509c2_next_dist_compiled_react-dom_1698bfa6._.js:9541:71)
    at performWorkOnRoot (http://localhost:3000/_next/static/chunks/509c2_next_dist_compiled_react-dom_1698bfa6._.js:9068:150)
    at performWorkOnRootViaSchedulerTask (http://localhost:3000/_next/static/chunks/509c2_next_dist_compiled_react-dom_1698bfa6._.js:10230:9)
    at MessagePort.performWorkUntilDeadline (http://localhost:3000/_next/static/chunks/509c2_next_dist_compiled_9044104d._.js:2647:64) @ http://localhost:3000/_next/static/chunks/509c2_next_dist_512df543._.js:3127
[ 2074028ms] [ERROR] IntlError: MISSING_MESSAGE: Could not resolve `modules.dashboard` in messages for locale `login`.
    at getMessagesOrError (http://localhost:3000/_next/static/chunks/db2ad__pnpm_bc426aec._.js:3637:27)
    at createBaseTranslator (http://localhost:3000/_next/static/chunks/db2ad__pnpm_bc426aec._.js:3642:29)
    at useTranslationsImpl.useMemo[translate] (http://localhost:3000/_next/static/chunks/db2ad__pnpm_bc426aec._.js:4163:378)
    at mountMemo (http://localhost:3000/_next/static/chunks/509c2_next_dist_compiled_react-dom_1698bfa6._.js:5424:25)
    at Object.useMemo (http://localhost:3000/_next/static/chunks/509c2_next_dist_compiled_react-dom_1698bfa6._.js:15003:24)
    at exports.useMemo (http://localhost:3000/_next/static/chunks/509c2_next_dist_compiled_9044104d._.js:1742:36)
    at useTranslationsImpl (http://localhost:3000/_next/static/chunks/db2ad__pnpm_bc426aec._.js:4162:416)
    at useTranslations (http://localhost:3000/_next/static/chunks/db2ad__pnpm_bc426aec._.js:4201:12)
    at http://localhost:3000/_next/static/chunks/db2ad__pnpm_6cafc622._.js:70:20
    at DashboardPage (http://localhost:3000/_next/static/chunks/pi-cwd-20260601_admin-platform_d7a92737._.js:987:432)
    at Object.react_stack_bottom_frame (http://localhost:3000/_next/static/chunks/509c2_next_dist_compiled_react-dom_1698bfa6._.js:14826:24)
    at renderWithHooks (http://localhost:3000/_next/static/chunks/509c2_next_dist_compiled_react-dom_1698bfa6._.js:4651:24)
    at updateFunctionComponent (http://localhost:3000/_next/static/chunks/509c2_next_dist_compiled_react-dom_1698bfa6._.js:6112:21)
    at beginWork (http://localhost:3000/_next/static/chunks/509c2_next_dist_compiled_react-dom_1698bfa6._.js:6708:24)
    at runWithFiberInDEV (http://localhost:3000/_next/static/chunks/509c2_next_dist_compiled_react-dom_1698bfa6._.js:965:74)
    at performUnitOfWork (http://localhost:3000/_next/static/chunks/509c2_next_dist_compiled_react-dom_1698bfa6._.js:9562:97)
    at workLoopConcurrentByScheduler (http://localhost:3000/_next/static/chunks/509c2_next_dist_compiled_react-dom_1698bfa6._.js:9558:58)
    at renderRootConcurrent (http://localhost:3000/_next/static/chunks/509c2_next_dist_compiled_react-dom_1698bfa6._.js:9541:71)
    at performWorkOnRoot (http://localhost:3000/_next/static/chunks/509c2_next_dist_compiled_react-dom_1698bfa6._.js:9068:150)
    at performWorkOnRootViaSchedulerTask (http://localhost:3000/_next/static/chunks/509c2_next_dist_compiled_react-dom_1698bfa6._.js:10230:9)
    at MessagePort.performWorkUntilDeadline (http://localhost:3000/_next/static/chunks/509c2_next_dist_compiled_9044104d._.js:2647:64) @ http://localhost:3000/_next/static/chunks/509c2_next_dist_512df543._.js:3127
[ 2074028ms] [ERROR] IntlError: MISSING_MESSAGE: Could not resolve `modules.dashboard` in messages for locale `login`.
    at getMessagesOrError (http://localhost:3000/_next/static/chunks/db2ad__pnpm_bc426aec._.js:3637:27)
    at createBaseTranslator (http://localhost:3000/_next/static/chunks/db2ad__pnpm_bc426aec._.js:3642:29)
    at useTranslationsImpl.useMemo[translate] (http://localhost:3000/_next/static/chunks/db2ad__pnpm_bc426aec._.js:4163:378)
    at mountMemo (http://localhost:3000/_next/static/chunks/509c2_next_dist_compiled_react-dom_1698bfa6._.js:5424:25)
    at Object.useMemo (http://localhost:3000/_next/static/chunks/509c2_next_dist_compiled_react-dom_1698bfa6._.js:15003:24)
    at exports.useMemo (http://localhost:3000/_next/static/chunks/509c2_next_dist_compiled_9044104d._.js:1742:36)
    at useTranslationsImpl (http://localhost:3000/_next/static/chunks/db2ad__pnpm_bc426aec._.js:4162:416)
    at useTranslations (http://localhost:3000/_next/static/chunks/db2ad__pnpm_bc426aec._.js:4201:12)
    at http://localhost:3000/_next/static/chunks/db2ad__pnpm_6cafc622._.js:70:20
    at DashboardPage (http://localhost:3000/_next/static/chunks/pi-cwd-20260601_admin-platform_d7a92737._.js:987:432)
    at Object.react_stack_bottom_frame (http://localhost:3000/_next/static/chunks/509c2_next_dist_compiled_react-dom_1698bfa6._.js:14826:24)
    at renderWithHooks (http://localhost:3000/_next/static/chunks/509c2_next_dist_compiled_react-dom_1698bfa6._.js:4651:24)
    at updateFunctionComponent (http://localhost:3000/_next/static/chunks/509c2_next_dist_compiled_react-dom_1698bfa6._.js:6112:21)
    at beginWork (http://localhost:3000/_next/static/chunks/509c2_next_dist_compiled_react-dom_1698bfa6._.js:6708:24)
    at runWithFiberInDEV (http://localhost:3000/_next/static/chunks/509c2_next_dist_compiled_react-dom_1698bfa6._.js:965:74)
    at performUnitOfWork (http://localhost:3000/_next/static/chunks/509c2_next_dist_compiled_react-dom_1698bfa6._.js:9562:97)
    at workLoopConcurrentByScheduler (http://localhost:3000/_next/static/chunks/509c2_next_dist_compiled_react-dom_1698bfa6._.js:9558:58)
    at renderRootConcurrent (http://localhost:3000/_next/static/chunks/509c2_next_dist_compiled_react-dom_1698bfa6._.js:9541:71)
    at performWorkOnRoot (http://localhost:3000/_next/static/chunks/509c2_next_dist_compiled_react-dom_1698bfa6._.js:9068:150)
    at performWorkOnRootViaSchedulerTask (http://localhost:3000/_next/static/chunks/509c2_next_dist_compiled_react-dom_1698bfa6._.js:10230:9)
    at MessagePort.performWorkUntilDeadline (http://localhost:3000/_next/static/chunks/509c2_next_dist_compiled_9044104d._.js:2647:64) @ http://localhost:3000/_next/static/chunks/509c2_next_dist_512df543._.js:3127
[ 2074029ms] [ERROR] IntlError: MISSING_MESSAGE: Could not resolve `modules.dashboard` in messages for locale `login`.
    at getMessagesOrError (http://localhost:3000/_next/static/chunks/db2ad__pnpm_bc426aec._.js:3637:27)
    at createBaseTranslator (http://localhost:3000/_next/static/chunks/db2ad__pnpm_bc426aec._.js:3642:29)
    at useTranslationsImpl.useMemo[translate] (http://localhost:3000/_next/static/chunks/db2ad__pnpm_bc426aec._.js:4163:378)
    at mountMemo (http://localhost:3000/_next/static/chunks/509c2_next_dist_compiled_react-dom_1698bfa6._.js:5424:25)
    at Object.useMemo (http://localhost:3000/_next/static/chunks/509c2_next_dist_compiled_react-dom_1698bfa6._.js:15003:24)
    at exports.useMemo (http://localhost:3000/_next/static/chunks/509c2_next_dist_compiled_9044104d._.js:1742:36)
    at useTranslationsImpl (http://localhost:3000/_next/static/chunks/db2ad__pnpm_bc426aec._.js:4162:416)
    at useTranslations (http://localhost:3000/_next/static/chunks/db2ad__pnpm_bc426aec._.js:4201:12)
    at http://localhost:3000/_next/static/chunks/db2ad__pnpm_6cafc622._.js:70:20
    at DashboardPage (http://localhost:3000/_next/static/chunks/pi-cwd-20260601_admin-platform_d7a92737._.js:987:432)
    at Object.react_stack_bottom_frame (http://localhost:3000/_next/static/chunks/509c2_next_dist_compiled_react-dom_1698bfa6._.js:14826:24)
    at renderWithHooks (http://localhost:3000/_next/static/chunks/509c2_next_dist_compiled_react-dom_1698bfa6._.js:4651:24)
    at updateFunctionComponent (http://localhost:3000/_next/static/chunks/509c2_next_dist_compiled_react-dom_1698bfa6._.js:6112:21)
    at beginWork (http://localhost:3000/_next/static/chunks/509c2_next_dist_compiled_react-dom_1698bfa6._.js:6708:24)
    at runWithFiberInDEV (http://localhost:3000/_next/static/chunks/509c2_next_dist_compiled_react-dom_1698bfa6._.js:965:74)
    at performUnitOfWork (http://localhost:3000/_next/static/chunks/509c2_next_dist_compiled_react-dom_1698bfa6._.js:9562:97)
    at workLoopConcurrentByScheduler (http://localhost:3000/_next/static/chunks/509c2_next_dist_compiled_react-dom_1698bfa6._.js:9558:58)
    at renderRootConcurrent (http://localhost:3000/_next/static/chunks/509c2_next_dist_compiled_react-dom_1698bfa6._.js:9541:71)
    at performWorkOnRoot (http://localhost:3000/_next/static/chunks/509c2_next_dist_compiled_react-dom_1698bfa6._.js:9068:150)
    at performWorkOnRootViaSchedulerTask (http://localhost:3000/_next/static/chunks/509c2_next_dist_compiled_react-dom_1698bfa6._.js:10230:9)
    at MessagePort.performWorkUntilDeadline (http://localhost:3000/_next/static/chunks/509c2_next_dist_compiled_9044104d._.js:2647:64) @ http://localhost:3000/_next/static/chunks/509c2_next_dist_512df543._.js:3127
[ 2074029ms] [ERROR] IntlError: MISSING_MESSAGE: Could not resolve `modules.dashboard` in messages for locale `login`.
    at getMessagesOrError (http://localhost:3000/_next/static/chunks/db2ad__pnpm_bc426aec._.js:3637:27)
    at createBaseTranslator (http://localhost:3000/_next/static/chunks/db2ad__pnpm_bc426aec._.js:3642:29)
    at useTranslationsImpl.useMemo[translate] (http://localhost:3000/_next/static/chunks/db2ad__pnpm_bc426aec._.js:4163:378)
    at mountMemo (http://localhost:3000/_next/static/chunks/509c2_next_dist_compiled_react-dom_1698bfa6._.js:5424:25)
    at Object.useMemo (http://localhost:3000/_next/static/chunks/509c2_next_dist_compiled_react-dom_1698bfa6._.js:15003:24)
    at exports.useMemo (http://localhost:3000/_next/static/chunks/509c2_next_dist_compiled_9044104d._.js:1742:36)
    at useTranslationsImpl (http://localhost:3000/_next/static/chunks/db2ad__pnpm_bc426aec._.js:4162:416)
    at useTranslations (http://localhost:3000/_next/static/chunks/db2ad__pnpm_bc426aec._.js:4201:12)
    at http://localhost:3000/_next/static/chunks/db2ad__pnpm_6cafc622._.js:70:20
    at DashboardPage (http://localhost:3000/_next/static/chunks/pi-cwd-20260601_admin-platform_d7a92737._.js:987:432)
    at Object.react_stack_bottom_frame (http://localhost:3000/_next/static/chunks/509c2_next_dist_compiled_react-dom_1698bfa6._.js:14826:24)
    at renderWithHooks (http://localhost:3000/_next/static/chunks/509c2_next_dist_compiled_react-dom_1698bfa6._.js:4651:24)
    at updateFunctionComponent (http://localhost:3000/_next/static/chunks/509c2_next_dist_compiled_react-dom_1698bfa6._.js:6112:21)
    at beginWork (http://localhost:3000/_next/static/chunks/509c2_next_dist_compiled_react-dom_1698bfa6._.js:6708:24)
    at runWithFiberInDEV (http://localhost:3000/_next/static/chunks/509c2_next_dist_compiled_react-dom_1698bfa6._.js:965:74)
    at performUnitOfWork (http://localhost:3000/_next/static/chunks/509c2_next_dist_compiled_react-dom_1698bfa6._.js:9562:97)
    at workLoopConcurrentByScheduler (http://localhost:3000/_next/static/chunks/509c2_next_dist_compiled_react-dom_1698bfa6._.js:9558:58)
    at renderRootConcurrent (http://localhost:3000/_next/static/chunks/509c2_next_dist_compiled_react-dom_1698bfa6._.js:9541:71)
    at performWorkOnRoot (http://localhost:3000/_next/static/chunks/509c2_next_dist_compiled_react-dom_1698bfa6._.js:9068:150)
    at performWorkOnRootViaSchedulerTask (http://localhost:3000/_next/static/chunks/509c2_next_dist_compiled_react-dom_1698bfa6._.js:10230:9)
    at MessagePort.performWorkUntilDeadline (http://localhost:3000/_next/static/chunks/509c2_next_dist_compiled_9044104d._.js:2647:64) @ http://localhost:3000/_next/static/chunks/509c2_next_dist_512df543._.js:3127
[ 2074030ms] [ERROR] IntlError: MISSING_MESSAGE: Could not resolve `modules.dashboard` in messages for locale `login`.
    at getMessagesOrError (http://localhost:3000/_next/static/chunks/db2ad__pnpm_bc426aec._.js:3637:27)
    at createBaseTranslator (http://localhost:3000/_next/static/chunks/db2ad__pnpm_bc426aec._.js:3642:29)
    at useTranslationsImpl.useMemo[translate] (http://localhost:3000/_next/static/chunks/db2ad__pnpm_bc426aec._.js:4163:378)
    at mountMemo (http://localhost:3000/_next/static/chunks/509c2_next_dist_compiled_react-dom_1698bfa6._.js:5424:25)
    at Object.useMemo (http://localhost:3000/_next/static/chunks/509c2_next_dist_compiled_react-dom_1698bfa6._.js:15003:24)
    at exports.useMemo (http://localhost:3000/_next/static/chunks/509c2_next_dist_compiled_9044104d._.js:1742:36)
    at useTranslationsImpl (http://localhost:3000/_next/static/chunks/db2ad__pnpm_bc426aec._.js:4162:416)
    at useTranslations (http://localhost:3000/_next/static/chunks/db2ad__pnpm_bc426aec._.js:4201:12)
    at http://localhost:3000/_next/static/chunks/db2ad__pnpm_6cafc622._.js:70:20
    at DashboardPage (http://localhost:3000/_next/static/chunks/pi-cwd-20260601_admin-platform_d7a92737._.js:987:432)
    at Object.react_stack_bottom_frame (http://localhost:3000/_next/static/chunks/509c2_next_dist_compiled_react-dom_1698bfa6._.js:14826:24)
    at renderWithHooks (http://localhost:3000/_next/static/chunks/509c2_next_dist_compiled_react-dom_1698bfa6._.js:4651:24)
    at updateFunctionComponent (http://localhost:3000/_next/static/chunks/509c2_next_dist_compiled_react-dom_1698bfa6._.js:6112:21)
    at beginWork (http://localhost:3000/_next/static/chunks/509c2_next_dist_compiled_react-dom_1698bfa6._.js:6708:24)
    at runWithFiberInDEV (http://localhost:3000/_next/static/chunks/509c2_next_dist_compiled_react-dom_1698bfa6._.js:965:74)
    at performUnitOfWork (http://localhost:3000/_next/static/chunks/509c2_next_dist_compiled_react-dom_1698bfa6._.js:9562:97)
    at workLoopConcurrentByScheduler (http://localhost:3000/_next/static/chunks/509c2_next_dist_compiled_react-dom_1698bfa6._.js:9558:58)
    at renderRootConcurrent (http://localhost:3000/_next/static/chunks/509c2_next_dist_compiled_react-dom_1698bfa6._.js:9541:71)
    at performWorkOnRoot (http://localhost:3000/_next/static/chunks/509c2_next_dist_compiled_react-dom_1698bfa6._.js:9068:150)
    at performWorkOnRootViaSchedulerTask (http://localhost:3000/_next/static/chunks/509c2_next_dist_compiled_react-dom_1698bfa6._.js:10230:9)
    at MessagePort.performWorkUntilDeadline (http://localhost:3000/_next/static/chunks/509c2_next_dist_compiled_9044104d._.js:2647:64) @ http://localhost:3000/_next/static/chunks/509c2_next_dist_512df543._.js:3127
[ 2074030ms] [ERROR] IntlError: MISSING_MESSAGE: Could not resolve `modules.dashboard` in messages for locale `login`.
    at getMessagesOrError (http://localhost:3000/_next/static/chunks/db2ad__pnpm_bc426aec._.js:3637:27)
    at createBaseTranslator (http://localhost:3000/_next/static/chunks/db2ad__pnpm_bc426aec._.js:3642:29)
    at useTranslationsImpl.useMemo[translate] (http://localhost:3000/_next/static/chunks/db2ad__pnpm_bc426aec._.js:4163:378)
    at mountMemo (http://localhost:3000/_next/static/chunks/509c2_next_dist_compiled_react-dom_1698bfa6._.js:5424:25)
    at Object.useMemo (http://localhost:3000/_next/static/chunks/509c2_next_dist_compiled_react-dom_1698bfa6._.js:15003:24)
    at exports.useMemo (http://localhost:3000/_next/static/chunks/509c2_next_dist_compiled_9044104d._.js:1742:36)
    at useTranslationsImpl (http://localhost:3000/_next/static/chunks/db2ad__pnpm_bc426aec._.js:4162:416)
    at useTranslations (http://localhost:3000/_next/static/chunks/db2ad__pnpm_bc426aec._.js:4201:12)
    at http://localhost:3000/_next/static/chunks/db2ad__pnpm_6cafc622._.js:70:20
    at DashboardPage (http://localhost:3000/_next/static/chunks/pi-cwd-20260601_admin-platform_d7a92737._.js:987:432)
    at Object.react_stack_bottom_frame (http://localhost:3000/_next/static/chunks/509c2_next_dist_compiled_react-dom_1698bfa6._.js:14826:24)
    at renderWithHooks (http://localhost:3000/_next/static/chunks/509c2_next_dist_compiled_react-dom_1698bfa6._.js:4651:24)
    at updateFunctionComponent (http://localhost:3000/_next/static/chunks/509c2_next_dist_compiled_react-dom_1698bfa6._.js:6112:21)
    at beginWork (http://localhost:3000/_next/static/chunks/509c2_next_dist_compiled_react-dom_1698bfa6._.js:6708:24)
    at runWithFiberInDEV (http://localhost:3000/_next/static/chunks/509c2_next_dist_compiled_react-dom_1698bfa6._.js:965:74)
    at performUnitOfWork (http://localhost:3000/_next/static/chunks/509c2_next_dist_compiled_react-dom_1698bfa6._.js:9562:97)
    at workLoopConcurrentByScheduler (http://localhost:3000/_next/static/chunks/509c2_next_dist_compiled_react-dom_1698bfa6._.js:9558:58)
    at renderRootConcurrent (http://localhost:3000/_next/static/chunks/509c2_next_dist_compiled_react-dom_1698bfa6._.js:9541:71)
    at performWorkOnRoot (http://localhost:3000/_next/static/chunks/509c2_next_dist_compiled_react-dom_1698bfa6._.js:9068:150)
    at performWorkOnRootViaSchedulerTask (http://localhost:3000/_next/static/chunks/509c2_next_dist_compiled_react-dom_1698bfa6._.js:10230:9)
    at MessagePort.performWorkUntilDeadline (http://localhost:3000/_next/static/chunks/509c2_next_dist_compiled_9044104d._.js:2647:64) @ http://localhost:3000/_next/static/chunks/509c2_next_dist_512df543._.js:3127
[ 2074031ms] [ERROR] IntlError: MISSING_MESSAGE: Could not resolve `modules.dashboard` in messages for locale `login`.
    at getMessagesOrError (http://localhost:3000/_next/static/chunks/db2ad__pnpm_bc426aec._.js:3637:27)
    at createBaseTranslator (http://localhost:3000/_next/static/chunks/db2ad__pnpm_bc426aec._.js:3642:29)
    at useTranslationsImpl.useMemo[translate] (http://localhost:3000/_next/static/chunks/db2ad__pnpm_bc426aec._.js:4163:378)
    at mountMemo (http://localhost:3000/_next/static/chunks/509c2_next_dist_compiled_react-dom_1698bfa6._.js:5424:25)
    at Object.useMemo (http://localhost:3000/_next/static/chunks/509c2_next_dist_compiled_react-dom_1698bfa6._.js:15003:24)
    at exports.useMemo (http://localhost:3000/_next/static/chunks/509c2_next_dist_compiled_9044104d._.js:1742:36)
    at useTranslationsImpl (http://localhost:3000/_next/static/chunks/db2ad__pnpm_bc426aec._.js:4162:416)
    at useTranslations (http://localhost:3000/_next/static/chunks/db2ad__pnpm_bc426aec._.js:4201:12)
    at http://localhost:3000/_next/static/chunks/db2ad__pnpm_6cafc622._.js:70:20
    at DashboardPage (http://localhost:3000/_next/static/chunks/pi-cwd-20260601_admin-platform_d7a92737._.js:987:432)
    at Object.react_stack_bottom_frame (http://localhost:3000/_next/static/chunks/509c2_next_dist_compiled_react-dom_1698bfa6._.js:14826:24)
    at renderWithHooks (http://localhost:3000/_next/static/chunks/509c2_next_dist_compiled_react-dom_1698bfa6._.js:4651:24)
    at updateFunctionComponent (http://localhost:3000/_next/static/chunks/509c2_next_dist_compiled_react-dom_1698bfa6._.js:6112:21)
    at beginWork (http://localhost:3000/_next/static/chunks/509c2_next_dist_compiled_react-dom_1698bfa6._.js:6708:24)
    at runWithFiberInDEV (http://localhost:3000/_next/static/chunks/509c2_next_dist_compiled_react-dom_1698bfa6._.js:965:74)
    at performUnitOfWork (http://localhost:3000/_next/static/chunks/509c2_next_dist_compiled_react-dom_1698bfa6._.js:9562:97)
    at workLoopConcurrentByScheduler (http://localhost:3000/_next/static/chunks/509c2_next_dist_compiled_react-dom_1698bfa6._.js:9558:58)
    at renderRootConcurrent (http://localhost:3000/_next/static/chunks/509c2_next_dist_compiled_react-dom_1698bfa6._.js:9541:71)
    at performWorkOnRoot (http://localhost:3000/_next/static/chunks/509c2_next_dist_compiled_react-dom_1698bfa6._.js:9068:150)
    at performWorkOnRootViaSchedulerTask (http://localhost:3000/_next/static/chunks/509c2_next_dist_compiled_react-dom_1698bfa6._.js:10230:9)
    at MessagePort.performWorkUntilDeadline (http://localhost:3000/_next/static/chunks/509c2_next_dist_compiled_9044104d._.js:2647:64) @ http://localhost:3000/_next/static/chunks/509c2_next_dist_512df543._.js:3127
[ 2074031ms] [ERROR] IntlError: MISSING_MESSAGE: Could not resolve `modules.dashboard` in messages for locale `login`.
    at getMessagesOrError (http://localhost:3000/_next/static/chunks/db2ad__pnpm_bc426aec._.js:3637:27)
    at createBaseTranslator (http://localhost:3000/_next/static/chunks/db2ad__pnpm_bc426aec._.js:3642:29)
    at useTranslationsImpl.useMemo[translate] (http://localhost:3000/_next/static/chunks/db2ad__pnpm_bc426aec._.js:4163:378)
    at mountMemo (http://localhost:3000/_next/static/chunks/509c2_next_dist_compiled_react-dom_1698bfa6._.js:5424:25)
    at Object.useMemo (http://localhost:3000/_next/static/chunks/509c2_next_dist_compiled_react-dom_1698bfa6._.js:15003:24)
    at exports.useMemo (http://localhost:3000/_next/static/chunks/509c2_next_dist_compiled_9044104d._.js:1742:36)
    at useTranslationsImpl (http://localhost:3000/_next/static/chunks/db2ad__pnpm_bc426aec._.js:4162:416)
    at useTranslations (http://localhost:3000/_next/static/chunks/db2ad__pnpm_bc426aec._.js:4201:12)
    at http://localhost:3000/_next/static/chunks/db2ad__pnpm_6cafc622._.js:70:20
    at DashboardPage (http://localhost:3000/_next/static/chunks/pi-cwd-20260601_admin-platform_d7a92737._.js:987:432)
    at Object.react_stack_bottom_frame (http://localhost:3000/_next/static/chunks/509c2_next_dist_compiled_react-dom_1698bfa6._.js:14826:24)
    at renderWithHooks (http://localhost:3000/_next/static/chunks/509c2_next_dist_compiled_react-dom_1698bfa6._.js:4651:24)
    at updateFunctionComponent (http://localhost:3000/_next/static/chunks/509c2_next_dist_compiled_react-dom_1698bfa6._.js:6112:21)
    at beginWork (http://localhost:3000/_next/static/chunks/509c2_next_dist_compiled_react-dom_1698bfa6._.js:6708:24)
    at runWithFiberInDEV (http://localhost:3000/_next/static/chunks/509c2_next_dist_compiled_react-dom_1698bfa6._.js:965:74)
    at performUnitOfWork (http://localhost:3000/_next/static/chunks/509c2_next_dist_compiled_react-dom_1698bfa6._.js:9562:97)
    at workLoopConcurrentByScheduler (http://localhost:3000/_next/static/chunks/509c2_next_dist_compiled_react-dom_1698bfa6._.js:9558:58)
    at renderRootConcurrent (http://localhost:3000/_next/static/chunks/509c2_next_dist_compiled_react-dom_1698bfa6._.js:9541:71)
    at performWorkOnRoot (http://localhost:3000/_next/static/chunks/509c2_next_dist_compiled_react-dom_1698bfa6._.js:9068:150)
    at performWorkOnRootViaSchedulerTask (http://localhost:3000/_next/static/chunks/509c2_next_dist_compiled_react-dom_1698bfa6._.js:10230:9)
    at MessagePort.performWorkUntilDeadline (http://localhost:3000/_next/static/chunks/509c2_next_dist_compiled_9044104d._.js:2647:64) @ http://localhost:3000/_next/static/chunks/509c2_next_dist_512df543._.js:3127
[ 2074031ms] [ERROR] IntlError: MISSING_MESSAGE: Could not resolve `modules.dashboard` in messages for locale `login`.
    at getMessagesOrError (http://localhost:3000/_next/static/chunks/db2ad__pnpm_bc426aec._.js:3637:27)
    at createBaseTranslator (http://localhost:3000/_next/static/chunks/db2ad__pnpm_bc426aec._.js:3642:29)
    at useTranslationsImpl.useMemo[translate] (http://localhost:3000/_next/static/chunks/db2ad__pnpm_bc426aec._.js:4163:378)
    at mountMemo (http://localhost:3000/_next/static/chunks/509c2_next_dist_compiled_react-dom_1698bfa6._.js:5424:25)
    at Object.useMemo (http://localhost:3000/_next/static/chunks/509c2_next_dist_compiled_react-dom_1698bfa6._.js:15003:24)
    at exports.useMemo (http://localhost:3000/_next/static/chunks/509c2_next_dist_compiled_9044104d._.js:1742:36)
    at useTranslationsImpl (http://localhost:3000/_next/static/chunks/db2ad__pnpm_bc426aec._.js:4162:416)
    at useTranslations (http://localhost:3000/_next/static/chunks/db2ad__pnpm_bc426aec._.js:4201:12)
    at http://localhost:3000/_next/static/chunks/db2ad__pnpm_6cafc622._.js:70:20
    at DashboardPage (http://localhost:3000/_next/static/chunks/pi-cwd-20260601_admin-platform_d7a92737._.js:987:432)
    at Object.react_stack_bottom_frame (http://localhost:3000/_next/static/chunks/509c2_next_dist_compiled_react-dom_1698bfa6._.js:14826:24)
    at renderWithHooks (http://localhost:3000/_next/static/chunks/509c2_next_dist_compiled_react-dom_1698bfa6._.js:4651:24)
    at updateFunctionComponent (http://localhost:3000/_next/static/chunks/509c2_next_dist_compiled_react-dom_1698bfa6._.js:6112:21)
    at beginWork (http://localhost:3000/_next/static/chunks/509c2_next_dist_compiled_react-dom_1698bfa6._.js:6708:24)
    at runWithFiberInDEV (http://localhost:3000/_next/static/chunks/509c2_next_dist_compiled_react-dom_1698bfa6._.js:965:74)
    at performUnitOfWork (http://localhost:3000/_next/static/chunks/509c2_next_dist_compiled_react-dom_1698bfa6._.js:9562:97)
    at workLoopConcurrentByScheduler (http://localhost:3000/_next/static/chunks/509c2_next_dist_compiled_react-dom_1698bfa6._.js:9558:58)
    at renderRootConcurrent (http://localhost:3000/_next/static/chunks/509c2_next_dist_compiled_react-dom_1698bfa6._.js:9541:71)
    at performWorkOnRoot (http://localhost:3000/_next/static/chunks/509c2_next_dist_compiled_react-dom_1698bfa6._.js:9068:150)
    at performWorkOnRootViaSchedulerTask (http://localhost:3000/_next/static/chunks/509c2_next_dist_compiled_react-dom_1698bfa6._.js:10230:9)
    at MessagePort.performWorkUntilDeadline (http://localhost:3000/_next/static/chunks/509c2_next_dist_compiled_9044104d._.js:2647:64) @ http://localhost:3000/_next/static/chunks/509c2_next_dist_512df543._.js:3127
[ 2074031ms] [ERROR] IntlError: MISSING_MESSAGE: Could not resolve `modules.dashboard` in messages for locale `login`.
    at getMessagesOrError (http://localhost:3000/_next/static/chunks/db2ad__pnpm_bc426aec._.js:3637:27)
    at createBaseTranslator (http://localhost:3000/_next/static/chunks/db2ad__pnpm_bc426aec._.js:3642:29)
    at useTranslationsImpl.useMemo[translate] (http://localhost:3000/_next/static/chunks/db2ad__pnpm_bc426aec._.js:4163:378)
    at mountMemo (http://localhost:3000/_next/static/chunks/509c2_next_dist_compiled_react-dom_1698bfa6._.js:5424:25)
    at Object.useMemo (http://localhost:3000/_next/static/chunks/509c2_next_dist_compiled_react-dom_1698bfa6._.js:15003:24)
    at exports.useMemo (http://localhost:3000/_next/static/chunks/509c2_next_dist_compiled_9044104d._.js:1742:36)
    at useTranslationsImpl (http://localhost:3000/_next/static/chunks/db2ad__pnpm_bc426aec._.js:4162:416)
    at useTranslations (http://localhost:3000/_next/static/chunks/db2ad__pnpm_bc426aec._.js:4201:12)
    at http://localhost:3000/_next/static/chunks/db2ad__pnpm_6cafc622._.js:70:20
    at DashboardPage (http://localhost:3000/_next/static/chunks/pi-cwd-20260601_admin-platform_d7a92737._.js:987:432)
    at Object.react_stack_bottom_frame (http://localhost:3000/_next/static/chunks/509c2_next_dist_compiled_react-dom_1698bfa6._.js:14826:24)
    at renderWithHooks (http://localhost:3000/_next/static/chunks/509c2_next_dist_compiled_react-dom_1698bfa6._.js:4651:24)
    at updateFunctionComponent (http://localhost:3000/_next/static/chunks/509c2_next_dist_compiled_react-dom_1698bfa6._.js:6112:21)
    at beginWork (http://localhost:3000/_next/static/chunks/509c2_next_dist_compiled_react-dom_1698bfa6._.js:6708:24)
    at runWithFiberInDEV (http://localhost:3000/_next/static/chunks/509c2_next_dist_compiled_react-dom_1698bfa6._.js:965:74)
    at performUnitOfWork (http://localhost:3000/_next/static/chunks/509c2_next_dist_compiled_react-dom_1698bfa6._.js:9562:97)
    at workLoopConcurrentByScheduler (http://localhost:3000/_next/static/chunks/509c2_next_dist_compiled_react-dom_1698bfa6._.js:9558:58)
    at renderRootConcurrent (http://localhost:3000/_next/static/chunks/509c2_next_dist_compiled_react-dom_1698bfa6._.js:9541:71)
    at performWorkOnRoot (http://localhost:3000/_next/static/chunks/509c2_next_dist_compiled_react-dom_1698bfa6._.js:9068:150)
    at performWorkOnRootViaSchedulerTask (http://localhost:3000/_next/static/chunks/509c2_next_dist_compiled_react-dom_1698bfa6._.js:10230:9)
    at MessagePort.performWorkUntilDeadline (http://localhost:3000/_next/static/chunks/509c2_next_dist_compiled_9044104d._.js:2647:64) @ http://localhost:3000/_next/static/chunks/509c2_next_dist_512df543._.js:3127
[ 2074031ms] [ERROR] IntlError: MISSING_MESSAGE: Could not resolve `modules.dashboard` in messages for locale `login`.
    at getMessagesOrError (http://localhost:3000/_next/static/chunks/db2ad__pnpm_bc426aec._.js:3637:27)
    at createBaseTranslator (http://localhost:3000/_next/static/chunks/db2ad__pnpm_bc426aec._.js:3642:29)
    at useTranslationsImpl.useMemo[translate] (http://localhost:3000/_next/static/chunks/db2ad__pnpm_bc426aec._.js:4163:378)
    at mountMemo (http://localhost:3000/_next/static/chunks/509c2_next_dist_compiled_react-dom_1698bfa6._.js:5424:25)
    at Object.useMemo (http://localhost:3000/_next/static/chunks/509c2_next_dist_compiled_react-dom_1698bfa6._.js:15003:24)
    at exports.useMemo (http://localhost:3000/_next/static/chunks/509c2_next_dist_compiled_9044104d._.js:1742:36)
    at useTranslationsImpl (http://localhost:3000/_next/static/chunks/db2ad__pnpm_bc426aec._.js:4162:416)
    at useTranslations (http://localhost:3000/_next/static/chunks/db2ad__pnpm_bc426aec._.js:4201:12)
    at http://localhost:3000/_next/static/chunks/db2ad__pnpm_6cafc622._.js:70:20
    at DashboardPage (http://localhost:3000/_next/static/chunks/pi-cwd-20260601_admin-platform_d7a92737._.js:987:432)
    at Object.react_stack_bottom_frame (http://localhost:3000/_next/static/chunks/509c2_next_dist_compiled_react-dom_1698bfa6._.js:14826:24)
    at renderWithHooks (http://localhost:3000/_next/static/chunks/509c2_next_dist_compiled_react-dom_1698bfa6._.js:4651:24)
    at updateFunctionComponent (http://localhost:3000/_next/static/chunks/509c2_next_dist_compiled_react-dom_1698bfa6._.js:6112:21)
    at beginWork (http://localhost:3000/_next/static/chunks/509c2_next_dist_compiled_react-dom_1698bfa6._.js:6708:24)
    at runWithFiberInDEV (http://localhost:3000/_next/static/chunks/509c2_next_dist_compiled_react-dom_1698bfa6._.js:965:74)
    at performUnitOfWork (http://localhost:3000/_next/static/chunks/509c2_next_dist_compiled_react-dom_1698bfa6._.js:9562:97)
    at workLoopConcurrentByScheduler (http://localhost:3000/_next/static/chunks/509c2_next_dist_compiled_react-dom_1698bfa6._.js:9558:58)
    at renderRootConcurrent (http://localhost:3000/_next/static/chunks/509c2_next_dist_compiled_react-dom_1698bfa6._.js:9541:71)
    at performWorkOnRoot (http://localhost:3000/_next/static/chunks/509c2_next_dist_compiled_react-dom_1698bfa6._.js:9068:150)
    at performWorkOnRootViaSchedulerTask (http://localhost:3000/_next/static/chunks/509c2_next_dist_compiled_react-dom_1698bfa6._.js:10230:9)
    at MessagePort.performWorkUntilDeadline (http://localhost:3000/_next/static/chunks/509c2_next_dist_compiled_9044104d._.js:2647:64) @ http://localhost:3000/_next/static/chunks/509c2_next_dist_512df543._.js:3127
[ 2074031ms] [ERROR] IntlError: MISSING_MESSAGE: Could not resolve `modules.dashboard` in messages for locale `login`.
    at getMessagesOrError (http://localhost:3000/_next/static/chunks/db2ad__pnpm_bc426aec._.js:3637:27)
    at createBaseTranslator (http://localhost:3000/_next/static/chunks/db2ad__pnpm_bc426aec._.js:3642:29)
    at useTranslationsImpl.useMemo[translate] (http://localhost:3000/_next/static/chunks/db2ad__pnpm_bc426aec._.js:4163:378)
    at mountMemo (http://localhost:3000/_next/static/chunks/509c2_next_dist_compiled_react-dom_1698bfa6._.js:5424:25)
    at Object.useMemo (http://localhost:3000/_next/static/chunks/509c2_next_dist_compiled_react-dom_1698bfa6._.js:15003:24)
    at exports.useMemo (http://localhost:3000/_next/static/chunks/509c2_next_dist_compiled_9044104d._.js:1742:36)
    at useTranslationsImpl (http://localhost:3000/_next/static/chunks/db2ad__pnpm_bc426aec._.js:4162:416)
    at useTranslations (http://localhost:3000/_next/static/chunks/db2ad__pnpm_bc426aec._.js:4201:12)
    at http://localhost:3000/_next/static/chunks/db2ad__pnpm_6cafc622._.js:70:20
    at DashboardPage (http://localhost:3000/_next/static/chunks/pi-cwd-20260601_admin-platform_d7a92737._.js:987:432)
    at Object.react_stack_bottom_frame (http://localhost:3000/_next/static/chunks/509c2_next_dist_compiled_react-dom_1698bfa6._.js:14826:24)
    at renderWithHooks (http://localhost:3000/_next/static/chunks/509c2_next_dist_compiled_react-dom_1698bfa6._.js:4651:24)
    at updateFunctionComponent (http://localhost:3000/_next/static/chunks/509c2_next_dist_compiled_react-dom_1698bfa6._.js:6112:21)
    at beginWork (http://localhost:3000/_next/static/chunks/509c2_next_dist_compiled_react-dom_1698bfa6._.js:6708:24)
    at runWithFiberInDEV (http://localhost:3000/_next/static/chunks/509c2_next_dist_compiled_react-dom_1698bfa6._.js:965:74)
    at performUnitOfWork (http://localhost:3000/_next/static/chunks/509c2_next_dist_compiled_react-dom_1698bfa6._.js:9562:97)
    at workLoopConcurrentByScheduler (http://localhost:3000/_next/static/chunks/509c2_next_dist_compiled_react-dom_1698bfa6._.js:9558:58)
    at renderRootConcurrent (http://localhost:3000/_next/static/chunks/509c2_next_dist_compiled_react-dom_1698bfa6._.js:9541:71)
    at performWorkOnRoot (http://localhost:3000/_next/static/chunks/509c2_next_dist_compiled_react-dom_1698bfa6._.js:9068:150)
    at performWorkOnRootViaSchedulerTask (http://localhost:3000/_next/static/chunks/509c2_next_dist_compiled_react-dom_1698bfa6._.js:10230:9)
    at MessagePort.performWorkUntilDeadline (http://localhost:3000/_next/static/chunks/509c2_next_dist_compiled_9044104d._.js:2647:64) @ http://localhost:3000/_next/static/chunks/509c2_next_dist_512df543._.js:3127
[ 2074032ms] [ERROR] IntlError: MISSING_MESSAGE: Could not resolve `modules.dashboard` in messages for locale `login`.
    at getMessagesOrError (http://localhost:3000/_next/static/chunks/db2ad__pnpm_bc426aec._.js:3637:27)
    at createBaseTranslator (http://localhost:3000/_next/static/chunks/db2ad__pnpm_bc426aec._.js:3642:29)
    at useTranslationsImpl.useMemo[translate] (http://localhost:3000/_next/static/chunks/db2ad__pnpm_bc426aec._.js:4163:378)
    at mountMemo (http://localhost:3000/_next/static/chunks/509c2_next_dist_compiled_react-dom_1698bfa6._.js:5424:25)
    at Object.useMemo (http://localhost:3000/_next/static/chunks/509c2_next_dist_compiled_react-dom_1698bfa6._.js:15003:24)
    at exports.useMemo (http://localhost:3000/_next/static/chunks/509c2_next_dist_compiled_9044104d._.js:1742:36)
    at useTranslationsImpl (http://localhost:3000/_next/static/chunks/db2ad__pnpm_bc426aec._.js:4162:416)
    at useTranslations (http://localhost:3000/_next/static/chunks/db2ad__pnpm_bc426aec._.js:4201:12)
    at http://localhost:3000/_next/static/chunks/db2ad__pnpm_6cafc622._.js:70:20
    at DashboardPage (http://localhost:3000/_next/static/chunks/pi-cwd-20260601_admin-platform_d7a92737._.js:987:432)
    at Object.react_stack_bottom_frame (http://localhost:3000/_next/static/chunks/509c2_next_dist_compiled_react-dom_1698bfa6._.js:14826:24)
    at renderWithHooks (http://localhost:3000/_next/static/chunks/509c2_next_dist_compiled_react-dom_1698bfa6._.js:4651:24)
    at updateFunctionComponent (http://localhost:3000/_next/static/chunks/509c2_next_dist_compiled_react-dom_1698bfa6._.js:6112:21)
    at beginWork (http://localhost:3000/_next/static/chunks/509c2_next_dist_compiled_react-dom_1698bfa6._.js:6708:24)
    at runWithFiberInDEV (http://localhost:3000/_next/static/chunks/509c2_next_dist_compiled_react-dom_1698bfa6._.js:965:74)
    at performUnitOfWork (http://localhost:3000/_next/static/chunks/509c2_next_dist_compiled_react-dom_1698bfa6._.js:9562:97)
    at workLoopConcurrentByScheduler (http://localhost:3000/_next/static/chunks/509c2_next_dist_compiled_react-dom_1698bfa6._.js:9558:58)
    at renderRootConcurrent (http://localhost:3000/_next/static/chunks/509c2_next_dist_compiled_react-dom_1698bfa6._.js:9541:71)
    at performWorkOnRoot (http://localhost:3000/_next/static/chunks/509c2_next_dist_compiled_react-dom_1698bfa6._.js:9068:150)
    at performWorkOnRootViaSchedulerTask (http://localhost:3000/_next/static/chunks/509c2_next_dist_compiled_react-dom_1698bfa6._.js:10230:9)
    at MessagePort.performWorkUntilDeadline (http://localhost:3000/_next/static/chunks/509c2_next_dist_compiled_9044104d._.js:2647:64) @ http://localhost:3000/_next/static/chunks/509c2_next_dist_512df543._.js:3127
[ 2074032ms] [ERROR] IntlError: MISSING_MESSAGE: Could not resolve `modules.dashboard` in messages for locale `login`.
    at getMessagesOrError (http://localhost:3000/_next/static/chunks/db2ad__pnpm_bc426aec._.js:3637:27)
    at createBaseTranslator (http://localhost:3000/_next/static/chunks/db2ad__pnpm_bc426aec._.js:3642:29)
    at useTranslationsImpl.useMemo[translate] (http://localhost:3000/_next/static/chunks/db2ad__pnpm_bc426aec._.js:4163:378)
    at mountMemo (http://localhost:3000/_next/static/chunks/509c2_next_dist_compiled_react-dom_1698bfa6._.js:5424:25)
    at Object.useMemo (http://localhost:3000/_next/static/chunks/509c2_next_dist_compiled_react-dom_1698bfa6._.js:15003:24)
    at exports.useMemo (http://localhost:3000/_next/static/chunks/509c2_next_dist_compiled_9044104d._.js:1742:36)
    at useTranslationsImpl (http://localhost:3000/_next/static/chunks/db2ad__pnpm_bc426aec._.js:4162:416)
    at useTranslations (http://localhost:3000/_next/static/chunks/db2ad__pnpm_bc426aec._.js:4201:12)
    at http://localhost:3000/_next/static/chunks/db2ad__pnpm_6cafc622._.js:70:20
    at DashboardPage (http://localhost:3000/_next/static/chunks/pi-cwd-20260601_admin-platform_d7a92737._.js:987:432)
    at Object.react_stack_bottom_frame (http://localhost:3000/_next/static/chunks/509c2_next_dist_compiled_react-dom_1698bfa6._.js:14826:24)
    at renderWithHooks (http://localhost:3000/_next/static/chunks/509c2_next_dist_compiled_react-dom_1698bfa6._.js:4651:24)
    at updateFunctionComponent (http://localhost:3000/_next/static/chunks/509c2_next_dist_compiled_react-dom_1698bfa6._.js:6112:21)
    at beginWork (http://localhost:3000/_next/static/chunks/509c2_next_dist_compiled_react-dom_1698bfa6._.js:6708:24)
    at runWithFiberInDEV (http://localhost:3000/_next/static/chunks/509c2_next_dist_compiled_react-dom_1698bfa6._.js:965:74)
    at performUnitOfWork (http://localhost:3000/_next/static/chunks/509c2_next_dist_compiled_react-dom_1698bfa6._.js:9562:97)
    at workLoopConcurrentByScheduler (http://localhost:3000/_next/static/chunks/509c2_next_dist_compiled_react-dom_1698bfa6._.js:9558:58)
    at renderRootConcurrent (http://localhost:3000/_next/static/chunks/509c2_next_dist_compiled_react-dom_1698bfa6._.js:9541:71)
    at performWorkOnRoot (http://localhost:3000/_next/static/chunks/509c2_next_dist_compiled_react-dom_1698bfa6._.js:9068:150)
    at performWorkOnRootViaSchedulerTask (http://localhost:3000/_next/static/chunks/509c2_next_dist_compiled_react-dom_1698bfa6._.js:10230:9)
    at MessagePort.performWorkUntilDeadline (http://localhost:3000/_next/static/chunks/509c2_next_dist_compiled_9044104d._.js:2647:64) @ http://localhost:3000/_next/static/chunks/509c2_next_dist_512df543._.js:3127
[ 2074032ms] [ERROR] IntlError: MISSING_MESSAGE: Could not resolve `modules.dashboard` in messages for locale `login`.
    at getMessagesOrError (http://localhost:3000/_next/static/chunks/db2ad__pnpm_bc426aec._.js:3637:27)
    at createBaseTranslator (http://localhost:3000/_next/static/chunks/db2ad__pnpm_bc426aec._.js:3642:29)
    at useTranslationsImpl.useMemo[translate] (http://localhost:3000/_next/static/chunks/db2ad__pnpm_bc426aec._.js:4163:378)
    at mountMemo (http://localhost:3000/_next/static/chunks/509c2_next_dist_compiled_react-dom_1698bfa6._.js:5424:25)
    at Object.useMemo (http://localhost:3000/_next/static/chunks/509c2_next_dist_compiled_react-dom_1698bfa6._.js:15003:24)
    at exports.useMemo (http://localhost:3000/_next/static/chunks/509c2_next_dist_compiled_9044104d._.js:1742:36)
    at useTranslationsImpl (http://localhost:3000/_next/static/chunks/db2ad__pnpm_bc426aec._.js:4162:416)
    at useTranslations (http://localhost:3000/_next/static/chunks/db2ad__pnpm_bc426aec._.js:4201:12)
    at http://localhost:3000/_next/static/chunks/db2ad__pnpm_6cafc622._.js:70:20
    at DashboardPage (http://localhost:3000/_next/static/chunks/pi-cwd-20260601_admin-platform_d7a92737._.js:987:432)
    at Object.react_stack_bottom_frame (http://localhost:3000/_next/static/chunks/509c2_next_dist_compiled_react-dom_1698bfa6._.js:14826:24)
    at renderWithHooks (http://localhost:3000/_next/static/chunks/509c2_next_dist_compiled_react-dom_1698bfa6._.js:4651:24)
    at updateFunctionComponent (http://localhost:3000/_next/static/chunks/509c2_next_dist_compiled_react-dom_1698bfa6._.js:6112:21)
    at beginWork (http://localhost:3000/_next/static/chunks/509c2_next_dist_compiled_react-dom_1698bfa6._.js:6708:24)
    at runWithFiberInDEV (http://localhost:3000/_next/static/chunks/509c2_next_dist_compiled_react-dom_1698bfa6._.js:965:74)
    at performUnitOfWork (http://localhost:3000/_next/static/chunks/509c2_next_dist_compiled_react-dom_1698bfa6._.js:9562:97)
    at workLoopConcurrentByScheduler (http://localhost:3000/_next/static/chunks/509c2_next_dist_compiled_react-dom_1698bfa6._.js:9558:58)
    at renderRootConcurrent (http://localhost:3000/_next/static/chunks/509c2_next_dist_compiled_react-dom_1698bfa6._.js:9541:71)
    at performWorkOnRoot (http://localhost:3000/_next/static/chunks/509c2_next_dist_compiled_react-dom_1698bfa6._.js:9068:150)
    at performWorkOnRootViaSchedulerTask (http://localhost:3000/_next/static/chunks/509c2_next_dist_compiled_react-dom_1698bfa6._.js:10230:9)
    at MessagePort.performWorkUntilDeadline (http://localhost:3000/_next/static/chunks/509c2_next_dist_compiled_9044104d._.js:2647:64) @ http://localhost:3000/_next/static/chunks/509c2_next_dist_512df543._.js:3127
[ 2074033ms] [ERROR] IntlError: MISSING_MESSAGE: Could not resolve `modules.dashboard` in messages for locale `login`.
    at getMessagesOrError (http://localhost:3000/_next/static/chunks/db2ad__pnpm_bc426aec._.js:3637:27)
    at createBaseTranslator (http://localhost:3000/_next/static/chunks/db2ad__pnpm_bc426aec._.js:3642:29)
    at useTranslationsImpl.useMemo[translate] (http://localhost:3000/_next/static/chunks/db2ad__pnpm_bc426aec._.js:4163:378)
    at mountMemo (http://localhost:3000/_next/static/chunks/509c2_next_dist_compiled_react-dom_1698bfa6._.js:5424:25)
    at Object.useMemo (http://localhost:3000/_next/static/chunks/509c2_next_dist_compiled_react-dom_1698bfa6._.js:15003:24)
    at exports.useMemo (http://localhost:3000/_next/static/chunks/509c2_next_dist_compiled_9044104d._.js:1742:36)
    at useTranslationsImpl (http://localhost:3000/_next/static/chunks/db2ad__pnpm_bc426aec._.js:4162:416)
    at useTranslations (http://localhost:3000/_next/static/chunks/db2ad__pnpm_bc426aec._.js:4201:12)
    at http://localhost:3000/_next/static/chunks/db2ad__pnpm_6cafc622._.js:70:20
    at DashboardPage (http://localhost:3000/_next/static/chunks/pi-cwd-20260601_admin-platform_d7a92737._.js:987:432)
    at Object.react_stack_bottom_frame (http://localhost:3000/_next/static/chunks/509c2_next_dist_compiled_react-dom_1698bfa6._.js:14826:24)
    at renderWithHooks (http://localhost:3000/_next/static/chunks/509c2_next_dist_compiled_react-dom_1698bfa6._.js:4651:24)
    at updateFunctionComponent (http://localhost:3000/_next/static/chunks/509c2_next_dist_compiled_react-dom_1698bfa6._.js:6112:21)
    at beginWork (http://localhost:3000/_next/static/chunks/509c2_next_dist_compiled_react-dom_1698bfa6._.js:6708:24)
    at runWithFiberInDEV (http://localhost:3000/_next/static/chunks/509c2_next_dist_compiled_react-dom_1698bfa6._.js:965:74)
    at performUnitOfWork (http://localhost:3000/_next/static/chunks/509c2_next_dist_compiled_react-dom_1698bfa6._.js:9562:97)
    at workLoopConcurrentByScheduler (http://localhost:3000/_next/static/chunks/509c2_next_dist_compiled_react-dom_1698bfa6._.js:9558:58)
    at renderRootConcurrent (http://localhost:3000/_next/static/chunks/509c2_next_dist_compiled_react-dom_1698bfa6._.js:9541:71)
    at performWorkOnRoot (http://localhost:3000/_next/static/chunks/509c2_next_dist_compiled_react-dom_1698bfa6._.js:9068:150)
    at performWorkOnRootViaSchedulerTask (http://localhost:3000/_next/static/chunks/509c2_next_dist_compiled_react-dom_1698bfa6._.js:10230:9)
    at MessagePort.performWorkUntilDeadline (http://localhost:3000/_next/static/chunks/509c2_next_dist_compiled_9044104d._.js:2647:64) @ http://localhost:3000/_next/static/chunks/509c2_next_dist_512df543._.js:3127
[ 2074033ms] [ERROR] IntlError: MISSING_MESSAGE: Could not resolve `modules.dashboard` in messages for locale `login`.
    at getMessagesOrError (http://localhost:3000/_next/static/chunks/db2ad__pnpm_bc426aec._.js:3637:27)
    at createBaseTranslator (http://localhost:3000/_next/static/chunks/db2ad__pnpm_bc426aec._.js:3642:29)
    at useTranslationsImpl.useMemo[translate] (http://localhost:3000/_next/static/chunks/db2ad__pnpm_bc426aec._.js:4163:378)
    at mountMemo (http://localhost:3000/_next/static/chunks/509c2_next_dist_compiled_react-dom_1698bfa6._.js:5424:25)
    at Object.useMemo (http://localhost:3000/_next/static/chunks/509c2_next_dist_compiled_react-dom_1698bfa6._.js:15003:24)
    at exports.useMemo (http://localhost:3000/_next/static/chunks/509c2_next_dist_compiled_9044104d._.js:1742:36)
    at useTranslationsImpl (http://localhost:3000/_next/static/chunks/db2ad__pnpm_bc426aec._.js:4162:416)
    at useTranslations (http://localhost:3000/_next/static/chunks/db2ad__pnpm_bc426aec._.js:4201:12)
    at http://localhost:3000/_next/static/chunks/db2ad__pnpm_6cafc622._.js:70:20
    at DashboardPage (http://localhost:3000/_next/static/chunks/pi-cwd-20260601_admin-platform_d7a92737._.js:987:432)
    at Object.react_stack_bottom_frame (http://localhost:3000/_next/static/chunks/509c2_next_dist_compiled_react-dom_1698bfa6._.js:14826:24)
    at renderWithHooks (http://localhost:3000/_next/static/chunks/509c2_next_dist_compiled_react-dom_1698bfa6._.js:4651:24)
    at updateFunctionComponent (http://localhost:3000/_next/static/chunks/509c2_next_dist_compiled_react-dom_1698bfa6._.js:6112:21)
    at beginWork (http://localhost:3000/_next/static/chunks/509c2_next_dist_compiled_react-dom_1698bfa6._.js:6708:24)
    at runWithFiberInDEV (http://localhost:3000/_next/static/chunks/509c2_next_dist_compiled_react-dom_1698bfa6._.js:965:74)
    at performUnitOfWork (http://localhost:3000/_next/static/chunks/509c2_next_dist_compiled_react-dom_1698bfa6._.js:9562:97)
    at workLoopConcurrentByScheduler (http://localhost:3000/_next/static/chunks/509c2_next_dist_compiled_react-dom_1698bfa6._.js:9558:58)
    at renderRootConcurrent (http://localhost:3000/_next/static/chunks/509c2_next_dist_compiled_react-dom_1698bfa6._.js:9541:71)
    at performWorkOnRoot (http://localhost:3000/_next/static/chunks/509c2_next_dist_compiled_react-dom_1698bfa6._.js:9068:150)
    at performWorkOnRootViaSchedulerTask (http://localhost:3000/_next/static/chunks/509c2_next_dist_compiled_react-dom_1698bfa6._.js:10230:9)
    at MessagePort.performWorkUntilDeadline (http://localhost:3000/_next/static/chunks/509c2_next_dist_compiled_9044104d._.js:2647:64) @ http://localhost:3000/_next/static/chunks/509c2_next_dist_512df543._.js:3127
[ 2074033ms] [ERROR] IntlError: MISSING_MESSAGE: Could not resolve `modules.dashboard` in messages for locale `login`.
    at getMessagesOrError (http://localhost:3000/_next/static/chunks/db2ad__pnpm_bc426aec._.js:3637:27)
    at createBaseTranslator (http://localhost:3000/_next/static/chunks/db2ad__pnpm_bc426aec._.js:3642:29)
    at useTranslationsImpl.useMemo[translate] (http://localhost:3000/_next/static/chunks/db2ad__pnpm_bc426aec._.js:4163:378)
    at mountMemo (http://localhost:3000/_next/static/chunks/509c2_next_dist_compiled_react-dom_1698bfa6._.js:5424:25)
    at Object.useMemo (http://localhost:3000/_next/static/chunks/509c2_next_dist_compiled_react-dom_1698bfa6._.js:15003:24)
    at exports.useMemo (http://localhost:3000/_next/static/chunks/509c2_next_dist_compiled_9044104d._.js:1742:36)
    at useTranslationsImpl (http://localhost:3000/_next/static/chunks/db2ad__pnpm_bc426aec._.js:4162:416)
    at useTranslations (http://localhost:3000/_next/static/chunks/db2ad__pnpm_bc426aec._.js:4201:12)
    at http://localhost:3000/_next/static/chunks/db2ad__pnpm_6cafc622._.js:70:20
    at DashboardPage (http://localhost:3000/_next/static/chunks/pi-cwd-20260601_admin-platform_d7a92737._.js:987:432)
    at Object.react_stack_bottom_frame (http://localhost:3000/_next/static/chunks/509c2_next_dist_compiled_react-dom_1698bfa6._.js:14826:24)
    at renderWithHooks (http://localhost:3000/_next/static/chunks/509c2_next_dist_compiled_react-dom_1698bfa6._.js:4651:24)
    at updateFunctionComponent (http://localhost:3000/_next/static/chunks/509c2_next_dist_compiled_react-dom_1698bfa6._.js:6112:21)
    at beginWork (http://localhost:3000/_next/static/chunks/509c2_next_dist_compiled_react-dom_1698bfa6._.js:6708:24)
    at runWithFiberInDEV (http://localhost:3000/_next/static/chunks/509c2_next_dist_compiled_react-dom_1698bfa6._.js:965:74)
    at performUnitOfWork (http://localhost:3000/_next/static/chunks/509c2_next_dist_compiled_react-dom_1698bfa6._.js:9562:97)
    at workLoopConcurrentByScheduler (http://localhost:3000/_next/static/chunks/509c2_next_dist_compiled_react-dom_1698bfa6._.js:9558:58)
    at renderRootConcurrent (http://localhost:3000/_next/static/chunks/509c2_next_dist_compiled_react-dom_1698bfa6._.js:9541:71)
    at performWorkOnRoot (http://localhost:3000/_next/static/chunks/509c2_next_dist_compiled_react-dom_1698bfa6._.js:9068:150)
    at performWorkOnRootViaSchedulerTask (http://localhost:3000/_next/static/chunks/509c2_next_dist_compiled_react-dom_1698bfa6._.js:10230:9)
    at MessagePort.performWorkUntilDeadline (http://localhost:3000/_next/static/chunks/509c2_next_dist_compiled_9044104d._.js:2647:64) @ http://localhost:3000/_next/static/chunks/509c2_next_dist_512df543._.js:3127
[ 2074033ms] [ERROR] IntlError: MISSING_MESSAGE: Could not resolve `modules.dashboard` in messages for locale `login`.
    at getMessagesOrError (http://localhost:3000/_next/static/chunks/db2ad__pnpm_bc426aec._.js:3637:27)
    at createBaseTranslator (http://localhost:3000/_next/static/chunks/db2ad__pnpm_bc426aec._.js:3642:29)
    at useTranslationsImpl.useMemo[translate] (http://localhost:3000/_next/static/chunks/db2ad__pnpm_bc426aec._.js:4163:378)
    at mountMemo (http://localhost:3000/_next/static/chunks/509c2_next_dist_compiled_react-dom_1698bfa6._.js:5424:25)
    at Object.useMemo (http://localhost:3000/_next/static/chunks/509c2_next_dist_compiled_react-dom_1698bfa6._.js:15003:24)
    at exports.useMemo (http://localhost:3000/_next/static/chunks/509c2_next_dist_compiled_9044104d._.js:1742:36)
    at useTranslationsImpl (http://localhost:3000/_next/static/chunks/db2ad__pnpm_bc426aec._.js:4162:416)
    at useTranslations (http://localhost:3000/_next/static/chunks/db2ad__pnpm_bc426aec._.js:4201:12)
    at http://localhost:3000/_next/static/chunks/db2ad__pnpm_6cafc622._.js:70:20
    at DashboardPage (http://localhost:3000/_next/static/chunks/pi-cwd-20260601_admin-platform_d7a92737._.js:987:432)
    at Object.react_stack_bottom_frame (http://localhost:3000/_next/static/chunks/509c2_next_dist_compiled_react-dom_1698bfa6._.js:14826:24)
    at renderWithHooks (http://localhost:3000/_next/static/chunks/509c2_next_dist_compiled_react-dom_1698bfa6._.js:4651:24)
    at updateFunctionComponent (http://localhost:3000/_next/static/chunks/509c2_next_dist_compiled_react-dom_1698bfa6._.js:6112:21)
    at beginWork (http://localhost:3000/_next/static/chunks/509c2_next_dist_compiled_react-dom_1698bfa6._.js:6708:24)
    at runWithFiberInDEV (http://localhost:3000/_next/static/chunks/509c2_next_dist_compiled_react-dom_1698bfa6._.js:965:74)
    at performUnitOfWork (http://localhost:3000/_next/static/chunks/509c2_next_dist_compiled_react-dom_1698bfa6._.js:9562:97)
    at workLoopConcurrentByScheduler (http://localhost:3000/_next/static/chunks/509c2_next_dist_compiled_react-dom_1698bfa6._.js:9558:58)
    at renderRootConcurrent (http://localhost:3000/_next/static/chunks/509c2_next_dist_compiled_react-dom_1698bfa6._.js:9541:71)
    at performWorkOnRoot (http://localhost:3000/_next/static/chunks/509c2_next_dist_compiled_react-dom_1698bfa6._.js:9068:150)
    at performWorkOnRootViaSchedulerTask (http://localhost:3000/_next/static/chunks/509c2_next_dist_compiled_react-dom_1698bfa6._.js:10230:9)
    at MessagePort.performWorkUntilDeadline (http://localhost:3000/_next/static/chunks/509c2_next_dist_compiled_9044104d._.js:2647:64) @ http://localhost:3000/_next/static/chunks/509c2_next_dist_512df543._.js:3127
[ 2074034ms] [ERROR] IntlError: MISSING_MESSAGE: Could not resolve `modules.dashboard` in messages for locale `login`.
    at getMessagesOrError (http://localhost:3000/_next/static/chunks/db2ad__pnpm_bc426aec._.js:3637:27)
    at createBaseTranslator (http://localhost:3000/_next/static/chunks/db2ad__pnpm_bc426aec._.js:3642:29)
    at useTranslationsImpl.useMemo[translate] (http://localhost:3000/_next/static/chunks/db2ad__pnpm_bc426aec._.js:4163:378)
    at mountMemo (http://localhost:3000/_next/static/chunks/509c2_next_dist_compiled_react-dom_1698bfa6._.js:5424:25)
    at Object.useMemo (http://localhost:3000/_next/static/chunks/509c2_next_dist_compiled_react-dom_1698bfa6._.js:15003:24)
    at exports.useMemo (http://localhost:3000/_next/static/chunks/509c2_next_dist_compiled_9044104d._.js:1742:36)
    at useTranslationsImpl (http://localhost:3000/_next/static/chunks/db2ad__pnpm_bc426aec._.js:4162:416)
    at useTranslations (http://localhost:3000/_next/static/chunks/db2ad__pnpm_bc426aec._.js:4201:12)
    at http://localhost:3000/_next/static/chunks/db2ad__pnpm_6cafc622._.js:70:20
    at DashboardPage (http://localhost:3000/_next/static/chunks/pi-cwd-20260601_admin-platform_d7a92737._.js:987:432)
    at Object.react_stack_bottom_frame (http://localhost:3000/_next/static/chunks/509c2_next_dist_compiled_react-dom_1698bfa6._.js:14826:24)
    at renderWithHooks (http://localhost:3000/_next/static/chunks/509c2_next_dist_compiled_react-dom_1698bfa6._.js:4651:24)
    at updateFunctionComponent (http://localhost:3000/_next/static/chunks/509c2_next_dist_compiled_react-dom_1698bfa6._.js:6112:21)
    at beginWork (http://localhost:3000/_next/static/chunks/509c2_next_dist_compiled_react-dom_1698bfa6._.js:6708:24)
    at runWithFiberInDEV (http://localhost:3000/_next/static/chunks/509c2_next_dist_compiled_react-dom_1698bfa6._.js:965:74)
    at performUnitOfWork (http://localhost:3000/_next/static/chunks/509c2_next_dist_compiled_react-dom_1698bfa6._.js:9562:97)
    at workLoopConcurrentByScheduler (http://localhost:3000/_next/static/chunks/509c2_next_dist_compiled_react-dom_1698bfa6._.js:9558:58)
    at renderRootConcurrent (http://localhost:3000/_next/static/chunks/509c2_next_dist_compiled_react-dom_1698bfa6._.js:9541:71)
    at performWorkOnRoot (http://localhost:3000/_next/static/chunks/509c2_next_dist_compiled_react-dom_1698bfa6._.js:9068:150)
    at performWorkOnRootViaSchedulerTask (http://localhost:3000/_next/static/chunks/509c2_next_dist_compiled_react-dom_1698bfa6._.js:10230:9)
    at MessagePort.performWorkUntilDeadline (http://localhost:3000/_next/static/chunks/509c2_next_dist_compiled_9044104d._.js:2647:64) @ http://localhost:3000/_next/static/chunks/509c2_next_dist_512df543._.js:3127
[ 2074034ms] [ERROR] IntlError: MISSING_MESSAGE: Could not resolve `modules.dashboard` in messages for locale `login`.
    at getMessagesOrError (http://localhost:3000/_next/static/chunks/db2ad__pnpm_bc426aec._.js:3637:27)
    at createBaseTranslator (http://localhost:3000/_next/static/chunks/db2ad__pnpm_bc426aec._.js:3642:29)
    at useTranslationsImpl.useMemo[translate] (http://localhost:3000/_next/static/chunks/db2ad__pnpm_bc426aec._.js:4163:378)
    at mountMemo (http://localhost:3000/_next/static/chunks/509c2_next_dist_compiled_react-dom_1698bfa6._.js:5424:25)
    at Object.useMemo (http://localhost:3000/_next/static/chunks/509c2_next_dist_compiled_react-dom_1698bfa6._.js:15003:24)
    at exports.useMemo (http://localhost:3000/_next/static/chunks/509c2_next_dist_compiled_9044104d._.js:1742:36)
    at useTranslationsImpl (http://localhost:3000/_next/static/chunks/db2ad__pnpm_bc426aec._.js:4162:416)
    at useTranslations (http://localhost:3000/_next/static/chunks/db2ad__pnpm_bc426aec._.js:4201:12)
    at http://localhost:3000/_next/static/chunks/db2ad__pnpm_6cafc622._.js:70:20
    at DashboardPage (http://localhost:3000/_next/static/chunks/pi-cwd-20260601_admin-platform_d7a92737._.js:987:432)
    at Object.react_stack_bottom_frame (http://localhost:3000/_next/static/chunks/509c2_next_dist_compiled_react-dom_1698bfa6._.js:14826:24)
    at renderWithHooks (http://localhost:3000/_next/static/chunks/509c2_next_dist_compiled_react-dom_1698bfa6._.js:4651:24)
    at updateFunctionComponent (http://localhost:3000/_next/static/chunks/509c2_next_dist_compiled_react-dom_1698bfa6._.js:6112:21)
    at beginWork (http://localhost:3000/_next/static/chunks/509c2_next_dist_compiled_react-dom_1698bfa6._.js:6708:24)
    at runWithFiberInDEV (http://localhost:3000/_next/static/chunks/509c2_next_dist_compiled_react-dom_1698bfa6._.js:965:74)
    at performUnitOfWork (http://localhost:3000/_next/static/chunks/509c2_next_dist_compiled_react-dom_1698bfa6._.js:9562:97)
    at workLoopConcurrentByScheduler (http://localhost:3000/_next/static/chunks/509c2_next_dist_compiled_react-dom_1698bfa6._.js:9558:58)
    at renderRootConcurrent (http://localhost:3000/_next/static/chunks/509c2_next_dist_compiled_react-dom_1698bfa6._.js:9541:71)
    at performWorkOnRoot (http://localhost:3000/_next/static/chunks/509c2_next_dist_compiled_react-dom_1698bfa6._.js:9068:150)
    at performWorkOnRootViaSchedulerTask (http://localhost:3000/_next/static/chunks/509c2_next_dist_compiled_react-dom_1698bfa6._.js:10230:9)
    at MessagePort.performWorkUntilDeadline (http://localhost:3000/_next/static/chunks/509c2_next_dist_compiled_9044104d._.js:2647:64) @ http://localhost:3000/_next/static/chunks/509c2_next_dist_512df543._.js:3127
[ 2074034ms] [ERROR] IntlError: MISSING_MESSAGE: Could not resolve `modules.dashboard` in messages for locale `login`.
    at getMessagesOrError (http://localhost:3000/_next/static/chunks/db2ad__pnpm_bc426aec._.js:3637:27)
    at createBaseTranslator (http://localhost:3000/_next/static/chunks/db2ad__pnpm_bc426aec._.js:3642:29)
    at useTranslationsImpl.useMemo[translate] (http://localhost:3000/_next/static/chunks/db2ad__pnpm_bc426aec._.js:4163:378)
    at mountMemo (http://localhost:3000/_next/static/chunks/509c2_next_dist_compiled_react-dom_1698bfa6._.js:5424:25)
    at Object.useMemo (http://localhost:3000/_next/static/chunks/509c2_next_dist_compiled_react-dom_1698bfa6._.js:15003:24)
    at exports.useMemo (http://localhost:3000/_next/static/chunks/509c2_next_dist_compiled_9044104d._.js:1742:36)
    at useTranslationsImpl (http://localhost:3000/_next/static/chunks/db2ad__pnpm_bc426aec._.js:4162:416)
    at useTranslations (http://localhost:3000/_next/static/chunks/db2ad__pnpm_bc426aec._.js:4201:12)
    at http://localhost:3000/_next/static/chunks/db2ad__pnpm_6cafc622._.js:70:20
    at DashboardPage (http://localhost:3000/_next/static/chunks/pi-cwd-20260601_admin-platform_d7a92737._.js:987:432)
    at Object.react_stack_bottom_frame (http://localhost:3000/_next/static/chunks/509c2_next_dist_compiled_react-dom_1698bfa6._.js:14826:24)
    at renderWithHooks (http://localhost:3000/_next/static/chunks/509c2_next_dist_compiled_react-dom_1698bfa6._.js:4651:24)
    at updateFunctionComponent (http://localhost:3000/_next/static/chunks/509c2_next_dist_compiled_react-dom_1698bfa6._.js:6112:21)
    at beginWork (http://localhost:3000/_next/static/chunks/509c2_next_dist_compiled_react-dom_1698bfa6._.js:6708:24)
    at runWithFiberInDEV (http://localhost:3000/_next/static/chunks/509c2_next_dist_compiled_react-dom_1698bfa6._.js:965:74)
    at performUnitOfWork (http://localhost:3000/_next/static/chunks/509c2_next_dist_compiled_react-dom_1698bfa6._.js:9562:97)
    at workLoopConcurrentByScheduler (http://localhost:3000/_next/static/chunks/509c2_next_dist_compiled_react-dom_1698bfa6._.js:9558:58)
    at renderRootConcurrent (http://localhost:3000/_next/static/chunks/509c2_next_dist_compiled_react-dom_1698bfa6._.js:9541:71)
    at performWorkOnRoot (http://localhost:3000/_next/static/chunks/509c2_next_dist_compiled_react-dom_1698bfa6._.js:9068:150)
    at performWorkOnRootViaSchedulerTask (http://localhost:3000/_next/static/chunks/509c2_next_dist_compiled_react-dom_1698bfa6._.js:10230:9)
    at MessagePort.performWorkUntilDeadline (http://localhost:3000/_next/static/chunks/509c2_next_dist_compiled_9044104d._.js:2647:64) @ http://localhost:3000/_next/static/chunks/509c2_next_dist_512df543._.js:3127
[ 2074035ms] [ERROR] IntlError: MISSING_MESSAGE: Could not resolve `modules.dashboard` in messages for locale `login`.
    at getMessagesOrError (http://localhost:3000/_next/static/chunks/db2ad__pnpm_bc426aec._.js:3637:27)
    at createBaseTranslator (http://localhost:3000/_next/static/chunks/db2ad__pnpm_bc426aec._.js:3642:29)
    at useTranslationsImpl.useMemo[translate] (http://localhost:3000/_next/static/chunks/db2ad__pnpm_bc426aec._.js:4163:378)
    at mountMemo (http://localhost:3000/_next/static/chunks/509c2_next_dist_compiled_react-dom_1698bfa6._.js:5424:25)
    at Object.useMemo (http://localhost:3000/_next/static/chunks/509c2_next_dist_compiled_react-dom_1698bfa6._.js:15003:24)
    at exports.useMemo (http://localhost:3000/_next/static/chunks/509c2_next_dist_compiled_9044104d._.js:1742:36)
    at useTranslationsImpl (http://localhost:3000/_next/static/chunks/db2ad__pnpm_bc426aec._.js:4162:416)
    at useTranslations (http://localhost:3000/_next/static/chunks/db2ad__pnpm_bc426aec._.js:4201:12)
    at http://localhost:3000/_next/static/chunks/db2ad__pnpm_6cafc622._.js:70:20
    at DashboardPage (http://localhost:3000/_next/static/chunks/pi-cwd-20260601_admin-platform_d7a92737._.js:987:432)
    at Object.react_stack_bottom_frame (http://localhost:3000/_next/static/chunks/509c2_next_dist_compiled_react-dom_1698bfa6._.js:14826:24)
    at renderWithHooks (http://localhost:3000/_next/static/chunks/509c2_next_dist_compiled_react-dom_1698bfa6._.js:4651:24)
    at updateFunctionComponent (http://localhost:3000/_next/static/chunks/509c2_next_dist_compiled_react-dom_1698bfa6._.js:6112:21)
    at beginWork (http://localhost:3000/_next/static/chunks/509c2_next_dist_compiled_react-dom_1698bfa6._.js:6708:24)
    at runWithFiberInDEV (http://localhost:3000/_next/static/chunks/509c2_next_dist_compiled_react-dom_1698bfa6._.js:965:74)
    at performUnitOfWork (http://localhost:3000/_next/static/chunks/509c2_next_dist_compiled_react-dom_1698bfa6._.js:9562:97)
    at workLoopConcurrentByScheduler (http://localhost:3000/_next/static/chunks/509c2_next_dist_compiled_react-dom_1698bfa6._.js:9558:58)
    at renderRootConcurrent (http://localhost:3000/_next/static/chunks/509c2_next_dist_compiled_react-dom_1698bfa6._.js:9541:71)
    at performWorkOnRoot (http://localhost:3000/_next/static/chunks/509c2_next_dist_compiled_react-dom_1698bfa6._.js:9068:150)
    at performWorkOnRootViaSchedulerTask (http://localhost:3000/_next/static/chunks/509c2_next_dist_compiled_react-dom_1698bfa6._.js:10230:9)
    at MessagePort.performWorkUntilDeadline (http://localhost:3000/_next/static/chunks/509c2_next_dist_compiled_9044104d._.js:2647:64) @ http://localhost:3000/_next/static/chunks/509c2_next_dist_512df543._.js:3127
[ 2074035ms] [ERROR] IntlError: MISSING_MESSAGE: Could not resolve `modules.dashboard` in messages for locale `login`.
    at getMessagesOrError (http://localhost:3000/_next/static/chunks/db2ad__pnpm_bc426aec._.js:3637:27)
    at createBaseTranslator (http://localhost:3000/_next/static/chunks/db2ad__pnpm_bc426aec._.js:3642:29)
    at useTranslationsImpl.useMemo[translate] (http://localhost:3000/_next/static/chunks/db2ad__pnpm_bc426aec._.js:4163:378)
    at mountMemo (http://localhost:3000/_next/static/chunks/509c2_next_dist_compiled_react-dom_1698bfa6._.js:5424:25)
    at Object.useMemo (http://localhost:3000/_next/static/chunks/509c2_next_dist_compiled_react-dom_1698bfa6._.js:15003:24)
    at exports.useMemo (http://localhost:3000/_next/static/chunks/509c2_next_dist_compiled_9044104d._.js:1742:36)
    at useTranslationsImpl (http://localhost:3000/_next/static/chunks/db2ad__pnpm_bc426aec._.js:4162:416)
    at useTranslations (http://localhost:3000/_next/static/chunks/db2ad__pnpm_bc426aec._.js:4201:12)
    at http://localhost:3000/_next/static/chunks/db2ad__pnpm_6cafc622._.js:70:20
    at DashboardPage (http://localhost:3000/_next/static/chunks/pi-cwd-20260601_admin-platform_d7a92737._.js:987:432)
    at Object.react_stack_bottom_frame (http://localhost:3000/_next/static/chunks/509c2_next_dist_compiled_react-dom_1698bfa6._.js:14826:24)
    at renderWithHooks (http://localhost:3000/_next/static/chunks/509c2_next_dist_compiled_react-dom_1698bfa6._.js:4651:24)
    at updateFunctionComponent (http://localhost:3000/_next/static/chunks/509c2_next_dist_compiled_react-dom_1698bfa6._.js:6112:21)
    at beginWork (http://localhost:3000/_next/static/chunks/509c2_next_dist_compiled_react-dom_1698bfa6._.js:6708:24)
    at runWithFiberInDEV (http://localhost:3000/_next/static/chunks/509c2_next_dist_compiled_react-dom_1698bfa6._.js:965:74)
    at performUnitOfWork (http://localhost:3000/_next/static/chunks/509c2_next_dist_compiled_react-dom_1698bfa6._.js:9562:97)
    at workLoopConcurrentByScheduler (http://localhost:3000/_next/static/chunks/509c2_next_dist_compiled_react-dom_1698bfa6._.js:9558:58)
    at renderRootConcurrent (http://localhost:3000/_next/static/chunks/509c2_next_dist_compiled_react-dom_1698bfa6._.js:9541:71)
    at performWorkOnRoot (http://localhost:3000/_next/static/chunks/509c2_next_dist_compiled_react-dom_1698bfa6._.js:9068:150)
    at performWorkOnRootViaSchedulerTask (http://localhost:3000/_next/static/chunks/509c2_next_dist_compiled_react-dom_1698bfa6._.js:10230:9)
    at MessagePort.performWorkUntilDeadline (http://localhost:3000/_next/static/chunks/509c2_next_dist_compiled_9044104d._.js:2647:64) @ http://localhost:3000/_next/static/chunks/509c2_next_dist_512df543._.js:3127
[ 2074036ms] [ERROR] IntlError: MISSING_MESSAGE: Could not resolve `modules.dashboard` in messages for locale `login`.
    at getMessagesOrError (http://localhost:3000/_next/static/chunks/db2ad__pnpm_bc426aec._.js:3637:27)
    at createBaseTranslator (http://localhost:3000/_next/static/chunks/db2ad__pnpm_bc426aec._.js:3642:29)
    at useTranslationsImpl.useMemo[translate] (http://localhost:3000/_next/static/chunks/db2ad__pnpm_bc426aec._.js:4163:378)
    at mountMemo (http://localhost:3000/_next/static/chunks/509c2_next_dist_compiled_react-dom_1698bfa6._.js:5424:25)
    at Object.useMemo (http://localhost:3000/_next/static/chunks/509c2_next_dist_compiled_react-dom_1698bfa6._.js:15003:24)
    at exports.useMemo (http://localhost:3000/_next/static/chunks/509c2_next_dist_compiled_9044104d._.js:1742:36)
    at useTranslationsImpl (http://localhost:3000/_next/static/chunks/db2ad__pnpm_bc426aec._.js:4162:416)
    at useTranslations (http://localhost:3000/_next/static/chunks/db2ad__pnpm_bc426aec._.js:4201:12)
    at http://localhost:3000/_next/static/chunks/db2ad__pnpm_6cafc622._.js:70:20
    at DashboardPage (http://localhost:3000/_next/static/chunks/pi-cwd-20260601_admin-platform_d7a92737._.js:987:432)
    at Object.react_stack_bottom_frame (http://localhost:3000/_next/static/chunks/509c2_next_dist_compiled_react-dom_1698bfa6._.js:14826:24)
    at renderWithHooks (http://localhost:3000/_next/static/chunks/509c2_next_dist_compiled_react-dom_1698bfa6._.js:4651:24)
    at updateFunctionComponent (http://localhost:3000/_next/static/chunks/509c2_next_dist_compiled_react-dom_1698bfa6._.js:6112:21)
    at beginWork (http://localhost:3000/_next/static/chunks/509c2_next_dist_compiled_react-dom_1698bfa6._.js:6708:24)
    at runWithFiberInDEV (http://localhost:3000/_next/static/chunks/509c2_next_dist_compiled_react-dom_1698bfa6._.js:965:74)
    at performUnitOfWork (http://localhost:3000/_next/static/chunks/509c2_next_dist_compiled_react-dom_1698bfa6._.js:9562:97)
    at workLoopConcurrentByScheduler (http://localhost:3000/_next/static/chunks/509c2_next_dist_compiled_react-dom_1698bfa6._.js:9558:58)
    at renderRootConcurrent (http://localhost:3000/_next/static/chunks/509c2_next_dist_compiled_react-dom_1698bfa6._.js:9541:71)
    at performWorkOnRoot (http://localhost:3000/_next/static/chunks/509c2_next_dist_compiled_react-dom_1698bfa6._.js:9068:150)
    at performWorkOnRootViaSchedulerTask (http://localhost:3000/_next/static/chunks/509c2_next_dist_compiled_react-dom_1698bfa6._.js:10230:9)
    at MessagePort.performWorkUntilDeadline (http://localhost:3000/_next/static/chunks/509c2_next_dist_compiled_9044104d._.js:2647:64) @ http://localhost:3000/_next/static/chunks/509c2_next_dist_512df543._.js:3127
[ 2074036ms] [ERROR] IntlError: MISSING_MESSAGE: Could not resolve `modules.dashboard` in messages for locale `login`.
    at getMessagesOrError (http://localhost:3000/_next/static/chunks/db2ad__pnpm_bc426aec._.js:3637:27)
    at createBaseTranslator (http://localhost:3000/_next/static/chunks/db2ad__pnpm_bc426aec._.js:3642:29)
    at useTranslationsImpl.useMemo[translate] (http://localhost:3000/_next/static/chunks/db2ad__pnpm_bc426aec._.js:4163:378)
    at mountMemo (http://localhost:3000/_next/static/chunks/509c2_next_dist_compiled_react-dom_1698bfa6._.js:5424:25)
    at Object.useMemo (http://localhost:3000/_next/static/chunks/509c2_next_dist_compiled_react-dom_1698bfa6._.js:15003:24)
    at exports.useMemo (http://localhost:3000/_next/static/chunks/509c2_next_dist_compiled_9044104d._.js:1742:36)
    at useTranslationsImpl (http://localhost:3000/_next/static/chunks/db2ad__pnpm_bc426aec._.js:4162:416)
    at useTranslations (http://localhost:3000/_next/static/chunks/db2ad__pnpm_bc426aec._.js:4201:12)
    at http://localhost:3000/_next/static/chunks/db2ad__pnpm_6cafc622._.js:70:20
    at DashboardPage (http://localhost:3000/_next/static/chunks/pi-cwd-20260601_admin-platform_d7a92737._.js:987:432)
    at Object.react_stack_bottom_frame (http://localhost:3000/_next/static/chunks/509c2_next_dist_compiled_react-dom_1698bfa6._.js:14826:24)
    at renderWithHooks (http://localhost:3000/_next/static/chunks/509c2_next_dist_compiled_react-dom_1698bfa6._.js:4651:24)
    at updateFunctionComponent (http://localhost:3000/_next/static/chunks/509c2_next_dist_compiled_react-dom_1698bfa6._.js:6112:21)
    at beginWork (http://localhost:3000/_next/static/chunks/509c2_next_dist_compiled_react-dom_1698bfa6._.js:6708:24)
    at runWithFiberInDEV (http://localhost:3000/_next/static/chunks/509c2_next_dist_compiled_react-dom_1698bfa6._.js:965:74)
    at performUnitOfWork (http://localhost:3000/_next/static/chunks/509c2_next_dist_compiled_react-dom_1698bfa6._.js:9562:97)
    at workLoopConcurrentByScheduler (http://localhost:3000/_next/static/chunks/509c2_next_dist_compiled_react-dom_1698bfa6._.js:9558:58)
    at renderRootConcurrent (http://localhost:3000/_next/static/chunks/509c2_next_dist_compiled_react-dom_1698bfa6._.js:9541:71)
    at performWorkOnRoot (http://localhost:3000/_next/static/chunks/509c2_next_dist_compiled_react-dom_1698bfa6._.js:9068:150)
    at performWorkOnRootViaSchedulerTask (http://localhost:3000/_next/static/chunks/509c2_next_dist_compiled_react-dom_1698bfa6._.js:10230:9)
    at MessagePort.performWorkUntilDeadline (http://localhost:3000/_next/static/chunks/509c2_next_dist_compiled_9044104d._.js:2647:64) @ http://localhost:3000/_next/static/chunks/509c2_next_dist_512df543._.js:3127
[ 2074037ms] [ERROR] IntlError: MISSING_MESSAGE: Could not resolve `modules.dashboard` in messages for locale `login`.
    at getMessagesOrError (http://localhost:3000/_next/static/chunks/db2ad__pnpm_bc426aec._.js:3637:27)
    at createBaseTranslator (http://localhost:3000/_next/static/chunks/db2ad__pnpm_bc426aec._.js:3642:29)
    at useTranslationsImpl.useMemo[translate] (http://localhost:3000/_next/static/chunks/db2ad__pnpm_bc426aec._.js:4163:378)
    at mountMemo (http://localhost:3000/_next/static/chunks/509c2_next_dist_compiled_react-dom_1698bfa6._.js:5424:25)
    at Object.useMemo (http://localhost:3000/_next/static/chunks/509c2_next_dist_compiled_react-dom_1698bfa6._.js:15003:24)
    at exports.useMemo (http://localhost:3000/_next/static/chunks/509c2_next_dist_compiled_9044104d._.js:1742:36)
    at useTranslationsImpl (http://localhost:3000/_next/static/chunks/db2ad__pnpm_bc426aec._.js:4162:416)
    at useTranslations (http://localhost:3000/_next/static/chunks/db2ad__pnpm_bc426aec._.js:4201:12)
    at http://localhost:3000/_next/static/chunks/db2ad__pnpm_6cafc622._.js:70:20
    at DashboardPage (http://localhost:3000/_next/static/chunks/pi-cwd-20260601_admin-platform_d7a92737._.js:987:432)
    at Object.react_stack_bottom_frame (http://localhost:3000/_next/static/chunks/509c2_next_dist_compiled_react-dom_1698bfa6._.js:14826:24)
    at renderWithHooks (http://localhost:3000/_next/static/chunks/509c2_next_dist_compiled_react-dom_1698bfa6._.js:4651:24)
    at updateFunctionComponent (http://localhost:3000/_next/static/chunks/509c2_next_dist_compiled_react-dom_1698bfa6._.js:6112:21)
    at beginWork (http://localhost:3000/_next/static/chunks/509c2_next_dist_compiled_react-dom_1698bfa6._.js:6708:24)
    at runWithFiberInDEV (http://localhost:3000/_next/static/chunks/509c2_next_dist_compiled_react-dom_1698bfa6._.js:965:74)
    at performUnitOfWork (http://localhost:3000/_next/static/chunks/509c2_next_dist_compiled_react-dom_1698bfa6._.js:9562:97)
    at workLoopConcurrentByScheduler (http://localhost:3000/_next/static/chunks/509c2_next_dist_compiled_react-dom_1698bfa6._.js:9558:58)
    at renderRootConcurrent (http://localhost:3000/_next/static/chunks/509c2_next_dist_compiled_react-dom_1698bfa6._.js:9541:71)
    at performWorkOnRoot (http://localhost:3000/_next/static/chunks/509c2_next_dist_compiled_react-dom_1698bfa6._.js:9068:150)
    at performWorkOnRootViaSchedulerTask (http://localhost:3000/_next/static/chunks/509c2_next_dist_compiled_react-dom_1698bfa6._.js:10230:9)
    at MessagePort.performWorkUntilDeadline (http://localhost:3000/_next/static/chunks/509c2_next_dist_compiled_9044104d._.js:2647:64) @ http://localhost:3000/_next/static/chunks/509c2_next_dist_512df543._.js:3127
[ 2074037ms] [ERROR] IntlError: MISSING_MESSAGE: Could not resolve `modules.dashboard` in messages for locale `login`.
    at getMessagesOrError (http://localhost:3000/_next/static/chunks/db2ad__pnpm_bc426aec._.js:3637:27)
    at createBaseTranslator (http://localhost:3000/_next/static/chunks/db2ad__pnpm_bc426aec._.js:3642:29)
    at useTranslationsImpl.useMemo[translate] (http://localhost:3000/_next/static/chunks/db2ad__pnpm_bc426aec._.js:4163:378)
    at mountMemo (http://localhost:3000/_next/static/chunks/509c2_next_dist_compiled_react-dom_1698bfa6._.js:5424:25)
    at Object.useMemo (http://localhost:3000/_next/static/chunks/509c2_next_dist_compiled_react-dom_1698bfa6._.js:15003:24)
    at exports.useMemo (http://localhost:3000/_next/static/chunks/509c2_next_dist_compiled_9044104d._.js:1742:36)
    at useTranslationsImpl (http://localhost:3000/_next/static/chunks/db2ad__pnpm_bc426aec._.js:4162:416)
    at useTranslations (http://localhost:3000/_next/static/chunks/db2ad__pnpm_bc426aec._.js:4201:12)
    at http://localhost:3000/_next/static/chunks/db2ad__pnpm_6cafc622._.js:70:20
    at DashboardPage (http://localhost:3000/_next/static/chunks/pi-cwd-20260601_admin-platform_d7a92737._.js:987:432)
    at Object.react_stack_bottom_frame (http://localhost:3000/_next/static/chunks/509c2_next_dist_compiled_react-dom_1698bfa6._.js:14826:24)
    at renderWithHooks (http://localhost:3000/_next/static/chunks/509c2_next_dist_compiled_react-dom_1698bfa6._.js:4651:24)
    at updateFunctionComponent (http://localhost:3000/_next/static/chunks/509c2_next_dist_compiled_react-dom_1698bfa6._.js:6112:21)
    at beginWork (http://localhost:3000/_next/static/chunks/509c2_next_dist_compiled_react-dom_1698bfa6._.js:6708:24)
    at runWithFiberInDEV (http://localhost:3000/_next/static/chunks/509c2_next_dist_compiled_react-dom_1698bfa6._.js:965:74)
    at performUnitOfWork (http://localhost:3000/_next/static/chunks/509c2_next_dist_compiled_react-dom_1698bfa6._.js:9562:97)
    at workLoopConcurrentByScheduler (http://localhost:3000/_next/static/chunks/509c2_next_dist_compiled_react-dom_1698bfa6._.js:9558:58)
    at renderRootConcurrent (http://localhost:3000/_next/static/chunks/509c2_next_dist_compiled_react-dom_1698bfa6._.js:9541:71)
    at performWorkOnRoot (http://localhost:3000/_next/static/chunks/509c2_next_dist_compiled_react-dom_1698bfa6._.js:9068:150)
    at performWorkOnRootViaSchedulerTask (http://localhost:3000/_next/static/chunks/509c2_next_dist_compiled_react-dom_1698bfa6._.js:10230:9)
    at MessagePort.performWorkUntilDeadline (http://localhost:3000/_next/static/chunks/509c2_next_dist_compiled_9044104d._.js:2647:64) @ http://localhost:3000/_next/static/chunks/509c2_next_dist_512df543._.js:3127
[ 2074037ms] [ERROR] IntlError: MISSING_MESSAGE: Could not resolve `modules.dashboard` in messages for locale `login`.
    at getMessagesOrError (http://localhost:3000/_next/static/chunks/db2ad__pnpm_bc426aec._.js:3637:27)
    at createBaseTranslator (http://localhost:3000/_next/static/chunks/db2ad__pnpm_bc426aec._.js:3642:29)
    at useTranslationsImpl.useMemo[translate] (http://localhost:3000/_next/static/chunks/db2ad__pnpm_bc426aec._.js:4163:378)
    at mountMemo (http://localhost:3000/_next/static/chunks/509c2_next_dist_compiled_react-dom_1698bfa6._.js:5424:25)
    at Object.useMemo (http://localhost:3000/_next/static/chunks/509c2_next_dist_compiled_react-dom_1698bfa6._.js:15003:24)
    at exports.useMemo (http://localhost:3000/_next/static/chunks/509c2_next_dist_compiled_9044104d._.js:1742:36)
    at useTranslationsImpl (http://localhost:3000/_next/static/chunks/db2ad__pnpm_bc426aec._.js:4162:416)
    at useTranslations (http://localhost:3000/_next/static/chunks/db2ad__pnpm_bc426aec._.js:4201:12)
    at http://localhost:3000/_next/static/chunks/db2ad__pnpm_6cafc622._.js:70:20
    at DashboardPage (http://localhost:3000/_next/static/chunks/pi-cwd-20260601_admin-platform_d7a92737._.js:987:432)
    at Object.react_stack_bottom_frame (http://localhost:3000/_next/static/chunks/509c2_next_dist_compiled_react-dom_1698bfa6._.js:14826:24)
    at renderWithHooks (http://localhost:3000/_next/static/chunks/509c2_next_dist_compiled_react-dom_1698bfa6._.js:4651:24)
    at updateFunctionComponent (http://localhost:3000/_next/static/chunks/509c2_next_dist_compiled_react-dom_1698bfa6._.js:6112:21)
    at beginWork (http://localhost:3000/_next/static/chunks/509c2_next_dist_compiled_react-dom_1698bfa6._.js:6708:24)
    at runWithFiberInDEV (http://localhost:3000/_next/static/chunks/509c2_next_dist_compiled_react-dom_1698bfa6._.js:965:74)
    at performUnitOfWork (http://localhost:3000/_next/static/chunks/509c2_next_dist_compiled_react-dom_1698bfa6._.js:9562:97)
    at workLoopConcurrentByScheduler (http://localhost:3000/_next/static/chunks/509c2_next_dist_compiled_react-dom_1698bfa6._.js:9558:58)
    at renderRootConcurrent (http://localhost:3000/_next/static/chunks/509c2_next_dist_compiled_react-dom_1698bfa6._.js:9541:71)
    at performWorkOnRoot (http://localhost:3000/_next/static/chunks/509c2_next_dist_compiled_react-dom_1698bfa6._.js:9068:150)
    at performWorkOnRootViaSchedulerTask (http://localhost:3000/_next/static/chunks/509c2_next_dist_compiled_react-dom_1698bfa6._.js:10230:9)
    at MessagePort.performWorkUntilDeadline (http://localhost:3000/_next/static/chunks/509c2_next_dist_compiled_9044104d._.js:2647:64) @ http://localhost:3000/_next/static/chunks/509c2_next_dist_512df543._.js:3127
[ 2074037ms] [ERROR] IntlError: MISSING_MESSAGE: Could not resolve `modules.dashboard` in messages for locale `login`.
    at getMessagesOrError (http://localhost:3000/_next/static/chunks/db2ad__pnpm_bc426aec._.js:3637:27)
    at createBaseTranslator (http://localhost:3000/_next/static/chunks/db2ad__pnpm_bc426aec._.js:3642:29)
    at useTranslationsImpl.useMemo[translate] (http://localhost:3000/_next/static/chunks/db2ad__pnpm_bc426aec._.js:4163:378)
    at mountMemo (http://localhost:3000/_next/static/chunks/509c2_next_dist_compiled_react-dom_1698bfa6._.js:5424:25)
    at Object.useMemo (http://localhost:3000/_next/static/chunks/509c2_next_dist_compiled_react-dom_1698bfa6._.js:15003:24)
    at exports.useMemo (http://localhost:3000/_next/static/chunks/509c2_next_dist_compiled_9044104d._.js:1742:36)
    at useTranslationsImpl (http://localhost:3000/_next/static/chunks/db2ad__pnpm_bc426aec._.js:4162:416)
    at useTranslations (http://localhost:3000/_next/static/chunks/db2ad__pnpm_bc426aec._.js:4201:12)
    at http://localhost:3000/_next/static/chunks/db2ad__pnpm_6cafc622._.js:70:20
    at DashboardPage (http://localhost:3000/_next/static/chunks/pi-cwd-20260601_admin-platform_d7a92737._.js:987:432)
    at Object.react_stack_bottom_frame (http://localhost:3000/_next/static/chunks/509c2_next_dist_compiled_react-dom_1698bfa6._.js:14826:24)
    at renderWithHooks (http://localhost:3000/_next/static/chunks/509c2_next_dist_compiled_react-dom_1698bfa6._.js:4651:24)
    at updateFunctionComponent (http://localhost:3000/_next/static/chunks/509c2_next_dist_compiled_react-dom_1698bfa6._.js:6112:21)
    at beginWork (http://localhost:3000/_next/static/chunks/509c2_next_dist_compiled_react-dom_1698bfa6._.js:6708:24)
    at runWithFiberInDEV (http://localhost:3000/_next/static/chunks/509c2_next_dist_compiled_react-dom_1698bfa6._.js:965:74)
    at performUnitOfWork (http://localhost:3000/_next/static/chunks/509c2_next_dist_compiled_react-dom_1698bfa6._.js:9562:97)
    at workLoopConcurrentByScheduler (http://localhost:3000/_next/static/chunks/509c2_next_dist_compiled_react-dom_1698bfa6._.js:9558:58)
    at renderRootConcurrent (http://localhost:3000/_next/static/chunks/509c2_next_dist_compiled_react-dom_1698bfa6._.js:9541:71)
    at performWorkOnRoot (http://localhost:3000/_next/static/chunks/509c2_next_dist_compiled_react-dom_1698bfa6._.js:9068:150)
    at performWorkOnRootViaSchedulerTask (http://localhost:3000/_next/static/chunks/509c2_next_dist_compiled_react-dom_1698bfa6._.js:10230:9)
    at MessagePort.performWorkUntilDeadline (http://localhost:3000/_next/static/chunks/509c2_next_dist_compiled_9044104d._.js:2647:64) @ http://localhost:3000/_next/static/chunks/509c2_next_dist_512df543._.js:3127
[ 2074038ms] [ERROR] IntlError: MISSING_MESSAGE: Could not resolve `modules.dashboard` in messages for locale `login`.
    at getMessagesOrError (http://localhost:3000/_next/static/chunks/db2ad__pnpm_bc426aec._.js:3637:27)
    at createBaseTranslator (http://localhost:3000/_next/static/chunks/db2ad__pnpm_bc426aec._.js:3642:29)
    at useTranslationsImpl.useMemo[translate] (http://localhost:3000/_next/static/chunks/db2ad__pnpm_bc426aec._.js:4163:378)
    at mountMemo (http://localhost:3000/_next/static/chunks/509c2_next_dist_compiled_react-dom_1698bfa6._.js:5424:25)
    at Object.useMemo (http://localhost:3000/_next/static/chunks/509c2_next_dist_compiled_react-dom_1698bfa6._.js:15003:24)
    at exports.useMemo (http://localhost:3000/_next/static/chunks/509c2_next_dist_compiled_9044104d._.js:1742:36)
    at useTranslationsImpl (http://localhost:3000/_next/static/chunks/db2ad__pnpm_bc426aec._.js:4162:416)
    at useTranslations (http://localhost:3000/_next/static/chunks/db2ad__pnpm_bc426aec._.js:4201:12)
    at http://localhost:3000/_next/static/chunks/db2ad__pnpm_6cafc622._.js:70:20
    at DashboardPage (http://localhost:3000/_next/static/chunks/pi-cwd-20260601_admin-platform_d7a92737._.js:987:432)
    at Object.react_stack_bottom_frame (http://localhost:3000/_next/static/chunks/509c2_next_dist_compiled_react-dom_1698bfa6._.js:14826:24)
    at renderWithHooks (http://localhost:3000/_next/static/chunks/509c2_next_dist_compiled_react-dom_1698bfa6._.js:4651:24)
    at updateFunctionComponent (http://localhost:3000/_next/static/chunks/509c2_next_dist_compiled_react-dom_1698bfa6._.js:6112:21)
    at beginWork (http://localhost:3000/_next/static/chunks/509c2_next_dist_compiled_react-dom_1698bfa6._.js:6708:24)
    at runWithFiberInDEV (http://localhost:3000/_next/static/chunks/509c2_next_dist_compiled_react-dom_1698bfa6._.js:965:74)
    at performUnitOfWork (http://localhost:3000/_next/static/chunks/509c2_next_dist_compiled_react-dom_1698bfa6._.js:9562:97)
    at workLoopConcurrentByScheduler (http://localhost:3000/_next/static/chunks/509c2_next_dist_compiled_react-dom_1698bfa6._.js:9558:58)
    at renderRootConcurrent (http://localhost:3000/_next/static/chunks/509c2_next_dist_compiled_react-dom_1698bfa6._.js:9541:71)
    at performWorkOnRoot (http://localhost:3000/_next/static/chunks/509c2_next_dist_compiled_react-dom_1698bfa6._.js:9068:150)
    at performWorkOnRootViaSchedulerTask (http://localhost:3000/_next/static/chunks/509c2_next_dist_compiled_react-dom_1698bfa6._.js:10230:9)
    at MessagePort.performWorkUntilDeadline (http://localhost:3000/_next/static/chunks/509c2_next_dist_compiled_9044104d._.js:2647:64) @ http://localhost:3000/_next/static/chunks/509c2_next_dist_512df543._.js:3127
[ 2074038ms] [ERROR] IntlError: MISSING_MESSAGE: Could not resolve `modules.dashboard` in messages for locale `login`.
    at getMessagesOrError (http://localhost:3000/_next/static/chunks/db2ad__pnpm_bc426aec._.js:3637:27)
    at createBaseTranslator (http://localhost:3000/_next/static/chunks/db2ad__pnpm_bc426aec._.js:3642:29)
    at useTranslationsImpl.useMemo[translate] (http://localhost:3000/_next/static/chunks/db2ad__pnpm_bc426aec._.js:4163:378)
    at mountMemo (http://localhost:3000/_next/static/chunks/509c2_next_dist_compiled_react-dom_1698bfa6._.js:5424:25)
    at Object.useMemo (http://localhost:3000/_next/static/chunks/509c2_next_dist_compiled_react-dom_1698bfa6._.js:15003:24)
    at exports.useMemo (http://localhost:3000/_next/static/chunks/509c2_next_dist_compiled_9044104d._.js:1742:36)
    at useTranslationsImpl (http://localhost:3000/_next/static/chunks/db2ad__pnpm_bc426aec._.js:4162:416)
    at useTranslations (http://localhost:3000/_next/static/chunks/db2ad__pnpm_bc426aec._.js:4201:12)
    at http://localhost:3000/_next/static/chunks/db2ad__pnpm_6cafc622._.js:70:20
    at DashboardPage (http://localhost:3000/_next/static/chunks/pi-cwd-20260601_admin-platform_d7a92737._.js:987:432)
    at Object.react_stack_bottom_frame (http://localhost:3000/_next/static/chunks/509c2_next_dist_compiled_react-dom_1698bfa6._.js:14826:24)
    at renderWithHooks (http://localhost:3000/_next/static/chunks/509c2_next_dist_compiled_react-dom_1698bfa6._.js:4651:24)
    at updateFunctionComponent (http://localhost:3000/_next/static/chunks/509c2_next_dist_compiled_react-dom_1698bfa6._.js:6112:21)
    at beginWork (http://localhost:3000/_next/static/chunks/509c2_next_dist_compiled_react-dom_1698bfa6._.js:6708:24)
    at runWithFiberInDEV (http://localhost:3000/_next/static/chunks/509c2_next_dist_compiled_react-dom_1698bfa6._.js:965:74)
    at performUnitOfWork (http://localhost:3000/_next/static/chunks/509c2_next_dist_compiled_react-dom_1698bfa6._.js:9562:97)
    at workLoopConcurrentByScheduler (http://localhost:3000/_next/static/chunks/509c2_next_dist_compiled_react-dom_1698bfa6._.js:9558:58)
    at renderRootConcurrent (http://localhost:3000/_next/static/chunks/509c2_next_dist_compiled_react-dom_1698bfa6._.js:9541:71)
    at performWorkOnRoot (http://localhost:3000/_next/static/chunks/509c2_next_dist_compiled_react-dom_1698bfa6._.js:9068:150)
    at performWorkOnRootViaSchedulerTask (http://localhost:3000/_next/static/chunks/509c2_next_dist_compiled_react-dom_1698bfa6._.js:10230:9)
    at MessagePort.performWorkUntilDeadline (http://localhost:3000/_next/static/chunks/509c2_next_dist_compiled_9044104d._.js:2647:64) @ http://localhost:3000/_next/static/chunks/509c2_next_dist_512df543._.js:3127
[ 2074038ms] [ERROR] IntlError: MISSING_MESSAGE: Could not resolve `modules.dashboard` in messages for locale `login`.
    at getMessagesOrError (http://localhost:3000/_next/static/chunks/db2ad__pnpm_bc426aec._.js:3637:27)
    at createBaseTranslator (http://localhost:3000/_next/static/chunks/db2ad__pnpm_bc426aec._.js:3642:29)
    at useTranslationsImpl.useMemo[translate] (http://localhost:3000/_next/static/chunks/db2ad__pnpm_bc426aec._.js:4163:378)
    at mountMemo (http://localhost:3000/_next/static/chunks/509c2_next_dist_compiled_react-dom_1698bfa6._.js:5424:25)
    at Object.useMemo (http://localhost:3000/_next/static/chunks/509c2_next_dist_compiled_react-dom_1698bfa6._.js:15003:24)
    at exports.useMemo (http://localhost:3000/_next/static/chunks/509c2_next_dist_compiled_9044104d._.js:1742:36)
    at useTranslationsImpl (http://localhost:3000/_next/static/chunks/db2ad__pnpm_bc426aec._.js:4162:416)
    at useTranslations (http://localhost:3000/_next/static/chunks/db2ad__pnpm_bc426aec._.js:4201:12)
    at http://localhost:3000/_next/static/chunks/db2ad__pnpm_6cafc622._.js:70:20
    at DashboardPage (http://localhost:3000/_next/static/chunks/pi-cwd-20260601_admin-platform_d7a92737._.js:987:432)
    at Object.react_stack_bottom_frame (http://localhost:3000/_next/static/chunks/509c2_next_dist_compiled_react-dom_1698bfa6._.js:14826:24)
    at renderWithHooks (http://localhost:3000/_next/static/chunks/509c2_next_dist_compiled_react-dom_1698bfa6._.js:4651:24)
    at updateFunctionComponent (http://localhost:3000/_next/static/chunks/509c2_next_dist_compiled_react-dom_1698bfa6._.js:6112:21)
    at beginWork (http://localhost:3000/_next/static/chunks/509c2_next_dist_compiled_react-dom_1698bfa6._.js:6708:24)
    at runWithFiberInDEV (http://localhost:3000/_next/static/chunks/509c2_next_dist_compiled_react-dom_1698bfa6._.js:965:74)
    at performUnitOfWork (http://localhost:3000/_next/static/chunks/509c2_next_dist_compiled_react-dom_1698bfa6._.js:9562:97)
    at workLoopConcurrentByScheduler (http://localhost:3000/_next/static/chunks/509c2_next_dist_compiled_react-dom_1698bfa6._.js:9558:58)
    at renderRootConcurrent (http://localhost:3000/_next/static/chunks/509c2_next_dist_compiled_react-dom_1698bfa6._.js:9541:71)
    at performWorkOnRoot (http://localhost:3000/_next/static/chunks/509c2_next_dist_compiled_react-dom_1698bfa6._.js:9068:150)
    at performWorkOnRootViaSchedulerTask (http://localhost:3000/_next/static/chunks/509c2_next_dist_compiled_react-dom_1698bfa6._.js:10230:9)
    at MessagePort.performWorkUntilDeadline (http://localhost:3000/_next/static/chunks/509c2_next_dist_compiled_9044104d._.js:2647:64) @ http://localhost:3000/_next/static/chunks/509c2_next_dist_512df543._.js:3127
[ 2074038ms] [ERROR] IntlError: MISSING_MESSAGE: Could not resolve `modules.dashboard` in messages for locale `login`.
    at getMessagesOrError (http://localhost:3000/_next/static/chunks/db2ad__pnpm_bc426aec._.js:3637:27)
    at createBaseTranslator (http://localhost:3000/_next/static/chunks/db2ad__pnpm_bc426aec._.js:3642:29)
    at useTranslationsImpl.useMemo[translate] (http://localhost:3000/_next/static/chunks/db2ad__pnpm_bc426aec._.js:4163:378)
    at mountMemo (http://localhost:3000/_next/static/chunks/509c2_next_dist_compiled_react-dom_1698bfa6._.js:5424:25)
    at Object.useMemo (http://localhost:3000/_next/static/chunks/509c2_next_dist_compiled_react-dom_1698bfa6._.js:15003:24)
    at exports.useMemo (http://localhost:3000/_next/static/chunks/509c2_next_dist_compiled_9044104d._.js:1742:36)
    at useTranslationsImpl (http://localhost:3000/_next/static/chunks/db2ad__pnpm_bc426aec._.js:4162:416)
    at useTranslations (http://localhost:3000/_next/static/chunks/db2ad__pnpm_bc426aec._.js:4201:12)
    at http://localhost:3000/_next/static/chunks/db2ad__pnpm_6cafc622._.js:70:20
    at DashboardPage (http://localhost:3000/_next/static/chunks/pi-cwd-20260601_admin-platform_d7a92737._.js:987:432)
    at Object.react_stack_bottom_frame (http://localhost:3000/_next/static/chunks/509c2_next_dist_compiled_react-dom_1698bfa6._.js:14826:24)
    at renderWithHooks (http://localhost:3000/_next/static/chunks/509c2_next_dist_compiled_react-dom_1698bfa6._.js:4651:24)
    at updateFunctionComponent (http://localhost:3000/_next/static/chunks/509c2_next_dist_compiled_react-dom_1698bfa6._.js:6112:21)
    at beginWork (http://localhost:3000/_next/static/chunks/509c2_next_dist_compiled_react-dom_1698bfa6._.js:6708:24)
    at runWithFiberInDEV (http://localhost:3000/_next/static/chunks/509c2_next_dist_compiled_react-dom_1698bfa6._.js:965:74)
    at performUnitOfWork (http://localhost:3000/_next/static/chunks/509c2_next_dist_compiled_react-dom_1698bfa6._.js:9562:97)
    at workLoopConcurrentByScheduler (http://localhost:3000/_next/static/chunks/509c2_next_dist_compiled_react-dom_1698bfa6._.js:9558:58)
    at renderRootConcurrent (http://localhost:3000/_next/static/chunks/509c2_next_dist_compiled_react-dom_1698bfa6._.js:9541:71)
    at performWorkOnRoot (http://localhost:3000/_next/static/chunks/509c2_next_dist_compiled_react-dom_1698bfa6._.js:9068:150)
    at performWorkOnRootViaSchedulerTask (http://localhost:3000/_next/static/chunks/509c2_next_dist_compiled_react-dom_1698bfa6._.js:10230:9)
    at MessagePort.performWorkUntilDeadline (http://localhost:3000/_next/static/chunks/509c2_next_dist_compiled_9044104d._.js:2647:64) @ http://localhost:3000/_next/static/chunks/509c2_next_dist_512df543._.js:3127
[ 2074039ms] [ERROR] IntlError: MISSING_MESSAGE: Could not resolve `modules.dashboard` in messages for locale `login`.
    at getMessagesOrError (http://localhost:3000/_next/static/chunks/db2ad__pnpm_bc426aec._.js:3637:27)
    at createBaseTranslator (http://localhost:3000/_next/static/chunks/db2ad__pnpm_bc426aec._.js:3642:29)
    at useTranslationsImpl.useMemo[translate] (http://localhost:3000/_next/static/chunks/db2ad__pnpm_bc426aec._.js:4163:378)
    at mountMemo (http://localhost:3000/_next/static/chunks/509c2_next_dist_compiled_react-dom_1698bfa6._.js:5424:25)
    at Object.useMemo (http://localhost:3000/_next/static/chunks/509c2_next_dist_compiled_react-dom_1698bfa6._.js:15003:24)
    at exports.useMemo (http://localhost:3000/_next/static/chunks/509c2_next_dist_compiled_9044104d._.js:1742:36)
    at useTranslationsImpl (http://localhost:3000/_next/static/chunks/db2ad__pnpm_bc426aec._.js:4162:416)
    at useTranslations (http://localhost:3000/_next/static/chunks/db2ad__pnpm_bc426aec._.js:4201:12)
    at http://localhost:3000/_next/static/chunks/db2ad__pnpm_6cafc622._.js:70:20
    at DashboardPage (http://localhost:3000/_next/static/chunks/pi-cwd-20260601_admin-platform_d7a92737._.js:987:432)
    at Object.react_stack_bottom_frame (http://localhost:3000/_next/static/chunks/509c2_next_dist_compiled_react-dom_1698bfa6._.js:14826:24)
    at renderWithHooks (http://localhost:3000/_next/static/chunks/509c2_next_dist_compiled_react-dom_1698bfa6._.js:4651:24)
    at updateFunctionComponent (http://localhost:3000/_next/static/chunks/509c2_next_dist_compiled_react-dom_1698bfa6._.js:6112:21)
    at beginWork (http://localhost:3000/_next/static/chunks/509c2_next_dist_compiled_react-dom_1698bfa6._.js:6708:24)
    at runWithFiberInDEV (http://localhost:3000/_next/static/chunks/509c2_next_dist_compiled_react-dom_1698bfa6._.js:965:74)
    at performUnitOfWork (http://localhost:3000/_next/static/chunks/509c2_next_dist_compiled_react-dom_1698bfa6._.js:9562:97)
    at workLoopConcurrentByScheduler (http://localhost:3000/_next/static/chunks/509c2_next_dist_compiled_react-dom_1698bfa6._.js:9558:58)
    at renderRootConcurrent (http://localhost:3000/_next/static/chunks/509c2_next_dist_compiled_react-dom_1698bfa6._.js:9541:71)
    at performWorkOnRoot (http://localhost:3000/_next/static/chunks/509c2_next_dist_compiled_react-dom_1698bfa6._.js:9068:150)
    at performWorkOnRootViaSchedulerTask (http://localhost:3000/_next/static/chunks/509c2_next_dist_compiled_react-dom_1698bfa6._.js:10230:9)
    at MessagePort.performWorkUntilDeadline (http://localhost:3000/_next/static/chunks/509c2_next_dist_compiled_9044104d._.js:2647:64) @ http://localhost:3000/_next/static/chunks/509c2_next_dist_512df543._.js:3127
[ 2074039ms] [ERROR] IntlError: MISSING_MESSAGE: Could not resolve `modules.dashboard` in messages for locale `login`.
    at getMessagesOrError (http://localhost:3000/_next/static/chunks/db2ad__pnpm_bc426aec._.js:3637:27)
    at createBaseTranslator (http://localhost:3000/_next/static/chunks/db2ad__pnpm_bc426aec._.js:3642:29)
    at useTranslationsImpl.useMemo[translate] (http://localhost:3000/_next/static/chunks/db2ad__pnpm_bc426aec._.js:4163:378)
    at mountMemo (http://localhost:3000/_next/static/chunks/509c2_next_dist_compiled_react-dom_1698bfa6._.js:5424:25)
    at Object.useMemo (http://localhost:3000/_next/static/chunks/509c2_next_dist_compiled_react-dom_1698bfa6._.js:15003:24)
    at exports.useMemo (http://localhost:3000/_next/static/chunks/509c2_next_dist_compiled_9044104d._.js:1742:36)
    at useTranslationsImpl (http://localhost:3000/_next/static/chunks/db2ad__pnpm_bc426aec._.js:4162:416)
    at useTranslations (http://localhost:3000/_next/static/chunks/db2ad__pnpm_bc426aec._.js:4201:12)
    at http://localhost:3000/_next/static/chunks/db2ad__pnpm_6cafc622._.js:70:20
    at DashboardPage (http://localhost:3000/_next/static/chunks/pi-cwd-20260601_admin-platform_d7a92737._.js:987:432)
    at Object.react_stack_bottom_frame (http://localhost:3000/_next/static/chunks/509c2_next_dist_compiled_react-dom_1698bfa6._.js:14826:24)
    at renderWithHooks (http://localhost:3000/_next/static/chunks/509c2_next_dist_compiled_react-dom_1698bfa6._.js:4651:24)
    at updateFunctionComponent (http://localhost:3000/_next/static/chunks/509c2_next_dist_compiled_react-dom_1698bfa6._.js:6112:21)
    at beginWork (http://localhost:3000/_next/static/chunks/509c2_next_dist_compiled_react-dom_1698bfa6._.js:6708:24)
    at runWithFiberInDEV (http://localhost:3000/_next/static/chunks/509c2_next_dist_compiled_react-dom_1698bfa6._.js:965:74)
    at performUnitOfWork (http://localhost:3000/_next/static/chunks/509c2_next_dist_compiled_react-dom_1698bfa6._.js:9562:97)
    at workLoopConcurrentByScheduler (http://localhost:3000/_next/static/chunks/509c2_next_dist_compiled_react-dom_1698bfa6._.js:9558:58)
    at renderRootConcurrent (http://localhost:3000/_next/static/chunks/509c2_next_dist_compiled_react-dom_1698bfa6._.js:9541:71)
    at performWorkOnRoot (http://localhost:3000/_next/static/chunks/509c2_next_dist_compiled_react-dom_1698bfa6._.js:9068:150)
    at performWorkOnRootViaSchedulerTask (http://localhost:3000/_next/static/chunks/509c2_next_dist_compiled_react-dom_1698bfa6._.js:10230:9)
    at MessagePort.performWorkUntilDeadline (http://localhost:3000/_next/static/chunks/509c2_next_dist_compiled_9044104d._.js:2647:64) @ http://localhost:3000/_next/static/chunks/509c2_next_dist_512df543._.js:3127
[ 2074042ms] [ERROR] IntlError: MISSING_MESSAGE: Could not resolve `modules.dashboard` in messages for locale `login`.
    at getMessagesOrError (http://localhost:3000/_next/static/chunks/db2ad__pnpm_bc426aec._.js:3637:27)
    at createBaseTranslator (http://localhost:3000/_next/static/chunks/db2ad__pnpm_bc426aec._.js:3642:29)
    at useTranslationsImpl.useMemo[translate] (http://localhost:3000/_next/static/chunks/db2ad__pnpm_bc426aec._.js:4163:378)
    at mountMemo (http://localhost:3000/_next/static/chunks/509c2_next_dist_compiled_react-dom_1698bfa6._.js:5424:25)
    at Object.useMemo (http://localhost:3000/_next/static/chunks/509c2_next_dist_compiled_react-dom_1698bfa6._.js:15003:24)
    at exports.useMemo (http://localhost:3000/_next/static/chunks/509c2_next_dist_compiled_9044104d._.js:1742:36)
    at useTranslationsImpl (http://localhost:3000/_next/static/chunks/db2ad__pnpm_bc426aec._.js:4162:416)
    at useTranslations (http://localhost:3000/_next/static/chunks/db2ad__pnpm_bc426aec._.js:4201:12)
    at http://localhost:3000/_next/static/chunks/db2ad__pnpm_6cafc622._.js:70:20
    at DashboardPage (http://localhost:3000/_next/static/chunks/pi-cwd-20260601_admin-platform_d7a92737._.js:987:432)
    at Object.react_stack_bottom_frame (http://localhost:3000/_next/static/chunks/509c2_next_dist_compiled_react-dom_1698bfa6._.js:14826:24)
    at renderWithHooks (http://localhost:3000/_next/static/chunks/509c2_next_dist_compiled_react-dom_1698bfa6._.js:4651:24)
    at updateFunctionComponent (http://localhost:3000/_next/static/chunks/509c2_next_dist_compiled_react-dom_1698bfa6._.js:6112:21)
    at beginWork (http://localhost:3000/_next/static/chunks/509c2_next_dist_compiled_react-dom_1698bfa6._.js:6708:24)
    at runWithFiberInDEV (http://localhost:3000/_next/static/chunks/509c2_next_dist_compiled_react-dom_1698bfa6._.js:965:74)
    at performUnitOfWork (http://localhost:3000/_next/static/chunks/509c2_next_dist_compiled_react-dom_1698bfa6._.js:9562:97)
    at workLoopConcurrentByScheduler (http://localhost:3000/_next/static/chunks/509c2_next_dist_compiled_react-dom_1698bfa6._.js:9558:58)
    at renderRootConcurrent (http://localhost:3000/_next/static/chunks/509c2_next_dist_compiled_react-dom_1698bfa6._.js:9541:71)
    at performWorkOnRoot (http://localhost:3000/_next/static/chunks/509c2_next_dist_compiled_react-dom_1698bfa6._.js:9068:150)
    at performWorkOnRootViaSchedulerTask (http://localhost:3000/_next/static/chunks/509c2_next_dist_compiled_react-dom_1698bfa6._.js:10230:9)
    at MessagePort.performWorkUntilDeadline (http://localhost:3000/_next/static/chunks/509c2_next_dist_compiled_9044104d._.js:2647:64) @ http://localhost:3000/_next/static/chunks/509c2_next_dist_512df543._.js:3127
[ 2074042ms] [ERROR] IntlError: MISSING_MESSAGE: Could not resolve `modules.dashboard` in messages for locale `login`.
    at getMessagesOrError (http://localhost:3000/_next/static/chunks/db2ad__pnpm_bc426aec._.js:3637:27)
    at createBaseTranslator (http://localhost:3000/_next/static/chunks/db2ad__pnpm_bc426aec._.js:3642:29)
    at useTranslationsImpl.useMemo[translate] (http://localhost:3000/_next/static/chunks/db2ad__pnpm_bc426aec._.js:4163:378)
    at mountMemo (http://localhost:3000/_next/static/chunks/509c2_next_dist_compiled_react-dom_1698bfa6._.js:5424:25)
    at Object.useMemo (http://localhost:3000/_next/static/chunks/509c2_next_dist_compiled_react-dom_1698bfa6._.js:15003:24)
    at exports.useMemo (http://localhost:3000/_next/static/chunks/509c2_next_dist_compiled_9044104d._.js:1742:36)
    at useTranslationsImpl (http://localhost:3000/_next/static/chunks/db2ad__pnpm_bc426aec._.js:4162:416)
    at useTranslations (http://localhost:3000/_next/static/chunks/db2ad__pnpm_bc426aec._.js:4201:12)
    at http://localhost:3000/_next/static/chunks/db2ad__pnpm_6cafc622._.js:70:20
    at DashboardPage (http://localhost:3000/_next/static/chunks/pi-cwd-20260601_admin-platform_d7a92737._.js:987:432)
    at Object.react_stack_bottom_frame (http://localhost:3000/_next/static/chunks/509c2_next_dist_compiled_react-dom_1698bfa6._.js:14826:24)
    at renderWithHooks (http://localhost:3000/_next/static/chunks/509c2_next_dist_compiled_react-dom_1698bfa6._.js:4651:24)
    at updateFunctionComponent (http://localhost:3000/_next/static/chunks/509c2_next_dist_compiled_react-dom_1698bfa6._.js:6112:21)
    at beginWork (http://localhost:3000/_next/static/chunks/509c2_next_dist_compiled_react-dom_1698bfa6._.js:6708:24)
    at runWithFiberInDEV (http://localhost:3000/_next/static/chunks/509c2_next_dist_compiled_react-dom_1698bfa6._.js:965:74)
    at performUnitOfWork (http://localhost:3000/_next/static/chunks/509c2_next_dist_compiled_react-dom_1698bfa6._.js:9562:97)
    at workLoopConcurrentByScheduler (http://localhost:3000/_next/static/chunks/509c2_next_dist_compiled_react-dom_1698bfa6._.js:9558:58)
    at renderRootConcurrent (http://localhost:3000/_next/static/chunks/509c2_next_dist_compiled_react-dom_1698bfa6._.js:9541:71)
    at performWorkOnRoot (http://localhost:3000/_next/static/chunks/509c2_next_dist_compiled_react-dom_1698bfa6._.js:9068:150)
    at performWorkOnRootViaSchedulerTask (http://localhost:3000/_next/static/chunks/509c2_next_dist_compiled_react-dom_1698bfa6._.js:10230:9)
    at MessagePort.performWorkUntilDeadline (http://localhost:3000/_next/static/chunks/509c2_next_dist_compiled_9044104d._.js:2647:64) @ http://localhost:3000/_next/static/chunks/509c2_next_dist_512df543._.js:3127
[ 2074042ms] [ERROR] IntlError: MISSING_MESSAGE: Could not resolve `modules.dashboard` in messages for locale `login`.
    at getMessagesOrError (http://localhost:3000/_next/static/chunks/db2ad__pnpm_bc426aec._.js:3637:27)
    at createBaseTranslator (http://localhost:3000/_next/static/chunks/db2ad__pnpm_bc426aec._.js:3642:29)
    at useTranslationsImpl.useMemo[translate] (http://localhost:3000/_next/static/chunks/db2ad__pnpm_bc426aec._.js:4163:378)
    at mountMemo (http://localhost:3000/_next/static/chunks/509c2_next_dist_compiled_react-dom_1698bfa6._.js:5424:25)
    at Object.useMemo (http://localhost:3000/_next/static/chunks/509c2_next_dist_compiled_react-dom_1698bfa6._.js:15003:24)
    at exports.useMemo (http://localhost:3000/_next/static/chunks/509c2_next_dist_compiled_9044104d._.js:1742:36)
    at useTranslationsImpl (http://localhost:3000/_next/static/chunks/db2ad__pnpm_bc426aec._.js:4162:416)
    at useTranslations (http://localhost:3000/_next/static/chunks/db2ad__pnpm_bc426aec._.js:4201:12)
    at http://localhost:3000/_next/static/chunks/db2ad__pnpm_6cafc622._.js:70:20
    at DashboardPage (http://localhost:3000/_next/static/chunks/pi-cwd-20260601_admin-platform_d7a92737._.js:987:432)
    at Object.react_stack_bottom_frame (http://localhost:3000/_next/static/chunks/509c2_next_dist_compiled_react-dom_1698bfa6._.js:14826:24)
    at renderWithHooks (http://localhost:3000/_next/static/chunks/509c2_next_dist_compiled_react-dom_1698bfa6._.js:4651:24)
    at updateFunctionComponent (http://localhost:3000/_next/static/chunks/509c2_next_dist_compiled_react-dom_1698bfa6._.js:6112:21)
    at beginWork (http://localhost:3000/_next/static/chunks/509c2_next_dist_compiled_react-dom_1698bfa6._.js:6708:24)
    at runWithFiberInDEV (http://localhost:3000/_next/static/chunks/509c2_next_dist_compiled_react-dom_1698bfa6._.js:965:74)
    at performUnitOfWork (http://localhost:3000/_next/static/chunks/509c2_next_dist_compiled_react-dom_1698bfa6._.js:9562:97)
    at workLoopConcurrentByScheduler (http://localhost:3000/_next/static/chunks/509c2_next_dist_compiled_react-dom_1698bfa6._.js:9558:58)
    at renderRootConcurrent (http://localhost:3000/_next/static/chunks/509c2_next_dist_compiled_react-dom_1698bfa6._.js:9541:71)
    at performWorkOnRoot (http://localhost:3000/_next/static/chunks/509c2_next_dist_compiled_react-dom_1698bfa6._.js:9068:150)
    at performWorkOnRootViaSchedulerTask (http://localhost:3000/_next/static/chunks/509c2_next_dist_compiled_react-dom_1698bfa6._.js:10230:9)
    at MessagePort.performWorkUntilDeadline (http://localhost:3000/_next/static/chunks/509c2_next_dist_compiled_9044104d._.js:2647:64) @ http://localhost:3000/_next/static/chunks/509c2_next_dist_512df543._.js:3127
[ 2074043ms] [ERROR] IntlError: MISSING_MESSAGE: Could not resolve `modules.dashboard` in messages for locale `login`.
    at getMessagesOrError (http://localhost:3000/_next/static/chunks/db2ad__pnpm_bc426aec._.js:3637:27)
    at createBaseTranslator (http://localhost:3000/_next/static/chunks/db2ad__pnpm_bc426aec._.js:3642:29)
    at useTranslationsImpl.useMemo[translate] (http://localhost:3000/_next/static/chunks/db2ad__pnpm_bc426aec._.js:4163:378)
    at mountMemo (http://localhost:3000/_next/static/chunks/509c2_next_dist_compiled_react-dom_1698bfa6._.js:5424:25)
    at Object.useMemo (http://localhost:3000/_next/static/chunks/509c2_next_dist_compiled_react-dom_1698bfa6._.js:15003:24)
    at exports.useMemo (http://localhost:3000/_next/static/chunks/509c2_next_dist_compiled_9044104d._.js:1742:36)
    at useTranslationsImpl (http://localhost:3000/_next/static/chunks/db2ad__pnpm_bc426aec._.js:4162:416)
    at useTranslations (http://localhost:3000/_next/static/chunks/db2ad__pnpm_bc426aec._.js:4201:12)
    at http://localhost:3000/_next/static/chunks/db2ad__pnpm_6cafc622._.js:70:20
    at DashboardPage (http://localhost:3000/_next/static/chunks/pi-cwd-20260601_admin-platform_d7a92737._.js:987:432)
    at Object.react_stack_bottom_frame (http://localhost:3000/_next/static/chunks/509c2_next_dist_compiled_react-dom_1698bfa6._.js:14826:24)
    at renderWithHooks (http://localhost:3000/_next/static/chunks/509c2_next_dist_compiled_react-dom_1698bfa6._.js:4651:24)
    at updateFunctionComponent (http://localhost:3000/_next/static/chunks/509c2_next_dist_compiled_react-dom_1698bfa6._.js:6112:21)
    at beginWork (http://localhost:3000/_next/static/chunks/509c2_next_dist_compiled_react-dom_1698bfa6._.js:6708:24)
    at runWithFiberInDEV (http://localhost:3000/_next/static/chunks/509c2_next_dist_compiled_react-dom_1698bfa6._.js:965:74)
    at performUnitOfWork (http://localhost:3000/_next/static/chunks/509c2_next_dist_compiled_react-dom_1698bfa6._.js:9562:97)
    at workLoopConcurrentByScheduler (http://localhost:3000/_next/static/chunks/509c2_next_dist_compiled_react-dom_1698bfa6._.js:9558:58)
    at renderRootConcurrent (http://localhost:3000/_next/static/chunks/509c2_next_dist_compiled_react-dom_1698bfa6._.js:9541:71)
    at performWorkOnRoot (http://localhost:3000/_next/static/chunks/509c2_next_dist_compiled_react-dom_1698bfa6._.js:9068:150)
    at performWorkOnRootViaSchedulerTask (http://localhost:3000/_next/static/chunks/509c2_next_dist_compiled_react-dom_1698bfa6._.js:10230:9)
    at MessagePort.performWorkUntilDeadline (http://localhost:3000/_next/static/chunks/509c2_next_dist_compiled_9044104d._.js:2647:64) @ http://localhost:3000/_next/static/chunks/509c2_next_dist_512df543._.js:3127
[ 2074043ms] [ERROR] IntlError: MISSING_MESSAGE: Could not resolve `modules.dashboard` in messages for locale `login`.
    at getMessagesOrError (http://localhost:3000/_next/static/chunks/db2ad__pnpm_bc426aec._.js:3637:27)
    at createBaseTranslator (http://localhost:3000/_next/static/chunks/db2ad__pnpm_bc426aec._.js:3642:29)
    at useTranslationsImpl.useMemo[translate] (http://localhost:3000/_next/static/chunks/db2ad__pnpm_bc426aec._.js:4163:378)
    at mountMemo (http://localhost:3000/_next/static/chunks/509c2_next_dist_compiled_react-dom_1698bfa6._.js:5424:25)
    at Object.useMemo (http://localhost:3000/_next/static/chunks/509c2_next_dist_compiled_react-dom_1698bfa6._.js:15003:24)
    at exports.useMemo (http://localhost:3000/_next/static/chunks/509c2_next_dist_compiled_9044104d._.js:1742:36)
    at useTranslationsImpl (http://localhost:3000/_next/static/chunks/db2ad__pnpm_bc426aec._.js:4162:416)
    at useTranslations (http://localhost:3000/_next/static/chunks/db2ad__pnpm_bc426aec._.js:4201:12)
    at http://localhost:3000/_next/static/chunks/db2ad__pnpm_6cafc622._.js:70:20
    at DashboardPage (http://localhost:3000/_next/static/chunks/pi-cwd-20260601_admin-platform_d7a92737._.js:987:432)
    at Object.react_stack_bottom_frame (http://localhost:3000/_next/static/chunks/509c2_next_dist_compiled_react-dom_1698bfa6._.js:14826:24)
    at renderWithHooks (http://localhost:3000/_next/static/chunks/509c2_next_dist_compiled_react-dom_1698bfa6._.js:4651:24)
    at updateFunctionComponent (http://localhost:3000/_next/static/chunks/509c2_next_dist_compiled_react-dom_1698bfa6._.js:6112:21)
    at beginWork (http://localhost:3000/_next/static/chunks/509c2_next_dist_compiled_react-dom_1698bfa6._.js:6708:24)
    at runWithFiberInDEV (http://localhost:3000/_next/static/chunks/509c2_next_dist_compiled_react-dom_1698bfa6._.js:965:74)
    at performUnitOfWork (http://localhost:3000/_next/static/chunks/509c2_next_dist_compiled_react-dom_1698bfa6._.js:9562:97)
    at workLoopConcurrentByScheduler (http://localhost:3000/_next/static/chunks/509c2_next_dist_compiled_react-dom_1698bfa6._.js:9558:58)
    at renderRootConcurrent (http://localhost:3000/_next/static/chunks/509c2_next_dist_compiled_react-dom_1698bfa6._.js:9541:71)
    at performWorkOnRoot (http://localhost:3000/_next/static/chunks/509c2_next_dist_compiled_react-dom_1698bfa6._.js:9068:150)
    at performWorkOnRootViaSchedulerTask (http://localhost:3000/_next/static/chunks/509c2_next_dist_compiled_react-dom_1698bfa6._.js:10230:9)
    at MessagePort.performWorkUntilDeadline (http://localhost:3000/_next/static/chunks/509c2_next_dist_compiled_9044104d._.js:2647:64) @ http://localhost:3000/_next/static/chunks/509c2_next_dist_512df543._.js:3127
[ 2074043ms] [ERROR] IntlError: MISSING_MESSAGE: Could not resolve `modules.dashboard` in messages for locale `login`.
    at getMessagesOrError (http://localhost:3000/_next/static/chunks/db2ad__pnpm_bc426aec._.js:3637:27)
    at createBaseTranslator (http://localhost:3000/_next/static/chunks/db2ad__pnpm_bc426aec._.js:3642:29)
    at useTranslationsImpl.useMemo[translate] (http://localhost:3000/_next/static/chunks/db2ad__pnpm_bc426aec._.js:4163:378)
    at mountMemo (http://localhost:3000/_next/static/chunks/509c2_next_dist_compiled_react-dom_1698bfa6._.js:5424:25)
    at Object.useMemo (http://localhost:3000/_next/static/chunks/509c2_next_dist_compiled_react-dom_1698bfa6._.js:15003:24)
    at exports.useMemo (http://localhost:3000/_next/static/chunks/509c2_next_dist_compiled_9044104d._.js:1742:36)
    at useTranslationsImpl (http://localhost:3000/_next/static/chunks/db2ad__pnpm_bc426aec._.js:4162:416)
    at useTranslations (http://localhost:3000/_next/static/chunks/db2ad__pnpm_bc426aec._.js:4201:12)
    at http://localhost:3000/_next/static/chunks/db2ad__pnpm_6cafc622._.js:70:20
    at DashboardPage (http://localhost:3000/_next/static/chunks/pi-cwd-20260601_admin-platform_d7a92737._.js:987:432)
    at Object.react_stack_bottom_frame (http://localhost:3000/_next/static/chunks/509c2_next_dist_compiled_react-dom_1698bfa6._.js:14826:24)
    at renderWithHooks (http://localhost:3000/_next/static/chunks/509c2_next_dist_compiled_react-dom_1698bfa6._.js:4651:24)
    at updateFunctionComponent (http://localhost:3000/_next/static/chunks/509c2_next_dist_compiled_react-dom_1698bfa6._.js:6112:21)
    at beginWork (http://localhost:3000/_next/static/chunks/509c2_next_dist_compiled_react-dom_1698bfa6._.js:6708:24)
    at runWithFiberInDEV (http://localhost:3000/_next/static/chunks/509c2_next_dist_compiled_react-dom_1698bfa6._.js:965:74)
    at performUnitOfWork (http://localhost:3000/_next/static/chunks/509c2_next_dist_compiled_react-dom_1698bfa6._.js:9562:97)
    at workLoopConcurrentByScheduler (http://localhost:3000/_next/static/chunks/509c2_next_dist_compiled_react-dom_1698bfa6._.js:9558:58)
    at renderRootConcurrent (http://localhost:3000/_next/static/chunks/509c2_next_dist_compiled_react-dom_1698bfa6._.js:9541:71)
    at performWorkOnRoot (http://localhost:3000/_next/static/chunks/509c2_next_dist_compiled_react-dom_1698bfa6._.js:9068:150)
    at performWorkOnRootViaSchedulerTask (http://localhost:3000/_next/static/chunks/509c2_next_dist_compiled_react-dom_1698bfa6._.js:10230:9)
    at MessagePort.performWorkUntilDeadline (http://localhost:3000/_next/static/chunks/509c2_next_dist_compiled_9044104d._.js:2647:64) @ http://localhost:3000/_next/static/chunks/509c2_next_dist_512df543._.js:3127
[ 2074044ms] [ERROR] IntlError: MISSING_MESSAGE: Could not resolve `modules.dashboard` in messages for locale `login`.
    at getMessagesOrError (http://localhost:3000/_next/static/chunks/db2ad__pnpm_bc426aec._.js:3637:27)
    at createBaseTranslator (http://localhost:3000/_next/static/chunks/db2ad__pnpm_bc426aec._.js:3642:29)
    at useTranslationsImpl.useMemo[translate] (http://localhost:3000/_next/static/chunks/db2ad__pnpm_bc426aec._.js:4163:378)
    at mountMemo (http://localhost:3000/_next/static/chunks/509c2_next_dist_compiled_react-dom_1698bfa6._.js:5424:25)
    at Object.useMemo (http://localhost:3000/_next/static/chunks/509c2_next_dist_compiled_react-dom_1698bfa6._.js:15003:24)
    at exports.useMemo (http://localhost:3000/_next/static/chunks/509c2_next_dist_compiled_9044104d._.js:1742:36)
    at useTranslationsImpl (http://localhost:3000/_next/static/chunks/db2ad__pnpm_bc426aec._.js:4162:416)
    at useTranslations (http://localhost:3000/_next/static/chunks/db2ad__pnpm_bc426aec._.js:4201:12)
    at http://localhost:3000/_next/static/chunks/db2ad__pnpm_6cafc622._.js:70:20
    at DashboardPage (http://localhost:3000/_next/static/chunks/pi-cwd-20260601_admin-platform_d7a92737._.js:987:432)
    at Object.react_stack_bottom_frame (http://localhost:3000/_next/static/chunks/509c2_next_dist_compiled_react-dom_1698bfa6._.js:14826:24)
    at renderWithHooks (http://localhost:3000/_next/static/chunks/509c2_next_dist_compiled_react-dom_1698bfa6._.js:4651:24)
    at updateFunctionComponent (http://localhost:3000/_next/static/chunks/509c2_next_dist_compiled_react-dom_1698bfa6._.js:6112:21)
    at beginWork (http://localhost:3000/_next/static/chunks/509c2_next_dist_compiled_react-dom_1698bfa6._.js:6708:24)
    at runWithFiberInDEV (http://localhost:3000/_next/static/chunks/509c2_next_dist_compiled_react-dom_1698bfa6._.js:965:74)
    at performUnitOfWork (http://localhost:3000/_next/static/chunks/509c2_next_dist_compiled_react-dom_1698bfa6._.js:9562:97)
    at workLoopConcurrentByScheduler (http://localhost:3000/_next/static/chunks/509c2_next_dist_compiled_react-dom_1698bfa6._.js:9558:58)
    at renderRootConcurrent (http://localhost:3000/_next/static/chunks/509c2_next_dist_compiled_react-dom_1698bfa6._.js:9541:71)
    at performWorkOnRoot (http://localhost:3000/_next/static/chunks/509c2_next_dist_compiled_react-dom_1698bfa6._.js:9068:150)
    at performWorkOnRootViaSchedulerTask (http://localhost:3000/_next/static/chunks/509c2_next_dist_compiled_react-dom_1698bfa6._.js:10230:9)
    at MessagePort.performWorkUntilDeadline (http://localhost:3000/_next/static/chunks/509c2_next_dist_compiled_9044104d._.js:2647:64) @ http://localhost:3000/_next/static/chunks/509c2_next_dist_512df543._.js:3127
[ 2074044ms] [ERROR] IntlError: MISSING_MESSAGE: Could not resolve `modules.dashboard` in messages for locale `login`.
    at getMessagesOrError (http://localhost:3000/_next/static/chunks/db2ad__pnpm_bc426aec._.js:3637:27)
    at createBaseTranslator (http://localhost:3000/_next/static/chunks/db2ad__pnpm_bc426aec._.js:3642:29)
    at useTranslationsImpl.useMemo[translate] (http://localhost:3000/_next/static/chunks/db2ad__pnpm_bc426aec._.js:4163:378)
    at mountMemo (http://localhost:3000/_next/static/chunks/509c2_next_dist_compiled_react-dom_1698bfa6._.js:5424:25)
    at Object.useMemo (http://localhost:3000/_next/static/chunks/509c2_next_dist_compiled_react-dom_1698bfa6._.js:15003:24)
    at exports.useMemo (http://localhost:3000/_next/static/chunks/509c2_next_dist_compiled_9044104d._.js:1742:36)
    at useTranslationsImpl (http://localhost:3000/_next/static/chunks/db2ad__pnpm_bc426aec._.js:4162:416)
    at useTranslations (http://localhost:3000/_next/static/chunks/db2ad__pnpm_bc426aec._.js:4201:12)
    at http://localhost:3000/_next/static/chunks/db2ad__pnpm_6cafc622._.js:70:20
    at DashboardPage (http://localhost:3000/_next/static/chunks/pi-cwd-20260601_admin-platform_d7a92737._.js:987:432)
    at Object.react_stack_bottom_frame (http://localhost:3000/_next/static/chunks/509c2_next_dist_compiled_react-dom_1698bfa6._.js:14826:24)
    at renderWithHooks (http://localhost:3000/_next/static/chunks/509c2_next_dist_compiled_react-dom_1698bfa6._.js:4651:24)
    at updateFunctionComponent (http://localhost:3000/_next/static/chunks/509c2_next_dist_compiled_react-dom_1698bfa6._.js:6112:21)
    at beginWork (http://localhost:3000/_next/static/chunks/509c2_next_dist_compiled_react-dom_1698bfa6._.js:6708:24)
    at runWithFiberInDEV (http://localhost:3000/_next/static/chunks/509c2_next_dist_compiled_react-dom_1698bfa6._.js:965:74)
    at performUnitOfWork (http://localhost:3000/_next/static/chunks/509c2_next_dist_compiled_react-dom_1698bfa6._.js:9562:97)
    at workLoopConcurrentByScheduler (http://localhost:3000/_next/static/chunks/509c2_next_dist_compiled_react-dom_1698bfa6._.js:9558:58)
    at renderRootConcurrent (http://localhost:3000/_next/static/chunks/509c2_next_dist_compiled_react-dom_1698bfa6._.js:9541:71)
    at performWorkOnRoot (http://localhost:3000/_next/static/chunks/509c2_next_dist_compiled_react-dom_1698bfa6._.js:9068:150)
    at performWorkOnRootViaSchedulerTask (http://localhost:3000/_next/static/chunks/509c2_next_dist_compiled_react-dom_1698bfa6._.js:10230:9)
    at MessagePort.performWorkUntilDeadline (http://localhost:3000/_next/static/chunks/509c2_next_dist_compiled_9044104d._.js:2647:64) @ http://localhost:3000/_next/static/chunks/509c2_next_dist_512df543._.js:3127
[ 2074059ms] [ERROR] IntlError: MISSING_MESSAGE: Could not resolve `modules.dashboard` in messages for locale `login`.
    at getMessagesOrError (http://localhost:3000/_next/static/chunks/db2ad__pnpm_bc426aec._.js:3637:27)
    at createBaseTranslator (http://localhost:3000/_next/static/chunks/db2ad__pnpm_bc426aec._.js:3642:29)
    at useTranslationsImpl.useMemo[translate] (http://localhost:3000/_next/static/chunks/db2ad__pnpm_bc426aec._.js:4163:378)
    at mountMemo (http://localhost:3000/_next/static/chunks/509c2_next_dist_compiled_react-dom_1698bfa6._.js:5424:25)
    at Object.useMemo (http://localhost:3000/_next/static/chunks/509c2_next_dist_compiled_react-dom_1698bfa6._.js:15003:24)
    at exports.useMemo (http://localhost:3000/_next/static/chunks/509c2_next_dist_compiled_9044104d._.js:1742:36)
    at useTranslationsImpl (http://localhost:3000/_next/static/chunks/db2ad__pnpm_bc426aec._.js:4162:416)
    at useTranslations (http://localhost:3000/_next/static/chunks/db2ad__pnpm_bc426aec._.js:4201:12)
    at http://localhost:3000/_next/static/chunks/db2ad__pnpm_6cafc622._.js:70:20
    at DashboardPage (http://localhost:3000/_next/static/chunks/pi-cwd-20260601_admin-platform_d7a92737._.js:987:432)
    at Object.react_stack_bottom_frame (http://localhost:3000/_next/static/chunks/509c2_next_dist_compiled_react-dom_1698bfa6._.js:14826:24)
    at renderWithHooks (http://localhost:3000/_next/static/chunks/509c2_next_dist_compiled_react-dom_1698bfa6._.js:4651:24)
    at updateFunctionComponent (http://localhost:3000/_next/static/chunks/509c2_next_dist_compiled_react-dom_1698bfa6._.js:6112:21)
    at beginWork (http://localhost:3000/_next/static/chunks/509c2_next_dist_compiled_react-dom_1698bfa6._.js:6708:24)
    at runWithFiberInDEV (http://localhost:3000/_next/static/chunks/509c2_next_dist_compiled_react-dom_1698bfa6._.js:965:74)
    at performUnitOfWork (http://localhost:3000/_next/static/chunks/509c2_next_dist_compiled_react-dom_1698bfa6._.js:9562:97)
    at workLoopConcurrentByScheduler (http://localhost:3000/_next/static/chunks/509c2_next_dist_compiled_react-dom_1698bfa6._.js:9558:58)
    at renderRootConcurrent (http://localhost:3000/_next/static/chunks/509c2_next_dist_compiled_react-dom_1698bfa6._.js:9541:71)
    at performWorkOnRoot (http://localhost:3000/_next/static/chunks/509c2_next_dist_compiled_react-dom_1698bfa6._.js:9068:150)
    at performWorkOnRootViaSchedulerTask (http://localhost:3000/_next/static/chunks/509c2_next_dist_compiled_react-dom_1698bfa6._.js:10230:9)
    at MessagePort.performWorkUntilDeadline (http://localhost:3000/_next/static/chunks/509c2_next_dist_compiled_9044104d._.js:2647:64) @ http://localhost:3000/_next/static/chunks/509c2_next_dist_512df543._.js:3127
[ 2074060ms] [ERROR] IntlError: MISSING_MESSAGE: Could not resolve `modules.dashboard` in messages for locale `login`.
    at getMessagesOrError (http://localhost:3000/_next/static/chunks/db2ad__pnpm_bc426aec._.js:3637:27)
    at createBaseTranslator (http://localhost:3000/_next/static/chunks/db2ad__pnpm_bc426aec._.js:3642:29)
    at useTranslationsImpl.useMemo[translate] (http://localhost:3000/_next/static/chunks/db2ad__pnpm_bc426aec._.js:4163:378)
    at mountMemo (http://localhost:3000/_next/static/chunks/509c2_next_dist_compiled_react-dom_1698bfa6._.js:5424:25)
    at Object.useMemo (http://localhost:3000/_next/static/chunks/509c2_next_dist_compiled_react-dom_1698bfa6._.js:15003:24)
    at exports.useMemo (http://localhost:3000/_next/static/chunks/509c2_next_dist_compiled_9044104d._.js:1742:36)
    at useTranslationsImpl (http://localhost:3000/_next/static/chunks/db2ad__pnpm_bc426aec._.js:4162:416)
    at useTranslations (http://localhost:3000/_next/static/chunks/db2ad__pnpm_bc426aec._.js:4201:12)
    at http://localhost:3000/_next/static/chunks/db2ad__pnpm_6cafc622._.js:70:20
    at DashboardPage (http://localhost:3000/_next/static/chunks/pi-cwd-20260601_admin-platform_d7a92737._.js:987:432)
    at Object.react_stack_bottom_frame (http://localhost:3000/_next/static/chunks/509c2_next_dist_compiled_react-dom_1698bfa6._.js:14826:24)
    at renderWithHooks (http://localhost:3000/_next/static/chunks/509c2_next_dist_compiled_react-dom_1698bfa6._.js:4651:24)
    at updateFunctionComponent (http://localhost:3000/_next/static/chunks/509c2_next_dist_compiled_react-dom_1698bfa6._.js:6112:21)
    at beginWork (http://localhost:3000/_next/static/chunks/509c2_next_dist_compiled_react-dom_1698bfa6._.js:6708:24)
    at runWithFiberInDEV (http://localhost:3000/_next/static/chunks/509c2_next_dist_compiled_react-dom_1698bfa6._.js:965:74)
    at performUnitOfWork (http://localhost:3000/_next/static/chunks/509c2_next_dist_compiled_react-dom_1698bfa6._.js:9562:97)
    at workLoopConcurrentByScheduler (http://localhost:3000/_next/static/chunks/509c2_next_dist_compiled_react-dom_1698bfa6._.js:9558:58)
    at renderRootConcurrent (http://localhost:3000/_next/static/chunks/509c2_next_dist_compiled_react-dom_1698bfa6._.js:9541:71)
    at performWorkOnRoot (http://localhost:3000/_next/static/chunks/509c2_next_dist_compiled_react-dom_1698bfa6._.js:9068:150)
    at performWorkOnRootViaSchedulerTask (http://localhost:3000/_next/static/chunks/509c2_next_dist_compiled_react-dom_1698bfa6._.js:10230:9)
    at MessagePort.performWorkUntilDeadline (http://localhost:3000/_next/static/chunks/509c2_next_dist_compiled_9044104d._.js:2647:64) @ http://localhost:3000/_next/static/chunks/509c2_next_dist_512df543._.js:3127
[ 2074060ms] [ERROR] IntlError: MISSING_MESSAGE: Could not resolve `modules.dashboard` in messages for locale `login`.
    at getMessagesOrError (http://localhost:3000/_next/static/chunks/db2ad__pnpm_bc426aec._.js:3637:27)
    at createBaseTranslator (http://localhost:3000/_next/static/chunks/db2ad__pnpm_bc426aec._.js:3642:29)
    at useTranslationsImpl.useMemo[translate] (http://localhost:3000/_next/static/chunks/db2ad__pnpm_bc426aec._.js:4163:378)
    at mountMemo (http://localhost:3000/_next/static/chunks/509c2_next_dist_compiled_react-dom_1698bfa6._.js:5424:25)
    at Object.useMemo (http://localhost:3000/_next/static/chunks/509c2_next_dist_compiled_react-dom_1698bfa6._.js:15003:24)
    at exports.useMemo (http://localhost:3000/_next/static/chunks/509c2_next_dist_compiled_9044104d._.js:1742:36)
    at useTranslationsImpl (http://localhost:3000/_next/static/chunks/db2ad__pnpm_bc426aec._.js:4162:416)
    at useTranslations (http://localhost:3000/_next/static/chunks/db2ad__pnpm_bc426aec._.js:4201:12)
    at http://localhost:3000/_next/static/chunks/db2ad__pnpm_6cafc622._.js:70:20
    at DashboardPage (http://localhost:3000/_next/static/chunks/pi-cwd-20260601_admin-platform_d7a92737._.js:987:432)
    at Object.react_stack_bottom_frame (http://localhost:3000/_next/static/chunks/509c2_next_dist_compiled_react-dom_1698bfa6._.js:14826:24)
    at renderWithHooks (http://localhost:3000/_next/static/chunks/509c2_next_dist_compiled_react-dom_1698bfa6._.js:4651:24)
    at updateFunctionComponent (http://localhost:3000/_next/static/chunks/509c2_next_dist_compiled_react-dom_1698bfa6._.js:6112:21)
    at beginWork (http://localhost:3000/_next/static/chunks/509c2_next_dist_compiled_react-dom_1698bfa6._.js:6708:24)
    at runWithFiberInDEV (http://localhost:3000/_next/static/chunks/509c2_next_dist_compiled_react-dom_1698bfa6._.js:965:74)
    at performUnitOfWork (http://localhost:3000/_next/static/chunks/509c2_next_dist_compiled_react-dom_1698bfa6._.js:9562:97)
    at workLoopConcurrentByScheduler (http://localhost:3000/_next/static/chunks/509c2_next_dist_compiled_react-dom_1698bfa6._.js:9558:58)
    at renderRootConcurrent (http://localhost:3000/_next/static/chunks/509c2_next_dist_compiled_react-dom_1698bfa6._.js:9541:71)
    at performWorkOnRoot (http://localhost:3000/_next/static/chunks/509c2_next_dist_compiled_react-dom_1698bfa6._.js:9068:150)
    at performWorkOnRootViaSchedulerTask (http://localhost:3000/_next/static/chunks/509c2_next_dist_compiled_react-dom_1698bfa6._.js:10230:9)
    at MessagePort.performWorkUntilDeadline (http://localhost:3000/_next/static/chunks/509c2_next_dist_compiled_9044104d._.js:2647:64) @ http://localhost:3000/_next/static/chunks/509c2_next_dist_512df543._.js:3127
[ 2074060ms] [ERROR] IntlError: MISSING_MESSAGE: Could not resolve `modules.dashboard` in messages for locale `login`.
    at getMessagesOrError (http://localhost:3000/_next/static/chunks/db2ad__pnpm_bc426aec._.js:3637:27)
    at createBaseTranslator (http://localhost:3000/_next/static/chunks/db2ad__pnpm_bc426aec._.js:3642:29)
    at useTranslationsImpl.useMemo[translate] (http://localhost:3000/_next/static/chunks/db2ad__pnpm_bc426aec._.js:4163:378)
    at mountMemo (http://localhost:3000/_next/static/chunks/509c2_next_dist_compiled_react-dom_1698bfa6._.js:5424:25)
    at Object.useMemo (http://localhost:3000/_next/static/chunks/509c2_next_dist_compiled_react-dom_1698bfa6._.js:15003:24)
    at exports.useMemo (http://localhost:3000/_next/static/chunks/509c2_next_dist_compiled_9044104d._.js:1742:36)
    at useTranslationsImpl (http://localhost:3000/_next/static/chunks/db2ad__pnpm_bc426aec._.js:4162:416)
    at useTranslations (http://localhost:3000/_next/static/chunks/db2ad__pnpm_bc426aec._.js:4201:12)
    at http://localhost:3000/_next/static/chunks/db2ad__pnpm_6cafc622._.js:70:20
    at DashboardPage (http://localhost:3000/_next/static/chunks/pi-cwd-20260601_admin-platform_d7a92737._.js:987:432)
    at Object.react_stack_bottom_frame (http://localhost:3000/_next/static/chunks/509c2_next_dist_compiled_react-dom_1698bfa6._.js:14826:24)
    at renderWithHooks (http://localhost:3000/_next/static/chunks/509c2_next_dist_compiled_react-dom_1698bfa6._.js:4651:24)
    at updateFunctionComponent (http://localhost:3000/_next/static/chunks/509c2_next_dist_compiled_react-dom_1698bfa6._.js:6112:21)
    at beginWork (http://localhost:3000/_next/static/chunks/509c2_next_dist_compiled_react-dom_1698bfa6._.js:6708:24)
    at runWithFiberInDEV (http://localhost:3000/_next/static/chunks/509c2_next_dist_compiled_react-dom_1698bfa6._.js:965:74)
    at performUnitOfWork (http://localhost:3000/_next/static/chunks/509c2_next_dist_compiled_react-dom_1698bfa6._.js:9562:97)
    at workLoopConcurrentByScheduler (http://localhost:3000/_next/static/chunks/509c2_next_dist_compiled_react-dom_1698bfa6._.js:9558:58)
    at renderRootConcurrent (http://localhost:3000/_next/static/chunks/509c2_next_dist_compiled_react-dom_1698bfa6._.js:9541:71)
    at performWorkOnRoot (http://localhost:3000/_next/static/chunks/509c2_next_dist_compiled_react-dom_1698bfa6._.js:9068:150)
    at performWorkOnRootViaSchedulerTask (http://localhost:3000/_next/static/chunks/509c2_next_dist_compiled_react-dom_1698bfa6._.js:10230:9)
    at MessagePort.performWorkUntilDeadline (http://localhost:3000/_next/static/chunks/509c2_next_dist_compiled_9044104d._.js:2647:64) @ http://localhost:3000/_next/static/chunks/509c2_next_dist_512df543._.js:3127
[ 2074061ms] [ERROR] IntlError: MISSING_MESSAGE: Could not resolve `modules.dashboard` in messages for locale `login`.
    at getMessagesOrError (http://localhost:3000/_next/static/chunks/db2ad__pnpm_bc426aec._.js:3637:27)
    at createBaseTranslator (http://localhost:3000/_next/static/chunks/db2ad__pnpm_bc426aec._.js:3642:29)
    at useTranslationsImpl.useMemo[translate] (http://localhost:3000/_next/static/chunks/db2ad__pnpm_bc426aec._.js:4163:378)
    at mountMemo (http://localhost:3000/_next/static/chunks/509c2_next_dist_compiled_react-dom_1698bfa6._.js:5424:25)
    at Object.useMemo (http://localhost:3000/_next/static/chunks/509c2_next_dist_compiled_react-dom_1698bfa6._.js:15003:24)
    at exports.useMemo (http://localhost:3000/_next/static/chunks/509c2_next_dist_compiled_9044104d._.js:1742:36)
    at useTranslationsImpl (http://localhost:3000/_next/static/chunks/db2ad__pnpm_bc426aec._.js:4162:416)
    at useTranslations (http://localhost:3000/_next/static/chunks/db2ad__pnpm_bc426aec._.js:4201:12)
    at http://localhost:3000/_next/static/chunks/db2ad__pnpm_6cafc622._.js:70:20
    at DashboardPage (http://localhost:3000/_next/static/chunks/pi-cwd-20260601_admin-platform_d7a92737._.js:987:432)
    at Object.react_stack_bottom_frame (http://localhost:3000/_next/static/chunks/509c2_next_dist_compiled_react-dom_1698bfa6._.js:14826:24)
    at renderWithHooks (http://localhost:3000/_next/static/chunks/509c2_next_dist_compiled_react-dom_1698bfa6._.js:4651:24)
    at updateFunctionComponent (http://localhost:3000/_next/static/chunks/509c2_next_dist_compiled_react-dom_1698bfa6._.js:6112:21)
    at beginWork (http://localhost:3000/_next/static/chunks/509c2_next_dist_compiled_react-dom_1698bfa6._.js:6708:24)
    at runWithFiberInDEV (http://localhost:3000/_next/static/chunks/509c2_next_dist_compiled_react-dom_1698bfa6._.js:965:74)
    at performUnitOfWork (http://localhost:3000/_next/static/chunks/509c2_next_dist_compiled_react-dom_1698bfa6._.js:9562:97)
    at workLoopConcurrentByScheduler (http://localhost:3000/_next/static/chunks/509c2_next_dist_compiled_react-dom_1698bfa6._.js:9558:58)
    at renderRootConcurrent (http://localhost:3000/_next/static/chunks/509c2_next_dist_compiled_react-dom_1698bfa6._.js:9541:71)
    at performWorkOnRoot (http://localhost:3000/_next/static/chunks/509c2_next_dist_compiled_react-dom_1698bfa6._.js:9068:150)
    at performWorkOnRootViaSchedulerTask (http://localhost:3000/_next/static/chunks/509c2_next_dist_compiled_react-dom_1698bfa6._.js:10230:9)
    at MessagePort.performWorkUntilDeadline (http://localhost:3000/_next/static/chunks/509c2_next_dist_compiled_9044104d._.js:2647:64) @ http://localhost:3000/_next/static/chunks/509c2_next_dist_512df543._.js:3127
[ 2074061ms] [ERROR] IntlError: MISSING_MESSAGE: Could not resolve `modules.dashboard` in messages for locale `login`.
    at getMessagesOrError (http://localhost:3000/_next/static/chunks/db2ad__pnpm_bc426aec._.js:3637:27)
    at createBaseTranslator (http://localhost:3000/_next/static/chunks/db2ad__pnpm_bc426aec._.js:3642:29)
    at useTranslationsImpl.useMemo[translate] (http://localhost:3000/_next/static/chunks/db2ad__pnpm_bc426aec._.js:4163:378)
    at mountMemo (http://localhost:3000/_next/static/chunks/509c2_next_dist_compiled_react-dom_1698bfa6._.js:5424:25)
    at Object.useMemo (http://localhost:3000/_next/static/chunks/509c2_next_dist_compiled_react-dom_1698bfa6._.js:15003:24)
    at exports.useMemo (http://localhost:3000/_next/static/chunks/509c2_next_dist_compiled_9044104d._.js:1742:36)
    at useTranslationsImpl (http://localhost:3000/_next/static/chunks/db2ad__pnpm_bc426aec._.js:4162:416)
    at useTranslations (http://localhost:3000/_next/static/chunks/db2ad__pnpm_bc426aec._.js:4201:12)
    at http://localhost:3000/_next/static/chunks/db2ad__pnpm_6cafc622._.js:70:20
    at DashboardPage (http://localhost:3000/_next/static/chunks/pi-cwd-20260601_admin-platform_d7a92737._.js:987:432)
    at Object.react_stack_bottom_frame (http://localhost:3000/_next/static/chunks/509c2_next_dist_compiled_react-dom_1698bfa6._.js:14826:24)
    at renderWithHooks (http://localhost:3000/_next/static/chunks/509c2_next_dist_compiled_react-dom_1698bfa6._.js:4651:24)
    at updateFunctionComponent (http://localhost:3000/_next/static/chunks/509c2_next_dist_compiled_react-dom_1698bfa6._.js:6112:21)
    at beginWork (http://localhost:3000/_next/static/chunks/509c2_next_dist_compiled_react-dom_1698bfa6._.js:6708:24)
    at runWithFiberInDEV (http://localhost:3000/_next/static/chunks/509c2_next_dist_compiled_react-dom_1698bfa6._.js:965:74)
    at performUnitOfWork (http://localhost:3000/_next/static/chunks/509c2_next_dist_compiled_react-dom_1698bfa6._.js:9562:97)
    at workLoopConcurrentByScheduler (http://localhost:3000/_next/static/chunks/509c2_next_dist_compiled_react-dom_1698bfa6._.js:9558:58)
    at renderRootConcurrent (http://localhost:3000/_next/static/chunks/509c2_next_dist_compiled_react-dom_1698bfa6._.js:9541:71)
    at performWorkOnRoot (http://localhost:3000/_next/static/chunks/509c2_next_dist_compiled_react-dom_1698bfa6._.js:9068:150)
    at performWorkOnRootViaSchedulerTask (http://localhost:3000/_next/static/chunks/509c2_next_dist_compiled_react-dom_1698bfa6._.js:10230:9)
    at MessagePort.performWorkUntilDeadline (http://localhost:3000/_next/static/chunks/509c2_next_dist_compiled_9044104d._.js:2647:64) @ http://localhost:3000/_next/static/chunks/509c2_next_dist_512df543._.js:3127
[ 2074061ms] [ERROR] IntlError: MISSING_MESSAGE: Could not resolve `modules.dashboard` in messages for locale `login`.
    at getMessagesOrError (http://localhost:3000/_next/static/chunks/db2ad__pnpm_bc426aec._.js:3637:27)
    at createBaseTranslator (http://localhost:3000/_next/static/chunks/db2ad__pnpm_bc426aec._.js:3642:29)
    at useTranslationsImpl.useMemo[translate] (http://localhost:3000/_next/static/chunks/db2ad__pnpm_bc426aec._.js:4163:378)
    at mountMemo (http://localhost:3000/_next/static/chunks/509c2_next_dist_compiled_react-dom_1698bfa6._.js:5424:25)
    at Object.useMemo (http://localhost:3000/_next/static/chunks/509c2_next_dist_compiled_react-dom_1698bfa6._.js:15003:24)
    at exports.useMemo (http://localhost:3000/_next/static/chunks/509c2_next_dist_compiled_9044104d._.js:1742:36)
    at useTranslationsImpl (http://localhost:3000/_next/static/chunks/db2ad__pnpm_bc426aec._.js:4162:416)
    at useTranslations (http://localhost:3000/_next/static/chunks/db2ad__pnpm_bc426aec._.js:4201:12)
    at http://localhost:3000/_next/static/chunks/db2ad__pnpm_6cafc622._.js:70:20
    at DashboardPage (http://localhost:3000/_next/static/chunks/pi-cwd-20260601_admin-platform_d7a92737._.js:987:432)
    at Object.react_stack_bottom_frame (http://localhost:3000/_next/static/chunks/509c2_next_dist_compiled_react-dom_1698bfa6._.js:14826:24)
    at renderWithHooks (http://localhost:3000/_next/static/chunks/509c2_next_dist_compiled_react-dom_1698bfa6._.js:4651:24)
    at updateFunctionComponent (http://localhost:3000/_next/static/chunks/509c2_next_dist_compiled_react-dom_1698bfa6._.js:6112:21)
    at beginWork (http://localhost:3000/_next/static/chunks/509c2_next_dist_compiled_react-dom_1698bfa6._.js:6708:24)
    at runWithFiberInDEV (http://localhost:3000/_next/static/chunks/509c2_next_dist_compiled_react-dom_1698bfa6._.js:965:74)
    at performUnitOfWork (http://localhost:3000/_next/static/chunks/509c2_next_dist_compiled_react-dom_1698bfa6._.js:9562:97)
    at workLoopConcurrentByScheduler (http://localhost:3000/_next/static/chunks/509c2_next_dist_compiled_react-dom_1698bfa6._.js:9558:58)
    at renderRootConcurrent (http://localhost:3000/_next/static/chunks/509c2_next_dist_compiled_react-dom_1698bfa6._.js:9541:71)
    at performWorkOnRoot (http://localhost:3000/_next/static/chunks/509c2_next_dist_compiled_react-dom_1698bfa6._.js:9068:150)
    at performWorkOnRootViaSchedulerTask (http://localhost:3000/_next/static/chunks/509c2_next_dist_compiled_react-dom_1698bfa6._.js:10230:9)
    at MessagePort.performWorkUntilDeadline (http://localhost:3000/_next/static/chunks/509c2_next_dist_compiled_9044104d._.js:2647:64) @ http://localhost:3000/_next/static/chunks/509c2_next_dist_512df543._.js:3127
[ 2074062ms] [ERROR] IntlError: MISSING_MESSAGE: Could not resolve `modules.dashboard` in messages for locale `login`.
    at getMessagesOrError (http://localhost:3000/_next/static/chunks/db2ad__pnpm_bc426aec._.js:3637:27)
    at createBaseTranslator (http://localhost:3000/_next/static/chunks/db2ad__pnpm_bc426aec._.js:3642:29)
    at useTranslationsImpl.useMemo[translate] (http://localhost:3000/_next/static/chunks/db2ad__pnpm_bc426aec._.js:4163:378)
    at mountMemo (http://localhost:3000/_next/static/chunks/509c2_next_dist_compiled_react-dom_1698bfa6._.js:5424:25)
    at Object.useMemo (http://localhost:3000/_next/static/chunks/509c2_next_dist_compiled_react-dom_1698bfa6._.js:15003:24)
    at exports.useMemo (http://localhost:3000/_next/static/chunks/509c2_next_dist_compiled_9044104d._.js:1742:36)
    at useTranslationsImpl (http://localhost:3000/_next/static/chunks/db2ad__pnpm_bc426aec._.js:4162:416)
    at useTranslations (http://localhost:3000/_next/static/chunks/db2ad__pnpm_bc426aec._.js:4201:12)
    at http://localhost:3000/_next/static/chunks/db2ad__pnpm_6cafc622._.js:70:20
    at DashboardPage (http://localhost:3000/_next/static/chunks/pi-cwd-20260601_admin-platform_d7a92737._.js:987:432)
    at Object.react_stack_bottom_frame (http://localhost:3000/_next/static/chunks/509c2_next_dist_compiled_react-dom_1698bfa6._.js:14826:24)
    at renderWithHooks (http://localhost:3000/_next/static/chunks/509c2_next_dist_compiled_react-dom_1698bfa6._.js:4651:24)
    at updateFunctionComponent (http://localhost:3000/_next/static/chunks/509c2_next_dist_compiled_react-dom_1698bfa6._.js:6112:21)
    at beginWork (http://localhost:3000/_next/static/chunks/509c2_next_dist_compiled_react-dom_1698bfa6._.js:6708:24)
    at runWithFiberInDEV (http://localhost:3000/_next/static/chunks/509c2_next_dist_compiled_react-dom_1698bfa6._.js:965:74)
    at performUnitOfWork (http://localhost:3000/_next/static/chunks/509c2_next_dist_compiled_react-dom_1698bfa6._.js:9562:97)
    at workLoopConcurrentByScheduler (http://localhost:3000/_next/static/chunks/509c2_next_dist_compiled_react-dom_1698bfa6._.js:9558:58)
    at renderRootConcurrent (http://localhost:3000/_next/static/chunks/509c2_next_dist_compiled_react-dom_1698bfa6._.js:9541:71)
    at performWorkOnRoot (http://localhost:3000/_next/static/chunks/509c2_next_dist_compiled_react-dom_1698bfa6._.js:9068:150)
    at performWorkOnRootViaSchedulerTask (http://localhost:3000/_next/static/chunks/509c2_next_dist_compiled_react-dom_1698bfa6._.js:10230:9)
    at MessagePort.performWorkUntilDeadline (http://localhost:3000/_next/static/chunks/509c2_next_dist_compiled_9044104d._.js:2647:64) @ http://localhost:3000/_next/static/chunks/509c2_next_dist_512df543._.js:3127
[ 2074094ms] [ERROR] IntlError: MISSING_MESSAGE: Could not resolve `modules.dashboard` in messages for locale `login`.
    at getMessagesOrError (http://localhost:3000/_next/static/chunks/db2ad__pnpm_bc426aec._.js:3637:27)
    at createBaseTranslator (http://localhost:3000/_next/static/chunks/db2ad__pnpm_bc426aec._.js:3642:29)
    at useTranslationsImpl.useMemo[translate] (http://localhost:3000/_next/static/chunks/db2ad__pnpm_bc426aec._.js:4163:378)
    at mountMemo (http://localhost:3000/_next/static/chunks/509c2_next_dist_compiled_react-dom_1698bfa6._.js:5424:25)
    at Object.useMemo (http://localhost:3000/_next/static/chunks/509c2_next_dist_compiled_react-dom_1698bfa6._.js:15003:24)
    at exports.useMemo (http://localhost:3000/_next/static/chunks/509c2_next_dist_compiled_9044104d._.js:1742:36)
    at useTranslationsImpl (http://localhost:3000/_next/static/chunks/db2ad__pnpm_bc426aec._.js:4162:416)
    at useTranslations (http://localhost:3000/_next/static/chunks/db2ad__pnpm_bc426aec._.js:4201:12)
    at http://localhost:3000/_next/static/chunks/db2ad__pnpm_6cafc622._.js:70:20
    at DashboardPage (http://localhost:3000/_next/static/chunks/pi-cwd-20260601_admin-platform_d7a92737._.js:987:432)
    at Object.react_stack_bottom_frame (http://localhost:3000/_next/static/chunks/509c2_next_dist_compiled_react-dom_1698bfa6._.js:14826:24)
    at renderWithHooks (http://localhost:3000/_next/static/chunks/509c2_next_dist_compiled_react-dom_1698bfa6._.js:4651:24)
    at updateFunctionComponent (http://localhost:3000/_next/static/chunks/509c2_next_dist_compiled_react-dom_1698bfa6._.js:6112:21)
    at beginWork (http://localhost:3000/_next/static/chunks/509c2_next_dist_compiled_react-dom_1698bfa6._.js:6708:24)
    at runWithFiberInDEV (http://localhost:3000/_next/static/chunks/509c2_next_dist_compiled_react-dom_1698bfa6._.js:965:74)
    at performUnitOfWork (http://localhost:3000/_next/static/chunks/509c2_next_dist_compiled_react-dom_1698bfa6._.js:9562:97)
    at workLoopConcurrentByScheduler (http://localhost:3000/_next/static/chunks/509c2_next_dist_compiled_react-dom_1698bfa6._.js:9558:58)
    at renderRootConcurrent (http://localhost:3000/_next/static/chunks/509c2_next_dist_compiled_react-dom_1698bfa6._.js:9541:71)
    at performWorkOnRoot (http://localhost:3000/_next/static/chunks/509c2_next_dist_compiled_react-dom_1698bfa6._.js:9068:150)
    at performWorkOnRootViaSchedulerTask (http://localhost:3000/_next/static/chunks/509c2_next_dist_compiled_react-dom_1698bfa6._.js:10230:9)
    at MessagePort.performWorkUntilDeadline (http://localhost:3000/_next/static/chunks/509c2_next_dist_compiled_9044104d._.js:2647:64) @ http://localhost:3000/_next/static/chunks/509c2_next_dist_512df543._.js:3127
[ 2074095ms] [ERROR] IntlError: MISSING_MESSAGE: Could not resolve `modules.dashboard` in messages for locale `login`.
    at getMessagesOrError (http://localhost:3000/_next/static/chunks/db2ad__pnpm_bc426aec._.js:3637:27)
    at createBaseTranslator (http://localhost:3000/_next/static/chunks/db2ad__pnpm_bc426aec._.js:3642:29)
    at useTranslationsImpl.useMemo[translate] (http://localhost:3000/_next/static/chunks/db2ad__pnpm_bc426aec._.js:4163:378)
    at mountMemo (http://localhost:3000/_next/static/chunks/509c2_next_dist_compiled_react-dom_1698bfa6._.js:5424:25)
    at Object.useMemo (http://localhost:3000/_next/static/chunks/509c2_next_dist_compiled_react-dom_1698bfa6._.js:15003:24)
    at exports.useMemo (http://localhost:3000/_next/static/chunks/509c2_next_dist_compiled_9044104d._.js:1742:36)
    at useTranslationsImpl (http://localhost:3000/_next/static/chunks/db2ad__pnpm_bc426aec._.js:4162:416)
    at useTranslations (http://localhost:3000/_next/static/chunks/db2ad__pnpm_bc426aec._.js:4201:12)
    at http://localhost:3000/_next/static/chunks/db2ad__pnpm_6cafc622._.js:70:20
    at DashboardPage (http://localhost:3000/_next/static/chunks/pi-cwd-20260601_admin-platform_d7a92737._.js:987:432)
    at Object.react_stack_bottom_frame (http://localhost:3000/_next/static/chunks/509c2_next_dist_compiled_react-dom_1698bfa6._.js:14826:24)
    at renderWithHooks (http://localhost:3000/_next/static/chunks/509c2_next_dist_compiled_react-dom_1698bfa6._.js:4651:24)
    at updateFunctionComponent (http://localhost:3000/_next/static/chunks/509c2_next_dist_compiled_react-dom_1698bfa6._.js:6112:21)
    at beginWork (http://localhost:3000/_next/static/chunks/509c2_next_dist_compiled_react-dom_1698bfa6._.js:6708:24)
    at runWithFiberInDEV (http://localhost:3000/_next/static/chunks/509c2_next_dist_compiled_react-dom_1698bfa6._.js:965:74)
    at performUnitOfWork (http://localhost:3000/_next/static/chunks/509c2_next_dist_compiled_react-dom_1698bfa6._.js:9562:97)
    at workLoopConcurrentByScheduler (http://localhost:3000/_next/static/chunks/509c2_next_dist_compiled_react-dom_1698bfa6._.js:9558:58)
    at renderRootConcurrent (http://localhost:3000/_next/static/chunks/509c2_next_dist_compiled_react-dom_1698bfa6._.js:9541:71)
    at performWorkOnRoot (http://localhost:3000/_next/static/chunks/509c2_next_dist_compiled_react-dom_1698bfa6._.js:9068:150)
    at performWorkOnRootViaSchedulerTask (http://localhost:3000/_next/static/chunks/509c2_next_dist_compiled_react-dom_1698bfa6._.js:10230:9)
    at MessagePort.performWorkUntilDeadline (http://localhost:3000/_next/static/chunks/509c2_next_dist_compiled_9044104d._.js:2647:64) @ http://localhost:3000/_next/static/chunks/509c2_next_dist_512df543._.js:3127
[ 2074095ms] [ERROR] IntlError: MISSING_MESSAGE: Could not resolve `modules.dashboard` in messages for locale `login`.
    at getMessagesOrError (http://localhost:3000/_next/static/chunks/db2ad__pnpm_bc426aec._.js:3637:27)
    at createBaseTranslator (http://localhost:3000/_next/static/chunks/db2ad__pnpm_bc426aec._.js:3642:29)
    at useTranslationsImpl.useMemo[translate] (http://localhost:3000/_next/static/chunks/db2ad__pnpm_bc426aec._.js:4163:378)
    at mountMemo (http://localhost:3000/_next/static/chunks/509c2_next_dist_compiled_react-dom_1698bfa6._.js:5424:25)
    at Object.useMemo (http://localhost:3000/_next/static/chunks/509c2_next_dist_compiled_react-dom_1698bfa6._.js:15003:24)
    at exports.useMemo (http://localhost:3000/_next/static/chunks/509c2_next_dist_compiled_9044104d._.js:1742:36)
    at useTranslationsImpl (http://localhost:3000/_next/static/chunks/db2ad__pnpm_bc426aec._.js:4162:416)
    at useTranslations (http://localhost:3000/_next/static/chunks/db2ad__pnpm_bc426aec._.js:4201:12)
    at http://localhost:3000/_next/static/chunks/db2ad__pnpm_6cafc622._.js:70:20
    at DashboardPage (http://localhost:3000/_next/static/chunks/pi-cwd-20260601_admin-platform_d7a92737._.js:987:432)
    at Object.react_stack_bottom_frame (http://localhost:3000/_next/static/chunks/509c2_next_dist_compiled_react-dom_1698bfa6._.js:14826:24)
    at renderWithHooks (http://localhost:3000/_next/static/chunks/509c2_next_dist_compiled_react-dom_1698bfa6._.js:4651:24)
    at updateFunctionComponent (http://localhost:3000/_next/static/chunks/509c2_next_dist_compiled_react-dom_1698bfa6._.js:6112:21)
    at beginWork (http://localhost:3000/_next/static/chunks/509c2_next_dist_compiled_react-dom_1698bfa6._.js:6708:24)
    at runWithFiberInDEV (http://localhost:3000/_next/static/chunks/509c2_next_dist_compiled_react-dom_1698bfa6._.js:965:74)
    at performUnitOfWork (http://localhost:3000/_next/static/chunks/509c2_next_dist_compiled_react-dom_1698bfa6._.js:9562:97)
    at workLoopConcurrentByScheduler (http://localhost:3000/_next/static/chunks/509c2_next_dist_compiled_react-dom_1698bfa6._.js:9558:58)
    at renderRootConcurrent (http://localhost:3000/_next/static/chunks/509c2_next_dist_compiled_react-dom_1698bfa6._.js:9541:71)
    at performWorkOnRoot (http://localhost:3000/_next/static/chunks/509c2_next_dist_compiled_react-dom_1698bfa6._.js:9068:150)
    at performWorkOnRootViaSchedulerTask (http://localhost:3000/_next/static/chunks/509c2_next_dist_compiled_react-dom_1698bfa6._.js:10230:9)
    at MessagePort.performWorkUntilDeadline (http://localhost:3000/_next/static/chunks/509c2_next_dist_compiled_9044104d._.js:2647:64) @ http://localhost:3000/_next/static/chunks/509c2_next_dist_512df543._.js:3127
[ 2074095ms] [ERROR] IntlError: MISSING_MESSAGE: Could not resolve `modules.dashboard` in messages for locale `login`.
    at getMessagesOrError (http://localhost:3000/_next/static/chunks/db2ad__pnpm_bc426aec._.js:3637:27)
    at createBaseTranslator (http://localhost:3000/_next/static/chunks/db2ad__pnpm_bc426aec._.js:3642:29)
    at useTranslationsImpl.useMemo[translate] (http://localhost:3000/_next/static/chunks/db2ad__pnpm_bc426aec._.js:4163:378)
    at mountMemo (http://localhost:3000/_next/static/chunks/509c2_next_dist_compiled_react-dom_1698bfa6._.js:5424:25)
    at Object.useMemo (http://localhost:3000/_next/static/chunks/509c2_next_dist_compiled_react-dom_1698bfa6._.js:15003:24)
    at exports.useMemo (http://localhost:3000/_next/static/chunks/509c2_next_dist_compiled_9044104d._.js:1742:36)
    at useTranslationsImpl (http://localhost:3000/_next/static/chunks/db2ad__pnpm_bc426aec._.js:4162:416)
    at useTranslations (http://localhost:3000/_next/static/chunks/db2ad__pnpm_bc426aec._.js:4201:12)
    at http://localhost:3000/_next/static/chunks/db2ad__pnpm_6cafc622._.js:70:20
    at DashboardPage (http://localhost:3000/_next/static/chunks/pi-cwd-20260601_admin-platform_d7a92737._.js:987:432)
    at Object.react_stack_bottom_frame (http://localhost:3000/_next/static/chunks/509c2_next_dist_compiled_react-dom_1698bfa6._.js:14826:24)
    at renderWithHooks (http://localhost:3000/_next/static/chunks/509c2_next_dist_compiled_react-dom_1698bfa6._.js:4651:24)
    at updateFunctionComponent (http://localhost:3000/_next/static/chunks/509c2_next_dist_compiled_react-dom_1698bfa6._.js:6112:21)
    at beginWork (http://localhost:3000/_next/static/chunks/509c2_next_dist_compiled_react-dom_1698bfa6._.js:6708:24)
    at runWithFiberInDEV (http://localhost:3000/_next/static/chunks/509c2_next_dist_compiled_react-dom_1698bfa6._.js:965:74)
    at performUnitOfWork (http://localhost:3000/_next/static/chunks/509c2_next_dist_compiled_react-dom_1698bfa6._.js:9562:97)
    at workLoopConcurrentByScheduler (http://localhost:3000/_next/static/chunks/509c2_next_dist_compiled_react-dom_1698bfa6._.js:9558:58)
    at renderRootConcurrent (http://localhost:3000/_next/static/chunks/509c2_next_dist_compiled_react-dom_1698bfa6._.js:9541:71)
    at performWorkOnRoot (http://localhost:3000/_next/static/chunks/509c2_next_dist_compiled_react-dom_1698bfa6._.js:9068:150)
    at performWorkOnRootViaSchedulerTask (http://localhost:3000/_next/static/chunks/509c2_next_dist_compiled_react-dom_1698bfa6._.js:10230:9)
    at MessagePort.performWorkUntilDeadline (http://localhost:3000/_next/static/chunks/509c2_next_dist_compiled_9044104d._.js:2647:64) @ http://localhost:3000/_next/static/chunks/509c2_next_dist_512df543._.js:3127
[ 2074096ms] [ERROR] IntlError: MISSING_MESSAGE: Could not resolve `modules.dashboard` in messages for locale `login`.
    at getMessagesOrError (http://localhost:3000/_next/static/chunks/db2ad__pnpm_bc426aec._.js:3637:27)
    at createBaseTranslator (http://localhost:3000/_next/static/chunks/db2ad__pnpm_bc426aec._.js:3642:29)
    at useTranslationsImpl.useMemo[translate] (http://localhost:3000/_next/static/chunks/db2ad__pnpm_bc426aec._.js:4163:378)
    at mountMemo (http://localhost:3000/_next/static/chunks/509c2_next_dist_compiled_react-dom_1698bfa6._.js:5424:25)
    at Object.useMemo (http://localhost:3000/_next/static/chunks/509c2_next_dist_compiled_react-dom_1698bfa6._.js:15003:24)
    at exports.useMemo (http://localhost:3000/_next/static/chunks/509c2_next_dist_compiled_9044104d._.js:1742:36)
    at useTranslationsImpl (http://localhost:3000/_next/static/chunks/db2ad__pnpm_bc426aec._.js:4162:416)
    at useTranslations (http://localhost:3000/_next/static/chunks/db2ad__pnpm_bc426aec._.js:4201:12)
    at http://localhost:3000/_next/static/chunks/db2ad__pnpm_6cafc622._.js:70:20
    at DashboardPage (http://localhost:3000/_next/static/chunks/pi-cwd-20260601_admin-platform_d7a92737._.js:987:432)
    at Object.react_stack_bottom_frame (http://localhost:3000/_next/static/chunks/509c2_next_dist_compiled_react-dom_1698bfa6._.js:14826:24)
    at renderWithHooks (http://localhost:3000/_next/static/chunks/509c2_next_dist_compiled_react-dom_1698bfa6._.js:4651:24)
    at updateFunctionComponent (http://localhost:3000/_next/static/chunks/509c2_next_dist_compiled_react-dom_1698bfa6._.js:6112:21)
    at beginWork (http://localhost:3000/_next/static/chunks/509c2_next_dist_compiled_react-dom_1698bfa6._.js:6708:24)
    at runWithFiberInDEV (http://localhost:3000/_next/static/chunks/509c2_next_dist_compiled_react-dom_1698bfa6._.js:965:74)
    at performUnitOfWork (http://localhost:3000/_next/static/chunks/509c2_next_dist_compiled_react-dom_1698bfa6._.js:9562:97)
    at workLoopConcurrentByScheduler (http://localhost:3000/_next/static/chunks/509c2_next_dist_compiled_react-dom_1698bfa6._.js:9558:58)
    at renderRootConcurrent (http://localhost:3000/_next/static/chunks/509c2_next_dist_compiled_react-dom_1698bfa6._.js:9541:71)
    at performWorkOnRoot (http://localhost:3000/_next/static/chunks/509c2_next_dist_compiled_react-dom_1698bfa6._.js:9068:150)
    at performWorkOnRootViaSchedulerTask (http://localhost:3000/_next/static/chunks/509c2_next_dist_compiled_react-dom_1698bfa6._.js:10230:9)
    at MessagePort.performWorkUntilDeadline (http://localhost:3000/_next/static/chunks/509c2_next_dist_compiled_9044104d._.js:2647:64) @ http://localhost:3000/_next/static/chunks/509c2_next_dist_512df543._.js:3127
[ 2074096ms] [ERROR] IntlError: MISSING_MESSAGE: Could not resolve `modules.dashboard` in messages for locale `login`.
    at getMessagesOrError (http://localhost:3000/_next/static/chunks/db2ad__pnpm_bc426aec._.js:3637:27)
    at createBaseTranslator (http://localhost:3000/_next/static/chunks/db2ad__pnpm_bc426aec._.js:3642:29)
    at useTranslationsImpl.useMemo[translate] (http://localhost:3000/_next/static/chunks/db2ad__pnpm_bc426aec._.js:4163:378)
    at mountMemo (http://localhost:3000/_next/static/chunks/509c2_next_dist_compiled_react-dom_1698bfa6._.js:5424:25)
    at Object.useMemo (http://localhost:3000/_next/static/chunks/509c2_next_dist_compiled_react-dom_1698bfa6._.js:15003:24)
    at exports.useMemo (http://localhost:3000/_next/static/chunks/509c2_next_dist_compiled_9044104d._.js:1742:36)
    at useTranslationsImpl (http://localhost:3000/_next/static/chunks/db2ad__pnpm_bc426aec._.js:4162:416)
    at useTranslations (http://localhost:3000/_next/static/chunks/db2ad__pnpm_bc426aec._.js:4201:12)
    at http://localhost:3000/_next/static/chunks/db2ad__pnpm_6cafc622._.js:70:20
    at DashboardPage (http://localhost:3000/_next/static/chunks/pi-cwd-20260601_admin-platform_d7a92737._.js:987:432)
    at Object.react_stack_bottom_frame (http://localhost:3000/_next/static/chunks/509c2_next_dist_compiled_react-dom_1698bfa6._.js:14826:24)
    at renderWithHooks (http://localhost:3000/_next/static/chunks/509c2_next_dist_compiled_react-dom_1698bfa6._.js:4651:24)
    at updateFunctionComponent (http://localhost:3000/_next/static/chunks/509c2_next_dist_compiled_react-dom_1698bfa6._.js:6112:21)
    at beginWork (http://localhost:3000/_next/static/chunks/509c2_next_dist_compiled_react-dom_1698bfa6._.js:6708:24)
    at runWithFiberInDEV (http://localhost:3000/_next/static/chunks/509c2_next_dist_compiled_react-dom_1698bfa6._.js:965:74)
    at performUnitOfWork (http://localhost:3000/_next/static/chunks/509c2_next_dist_compiled_react-dom_1698bfa6._.js:9562:97)
    at workLoopConcurrentByScheduler (http://localhost:3000/_next/static/chunks/509c2_next_dist_compiled_react-dom_1698bfa6._.js:9558:58)
    at renderRootConcurrent (http://localhost:3000/_next/static/chunks/509c2_next_dist_compiled_react-dom_1698bfa6._.js:9541:71)
    at performWorkOnRoot (http://localhost:3000/_next/static/chunks/509c2_next_dist_compiled_react-dom_1698bfa6._.js:9068:150)
    at performWorkOnRootViaSchedulerTask (http://localhost:3000/_next/static/chunks/509c2_next_dist_compiled_react-dom_1698bfa6._.js:10230:9)
    at MessagePort.performWorkUntilDeadline (http://localhost:3000/_next/static/chunks/509c2_next_dist_compiled_9044104d._.js:2647:64) @ http://localhost:3000/_next/static/chunks/509c2_next_dist_512df543._.js:3127
[ 2074096ms] [ERROR] IntlError: MISSING_MESSAGE: Could not resolve `modules.dashboard` in messages for locale `login`.
    at getMessagesOrError (http://localhost:3000/_next/static/chunks/db2ad__pnpm_bc426aec._.js:3637:27)
    at createBaseTranslator (http://localhost:3000/_next/static/chunks/db2ad__pnpm_bc426aec._.js:3642:29)
    at useTranslationsImpl.useMemo[translate] (http://localhost:3000/_next/static/chunks/db2ad__pnpm_bc426aec._.js:4163:378)
    at mountMemo (http://localhost:3000/_next/static/chunks/509c2_next_dist_compiled_react-dom_1698bfa6._.js:5424:25)
    at Object.useMemo (http://localhost:3000/_next/static/chunks/509c2_next_dist_compiled_react-dom_1698bfa6._.js:15003:24)
    at exports.useMemo (http://localhost:3000/_next/static/chunks/509c2_next_dist_compiled_9044104d._.js:1742:36)
    at useTranslationsImpl (http://localhost:3000/_next/static/chunks/db2ad__pnpm_bc426aec._.js:4162:416)
    at useTranslations (http://localhost:3000/_next/static/chunks/db2ad__pnpm_bc426aec._.js:4201:12)
    at http://localhost:3000/_next/static/chunks/db2ad__pnpm_6cafc622._.js:70:20
    at DashboardPage (http://localhost:3000/_next/static/chunks/pi-cwd-20260601_admin-platform_d7a92737._.js:987:432)
    at Object.react_stack_bottom_frame (http://localhost:3000/_next/static/chunks/509c2_next_dist_compiled_react-dom_1698bfa6._.js:14826:24)
    at renderWithHooks (http://localhost:3000/_next/static/chunks/509c2_next_dist_compiled_react-dom_1698bfa6._.js:4651:24)
    at updateFunctionComponent (http://localhost:3000/_next/static/chunks/509c2_next_dist_compiled_react-dom_1698bfa6._.js:6112:21)
    at beginWork (http://localhost:3000/_next/static/chunks/509c2_next_dist_compiled_react-dom_1698bfa6._.js:6708:24)
    at runWithFiberInDEV (http://localhost:3000/_next/static/chunks/509c2_next_dist_compiled_react-dom_1698bfa6._.js:965:74)
    at performUnitOfWork (http://localhost:3000/_next/static/chunks/509c2_next_dist_compiled_react-dom_1698bfa6._.js:9562:97)
    at workLoopConcurrentByScheduler (http://localhost:3000/_next/static/chunks/509c2_next_dist_compiled_react-dom_1698bfa6._.js:9558:58)
    at renderRootConcurrent (http://localhost:3000/_next/static/chunks/509c2_next_dist_compiled_react-dom_1698bfa6._.js:9541:71)
    at performWorkOnRoot (http://localhost:3000/_next/static/chunks/509c2_next_dist_compiled_react-dom_1698bfa6._.js:9068:150)
    at performWorkOnRootViaSchedulerTask (http://localhost:3000/_next/static/chunks/509c2_next_dist_compiled_react-dom_1698bfa6._.js:10230:9)
    at MessagePort.performWorkUntilDeadline (http://localhost:3000/_next/static/chunks/509c2_next_dist_compiled_9044104d._.js:2647:64) @ http://localhost:3000/_next/static/chunks/509c2_next_dist_512df543._.js:3127
[ 2074097ms] [ERROR] IntlError: MISSING_MESSAGE: Could not resolve `modules.dashboard` in messages for locale `login`.
    at getMessagesOrError (http://localhost:3000/_next/static/chunks/db2ad__pnpm_bc426aec._.js:3637:27)
    at createBaseTranslator (http://localhost:3000/_next/static/chunks/db2ad__pnpm_bc426aec._.js:3642:29)
    at useTranslationsImpl.useMemo[translate] (http://localhost:3000/_next/static/chunks/db2ad__pnpm_bc426aec._.js:4163:378)
    at mountMemo (http://localhost:3000/_next/static/chunks/509c2_next_dist_compiled_react-dom_1698bfa6._.js:5424:25)
    at Object.useMemo (http://localhost:3000/_next/static/chunks/509c2_next_dist_compiled_react-dom_1698bfa6._.js:15003:24)
    at exports.useMemo (http://localhost:3000/_next/static/chunks/509c2_next_dist_compiled_9044104d._.js:1742:36)
    at useTranslationsImpl (http://localhost:3000/_next/static/chunks/db2ad__pnpm_bc426aec._.js:4162:416)
    at useTranslations (http://localhost:3000/_next/static/chunks/db2ad__pnpm_bc426aec._.js:4201:12)
    at http://localhost:3000/_next/static/chunks/db2ad__pnpm_6cafc622._.js:70:20
    at DashboardPage (http://localhost:3000/_next/static/chunks/pi-cwd-20260601_admin-platform_d7a92737._.js:987:432)
    at Object.react_stack_bottom_frame (http://localhost:3000/_next/static/chunks/509c2_next_dist_compiled_react-dom_1698bfa6._.js:14826:24)
    at renderWithHooks (http://localhost:3000/_next/static/chunks/509c2_next_dist_compiled_react-dom_1698bfa6._.js:4651:24)
    at updateFunctionComponent (http://localhost:3000/_next/static/chunks/509c2_next_dist_compiled_react-dom_1698bfa6._.js:6112:21)
    at beginWork (http://localhost:3000/_next/static/chunks/509c2_next_dist_compiled_react-dom_1698bfa6._.js:6708:24)
    at runWithFiberInDEV (http://localhost:3000/_next/static/chunks/509c2_next_dist_compiled_react-dom_1698bfa6._.js:965:74)
    at performUnitOfWork (http://localhost:3000/_next/static/chunks/509c2_next_dist_compiled_react-dom_1698bfa6._.js:9562:97)
    at workLoopConcurrentByScheduler (http://localhost:3000/_next/static/chunks/509c2_next_dist_compiled_react-dom_1698bfa6._.js:9558:58)
    at renderRootConcurrent (http://localhost:3000/_next/static/chunks/509c2_next_dist_compiled_react-dom_1698bfa6._.js:9541:71)
    at performWorkOnRoot (http://localhost:3000/_next/static/chunks/509c2_next_dist_compiled_react-dom_1698bfa6._.js:9068:150)
    at performWorkOnRootViaSchedulerTask (http://localhost:3000/_next/static/chunks/509c2_next_dist_compiled_react-dom_1698bfa6._.js:10230:9)
    at MessagePort.performWorkUntilDeadline (http://localhost:3000/_next/static/chunks/509c2_next_dist_compiled_9044104d._.js:2647:64) @ http://localhost:3000/_next/static/chunks/509c2_next_dist_512df543._.js:3127
[ 2074097ms] [ERROR] IntlError: MISSING_MESSAGE: Could not resolve `modules.dashboard` in messages for locale `login`.
    at getMessagesOrError (http://localhost:3000/_next/static/chunks/db2ad__pnpm_bc426aec._.js:3637:27)
    at createBaseTranslator (http://localhost:3000/_next/static/chunks/db2ad__pnpm_bc426aec._.js:3642:29)
    at useTranslationsImpl.useMemo[translate] (http://localhost:3000/_next/static/chunks/db2ad__pnpm_bc426aec._.js:4163:378)
    at mountMemo (http://localhost:3000/_next/static/chunks/509c2_next_dist_compiled_react-dom_1698bfa6._.js:5424:25)
    at Object.useMemo (http://localhost:3000/_next/static/chunks/509c2_next_dist_compiled_react-dom_1698bfa6._.js:15003:24)
    at exports.useMemo (http://localhost:3000/_next/static/chunks/509c2_next_dist_compiled_9044104d._.js:1742:36)
    at useTranslationsImpl (http://localhost:3000/_next/static/chunks/db2ad__pnpm_bc426aec._.js:4162:416)
    at useTranslations (http://localhost:3000/_next/static/chunks/db2ad__pnpm_bc426aec._.js:4201:12)
    at http://localhost:3000/_next/static/chunks/db2ad__pnpm_6cafc622._.js:70:20
    at DashboardPage (http://localhost:3000/_next/static/chunks/pi-cwd-20260601_admin-platform_d7a92737._.js:987:432)
    at Object.react_stack_bottom_frame (http://localhost:3000/_next/static/chunks/509c2_next_dist_compiled_react-dom_1698bfa6._.js:14826:24)
    at renderWithHooks (http://localhost:3000/_next/static/chunks/509c2_next_dist_compiled_react-dom_1698bfa6._.js:4651:24)
    at updateFunctionComponent (http://localhost:3000/_next/static/chunks/509c2_next_dist_compiled_react-dom_1698bfa6._.js:6112:21)
    at beginWork (http://localhost:3000/_next/static/chunks/509c2_next_dist_compiled_react-dom_1698bfa6._.js:6708:24)
    at runWithFiberInDEV (http://localhost:3000/_next/static/chunks/509c2_next_dist_compiled_react-dom_1698bfa6._.js:965:74)
    at performUnitOfWork (http://localhost:3000/_next/static/chunks/509c2_next_dist_compiled_react-dom_1698bfa6._.js:9562:97)
    at workLoopConcurrentByScheduler (http://localhost:3000/_next/static/chunks/509c2_next_dist_compiled_react-dom_1698bfa6._.js:9558:58)
    at renderRootConcurrent (http://localhost:3000/_next/static/chunks/509c2_next_dist_compiled_react-dom_1698bfa6._.js:9541:71)
    at performWorkOnRoot (http://localhost:3000/_next/static/chunks/509c2_next_dist_compiled_react-dom_1698bfa6._.js:9068:150)
    at performWorkOnRootViaSchedulerTask (http://localhost:3000/_next/static/chunks/509c2_next_dist_compiled_react-dom_1698bfa6._.js:10230:9)
    at MessagePort.performWorkUntilDeadline (http://localhost:3000/_next/static/chunks/509c2_next_dist_compiled_9044104d._.js:2647:64) @ http://localhost:3000/_next/static/chunks/509c2_next_dist_512df543._.js:3127
[ 2074098ms] [ERROR] IntlError: MISSING_MESSAGE: Could not resolve `modules.dashboard` in messages for locale `login`.
    at getMessagesOrError (http://localhost:3000/_next/static/chunks/db2ad__pnpm_bc426aec._.js:3637:27)
    at createBaseTranslator (http://localhost:3000/_next/static/chunks/db2ad__pnpm_bc426aec._.js:3642:29)
    at useTranslationsImpl.useMemo[translate] (http://localhost:3000/_next/static/chunks/db2ad__pnpm_bc426aec._.js:4163:378)
    at mountMemo (http://localhost:3000/_next/static/chunks/509c2_next_dist_compiled_react-dom_1698bfa6._.js:5424:25)
    at Object.useMemo (http://localhost:3000/_next/static/chunks/509c2_next_dist_compiled_react-dom_1698bfa6._.js:15003:24)
    at exports.useMemo (http://localhost:3000/_next/static/chunks/509c2_next_dist_compiled_9044104d._.js:1742:36)
    at useTranslationsImpl (http://localhost:3000/_next/static/chunks/db2ad__pnpm_bc426aec._.js:4162:416)
    at useTranslations (http://localhost:3000/_next/static/chunks/db2ad__pnpm_bc426aec._.js:4201:12)
    at http://localhost:3000/_next/static/chunks/db2ad__pnpm_6cafc622._.js:70:20
    at DashboardPage (http://localhost:3000/_next/static/chunks/pi-cwd-20260601_admin-platform_d7a92737._.js:987:432)
    at Object.react_stack_bottom_frame (http://localhost:3000/_next/static/chunks/509c2_next_dist_compiled_react-dom_1698bfa6._.js:14826:24)
    at renderWithHooks (http://localhost:3000/_next/static/chunks/509c2_next_dist_compiled_react-dom_1698bfa6._.js:4651:24)
    at updateFunctionComponent (http://localhost:3000/_next/static/chunks/509c2_next_dist_compiled_react-dom_1698bfa6._.js:6112:21)
    at beginWork (http://localhost:3000/_next/static/chunks/509c2_next_dist_compiled_react-dom_1698bfa6._.js:6708:24)
    at runWithFiberInDEV (http://localhost:3000/_next/static/chunks/509c2_next_dist_compiled_react-dom_1698bfa6._.js:965:74)
    at performUnitOfWork (http://localhost:3000/_next/static/chunks/509c2_next_dist_compiled_react-dom_1698bfa6._.js:9562:97)
    at workLoopConcurrentByScheduler (http://localhost:3000/_next/static/chunks/509c2_next_dist_compiled_react-dom_1698bfa6._.js:9558:58)
    at renderRootConcurrent (http://localhost:3000/_next/static/chunks/509c2_next_dist_compiled_react-dom_1698bfa6._.js:9541:71)
    at performWorkOnRoot (http://localhost:3000/_next/static/chunks/509c2_next_dist_compiled_react-dom_1698bfa6._.js:9068:150)
    at performWorkOnRootViaSchedulerTask (http://localhost:3000/_next/static/chunks/509c2_next_dist_compiled_react-dom_1698bfa6._.js:10230:9)
    at MessagePort.performWorkUntilDeadline (http://localhost:3000/_next/static/chunks/509c2_next_dist_compiled_9044104d._.js:2647:64) @ http://localhost:3000/_next/static/chunks/509c2_next_dist_512df543._.js:3127
[ 2074098ms] [ERROR] IntlError: MISSING_MESSAGE: Could not resolve `modules.dashboard` in messages for locale `login`.
    at getMessagesOrError (http://localhost:3000/_next/static/chunks/db2ad__pnpm_bc426aec._.js:3637:27)
    at createBaseTranslator (http://localhost:3000/_next/static/chunks/db2ad__pnpm_bc426aec._.js:3642:29)
    at useTranslationsImpl.useMemo[translate] (http://localhost:3000/_next/static/chunks/db2ad__pnpm_bc426aec._.js:4163:378)
    at mountMemo (http://localhost:3000/_next/static/chunks/509c2_next_dist_compiled_react-dom_1698bfa6._.js:5424:25)
    at Object.useMemo (http://localhost:3000/_next/static/chunks/509c2_next_dist_compiled_react-dom_1698bfa6._.js:15003:24)
    at exports.useMemo (http://localhost:3000/_next/static/chunks/509c2_next_dist_compiled_9044104d._.js:1742:36)
    at useTranslationsImpl (http://localhost:3000/_next/static/chunks/db2ad__pnpm_bc426aec._.js:4162:416)
    at useTranslations (http://localhost:3000/_next/static/chunks/db2ad__pnpm_bc426aec._.js:4201:12)
    at http://localhost:3000/_next/static/chunks/db2ad__pnpm_6cafc622._.js:70:20
    at DashboardPage (http://localhost:3000/_next/static/chunks/pi-cwd-20260601_admin-platform_d7a92737._.js:987:432)
    at Object.react_stack_bottom_frame (http://localhost:3000/_next/static/chunks/509c2_next_dist_compiled_react-dom_1698bfa6._.js:14826:24)
    at renderWithHooks (http://localhost:3000/_next/static/chunks/509c2_next_dist_compiled_react-dom_1698bfa6._.js:4651:24)
    at updateFunctionComponent (http://localhost:3000/_next/static/chunks/509c2_next_dist_compiled_react-dom_1698bfa6._.js:6112:21)
    at beginWork (http://localhost:3000/_next/static/chunks/509c2_next_dist_compiled_react-dom_1698bfa6._.js:6708:24)
    at runWithFiberInDEV (http://localhost:3000/_next/static/chunks/509c2_next_dist_compiled_react-dom_1698bfa6._.js:965:74)
    at performUnitOfWork (http://localhost:3000/_next/static/chunks/509c2_next_dist_compiled_react-dom_1698bfa6._.js:9562:97)
    at workLoopConcurrentByScheduler (http://localhost:3000/_next/static/chunks/509c2_next_dist_compiled_react-dom_1698bfa6._.js:9558:58)
    at renderRootConcurrent (http://localhost:3000/_next/static/chunks/509c2_next_dist_compiled_react-dom_1698bfa6._.js:9541:71)
    at performWorkOnRoot (http://localhost:3000/_next/static/chunks/509c2_next_dist_compiled_react-dom_1698bfa6._.js:9068:150)
    at performWorkOnRootViaSchedulerTask (http://localhost:3000/_next/static/chunks/509c2_next_dist_compiled_react-dom_1698bfa6._.js:10230:9)
    at MessagePort.performWorkUntilDeadline (http://localhost:3000/_next/static/chunks/509c2_next_dist_compiled_9044104d._.js:2647:64) @ http://localhost:3000/_next/static/chunks/509c2_next_dist_512df543._.js:3127
[ 2074099ms] [ERROR] IntlError: MISSING_MESSAGE: Could not resolve `modules.dashboard` in messages for locale `login`.
    at getMessagesOrError (http://localhost:3000/_next/static/chunks/db2ad__pnpm_bc426aec._.js:3637:27)
    at createBaseTranslator (http://localhost:3000/_next/static/chunks/db2ad__pnpm_bc426aec._.js:3642:29)
    at useTranslationsImpl.useMemo[translate] (http://localhost:3000/_next/static/chunks/db2ad__pnpm_bc426aec._.js:4163:378)
    at mountMemo (http://localhost:3000/_next/static/chunks/509c2_next_dist_compiled_react-dom_1698bfa6._.js:5424:25)
    at Object.useMemo (http://localhost:3000/_next/static/chunks/509c2_next_dist_compiled_react-dom_1698bfa6._.js:15003:24)
    at exports.useMemo (http://localhost:3000/_next/static/chunks/509c2_next_dist_compiled_9044104d._.js:1742:36)
    at useTranslationsImpl (http://localhost:3000/_next/static/chunks/db2ad__pnpm_bc426aec._.js:4162:416)
    at useTranslations (http://localhost:3000/_next/static/chunks/db2ad__pnpm_bc426aec._.js:4201:12)
    at http://localhost:3000/_next/static/chunks/db2ad__pnpm_6cafc622._.js:70:20
    at DashboardPage (http://localhost:3000/_next/static/chunks/pi-cwd-20260601_admin-platform_d7a92737._.js:987:432)
    at Object.react_stack_bottom_frame (http://localhost:3000/_next/static/chunks/509c2_next_dist_compiled_react-dom_1698bfa6._.js:14826:24)
    at renderWithHooks (http://localhost:3000/_next/static/chunks/509c2_next_dist_compiled_react-dom_1698bfa6._.js:4651:24)
    at updateFunctionComponent (http://localhost:3000/_next/static/chunks/509c2_next_dist_compiled_react-dom_1698bfa6._.js:6112:21)
    at beginWork (http://localhost:3000/_next/static/chunks/509c2_next_dist_compiled_react-dom_1698bfa6._.js:6708:24)
    at runWithFiberInDEV (http://localhost:3000/_next/static/chunks/509c2_next_dist_compiled_react-dom_1698bfa6._.js:965:74)
    at performUnitOfWork (http://localhost:3000/_next/static/chunks/509c2_next_dist_compiled_react-dom_1698bfa6._.js:9562:97)
    at workLoopConcurrentByScheduler (http://localhost:3000/_next/static/chunks/509c2_next_dist_compiled_react-dom_1698bfa6._.js:9558:58)
    at renderRootConcurrent (http://localhost:3000/_next/static/chunks/509c2_next_dist_compiled_react-dom_1698bfa6._.js:9541:71)
    at performWorkOnRoot (http://localhost:3000/_next/static/chunks/509c2_next_dist_compiled_react-dom_1698bfa6._.js:9068:150)
    at performWorkOnRootViaSchedulerTask (http://localhost:3000/_next/static/chunks/509c2_next_dist_compiled_react-dom_1698bfa6._.js:10230:9)
    at MessagePort.performWorkUntilDeadline (http://localhost:3000/_next/static/chunks/509c2_next_dist_compiled_9044104d._.js:2647:64) @ http://localhost:3000/_next/static/chunks/509c2_next_dist_512df543._.js:3127
[ 2074099ms] [ERROR] IntlError: MISSING_MESSAGE: Could not resolve `modules.dashboard` in messages for locale `login`.
    at getMessagesOrError (http://localhost:3000/_next/static/chunks/db2ad__pnpm_bc426aec._.js:3637:27)
    at createBaseTranslator (http://localhost:3000/_next/static/chunks/db2ad__pnpm_bc426aec._.js:3642:29)
    at useTranslationsImpl.useMemo[translate] (http://localhost:3000/_next/static/chunks/db2ad__pnpm_bc426aec._.js:4163:378)
    at mountMemo (http://localhost:3000/_next/static/chunks/509c2_next_dist_compiled_react-dom_1698bfa6._.js:5424:25)
    at Object.useMemo (http://localhost:3000/_next/static/chunks/509c2_next_dist_compiled_react-dom_1698bfa6._.js:15003:24)
    at exports.useMemo (http://localhost:3000/_next/static/chunks/509c2_next_dist_compiled_9044104d._.js:1742:36)
    at useTranslationsImpl (http://localhost:3000/_next/static/chunks/db2ad__pnpm_bc426aec._.js:4162:416)
    at useTranslations (http://localhost:3000/_next/static/chunks/db2ad__pnpm_bc426aec._.js:4201:12)
    at http://localhost:3000/_next/static/chunks/db2ad__pnpm_6cafc622._.js:70:20
    at DashboardPage (http://localhost:3000/_next/static/chunks/pi-cwd-20260601_admin-platform_d7a92737._.js:987:432)
    at Object.react_stack_bottom_frame (http://localhost:3000/_next/static/chunks/509c2_next_dist_compiled_react-dom_1698bfa6._.js:14826:24)
    at renderWithHooks (http://localhost:3000/_next/static/chunks/509c2_next_dist_compiled_react-dom_1698bfa6._.js:4651:24)
    at updateFunctionComponent (http://localhost:3000/_next/static/chunks/509c2_next_dist_compiled_react-dom_1698bfa6._.js:6112:21)
    at beginWork (http://localhost:3000/_next/static/chunks/509c2_next_dist_compiled_react-dom_1698bfa6._.js:6708:24)
    at runWithFiberInDEV (http://localhost:3000/_next/static/chunks/509c2_next_dist_compiled_react-dom_1698bfa6._.js:965:74)
    at performUnitOfWork (http://localhost:3000/_next/static/chunks/509c2_next_dist_compiled_react-dom_1698bfa6._.js:9562:97)
    at workLoopConcurrentByScheduler (http://localhost:3000/_next/static/chunks/509c2_next_dist_compiled_react-dom_1698bfa6._.js:9558:58)
    at renderRootConcurrent (http://localhost:3000/_next/static/chunks/509c2_next_dist_compiled_react-dom_1698bfa6._.js:9541:71)
    at performWorkOnRoot (http://localhost:3000/_next/static/chunks/509c2_next_dist_compiled_react-dom_1698bfa6._.js:9068:150)
    at performWorkOnRootViaSchedulerTask (http://localhost:3000/_next/static/chunks/509c2_next_dist_compiled_react-dom_1698bfa6._.js:10230:9)
    at MessagePort.performWorkUntilDeadline (http://localhost:3000/_next/static/chunks/509c2_next_dist_compiled_9044104d._.js:2647:64) @ http://localhost:3000/_next/static/chunks/509c2_next_dist_512df543._.js:3127
[ 2074099ms] [ERROR] IntlError: MISSING_MESSAGE: Could not resolve `modules.dashboard` in messages for locale `login`.
    at getMessagesOrError (http://localhost:3000/_next/static/chunks/db2ad__pnpm_bc426aec._.js:3637:27)
    at createBaseTranslator (http://localhost:3000/_next/static/chunks/db2ad__pnpm_bc426aec._.js:3642:29)
    at useTranslationsImpl.useMemo[translate] (http://localhost:3000/_next/static/chunks/db2ad__pnpm_bc426aec._.js:4163:378)
    at mountMemo (http://localhost:3000/_next/static/chunks/509c2_next_dist_compiled_react-dom_1698bfa6._.js:5424:25)
    at Object.useMemo (http://localhost:3000/_next/static/chunks/509c2_next_dist_compiled_react-dom_1698bfa6._.js:15003:24)
    at exports.useMemo (http://localhost:3000/_next/static/chunks/509c2_next_dist_compiled_9044104d._.js:1742:36)
    at useTranslationsImpl (http://localhost:3000/_next/static/chunks/db2ad__pnpm_bc426aec._.js:4162:416)
    at useTranslations (http://localhost:3000/_next/static/chunks/db2ad__pnpm_bc426aec._.js:4201:12)
    at http://localhost:3000/_next/static/chunks/db2ad__pnpm_6cafc622._.js:70:20
    at DashboardPage (http://localhost:3000/_next/static/chunks/pi-cwd-20260601_admin-platform_d7a92737._.js:987:432)
    at Object.react_stack_bottom_frame (http://localhost:3000/_next/static/chunks/509c2_next_dist_compiled_react-dom_1698bfa6._.js:14826:24)
    at renderWithHooks (http://localhost:3000/_next/static/chunks/509c2_next_dist_compiled_react-dom_1698bfa6._.js:4651:24)
    at updateFunctionComponent (http://localhost:3000/_next/static/chunks/509c2_next_dist_compiled_react-dom_1698bfa6._.js:6112:21)
    at beginWork (http://localhost:3000/_next/static/chunks/509c2_next_dist_compiled_react-dom_1698bfa6._.js:6708:24)
    at runWithFiberInDEV (http://localhost:3000/_next/static/chunks/509c2_next_dist_compiled_react-dom_1698bfa6._.js:965:74)
    at performUnitOfWork (http://localhost:3000/_next/static/chunks/509c2_next_dist_compiled_react-dom_1698bfa6._.js:9562:97)
    at workLoopConcurrentByScheduler (http://localhost:3000/_next/static/chunks/509c2_next_dist_compiled_react-dom_1698bfa6._.js:9558:58)
    at renderRootConcurrent (http://localhost:3000/_next/static/chunks/509c2_next_dist_compiled_react-dom_1698bfa6._.js:9541:71)
    at performWorkOnRoot (http://localhost:3000/_next/static/chunks/509c2_next_dist_compiled_react-dom_1698bfa6._.js:9068:150)
    at performWorkOnRootViaSchedulerTask (http://localhost:3000/_next/static/chunks/509c2_next_dist_compiled_react-dom_1698bfa6._.js:10230:9)
    at MessagePort.performWorkUntilDeadline (http://localhost:3000/_next/static/chunks/509c2_next_dist_compiled_9044104d._.js:2647:64) @ http://localhost:3000/_next/static/chunks/509c2_next_dist_512df543._.js:3127
[ 2074100ms] [ERROR] IntlError: MISSING_MESSAGE: Could not resolve `modules.dashboard` in messages for locale `login`.
    at getMessagesOrError (http://localhost:3000/_next/static/chunks/db2ad__pnpm_bc426aec._.js:3637:27)
    at createBaseTranslator (http://localhost:3000/_next/static/chunks/db2ad__pnpm_bc426aec._.js:3642:29)
    at useTranslationsImpl.useMemo[translate] (http://localhost:3000/_next/static/chunks/db2ad__pnpm_bc426aec._.js:4163:378)
    at mountMemo (http://localhost:3000/_next/static/chunks/509c2_next_dist_compiled_react-dom_1698bfa6._.js:5424:25)
    at Object.useMemo (http://localhost:3000/_next/static/chunks/509c2_next_dist_compiled_react-dom_1698bfa6._.js:15003:24)
    at exports.useMemo (http://localhost:3000/_next/static/chunks/509c2_next_dist_compiled_9044104d._.js:1742:36)
    at useTranslationsImpl (http://localhost:3000/_next/static/chunks/db2ad__pnpm_bc426aec._.js:4162:416)
    at useTranslations (http://localhost:3000/_next/static/chunks/db2ad__pnpm_bc426aec._.js:4201:12)
    at http://localhost:3000/_next/static/chunks/db2ad__pnpm_6cafc622._.js:70:20
    at DashboardPage (http://localhost:3000/_next/static/chunks/pi-cwd-20260601_admin-platform_d7a92737._.js:987:432)
    at Object.react_stack_bottom_frame (http://localhost:3000/_next/static/chunks/509c2_next_dist_compiled_react-dom_1698bfa6._.js:14826:24)
    at renderWithHooks (http://localhost:3000/_next/static/chunks/509c2_next_dist_compiled_react-dom_1698bfa6._.js:4651:24)
    at updateFunctionComponent (http://localhost:3000/_next/static/chunks/509c2_next_dist_compiled_react-dom_1698bfa6._.js:6112:21)
    at beginWork (http://localhost:3000/_next/static/chunks/509c2_next_dist_compiled_react-dom_1698bfa6._.js:6708:24)
    at runWithFiberInDEV (http://localhost:3000/_next/static/chunks/509c2_next_dist_compiled_react-dom_1698bfa6._.js:965:74)
    at performUnitOfWork (http://localhost:3000/_next/static/chunks/509c2_next_dist_compiled_react-dom_1698bfa6._.js:9562:97)
    at workLoopConcurrentByScheduler (http://localhost:3000/_next/static/chunks/509c2_next_dist_compiled_react-dom_1698bfa6._.js:9558:58)
    at renderRootConcurrent (http://localhost:3000/_next/static/chunks/509c2_next_dist_compiled_react-dom_1698bfa6._.js:9541:71)
    at performWorkOnRoot (http://localhost:3000/_next/static/chunks/509c2_next_dist_compiled_react-dom_1698bfa6._.js:9068:150)
    at performWorkOnRootViaSchedulerTask (http://localhost:3000/_next/static/chunks/509c2_next_dist_compiled_react-dom_1698bfa6._.js:10230:9)
    at MessagePort.performWorkUntilDeadline (http://localhost:3000/_next/static/chunks/509c2_next_dist_compiled_9044104d._.js:2647:64) @ http://localhost:3000/_next/static/chunks/509c2_next_dist_512df543._.js:3127
[ 2074100ms] [ERROR] IntlError: MISSING_MESSAGE: Could not resolve `modules.dashboard` in messages for locale `login`.
    at getMessagesOrError (http://localhost:3000/_next/static/chunks/db2ad__pnpm_bc426aec._.js:3637:27)
    at createBaseTranslator (http://localhost:3000/_next/static/chunks/db2ad__pnpm_bc426aec._.js:3642:29)
    at useTranslationsImpl.useMemo[translate] (http://localhost:3000/_next/static/chunks/db2ad__pnpm_bc426aec._.js:4163:378)
    at mountMemo (http://localhost:3000/_next/static/chunks/509c2_next_dist_compiled_react-dom_1698bfa6._.js:5424:25)
    at Object.useMemo (http://localhost:3000/_next/static/chunks/509c2_next_dist_compiled_react-dom_1698bfa6._.js:15003:24)
    at exports.useMemo (http://localhost:3000/_next/static/chunks/509c2_next_dist_compiled_9044104d._.js:1742:36)
    at useTranslationsImpl (http://localhost:3000/_next/static/chunks/db2ad__pnpm_bc426aec._.js:4162:416)
    at useTranslations (http://localhost:3000/_next/static/chunks/db2ad__pnpm_bc426aec._.js:4201:12)
    at http://localhost:3000/_next/static/chunks/db2ad__pnpm_6cafc622._.js:70:20
    at DashboardPage (http://localhost:3000/_next/static/chunks/pi-cwd-20260601_admin-platform_d7a92737._.js:987:432)
    at Object.react_stack_bottom_frame (http://localhost:3000/_next/static/chunks/509c2_next_dist_compiled_react-dom_1698bfa6._.js:14826:24)
    at renderWithHooks (http://localhost:3000/_next/static/chunks/509c2_next_dist_compiled_react-dom_1698bfa6._.js:4651:24)
    at updateFunctionComponent (http://localhost:3000/_next/static/chunks/509c2_next_dist_compiled_react-dom_1698bfa6._.js:6112:21)
    at beginWork (http://localhost:3000/_next/static/chunks/509c2_next_dist_compiled_react-dom_1698bfa6._.js:6708:24)
    at runWithFiberInDEV (http://localhost:3000/_next/static/chunks/509c2_next_dist_compiled_react-dom_1698bfa6._.js:965:74)
    at performUnitOfWork (http://localhost:3000/_next/static/chunks/509c2_next_dist_compiled_react-dom_1698bfa6._.js:9562:97)
    at workLoopConcurrentByScheduler (http://localhost:3000/_next/static/chunks/509c2_next_dist_compiled_react-dom_1698bfa6._.js:9558:58)
    at renderRootConcurrent (http://localhost:3000/_next/static/chunks/509c2_next_dist_compiled_react-dom_1698bfa6._.js:9541:71)
    at performWorkOnRoot (http://localhost:3000/_next/static/chunks/509c2_next_dist_compiled_react-dom_1698bfa6._.js:9068:150)
    at performWorkOnRootViaSchedulerTask (http://localhost:3000/_next/static/chunks/509c2_next_dist_compiled_react-dom_1698bfa6._.js:10230:9)
    at MessagePort.performWorkUntilDeadline (http://localhost:3000/_next/static/chunks/509c2_next_dist_compiled_9044104d._.js:2647:64) @ http://localhost:3000/_next/static/chunks/509c2_next_dist_512df543._.js:3127
[ 2074100ms] [ERROR] IntlError: MISSING_MESSAGE: Could not resolve `modules.dashboard` in messages for locale `login`.
    at getMessagesOrError (http://localhost:3000/_next/static/chunks/db2ad__pnpm_bc426aec._.js:3637:27)
    at createBaseTranslator (http://localhost:3000/_next/static/chunks/db2ad__pnpm_bc426aec._.js:3642:29)
    at useTranslationsImpl.useMemo[translate] (http://localhost:3000/_next/static/chunks/db2ad__pnpm_bc426aec._.js:4163:378)
    at mountMemo (http://localhost:3000/_next/static/chunks/509c2_next_dist_compiled_react-dom_1698bfa6._.js:5424:25)
    at Object.useMemo (http://localhost:3000/_next/static/chunks/509c2_next_dist_compiled_react-dom_1698bfa6._.js:15003:24)
    at exports.useMemo (http://localhost:3000/_next/static/chunks/509c2_next_dist_compiled_9044104d._.js:1742:36)
    at useTranslationsImpl (http://localhost:3000/_next/static/chunks/db2ad__pnpm_bc426aec._.js:4162:416)
    at useTranslations (http://localhost:3000/_next/static/chunks/db2ad__pnpm_bc426aec._.js:4201:12)
    at http://localhost:3000/_next/static/chunks/db2ad__pnpm_6cafc622._.js:70:20
    at DashboardPage (http://localhost:3000/_next/static/chunks/pi-cwd-20260601_admin-platform_d7a92737._.js:987:432)
    at Object.react_stack_bottom_frame (http://localhost:3000/_next/static/chunks/509c2_next_dist_compiled_react-dom_1698bfa6._.js:14826:24)
    at renderWithHooks (http://localhost:3000/_next/static/chunks/509c2_next_dist_compiled_react-dom_1698bfa6._.js:4651:24)
    at updateFunctionComponent (http://localhost:3000/_next/static/chunks/509c2_next_dist_compiled_react-dom_1698bfa6._.js:6112:21)
    at beginWork (http://localhost:3000/_next/static/chunks/509c2_next_dist_compiled_react-dom_1698bfa6._.js:6708:24)
    at runWithFiberInDEV (http://localhost:3000/_next/static/chunks/509c2_next_dist_compiled_react-dom_1698bfa6._.js:965:74)
    at performUnitOfWork (http://localhost:3000/_next/static/chunks/509c2_next_dist_compiled_react-dom_1698bfa6._.js:9562:97)
    at workLoopConcurrentByScheduler (http://localhost:3000/_next/static/chunks/509c2_next_dist_compiled_react-dom_1698bfa6._.js:9558:58)
    at renderRootConcurrent (http://localhost:3000/_next/static/chunks/509c2_next_dist_compiled_react-dom_1698bfa6._.js:9541:71)
    at performWorkOnRoot (http://localhost:3000/_next/static/chunks/509c2_next_dist_compiled_react-dom_1698bfa6._.js:9068:150)
    at performWorkOnRootViaSchedulerTask (http://localhost:3000/_next/static/chunks/509c2_next_dist_compiled_react-dom_1698bfa6._.js:10230:9)
    at MessagePort.performWorkUntilDeadline (http://localhost:3000/_next/static/chunks/509c2_next_dist_compiled_9044104d._.js:2647:64) @ http://localhost:3000/_next/static/chunks/509c2_next_dist_512df543._.js:3127
[ 2074100ms] [ERROR] IntlError: MISSING_MESSAGE: Could not resolve `modules.dashboard` in messages for locale `login`.
    at getMessagesOrError (http://localhost:3000/_next/static/chunks/db2ad__pnpm_bc426aec._.js:3637:27)
    at createBaseTranslator (http://localhost:3000/_next/static/chunks/db2ad__pnpm_bc426aec._.js:3642:29)
    at useTranslationsImpl.useMemo[translate] (http://localhost:3000/_next/static/chunks/db2ad__pnpm_bc426aec._.js:4163:378)
    at mountMemo (http://localhost:3000/_next/static/chunks/509c2_next_dist_compiled_react-dom_1698bfa6._.js:5424:25)
    at Object.useMemo (http://localhost:3000/_next/static/chunks/509c2_next_dist_compiled_react-dom_1698bfa6._.js:15003:24)
    at exports.useMemo (http://localhost:3000/_next/static/chunks/509c2_next_dist_compiled_9044104d._.js:1742:36)
    at useTranslationsImpl (http://localhost:3000/_next/static/chunks/db2ad__pnpm_bc426aec._.js:4162:416)
    at useTranslations (http://localhost:3000/_next/static/chunks/db2ad__pnpm_bc426aec._.js:4201:12)
    at http://localhost:3000/_next/static/chunks/db2ad__pnpm_6cafc622._.js:70:20
    at DashboardPage (http://localhost:3000/_next/static/chunks/pi-cwd-20260601_admin-platform_d7a92737._.js:987:432)
    at Object.react_stack_bottom_frame (http://localhost:3000/_next/static/chunks/509c2_next_dist_compiled_react-dom_1698bfa6._.js:14826:24)
    at renderWithHooks (http://localhost:3000/_next/static/chunks/509c2_next_dist_compiled_react-dom_1698bfa6._.js:4651:24)
    at updateFunctionComponent (http://localhost:3000/_next/static/chunks/509c2_next_dist_compiled_react-dom_1698bfa6._.js:6112:21)
    at beginWork (http://localhost:3000/_next/static/chunks/509c2_next_dist_compiled_react-dom_1698bfa6._.js:6708:24)
    at runWithFiberInDEV (http://localhost:3000/_next/static/chunks/509c2_next_dist_compiled_react-dom_1698bfa6._.js:965:74)
    at performUnitOfWork (http://localhost:3000/_next/static/chunks/509c2_next_dist_compiled_react-dom_1698bfa6._.js:9562:97)
    at workLoopConcurrentByScheduler (http://localhost:3000/_next/static/chunks/509c2_next_dist_compiled_react-dom_1698bfa6._.js:9558:58)
    at renderRootConcurrent (http://localhost:3000/_next/static/chunks/509c2_next_dist_compiled_react-dom_1698bfa6._.js:9541:71)
    at performWorkOnRoot (http://localhost:3000/_next/static/chunks/509c2_next_dist_compiled_react-dom_1698bfa6._.js:9068:150)
    at performWorkOnRootViaSchedulerTask (http://localhost:3000/_next/static/chunks/509c2_next_dist_compiled_react-dom_1698bfa6._.js:10230:9)
    at MessagePort.performWorkUntilDeadline (http://localhost:3000/_next/static/chunks/509c2_next_dist_compiled_9044104d._.js:2647:64) @ http://localhost:3000/_next/static/chunks/509c2_next_dist_512df543._.js:3127
[ 2074101ms] [ERROR] IntlError: MISSING_MESSAGE: Could not resolve `modules.dashboard` in messages for locale `login`.
    at getMessagesOrError (http://localhost:3000/_next/static/chunks/db2ad__pnpm_bc426aec._.js:3637:27)
    at createBaseTranslator (http://localhost:3000/_next/static/chunks/db2ad__pnpm_bc426aec._.js:3642:29)
    at useTranslationsImpl.useMemo[translate] (http://localhost:3000/_next/static/chunks/db2ad__pnpm_bc426aec._.js:4163:378)
    at mountMemo (http://localhost:3000/_next/static/chunks/509c2_next_dist_compiled_react-dom_1698bfa6._.js:5424:25)
    at Object.useMemo (http://localhost:3000/_next/static/chunks/509c2_next_dist_compiled_react-dom_1698bfa6._.js:15003:24)
    at exports.useMemo (http://localhost:3000/_next/static/chunks/509c2_next_dist_compiled_9044104d._.js:1742:36)
    at useTranslationsImpl (http://localhost:3000/_next/static/chunks/db2ad__pnpm_bc426aec._.js:4162:416)
    at useTranslations (http://localhost:3000/_next/static/chunks/db2ad__pnpm_bc426aec._.js:4201:12)
    at http://localhost:3000/_next/static/chunks/db2ad__pnpm_6cafc622._.js:70:20
    at DashboardPage (http://localhost:3000/_next/static/chunks/pi-cwd-20260601_admin-platform_d7a92737._.js:987:432)
    at Object.react_stack_bottom_frame (http://localhost:3000/_next/static/chunks/509c2_next_dist_compiled_react-dom_1698bfa6._.js:14826:24)
    at renderWithHooks (http://localhost:3000/_next/static/chunks/509c2_next_dist_compiled_react-dom_1698bfa6._.js:4651:24)
    at updateFunctionComponent (http://localhost:3000/_next/static/chunks/509c2_next_dist_compiled_react-dom_1698bfa6._.js:6112:21)
    at beginWork (http://localhost:3000/_next/static/chunks/509c2_next_dist_compiled_react-dom_1698bfa6._.js:6708:24)
    at runWithFiberInDEV (http://localhost:3000/_next/static/chunks/509c2_next_dist_compiled_react-dom_1698bfa6._.js:965:74)
    at performUnitOfWork (http://localhost:3000/_next/static/chunks/509c2_next_dist_compiled_react-dom_1698bfa6._.js:9562:97)
    at workLoopConcurrentByScheduler (http://localhost:3000/_next/static/chunks/509c2_next_dist_compiled_react-dom_1698bfa6._.js:9558:58)
    at renderRootConcurrent (http://localhost:3000/_next/static/chunks/509c2_next_dist_compiled_react-dom_1698bfa6._.js:9541:71)
    at performWorkOnRoot (http://localhost:3000/_next/static/chunks/509c2_next_dist_compiled_react-dom_1698bfa6._.js:9068:150)
    at performWorkOnRootViaSchedulerTask (http://localhost:3000/_next/static/chunks/509c2_next_dist_compiled_react-dom_1698bfa6._.js:10230:9)
    at MessagePort.performWorkUntilDeadline (http://localhost:3000/_next/static/chunks/509c2_next_dist_compiled_9044104d._.js:2647:64) @ http://localhost:3000/_next/static/chunks/509c2_next_dist_512df543._.js:3127
[ 2074101ms] [ERROR] IntlError: MISSING_MESSAGE: Could not resolve `modules.dashboard` in messages for locale `login`.
    at getMessagesOrError (http://localhost:3000/_next/static/chunks/db2ad__pnpm_bc426aec._.js:3637:27)
    at createBaseTranslator (http://localhost:3000/_next/static/chunks/db2ad__pnpm_bc426aec._.js:3642:29)
    at useTranslationsImpl.useMemo[translate] (http://localhost:3000/_next/static/chunks/db2ad__pnpm_bc426aec._.js:4163:378)
    at mountMemo (http://localhost:3000/_next/static/chunks/509c2_next_dist_compiled_react-dom_1698bfa6._.js:5424:25)
    at Object.useMemo (http://localhost:3000/_next/static/chunks/509c2_next_dist_compiled_react-dom_1698bfa6._.js:15003:24)
    at exports.useMemo (http://localhost:3000/_next/static/chunks/509c2_next_dist_compiled_9044104d._.js:1742:36)
    at useTranslationsImpl (http://localhost:3000/_next/static/chunks/db2ad__pnpm_bc426aec._.js:4162:416)
    at useTranslations (http://localhost:3000/_next/static/chunks/db2ad__pnpm_bc426aec._.js:4201:12)
    at http://localhost:3000/_next/static/chunks/db2ad__pnpm_6cafc622._.js:70:20
    at DashboardPage (http://localhost:3000/_next/static/chunks/pi-cwd-20260601_admin-platform_d7a92737._.js:987:432)
    at Object.react_stack_bottom_frame (http://localhost:3000/_next/static/chunks/509c2_next_dist_compiled_react-dom_1698bfa6._.js:14826:24)
    at renderWithHooks (http://localhost:3000/_next/static/chunks/509c2_next_dist_compiled_react-dom_1698bfa6._.js:4651:24)
    at updateFunctionComponent (http://localhost:3000/_next/static/chunks/509c2_next_dist_compiled_react-dom_1698bfa6._.js:6112:21)
    at beginWork (http://localhost:3000/_next/static/chunks/509c2_next_dist_compiled_react-dom_1698bfa6._.js:6708:24)
    at runWithFiberInDEV (http://localhost:3000/_next/static/chunks/509c2_next_dist_compiled_react-dom_1698bfa6._.js:965:74)
    at performUnitOfWork (http://localhost:3000/_next/static/chunks/509c2_next_dist_compiled_react-dom_1698bfa6._.js:9562:97)
    at workLoopConcurrentByScheduler (http://localhost:3000/_next/static/chunks/509c2_next_dist_compiled_react-dom_1698bfa6._.js:9558:58)
    at renderRootConcurrent (http://localhost:3000/_next/static/chunks/509c2_next_dist_compiled_react-dom_1698bfa6._.js:9541:71)
    at performWorkOnRoot (http://localhost:3000/_next/static/chunks/509c2_next_dist_compiled_react-dom_1698bfa6._.js:9068:150)
    at performWorkOnRootViaSchedulerTask (http://localhost:3000/_next/static/chunks/509c2_next_dist_compiled_react-dom_1698bfa6._.js:10230:9)
    at MessagePort.performWorkUntilDeadline (http://localhost:3000/_next/static/chunks/509c2_next_dist_compiled_9044104d._.js:2647:64) @ http://localhost:3000/_next/static/chunks/509c2_next_dist_512df543._.js:3127
[ 2074101ms] [ERROR] IntlError: MISSING_MESSAGE: Could not resolve `modules.dashboard` in messages for locale `login`.
    at getMessagesOrError (http://localhost:3000/_next/static/chunks/db2ad__pnpm_bc426aec._.js:3637:27)
    at createBaseTranslator (http://localhost:3000/_next/static/chunks/db2ad__pnpm_bc426aec._.js:3642:29)
    at useTranslationsImpl.useMemo[translate] (http://localhost:3000/_next/static/chunks/db2ad__pnpm_bc426aec._.js:4163:378)
    at mountMemo (http://localhost:3000/_next/static/chunks/509c2_next_dist_compiled_react-dom_1698bfa6._.js:5424:25)
    at Object.useMemo (http://localhost:3000/_next/static/chunks/509c2_next_dist_compiled_react-dom_1698bfa6._.js:15003:24)
    at exports.useMemo (http://localhost:3000/_next/static/chunks/509c2_next_dist_compiled_9044104d._.js:1742:36)
    at useTranslationsImpl (http://localhost:3000/_next/static/chunks/db2ad__pnpm_bc426aec._.js:4162:416)
    at useTranslations (http://localhost:3000/_next/static/chunks/db2ad__pnpm_bc426aec._.js:4201:12)
    at http://localhost:3000/_next/static/chunks/db2ad__pnpm_6cafc622._.js:70:20
    at DashboardPage (http://localhost:3000/_next/static/chunks/pi-cwd-20260601_admin-platform_d7a92737._.js:987:432)
    at Object.react_stack_bottom_frame (http://localhost:3000/_next/static/chunks/509c2_next_dist_compiled_react-dom_1698bfa6._.js:14826:24)
    at renderWithHooks (http://localhost:3000/_next/static/chunks/509c2_next_dist_compiled_react-dom_1698bfa6._.js:4651:24)
    at updateFunctionComponent (http://localhost:3000/_next/static/chunks/509c2_next_dist_compiled_react-dom_1698bfa6._.js:6112:21)
    at beginWork (http://localhost:3000/_next/static/chunks/509c2_next_dist_compiled_react-dom_1698bfa6._.js:6708:24)
    at runWithFiberInDEV (http://localhost:3000/_next/static/chunks/509c2_next_dist_compiled_react-dom_1698bfa6._.js:965:74)
    at performUnitOfWork (http://localhost:3000/_next/static/chunks/509c2_next_dist_compiled_react-dom_1698bfa6._.js:9562:97)
    at workLoopConcurrentByScheduler (http://localhost:3000/_next/static/chunks/509c2_next_dist_compiled_react-dom_1698bfa6._.js:9558:58)
    at renderRootConcurrent (http://localhost:3000/_next/static/chunks/509c2_next_dist_compiled_react-dom_1698bfa6._.js:9541:71)
    at performWorkOnRoot (http://localhost:3000/_next/static/chunks/509c2_next_dist_compiled_react-dom_1698bfa6._.js:9068:150)
    at performWorkOnRootViaSchedulerTask (http://localhost:3000/_next/static/chunks/509c2_next_dist_compiled_react-dom_1698bfa6._.js:10230:9)
    at MessagePort.performWorkUntilDeadline (http://localhost:3000/_next/static/chunks/509c2_next_dist_compiled_9044104d._.js:2647:64) @ http://localhost:3000/_next/static/chunks/509c2_next_dist_512df543._.js:3127
[ 2074103ms] [ERROR] IntlError: MISSING_MESSAGE: Could not resolve `modules.dashboard` in messages for locale `login`.
    at getMessagesOrError (http://localhost:3000/_next/static/chunks/db2ad__pnpm_bc426aec._.js:3637:27)
    at createBaseTranslator (http://localhost:3000/_next/static/chunks/db2ad__pnpm_bc426aec._.js:3642:29)
    at useTranslationsImpl.useMemo[translate] (http://localhost:3000/_next/static/chunks/db2ad__pnpm_bc426aec._.js:4163:378)
    at mountMemo (http://localhost:3000/_next/static/chunks/509c2_next_dist_compiled_react-dom_1698bfa6._.js:5424:25)
    at Object.useMemo (http://localhost:3000/_next/static/chunks/509c2_next_dist_compiled_react-dom_1698bfa6._.js:15003:24)
    at exports.useMemo (http://localhost:3000/_next/static/chunks/509c2_next_dist_compiled_9044104d._.js:1742:36)
    at useTranslationsImpl (http://localhost:3000/_next/static/chunks/db2ad__pnpm_bc426aec._.js:4162:416)
    at useTranslations (http://localhost:3000/_next/static/chunks/db2ad__pnpm_bc426aec._.js:4201:12)
    at http://localhost:3000/_next/static/chunks/db2ad__pnpm_6cafc622._.js:70:20
    at DashboardPage (http://localhost:3000/_next/static/chunks/pi-cwd-20260601_admin-platform_d7a92737._.js:987:432)
    at Object.react_stack_bottom_frame (http://localhost:3000/_next/static/chunks/509c2_next_dist_compiled_react-dom_1698bfa6._.js:14826:24)
    at renderWithHooks (http://localhost:3000/_next/static/chunks/509c2_next_dist_compiled_react-dom_1698bfa6._.js:4651:24)
    at updateFunctionComponent (http://localhost:3000/_next/static/chunks/509c2_next_dist_compiled_react-dom_1698bfa6._.js:6112:21)
    at beginWork (http://localhost:3000/_next/static/chunks/509c2_next_dist_compiled_react-dom_1698bfa6._.js:6708:24)
    at runWithFiberInDEV (http://localhost:3000/_next/static/chunks/509c2_next_dist_compiled_react-dom_1698bfa6._.js:965:74)
    at performUnitOfWork (http://localhost:3000/_next/static/chunks/509c2_next_dist_compiled_react-dom_1698bfa6._.js:9562:97)
    at workLoopConcurrentByScheduler (http://localhost:3000/_next/static/chunks/509c2_next_dist_compiled_react-dom_1698bfa6._.js:9558:58)
    at renderRootConcurrent (http://localhost:3000/_next/static/chunks/509c2_next_dist_compiled_react-dom_1698bfa6._.js:9541:71)
    at performWorkOnRoot (http://localhost:3000/_next/static/chunks/509c2_next_dist_compiled_react-dom_1698bfa6._.js:9068:150)
    at performWorkOnRootViaSchedulerTask (http://localhost:3000/_next/static/chunks/509c2_next_dist_compiled_react-dom_1698bfa6._.js:10230:9)
    at MessagePort.performWorkUntilDeadline (http://localhost:3000/_next/static/chunks/509c2_next_dist_compiled_9044104d._.js:2647:64) @ http://localhost:3000/_next/static/chunks/509c2_next_dist_512df543._.js:3127
[ 2074104ms] [ERROR] IntlError: MISSING_MESSAGE: Could not resolve `modules.dashboard` in messages for locale `login`.
    at getMessagesOrError (http://localhost:3000/_next/static/chunks/db2ad__pnpm_bc426aec._.js:3637:27)
    at createBaseTranslator (http://localhost:3000/_next/static/chunks/db2ad__pnpm_bc426aec._.js:3642:29)
    at useTranslationsImpl.useMemo[translate] (http://localhost:3000/_next/static/chunks/db2ad__pnpm_bc426aec._.js:4163:378)
    at mountMemo (http://localhost:3000/_next/static/chunks/509c2_next_dist_compiled_react-dom_1698bfa6._.js:5424:25)
    at Object.useMemo (http://localhost:3000/_next/static/chunks/509c2_next_dist_compiled_react-dom_1698bfa6._.js:15003:24)
    at exports.useMemo (http://localhost:3000/_next/static/chunks/509c2_next_dist_compiled_9044104d._.js:1742:36)
    at useTranslationsImpl (http://localhost:3000/_next/static/chunks/db2ad__pnpm_bc426aec._.js:4162:416)
    at useTranslations (http://localhost:3000/_next/static/chunks/db2ad__pnpm_bc426aec._.js:4201:12)
    at http://localhost:3000/_next/static/chunks/db2ad__pnpm_6cafc622._.js:70:20
    at DashboardPage (http://localhost:3000/_next/static/chunks/pi-cwd-20260601_admin-platform_d7a92737._.js:987:432)
    at Object.react_stack_bottom_frame (http://localhost:3000/_next/static/chunks/509c2_next_dist_compiled_react-dom_1698bfa6._.js:14826:24)
    at renderWithHooks (http://localhost:3000/_next/static/chunks/509c2_next_dist_compiled_react-dom_1698bfa6._.js:4651:24)
    at updateFunctionComponent (http://localhost:3000/_next/static/chunks/509c2_next_dist_compiled_react-dom_1698bfa6._.js:6112:21)
    at beginWork (http://localhost:3000/_next/static/chunks/509c2_next_dist_compiled_react-dom_1698bfa6._.js:6708:24)
    at runWithFiberInDEV (http://localhost:3000/_next/static/chunks/509c2_next_dist_compiled_react-dom_1698bfa6._.js:965:74)
    at performUnitOfWork (http://localhost:3000/_next/static/chunks/509c2_next_dist_compiled_react-dom_1698bfa6._.js:9562:97)
    at workLoopConcurrentByScheduler (http://localhost:3000/_next/static/chunks/509c2_next_dist_compiled_react-dom_1698bfa6._.js:9558:58)
    at renderRootConcurrent (http://localhost:3000/_next/static/chunks/509c2_next_dist_compiled_react-dom_1698bfa6._.js:9541:71)
    at performWorkOnRoot (http://localhost:3000/_next/static/chunks/509c2_next_dist_compiled_react-dom_1698bfa6._.js:9068:150)
    at performWorkOnRootViaSchedulerTask (http://localhost:3000/_next/static/chunks/509c2_next_dist_compiled_react-dom_1698bfa6._.js:10230:9)
    at MessagePort.performWorkUntilDeadline (http://localhost:3000/_next/static/chunks/509c2_next_dist_compiled_9044104d._.js:2647:64) @ http://localhost:3000/_next/static/chunks/509c2_next_dist_512df543._.js:3127
[ 2074104ms] [ERROR] IntlError: MISSING_MESSAGE: Could not resolve `modules.dashboard` in messages for locale `login`.
    at getMessagesOrError (http://localhost:3000/_next/static/chunks/db2ad__pnpm_bc426aec._.js:3637:27)
    at createBaseTranslator (http://localhost:3000/_next/static/chunks/db2ad__pnpm_bc426aec._.js:3642:29)
    at useTranslationsImpl.useMemo[translate] (http://localhost:3000/_next/static/chunks/db2ad__pnpm_bc426aec._.js:4163:378)
    at mountMemo (http://localhost:3000/_next/static/chunks/509c2_next_dist_compiled_react-dom_1698bfa6._.js:5424:25)
    at Object.useMemo (http://localhost:3000/_next/static/chunks/509c2_next_dist_compiled_react-dom_1698bfa6._.js:15003:24)
    at exports.useMemo (http://localhost:3000/_next/static/chunks/509c2_next_dist_compiled_9044104d._.js:1742:36)
    at useTranslationsImpl (http://localhost:3000/_next/static/chunks/db2ad__pnpm_bc426aec._.js:4162:416)
    at useTranslations (http://localhost:3000/_next/static/chunks/db2ad__pnpm_bc426aec._.js:4201:12)
    at http://localhost:3000/_next/static/chunks/db2ad__pnpm_6cafc622._.js:70:20
    at DashboardPage (http://localhost:3000/_next/static/chunks/pi-cwd-20260601_admin-platform_d7a92737._.js:987:432)
    at Object.react_stack_bottom_frame (http://localhost:3000/_next/static/chunks/509c2_next_dist_compiled_react-dom_1698bfa6._.js:14826:24)
    at renderWithHooks (http://localhost:3000/_next/static/chunks/509c2_next_dist_compiled_react-dom_1698bfa6._.js:4651:24)
    at updateFunctionComponent (http://localhost:3000/_next/static/chunks/509c2_next_dist_compiled_react-dom_1698bfa6._.js:6112:21)
    at beginWork (http://localhost:3000/_next/static/chunks/509c2_next_dist_compiled_react-dom_1698bfa6._.js:6708:24)
    at runWithFiberInDEV (http://localhost:3000/_next/static/chunks/509c2_next_dist_compiled_react-dom_1698bfa6._.js:965:74)
    at performUnitOfWork (http://localhost:3000/_next/static/chunks/509c2_next_dist_compiled_react-dom_1698bfa6._.js:9562:97)
    at workLoopConcurrentByScheduler (http://localhost:3000/_next/static/chunks/509c2_next_dist_compiled_react-dom_1698bfa6._.js:9558:58)
    at renderRootConcurrent (http://localhost:3000/_next/static/chunks/509c2_next_dist_compiled_react-dom_1698bfa6._.js:9541:71)
    at performWorkOnRoot (http://localhost:3000/_next/static/chunks/509c2_next_dist_compiled_react-dom_1698bfa6._.js:9068:150)
    at performWorkOnRootViaSchedulerTask (http://localhost:3000/_next/static/chunks/509c2_next_dist_compiled_react-dom_1698bfa6._.js:10230:9)
    at MessagePort.performWorkUntilDeadline (http://localhost:3000/_next/static/chunks/509c2_next_dist_compiled_9044104d._.js:2647:64) @ http://localhost:3000/_next/static/chunks/509c2_next_dist_512df543._.js:3127
[ 2074104ms] [ERROR] IntlError: MISSING_MESSAGE: Could not resolve `modules.dashboard` in messages for locale `login`.
    at getMessagesOrError (http://localhost:3000/_next/static/chunks/db2ad__pnpm_bc426aec._.js:3637:27)
    at createBaseTranslator (http://localhost:3000/_next/static/chunks/db2ad__pnpm_bc426aec._.js:3642:29)
    at useTranslationsImpl.useMemo[translate] (http://localhost:3000/_next/static/chunks/db2ad__pnpm_bc426aec._.js:4163:378)
    at mountMemo (http://localhost:3000/_next/static/chunks/509c2_next_dist_compiled_react-dom_1698bfa6._.js:5424:25)
    at Object.useMemo (http://localhost:3000/_next/static/chunks/509c2_next_dist_compiled_react-dom_1698bfa6._.js:15003:24)
    at exports.useMemo (http://localhost:3000/_next/static/chunks/509c2_next_dist_compiled_9044104d._.js:1742:36)
    at useTranslationsImpl (http://localhost:3000/_next/static/chunks/db2ad__pnpm_bc426aec._.js:4162:416)
    at useTranslations (http://localhost:3000/_next/static/chunks/db2ad__pnpm_bc426aec._.js:4201:12)
    at http://localhost:3000/_next/static/chunks/db2ad__pnpm_6cafc622._.js:70:20
    at DashboardPage (http://localhost:3000/_next/static/chunks/pi-cwd-20260601_admin-platform_d7a92737._.js:987:432)
    at Object.react_stack_bottom_frame (http://localhost:3000/_next/static/chunks/509c2_next_dist_compiled_react-dom_1698bfa6._.js:14826:24)
    at renderWithHooks (http://localhost:3000/_next/static/chunks/509c2_next_dist_compiled_react-dom_1698bfa6._.js:4651:24)
    at updateFunctionComponent (http://localhost:3000/_next/static/chunks/509c2_next_dist_compiled_react-dom_1698bfa6._.js:6112:21)
    at beginWork (http://localhost:3000/_next/static/chunks/509c2_next_dist_compiled_react-dom_1698bfa6._.js:6708:24)
    at runWithFiberInDEV (http://localhost:3000/_next/static/chunks/509c2_next_dist_compiled_react-dom_1698bfa6._.js:965:74)
    at performUnitOfWork (http://localhost:3000/_next/static/chunks/509c2_next_dist_compiled_react-dom_1698bfa6._.js:9562:97)
    at workLoopConcurrentByScheduler (http://localhost:3000/_next/static/chunks/509c2_next_dist_compiled_react-dom_1698bfa6._.js:9558:58)
    at renderRootConcurrent (http://localhost:3000/_next/static/chunks/509c2_next_dist_compiled_react-dom_1698bfa6._.js:9541:71)
    at performWorkOnRoot (http://localhost:3000/_next/static/chunks/509c2_next_dist_compiled_react-dom_1698bfa6._.js:9068:150)
    at performWorkOnRootViaSchedulerTask (http://localhost:3000/_next/static/chunks/509c2_next_dist_compiled_react-dom_1698bfa6._.js:10230:9)
    at MessagePort.performWorkUntilDeadline (http://localhost:3000/_next/static/chunks/509c2_next_dist_compiled_9044104d._.js:2647:64) @ http://localhost:3000/_next/static/chunks/509c2_next_dist_512df543._.js:3127
[ 2074105ms] [ERROR] IntlError: MISSING_MESSAGE: Could not resolve `modules.dashboard` in messages for locale `login`.
    at getMessagesOrError (http://localhost:3000/_next/static/chunks/db2ad__pnpm_bc426aec._.js:3637:27)
    at createBaseTranslator (http://localhost:3000/_next/static/chunks/db2ad__pnpm_bc426aec._.js:3642:29)
    at useTranslationsImpl.useMemo[translate] (http://localhost:3000/_next/static/chunks/db2ad__pnpm_bc426aec._.js:4163:378)
    at mountMemo (http://localhost:3000/_next/static/chunks/509c2_next_dist_compiled_react-dom_1698bfa6._.js:5424:25)
    at Object.useMemo (http://localhost:3000/_next/static/chunks/509c2_next_dist_compiled_react-dom_1698bfa6._.js:15003:24)
    at exports.useMemo (http://localhost:3000/_next/static/chunks/509c2_next_dist_compiled_9044104d._.js:1742:36)
    at useTranslationsImpl (http://localhost:3000/_next/static/chunks/db2ad__pnpm_bc426aec._.js:4162:416)
    at useTranslations (http://localhost:3000/_next/static/chunks/db2ad__pnpm_bc426aec._.js:4201:12)
    at http://localhost:3000/_next/static/chunks/db2ad__pnpm_6cafc622._.js:70:20
    at DashboardPage (http://localhost:3000/_next/static/chunks/pi-cwd-20260601_admin-platform_d7a92737._.js:987:432)
    at Object.react_stack_bottom_frame (http://localhost:3000/_next/static/chunks/509c2_next_dist_compiled_react-dom_1698bfa6._.js:14826:24)
    at renderWithHooks (http://localhost:3000/_next/static/chunks/509c2_next_dist_compiled_react-dom_1698bfa6._.js:4651:24)
    at updateFunctionComponent (http://localhost:3000/_next/static/chunks/509c2_next_dist_compiled_react-dom_1698bfa6._.js:6112:21)
    at beginWork (http://localhost:3000/_next/static/chunks/509c2_next_dist_compiled_react-dom_1698bfa6._.js:6708:24)
    at runWithFiberInDEV (http://localhost:3000/_next/static/chunks/509c2_next_dist_compiled_react-dom_1698bfa6._.js:965:74)
    at performUnitOfWork (http://localhost:3000/_next/static/chunks/509c2_next_dist_compiled_react-dom_1698bfa6._.js:9562:97)
    at workLoopConcurrentByScheduler (http://localhost:3000/_next/static/chunks/509c2_next_dist_compiled_react-dom_1698bfa6._.js:9558:58)
    at renderRootConcurrent (http://localhost:3000/_next/static/chunks/509c2_next_dist_compiled_react-dom_1698bfa6._.js:9541:71)
    at performWorkOnRoot (http://localhost:3000/_next/static/chunks/509c2_next_dist_compiled_react-dom_1698bfa6._.js:9068:150)
    at performWorkOnRootViaSchedulerTask (http://localhost:3000/_next/static/chunks/509c2_next_dist_compiled_react-dom_1698bfa6._.js:10230:9)
    at MessagePort.performWorkUntilDeadline (http://localhost:3000/_next/static/chunks/509c2_next_dist_compiled_9044104d._.js:2647:64) @ http://localhost:3000/_next/static/chunks/509c2_next_dist_512df543._.js:3127
[ 2074105ms] [ERROR] IntlError: MISSING_MESSAGE: Could not resolve `modules.dashboard` in messages for locale `login`.
    at getMessagesOrError (http://localhost:3000/_next/static/chunks/db2ad__pnpm_bc426aec._.js:3637:27)
    at createBaseTranslator (http://localhost:3000/_next/static/chunks/db2ad__pnpm_bc426aec._.js:3642:29)
    at useTranslationsImpl.useMemo[translate] (http://localhost:3000/_next/static/chunks/db2ad__pnpm_bc426aec._.js:4163:378)
    at mountMemo (http://localhost:3000/_next/static/chunks/509c2_next_dist_compiled_react-dom_1698bfa6._.js:5424:25)
    at Object.useMemo (http://localhost:3000/_next/static/chunks/509c2_next_dist_compiled_react-dom_1698bfa6._.js:15003:24)
    at exports.useMemo (http://localhost:3000/_next/static/chunks/509c2_next_dist_compiled_9044104d._.js:1742:36)
    at useTranslationsImpl (http://localhost:3000/_next/static/chunks/db2ad__pnpm_bc426aec._.js:4162:416)
    at useTranslations (http://localhost:3000/_next/static/chunks/db2ad__pnpm_bc426aec._.js:4201:12)
    at http://localhost:3000/_next/static/chunks/db2ad__pnpm_6cafc622._.js:70:20
    at DashboardPage (http://localhost:3000/_next/static/chunks/pi-cwd-20260601_admin-platform_d7a92737._.js:987:432)
    at Object.react_stack_bottom_frame (http://localhost:3000/_next/static/chunks/509c2_next_dist_compiled_react-dom_1698bfa6._.js:14826:24)
    at renderWithHooks (http://localhost:3000/_next/static/chunks/509c2_next_dist_compiled_react-dom_1698bfa6._.js:4651:24)
    at updateFunctionComponent (http://localhost:3000/_next/static/chunks/509c2_next_dist_compiled_react-dom_1698bfa6._.js:6112:21)
    at beginWork (http://localhost:3000/_next/static/chunks/509c2_next_dist_compiled_react-dom_1698bfa6._.js:6708:24)
    at runWithFiberInDEV (http://localhost:3000/_next/static/chunks/509c2_next_dist_compiled_react-dom_1698bfa6._.js:965:74)
    at performUnitOfWork (http://localhost:3000/_next/static/chunks/509c2_next_dist_compiled_react-dom_1698bfa6._.js:9562:97)
    at workLoopConcurrentByScheduler (http://localhost:3000/_next/static/chunks/509c2_next_dist_compiled_react-dom_1698bfa6._.js:9558:58)
    at renderRootConcurrent (http://localhost:3000/_next/static/chunks/509c2_next_dist_compiled_react-dom_1698bfa6._.js:9541:71)
    at performWorkOnRoot (http://localhost:3000/_next/static/chunks/509c2_next_dist_compiled_react-dom_1698bfa6._.js:9068:150)
    at performWorkOnRootViaSchedulerTask (http://localhost:3000/_next/static/chunks/509c2_next_dist_compiled_react-dom_1698bfa6._.js:10230:9)
    at MessagePort.performWorkUntilDeadline (http://localhost:3000/_next/static/chunks/509c2_next_dist_compiled_9044104d._.js:2647:64) @ http://localhost:3000/_next/static/chunks/509c2_next_dist_512df543._.js:3127
[ 2074105ms] [ERROR] IntlError: MISSING_MESSAGE: Could not resolve `modules.dashboard` in messages for locale `login`.
    at getMessagesOrError (http://localhost:3000/_next/static/chunks/db2ad__pnpm_bc426aec._.js:3637:27)
    at createBaseTranslator (http://localhost:3000/_next/static/chunks/db2ad__pnpm_bc426aec._.js:3642:29)
    at useTranslationsImpl.useMemo[translate] (http://localhost:3000/_next/static/chunks/db2ad__pnpm_bc426aec._.js:4163:378)
    at mountMemo (http://localhost:3000/_next/static/chunks/509c2_next_dist_compiled_react-dom_1698bfa6._.js:5424:25)
    at Object.useMemo (http://localhost:3000/_next/static/chunks/509c2_next_dist_compiled_react-dom_1698bfa6._.js:15003:24)
    at exports.useMemo (http://localhost:3000/_next/static/chunks/509c2_next_dist_compiled_9044104d._.js:1742:36)
    at useTranslationsImpl (http://localhost:3000/_next/static/chunks/db2ad__pnpm_bc426aec._.js:4162:416)
    at useTranslations (http://localhost:3000/_next/static/chunks/db2ad__pnpm_bc426aec._.js:4201:12)
    at http://localhost:3000/_next/static/chunks/db2ad__pnpm_6cafc622._.js:70:20
    at DashboardPage (http://localhost:3000/_next/static/chunks/pi-cwd-20260601_admin-platform_d7a92737._.js:987:432)
    at Object.react_stack_bottom_frame (http://localhost:3000/_next/static/chunks/509c2_next_dist_compiled_react-dom_1698bfa6._.js:14826:24)
    at renderWithHooks (http://localhost:3000/_next/static/chunks/509c2_next_dist_compiled_react-dom_1698bfa6._.js:4651:24)
    at updateFunctionComponent (http://localhost:3000/_next/static/chunks/509c2_next_dist_compiled_react-dom_1698bfa6._.js:6112:21)
    at beginWork (http://localhost:3000/_next/static/chunks/509c2_next_dist_compiled_react-dom_1698bfa6._.js:6708:24)
    at runWithFiberInDEV (http://localhost:3000/_next/static/chunks/509c2_next_dist_compiled_react-dom_1698bfa6._.js:965:74)
    at performUnitOfWork (http://localhost:3000/_next/static/chunks/509c2_next_dist_compiled_react-dom_1698bfa6._.js:9562:97)
    at workLoopConcurrentByScheduler (http://localhost:3000/_next/static/chunks/509c2_next_dist_compiled_react-dom_1698bfa6._.js:9558:58)
    at renderRootConcurrent (http://localhost:3000/_next/static/chunks/509c2_next_dist_compiled_react-dom_1698bfa6._.js:9541:71)
    at performWorkOnRoot (http://localhost:3000/_next/static/chunks/509c2_next_dist_compiled_react-dom_1698bfa6._.js:9068:150)
    at performWorkOnRootViaSchedulerTask (http://localhost:3000/_next/static/chunks/509c2_next_dist_compiled_react-dom_1698bfa6._.js:10230:9)
    at MessagePort.performWorkUntilDeadline (http://localhost:3000/_next/static/chunks/509c2_next_dist_compiled_9044104d._.js:2647:64) @ http://localhost:3000/_next/static/chunks/509c2_next_dist_512df543._.js:3127
[ 2074106ms] [ERROR] IntlError: MISSING_MESSAGE: Could not resolve `modules.dashboard` in messages for locale `login`.
    at getMessagesOrError (http://localhost:3000/_next/static/chunks/db2ad__pnpm_bc426aec._.js:3637:27)
    at createBaseTranslator (http://localhost:3000/_next/static/chunks/db2ad__pnpm_bc426aec._.js:3642:29)
    at useTranslationsImpl.useMemo[translate] (http://localhost:3000/_next/static/chunks/db2ad__pnpm_bc426aec._.js:4163:378)
    at mountMemo (http://localhost:3000/_next/static/chunks/509c2_next_dist_compiled_react-dom_1698bfa6._.js:5424:25)
    at Object.useMemo (http://localhost:3000/_next/static/chunks/509c2_next_dist_compiled_react-dom_1698bfa6._.js:15003:24)
    at exports.useMemo (http://localhost:3000/_next/static/chunks/509c2_next_dist_compiled_9044104d._.js:1742:36)
    at useTranslationsImpl (http://localhost:3000/_next/static/chunks/db2ad__pnpm_bc426aec._.js:4162:416)
    at useTranslations (http://localhost:3000/_next/static/chunks/db2ad__pnpm_bc426aec._.js:4201:12)
    at http://localhost:3000/_next/static/chunks/db2ad__pnpm_6cafc622._.js:70:20
    at DashboardPage (http://localhost:3000/_next/static/chunks/pi-cwd-20260601_admin-platform_d7a92737._.js:987:432)
    at Object.react_stack_bottom_frame (http://localhost:3000/_next/static/chunks/509c2_next_dist_compiled_react-dom_1698bfa6._.js:14826:24)
    at renderWithHooks (http://localhost:3000/_next/static/chunks/509c2_next_dist_compiled_react-dom_1698bfa6._.js:4651:24)
    at updateFunctionComponent (http://localhost:3000/_next/static/chunks/509c2_next_dist_compiled_react-dom_1698bfa6._.js:6112:21)
    at beginWork (http://localhost:3000/_next/static/chunks/509c2_next_dist_compiled_react-dom_1698bfa6._.js:6708:24)
    at runWithFiberInDEV (http://localhost:3000/_next/static/chunks/509c2_next_dist_compiled_react-dom_1698bfa6._.js:965:74)
    at performUnitOfWork (http://localhost:3000/_next/static/chunks/509c2_next_dist_compiled_react-dom_1698bfa6._.js:9562:97)
    at workLoopConcurrentByScheduler (http://localhost:3000/_next/static/chunks/509c2_next_dist_compiled_react-dom_1698bfa6._.js:9558:58)
    at renderRootConcurrent (http://localhost:3000/_next/static/chunks/509c2_next_dist_compiled_react-dom_1698bfa6._.js:9541:71)
    at performWorkOnRoot (http://localhost:3000/_next/static/chunks/509c2_next_dist_compiled_react-dom_1698bfa6._.js:9068:150)
    at performWorkOnRootViaSchedulerTask (http://localhost:3000/_next/static/chunks/509c2_next_dist_compiled_react-dom_1698bfa6._.js:10230:9)
    at MessagePort.performWorkUntilDeadline (http://localhost:3000/_next/static/chunks/509c2_next_dist_compiled_9044104d._.js:2647:64) @ http://localhost:3000/_next/static/chunks/509c2_next_dist_512df543._.js:3127
[ 2074106ms] [ERROR] IntlError: MISSING_MESSAGE: Could not resolve `modules.dashboard` in messages for locale `login`.
    at getMessagesOrError (http://localhost:3000/_next/static/chunks/db2ad__pnpm_bc426aec._.js:3637:27)
    at createBaseTranslator (http://localhost:3000/_next/static/chunks/db2ad__pnpm_bc426aec._.js:3642:29)
    at useTranslationsImpl.useMemo[translate] (http://localhost:3000/_next/static/chunks/db2ad__pnpm_bc426aec._.js:4163:378)
    at mountMemo (http://localhost:3000/_next/static/chunks/509c2_next_dist_compiled_react-dom_1698bfa6._.js:5424:25)
    at Object.useMemo (http://localhost:3000/_next/static/chunks/509c2_next_dist_compiled_react-dom_1698bfa6._.js:15003:24)
    at exports.useMemo (http://localhost:3000/_next/static/chunks/509c2_next_dist_compiled_9044104d._.js:1742:36)
    at useTranslationsImpl (http://localhost:3000/_next/static/chunks/db2ad__pnpm_bc426aec._.js:4162:416)
    at useTranslations (http://localhost:3000/_next/static/chunks/db2ad__pnpm_bc426aec._.js:4201:12)
    at http://localhost:3000/_next/static/chunks/db2ad__pnpm_6cafc622._.js:70:20
    at DashboardPage (http://localhost:3000/_next/static/chunks/pi-cwd-20260601_admin-platform_d7a92737._.js:987:432)
    at Object.react_stack_bottom_frame (http://localhost:3000/_next/static/chunks/509c2_next_dist_compiled_react-dom_1698bfa6._.js:14826:24)
    at renderWithHooks (http://localhost:3000/_next/static/chunks/509c2_next_dist_compiled_react-dom_1698bfa6._.js:4651:24)
    at updateFunctionComponent (http://localhost:3000/_next/static/chunks/509c2_next_dist_compiled_react-dom_1698bfa6._.js:6112:21)
    at beginWork (http://localhost:3000/_next/static/chunks/509c2_next_dist_compiled_react-dom_1698bfa6._.js:6708:24)
    at runWithFiberInDEV (http://localhost:3000/_next/static/chunks/509c2_next_dist_compiled_react-dom_1698bfa6._.js:965:74)
    at performUnitOfWork (http://localhost:3000/_next/static/chunks/509c2_next_dist_compiled_react-dom_1698bfa6._.js:9562:97)
    at workLoopConcurrentByScheduler (http://localhost:3000/_next/static/chunks/509c2_next_dist_compiled_react-dom_1698bfa6._.js:9558:58)
    at renderRootConcurrent (http://localhost:3000/_next/static/chunks/509c2_next_dist_compiled_react-dom_1698bfa6._.js:9541:71)
    at performWorkOnRoot (http://localhost:3000/_next/static/chunks/509c2_next_dist_compiled_react-dom_1698bfa6._.js:9068:150)
    at performWorkOnRootViaSchedulerTask (http://localhost:3000/_next/static/chunks/509c2_next_dist_compiled_react-dom_1698bfa6._.js:10230:9)
    at MessagePort.performWorkUntilDeadline (http://localhost:3000/_next/static/chunks/509c2_next_dist_compiled_9044104d._.js:2647:64) @ http://localhost:3000/_next/static/chunks/509c2_next_dist_512df543._.js:3127
[ 2074107ms] [ERROR] IntlError: MISSING_MESSAGE: Could not resolve `modules.dashboard` in messages for locale `login`.
    at getMessagesOrError (http://localhost:3000/_next/static/chunks/db2ad__pnpm_bc426aec._.js:3637:27)
    at createBaseTranslator (http://localhost:3000/_next/static/chunks/db2ad__pnpm_bc426aec._.js:3642:29)
    at useTranslationsImpl.useMemo[translate] (http://localhost:3000/_next/static/chunks/db2ad__pnpm_bc426aec._.js:4163:378)
    at mountMemo (http://localhost:3000/_next/static/chunks/509c2_next_dist_compiled_react-dom_1698bfa6._.js:5424:25)
    at Object.useMemo (http://localhost:3000/_next/static/chunks/509c2_next_dist_compiled_react-dom_1698bfa6._.js:15003:24)
    at exports.useMemo (http://localhost:3000/_next/static/chunks/509c2_next_dist_compiled_9044104d._.js:1742:36)
    at useTranslationsImpl (http://localhost:3000/_next/static/chunks/db2ad__pnpm_bc426aec._.js:4162:416)
    at useTranslations (http://localhost:3000/_next/static/chunks/db2ad__pnpm_bc426aec._.js:4201:12)
    at http://localhost:3000/_next/static/chunks/db2ad__pnpm_6cafc622._.js:70:20
    at DashboardPage (http://localhost:3000/_next/static/chunks/pi-cwd-20260601_admin-platform_d7a92737._.js:987:432)
    at Object.react_stack_bottom_frame (http://localhost:3000/_next/static/chunks/509c2_next_dist_compiled_react-dom_1698bfa6._.js:14826:24)
    at renderWithHooks (http://localhost:3000/_next/static/chunks/509c2_next_dist_compiled_react-dom_1698bfa6._.js:4651:24)
    at updateFunctionComponent (http://localhost:3000/_next/static/chunks/509c2_next_dist_compiled_react-dom_1698bfa6._.js:6112:21)
    at beginWork (http://localhost:3000/_next/static/chunks/509c2_next_dist_compiled_react-dom_1698bfa6._.js:6708:24)
    at runWithFiberInDEV (http://localhost:3000/_next/static/chunks/509c2_next_dist_compiled_react-dom_1698bfa6._.js:965:74)
    at performUnitOfWork (http://localhost:3000/_next/static/chunks/509c2_next_dist_compiled_react-dom_1698bfa6._.js:9562:97)
    at workLoopConcurrentByScheduler (http://localhost:3000/_next/static/chunks/509c2_next_dist_compiled_react-dom_1698bfa6._.js:9558:58)
    at renderRootConcurrent (http://localhost:3000/_next/static/chunks/509c2_next_dist_compiled_react-dom_1698bfa6._.js:9541:71)
    at performWorkOnRoot (http://localhost:3000/_next/static/chunks/509c2_next_dist_compiled_react-dom_1698bfa6._.js:9068:150)
    at performWorkOnRootViaSchedulerTask (http://localhost:3000/_next/static/chunks/509c2_next_dist_compiled_react-dom_1698bfa6._.js:10230:9)
    at MessagePort.performWorkUntilDeadline (http://localhost:3000/_next/static/chunks/509c2_next_dist_compiled_9044104d._.js:2647:64) @ http://localhost:3000/_next/static/chunks/509c2_next_dist_512df543._.js:3127
[ 2074108ms] [ERROR] IntlError: MISSING_MESSAGE: Could not resolve `modules.dashboard` in messages for locale `login`.
    at getMessagesOrError (http://localhost:3000/_next/static/chunks/db2ad__pnpm_bc426aec._.js:3637:27)
    at createBaseTranslator (http://localhost:3000/_next/static/chunks/db2ad__pnpm_bc426aec._.js:3642:29)
    at useTranslationsImpl.useMemo[translate] (http://localhost:3000/_next/static/chunks/db2ad__pnpm_bc426aec._.js:4163:378)
    at mountMemo (http://localhost:3000/_next/static/chunks/509c2_next_dist_compiled_react-dom_1698bfa6._.js:5424:25)
    at Object.useMemo (http://localhost:3000/_next/static/chunks/509c2_next_dist_compiled_react-dom_1698bfa6._.js:15003:24)
    at exports.useMemo (http://localhost:3000/_next/static/chunks/509c2_next_dist_compiled_9044104d._.js:1742:36)
    at useTranslationsImpl (http://localhost:3000/_next/static/chunks/db2ad__pnpm_bc426aec._.js:4162:416)
    at useTranslations (http://localhost:3000/_next/static/chunks/db2ad__pnpm_bc426aec._.js:4201:12)
    at http://localhost:3000/_next/static/chunks/db2ad__pnpm_6cafc622._.js:70:20
    at DashboardPage (http://localhost:3000/_next/static/chunks/pi-cwd-20260601_admin-platform_d7a92737._.js:987:432)
    at Object.react_stack_bottom_frame (http://localhost:3000/_next/static/chunks/509c2_next_dist_compiled_react-dom_1698bfa6._.js:14826:24)
    at renderWithHooks (http://localhost:3000/_next/static/chunks/509c2_next_dist_compiled_react-dom_1698bfa6._.js:4651:24)
    at updateFunctionComponent (http://localhost:3000/_next/static/chunks/509c2_next_dist_compiled_react-dom_1698bfa6._.js:6112:21)
    at beginWork (http://localhost:3000/_next/static/chunks/509c2_next_dist_compiled_react-dom_1698bfa6._.js:6708:24)
    at runWithFiberInDEV (http://localhost:3000/_next/static/chunks/509c2_next_dist_compiled_react-dom_1698bfa6._.js:965:74)
    at performUnitOfWork (http://localhost:3000/_next/static/chunks/509c2_next_dist_compiled_react-dom_1698bfa6._.js:9562:97)
    at workLoopConcurrentByScheduler (http://localhost:3000/_next/static/chunks/509c2_next_dist_compiled_react-dom_1698bfa6._.js:9558:58)
    at renderRootConcurrent (http://localhost:3000/_next/static/chunks/509c2_next_dist_compiled_react-dom_1698bfa6._.js:9541:71)
    at performWorkOnRoot (http://localhost:3000/_next/static/chunks/509c2_next_dist_compiled_react-dom_1698bfa6._.js:9068:150)
    at performWorkOnRootViaSchedulerTask (http://localhost:3000/_next/static/chunks/509c2_next_dist_compiled_react-dom_1698bfa6._.js:10230:9)
    at MessagePort.performWorkUntilDeadline (http://localhost:3000/_next/static/chunks/509c2_next_dist_compiled_9044104d._.js:2647:64) @ http://localhost:3000/_next/static/chunks/509c2_next_dist_512df543._.js:3127
[ 2074108ms] [ERROR] IntlError: MISSING_MESSAGE: Could not resolve `modules.dashboard` in messages for locale `login`.
    at getMessagesOrError (http://localhost:3000/_next/static/chunks/db2ad__pnpm_bc426aec._.js:3637:27)
    at createBaseTranslator (http://localhost:3000/_next/static/chunks/db2ad__pnpm_bc426aec._.js:3642:29)
    at useTranslationsImpl.useMemo[translate] (http://localhost:3000/_next/static/chunks/db2ad__pnpm_bc426aec._.js:4163:378)
    at mountMemo (http://localhost:3000/_next/static/chunks/509c2_next_dist_compiled_react-dom_1698bfa6._.js:5424:25)
    at Object.useMemo (http://localhost:3000/_next/static/chunks/509c2_next_dist_compiled_react-dom_1698bfa6._.js:15003:24)
    at exports.useMemo (http://localhost:3000/_next/static/chunks/509c2_next_dist_compiled_9044104d._.js:1742:36)
    at useTranslationsImpl (http://localhost:3000/_next/static/chunks/db2ad__pnpm_bc426aec._.js:4162:416)
    at useTranslations (http://localhost:3000/_next/static/chunks/db2ad__pnpm_bc426aec._.js:4201:12)
    at http://localhost:3000/_next/static/chunks/db2ad__pnpm_6cafc622._.js:70:20
    at DashboardPage (http://localhost:3000/_next/static/chunks/pi-cwd-20260601_admin-platform_d7a92737._.js:987:432)
    at Object.react_stack_bottom_frame (http://localhost:3000/_next/static/chunks/509c2_next_dist_compiled_react-dom_1698bfa6._.js:14826:24)
    at renderWithHooks (http://localhost:3000/_next/static/chunks/509c2_next_dist_compiled_react-dom_1698bfa6._.js:4651:24)
    at updateFunctionComponent (http://localhost:3000/_next/static/chunks/509c2_next_dist_compiled_react-dom_1698bfa6._.js:6112:21)
    at beginWork (http://localhost:3000/_next/static/chunks/509c2_next_dist_compiled_react-dom_1698bfa6._.js:6708:24)
    at runWithFiberInDEV (http://localhost:3000/_next/static/chunks/509c2_next_dist_compiled_react-dom_1698bfa6._.js:965:74)
    at performUnitOfWork (http://localhost:3000/_next/static/chunks/509c2_next_dist_compiled_react-dom_1698bfa6._.js:9562:97)
    at workLoopConcurrentByScheduler (http://localhost:3000/_next/static/chunks/509c2_next_dist_compiled_react-dom_1698bfa6._.js:9558:58)
    at renderRootConcurrent (http://localhost:3000/_next/static/chunks/509c2_next_dist_compiled_react-dom_1698bfa6._.js:9541:71)
    at performWorkOnRoot (http://localhost:3000/_next/static/chunks/509c2_next_dist_compiled_react-dom_1698bfa6._.js:9068:150)
    at performWorkOnRootViaSchedulerTask (http://localhost:3000/_next/static/chunks/509c2_next_dist_compiled_react-dom_1698bfa6._.js:10230:9)
    at MessagePort.performWorkUntilDeadline (http://localhost:3000/_next/static/chunks/509c2_next_dist_compiled_9044104d._.js:2647:64) @ http://localhost:3000/_next/static/chunks/509c2_next_dist_512df543._.js:3127
[ 2074109ms] [ERROR] IntlError: MISSING_MESSAGE: Could not resolve `modules.dashboard` in messages for locale `login`.
    at getMessagesOrError (http://localhost:3000/_next/static/chunks/db2ad__pnpm_bc426aec._.js:3637:27)
    at createBaseTranslator (http://localhost:3000/_next/static/chunks/db2ad__pnpm_bc426aec._.js:3642:29)
    at useTranslationsImpl.useMemo[translate] (http://localhost:3000/_next/static/chunks/db2ad__pnpm_bc426aec._.js:4163:378)
    at mountMemo (http://localhost:3000/_next/static/chunks/509c2_next_dist_compiled_react-dom_1698bfa6._.js:5424:25)
    at Object.useMemo (http://localhost:3000/_next/static/chunks/509c2_next_dist_compiled_react-dom_1698bfa6._.js:15003:24)
    at exports.useMemo (http://localhost:3000/_next/static/chunks/509c2_next_dist_compiled_9044104d._.js:1742:36)
    at useTranslationsImpl (http://localhost:3000/_next/static/chunks/db2ad__pnpm_bc426aec._.js:4162:416)
    at useTranslations (http://localhost:3000/_next/static/chunks/db2ad__pnpm_bc426aec._.js:4201:12)
    at http://localhost:3000/_next/static/chunks/db2ad__pnpm_6cafc622._.js:70:20
    at DashboardPage (http://localhost:3000/_next/static/chunks/pi-cwd-20260601_admin-platform_d7a92737._.js:987:432)
    at Object.react_stack_bottom_frame (http://localhost:3000/_next/static/chunks/509c2_next_dist_compiled_react-dom_1698bfa6._.js:14826:24)
    at renderWithHooks (http://localhost:3000/_next/static/chunks/509c2_next_dist_compiled_react-dom_1698bfa6._.js:4651:24)
    at updateFunctionComponent (http://localhost:3000/_next/static/chunks/509c2_next_dist_compiled_react-dom_1698bfa6._.js:6112:21)
    at beginWork (http://localhost:3000/_next/static/chunks/509c2_next_dist_compiled_react-dom_1698bfa6._.js:6708:24)
    at runWithFiberInDEV (http://localhost:3000/_next/static/chunks/509c2_next_dist_compiled_react-dom_1698bfa6._.js:965:74)
    at performUnitOfWork (http://localhost:3000/_next/static/chunks/509c2_next_dist_compiled_react-dom_1698bfa6._.js:9562:97)
    at workLoopConcurrentByScheduler (http://localhost:3000/_next/static/chunks/509c2_next_dist_compiled_react-dom_1698bfa6._.js:9558:58)
    at renderRootConcurrent (http://localhost:3000/_next/static/chunks/509c2_next_dist_compiled_react-dom_1698bfa6._.js:9541:71)
    at performWorkOnRoot (http://localhost:3000/_next/static/chunks/509c2_next_dist_compiled_react-dom_1698bfa6._.js:9068:150)
    at performWorkOnRootViaSchedulerTask (http://localhost:3000/_next/static/chunks/509c2_next_dist_compiled_react-dom_1698bfa6._.js:10230:9)
    at MessagePort.performWorkUntilDeadline (http://localhost:3000/_next/static/chunks/509c2_next_dist_compiled_9044104d._.js:2647:64) @ http://localhost:3000/_next/static/chunks/509c2_next_dist_512df543._.js:3127
[ 2074109ms] [ERROR] IntlError: MISSING_MESSAGE: Could not resolve `modules.dashboard` in messages for locale `login`.
    at getMessagesOrError (http://localhost:3000/_next/static/chunks/db2ad__pnpm_bc426aec._.js:3637:27)
    at createBaseTranslator (http://localhost:3000/_next/static/chunks/db2ad__pnpm_bc426aec._.js:3642:29)
    at useTranslationsImpl.useMemo[translate] (http://localhost:3000/_next/static/chunks/db2ad__pnpm_bc426aec._.js:4163:378)
    at mountMemo (http://localhost:3000/_next/static/chunks/509c2_next_dist_compiled_react-dom_1698bfa6._.js:5424:25)
    at Object.useMemo (http://localhost:3000/_next/static/chunks/509c2_next_dist_compiled_react-dom_1698bfa6._.js:15003:24)
    at exports.useMemo (http://localhost:3000/_next/static/chunks/509c2_next_dist_compiled_9044104d._.js:1742:36)
    at useTranslationsImpl (http://localhost:3000/_next/static/chunks/db2ad__pnpm_bc426aec._.js:4162:416)
    at useTranslations (http://localhost:3000/_next/static/chunks/db2ad__pnpm_bc426aec._.js:4201:12)
    at http://localhost:3000/_next/static/chunks/db2ad__pnpm_6cafc622._.js:70:20
    at DashboardPage (http://localhost:3000/_next/static/chunks/pi-cwd-20260601_admin-platform_d7a92737._.js:987:432)
    at Object.react_stack_bottom_frame (http://localhost:3000/_next/static/chunks/509c2_next_dist_compiled_react-dom_1698bfa6._.js:14826:24)
    at renderWithHooks (http://localhost:3000/_next/static/chunks/509c2_next_dist_compiled_react-dom_1698bfa6._.js:4651:24)
    at updateFunctionComponent (http://localhost:3000/_next/static/chunks/509c2_next_dist_compiled_react-dom_1698bfa6._.js:6112:21)
    at beginWork (http://localhost:3000/_next/static/chunks/509c2_next_dist_compiled_react-dom_1698bfa6._.js:6708:24)
    at runWithFiberInDEV (http://localhost:3000/_next/static/chunks/509c2_next_dist_compiled_react-dom_1698bfa6._.js:965:74)
    at performUnitOfWork (http://localhost:3000/_next/static/chunks/509c2_next_dist_compiled_react-dom_1698bfa6._.js:9562:97)
    at workLoopConcurrentByScheduler (http://localhost:3000/_next/static/chunks/509c2_next_dist_compiled_react-dom_1698bfa6._.js:9558:58)
    at renderRootConcurrent (http://localhost:3000/_next/static/chunks/509c2_next_dist_compiled_react-dom_1698bfa6._.js:9541:71)
    at performWorkOnRoot (http://localhost:3000/_next/static/chunks/509c2_next_dist_compiled_react-dom_1698bfa6._.js:9068:150)
    at performWorkOnRootViaSchedulerTask (http://localhost:3000/_next/static/chunks/509c2_next_dist_compiled_react-dom_1698bfa6._.js:10230:9)
    at MessagePort.performWorkUntilDeadline (http://localhost:3000/_next/static/chunks/509c2_next_dist_compiled_9044104d._.js:2647:64) @ http://localhost:3000/_next/static/chunks/509c2_next_dist_512df543._.js:3127
[ 2074109ms] [ERROR] IntlError: MISSING_MESSAGE: Could not resolve `modules.dashboard` in messages for locale `login`.
    at getMessagesOrError (http://localhost:3000/_next/static/chunks/db2ad__pnpm_bc426aec._.js:3637:27)
    at createBaseTranslator (http://localhost:3000/_next/static/chunks/db2ad__pnpm_bc426aec._.js:3642:29)
    at useTranslationsImpl.useMemo[translate] (http://localhost:3000/_next/static/chunks/db2ad__pnpm_bc426aec._.js:4163:378)
    at mountMemo (http://localhost:3000/_next/static/chunks/509c2_next_dist_compiled_react-dom_1698bfa6._.js:5424:25)
    at Object.useMemo (http://localhost:3000/_next/static/chunks/509c2_next_dist_compiled_react-dom_1698bfa6._.js:15003:24)
    at exports.useMemo (http://localhost:3000/_next/static/chunks/509c2_next_dist_compiled_9044104d._.js:1742:36)
    at useTranslationsImpl (http://localhost:3000/_next/static/chunks/db2ad__pnpm_bc426aec._.js:4162:416)
    at useTranslations (http://localhost:3000/_next/static/chunks/db2ad__pnpm_bc426aec._.js:4201:12)
    at http://localhost:3000/_next/static/chunks/db2ad__pnpm_6cafc622._.js:70:20
    at DashboardPage (http://localhost:3000/_next/static/chunks/pi-cwd-20260601_admin-platform_d7a92737._.js:987:432)
    at Object.react_stack_bottom_frame (http://localhost:3000/_next/static/chunks/509c2_next_dist_compiled_react-dom_1698bfa6._.js:14826:24)
    at renderWithHooks (http://localhost:3000/_next/static/chunks/509c2_next_dist_compiled_react-dom_1698bfa6._.js:4651:24)
    at updateFunctionComponent (http://localhost:3000/_next/static/chunks/509c2_next_dist_compiled_react-dom_1698bfa6._.js:6112:21)
    at beginWork (http://localhost:3000/_next/static/chunks/509c2_next_dist_compiled_react-dom_1698bfa6._.js:6708:24)
    at runWithFiberInDEV (http://localhost:3000/_next/static/chunks/509c2_next_dist_compiled_react-dom_1698bfa6._.js:965:74)
    at performUnitOfWork (http://localhost:3000/_next/static/chunks/509c2_next_dist_compiled_react-dom_1698bfa6._.js:9562:97)
    at workLoopConcurrentByScheduler (http://localhost:3000/_next/static/chunks/509c2_next_dist_compiled_react-dom_1698bfa6._.js:9558:58)
    at renderRootConcurrent (http://localhost:3000/_next/static/chunks/509c2_next_dist_compiled_react-dom_1698bfa6._.js:9541:71)
    at performWorkOnRoot (http://localhost:3000/_next/static/chunks/509c2_next_dist_compiled_react-dom_1698bfa6._.js:9068:150)
    at performWorkOnRootViaSchedulerTask (http://localhost:3000/_next/static/chunks/509c2_next_dist_compiled_react-dom_1698bfa6._.js:10230:9)
    at MessagePort.performWorkUntilDeadline (http://localhost:3000/_next/static/chunks/509c2_next_dist_compiled_9044104d._.js:2647:64) @ http://localhost:3000/_next/static/chunks/509c2_next_dist_512df543._.js:3127
[ 2074109ms] [ERROR] IntlError: MISSING_MESSAGE: Could not resolve `modules.dashboard` in messages for locale `login`.
    at getMessagesOrError (http://localhost:3000/_next/static/chunks/db2ad__pnpm_bc426aec._.js:3637:27)
    at createBaseTranslator (http://localhost:3000/_next/static/chunks/db2ad__pnpm_bc426aec._.js:3642:29)
    at useTranslationsImpl.useMemo[translate] (http://localhost:3000/_next/static/chunks/db2ad__pnpm_bc426aec._.js:4163:378)
    at mountMemo (http://localhost:3000/_next/static/chunks/509c2_next_dist_compiled_react-dom_1698bfa6._.js:5424:25)
    at Object.useMemo (http://localhost:3000/_next/static/chunks/509c2_next_dist_compiled_react-dom_1698bfa6._.js:15003:24)
    at exports.useMemo (http://localhost:3000/_next/static/chunks/509c2_next_dist_compiled_9044104d._.js:1742:36)
    at useTranslationsImpl (http://localhost:3000/_next/static/chunks/db2ad__pnpm_bc426aec._.js:4162:416)
    at useTranslations (http://localhost:3000/_next/static/chunks/db2ad__pnpm_bc426aec._.js:4201:12)
    at http://localhost:3000/_next/static/chunks/db2ad__pnpm_6cafc622._.js:70:20
    at DashboardPage (http://localhost:3000/_next/static/chunks/pi-cwd-20260601_admin-platform_d7a92737._.js:987:432)
    at Object.react_stack_bottom_frame (http://localhost:3000/_next/static/chunks/509c2_next_dist_compiled_react-dom_1698bfa6._.js:14826:24)
    at renderWithHooks (http://localhost:3000/_next/static/chunks/509c2_next_dist_compiled_react-dom_1698bfa6._.js:4651:24)
    at updateFunctionComponent (http://localhost:3000/_next/static/chunks/509c2_next_dist_compiled_react-dom_1698bfa6._.js:6112:21)
    at beginWork (http://localhost:3000/_next/static/chunks/509c2_next_dist_compiled_react-dom_1698bfa6._.js:6708:24)
    at runWithFiberInDEV (http://localhost:3000/_next/static/chunks/509c2_next_dist_compiled_react-dom_1698bfa6._.js:965:74)
    at performUnitOfWork (http://localhost:3000/_next/static/chunks/509c2_next_dist_compiled_react-dom_1698bfa6._.js:9562:97)
    at workLoopConcurrentByScheduler (http://localhost:3000/_next/static/chunks/509c2_next_dist_compiled_react-dom_1698bfa6._.js:9558:58)
    at renderRootConcurrent (http://localhost:3000/_next/static/chunks/509c2_next_dist_compiled_react-dom_1698bfa6._.js:9541:71)
    at performWorkOnRoot (http://localhost:3000/_next/static/chunks/509c2_next_dist_compiled_react-dom_1698bfa6._.js:9068:150)
    at performWorkOnRootViaSchedulerTask (http://localhost:3000/_next/static/chunks/509c2_next_dist_compiled_react-dom_1698bfa6._.js:10230:9)
    at MessagePort.performWorkUntilDeadline (http://localhost:3000/_next/static/chunks/509c2_next_dist_compiled_9044104d._.js:2647:64) @ http://localhost:3000/_next/static/chunks/509c2_next_dist_512df543._.js:3127
[ 2074110ms] [ERROR] IntlError: MISSING_MESSAGE: Could not resolve `modules.dashboard` in messages for locale `login`.
    at getMessagesOrError (http://localhost:3000/_next/static/chunks/db2ad__pnpm_bc426aec._.js:3637:27)
    at createBaseTranslator (http://localhost:3000/_next/static/chunks/db2ad__pnpm_bc426aec._.js:3642:29)
    at useTranslationsImpl.useMemo[translate] (http://localhost:3000/_next/static/chunks/db2ad__pnpm_bc426aec._.js:4163:378)
    at mountMemo (http://localhost:3000/_next/static/chunks/509c2_next_dist_compiled_react-dom_1698bfa6._.js:5424:25)
    at Object.useMemo (http://localhost:3000/_next/static/chunks/509c2_next_dist_compiled_react-dom_1698bfa6._.js:15003:24)
    at exports.useMemo (http://localhost:3000/_next/static/chunks/509c2_next_dist_compiled_9044104d._.js:1742:36)
    at useTranslationsImpl (http://localhost:3000/_next/static/chunks/db2ad__pnpm_bc426aec._.js:4162:416)
    at useTranslations (http://localhost:3000/_next/static/chunks/db2ad__pnpm_bc426aec._.js:4201:12)
    at http://localhost:3000/_next/static/chunks/db2ad__pnpm_6cafc622._.js:70:20
    at DashboardPage (http://localhost:3000/_next/static/chunks/pi-cwd-20260601_admin-platform_d7a92737._.js:987:432)
    at Object.react_stack_bottom_frame (http://localhost:3000/_next/static/chunks/509c2_next_dist_compiled_react-dom_1698bfa6._.js:14826:24)
    at renderWithHooks (http://localhost:3000/_next/static/chunks/509c2_next_dist_compiled_react-dom_1698bfa6._.js:4651:24)
    at updateFunctionComponent (http://localhost:3000/_next/static/chunks/509c2_next_dist_compiled_react-dom_1698bfa6._.js:6112:21)
    at beginWork (http://localhost:3000/_next/static/chunks/509c2_next_dist_compiled_react-dom_1698bfa6._.js:6708:24)
    at runWithFiberInDEV (http://localhost:3000/_next/static/chunks/509c2_next_dist_compiled_react-dom_1698bfa6._.js:965:74)
    at performUnitOfWork (http://localhost:3000/_next/static/chunks/509c2_next_dist_compiled_react-dom_1698bfa6._.js:9562:97)
    at workLoopConcurrentByScheduler (http://localhost:3000/_next/static/chunks/509c2_next_dist_compiled_react-dom_1698bfa6._.js:9558:58)
    at renderRootConcurrent (http://localhost:3000/_next/static/chunks/509c2_next_dist_compiled_react-dom_1698bfa6._.js:9541:71)
    at performWorkOnRoot (http://localhost:3000/_next/static/chunks/509c2_next_dist_compiled_react-dom_1698bfa6._.js:9068:150)
    at performWorkOnRootViaSchedulerTask (http://localhost:3000/_next/static/chunks/509c2_next_dist_compiled_react-dom_1698bfa6._.js:10230:9)
    at MessagePort.performWorkUntilDeadline (http://localhost:3000/_next/static/chunks/509c2_next_dist_compiled_9044104d._.js:2647:64) @ http://localhost:3000/_next/static/chunks/509c2_next_dist_512df543._.js:3127
[ 2074110ms] [ERROR] IntlError: MISSING_MESSAGE: Could not resolve `modules.dashboard` in messages for locale `login`.
    at getMessagesOrError (http://localhost:3000/_next/static/chunks/db2ad__pnpm_bc426aec._.js:3637:27)
    at createBaseTranslator (http://localhost:3000/_next/static/chunks/db2ad__pnpm_bc426aec._.js:3642:29)
    at useTranslationsImpl.useMemo[translate] (http://localhost:3000/_next/static/chunks/db2ad__pnpm_bc426aec._.js:4163:378)
    at mountMemo (http://localhost:3000/_next/static/chunks/509c2_next_dist_compiled_react-dom_1698bfa6._.js:5424:25)
    at Object.useMemo (http://localhost:3000/_next/static/chunks/509c2_next_dist_compiled_react-dom_1698bfa6._.js:15003:24)
    at exports.useMemo (http://localhost:3000/_next/static/chunks/509c2_next_dist_compiled_9044104d._.js:1742:36)
    at useTranslationsImpl (http://localhost:3000/_next/static/chunks/db2ad__pnpm_bc426aec._.js:4162:416)
    at useTranslations (http://localhost:3000/_next/static/chunks/db2ad__pnpm_bc426aec._.js:4201:12)
    at http://localhost:3000/_next/static/chunks/db2ad__pnpm_6cafc622._.js:70:20
    at DashboardPage (http://localhost:3000/_next/static/chunks/pi-cwd-20260601_admin-platform_d7a92737._.js:987:432)
    at Object.react_stack_bottom_frame (http://localhost:3000/_next/static/chunks/509c2_next_dist_compiled_react-dom_1698bfa6._.js:14826:24)
    at renderWithHooks (http://localhost:3000/_next/static/chunks/509c2_next_dist_compiled_react-dom_1698bfa6._.js:4651:24)
    at updateFunctionComponent (http://localhost:3000/_next/static/chunks/509c2_next_dist_compiled_react-dom_1698bfa6._.js:6112:21)
    at beginWork (http://localhost:3000/_next/static/chunks/509c2_next_dist_compiled_react-dom_1698bfa6._.js:6708:24)
    at runWithFiberInDEV (http://localhost:3000/_next/static/chunks/509c2_next_dist_compiled_react-dom_1698bfa6._.js:965:74)
    at performUnitOfWork (http://localhost:3000/_next/static/chunks/509c2_next_dist_compiled_react-dom_1698bfa6._.js:9562:97)
    at workLoopConcurrentByScheduler (http://localhost:3000/_next/static/chunks/509c2_next_dist_compiled_react-dom_1698bfa6._.js:9558:58)
    at renderRootConcurrent (http://localhost:3000/_next/static/chunks/509c2_next_dist_compiled_react-dom_1698bfa6._.js:9541:71)
    at performWorkOnRoot (http://localhost:3000/_next/static/chunks/509c2_next_dist_compiled_react-dom_1698bfa6._.js:9068:150)
    at performWorkOnRootViaSchedulerTask (http://localhost:3000/_next/static/chunks/509c2_next_dist_compiled_react-dom_1698bfa6._.js:10230:9)
    at MessagePort.performWorkUntilDeadline (http://localhost:3000/_next/static/chunks/509c2_next_dist_compiled_9044104d._.js:2647:64) @ http://localhost:3000/_next/static/chunks/509c2_next_dist_512df543._.js:3127
[ 2074110ms] [ERROR] IntlError: MISSING_MESSAGE: Could not resolve `modules.dashboard` in messages for locale `login`.
    at getMessagesOrError (http://localhost:3000/_next/static/chunks/db2ad__pnpm_bc426aec._.js:3637:27)
    at createBaseTranslator (http://localhost:3000/_next/static/chunks/db2ad__pnpm_bc426aec._.js:3642:29)
    at useTranslationsImpl.useMemo[translate] (http://localhost:3000/_next/static/chunks/db2ad__pnpm_bc426aec._.js:4163:378)
    at mountMemo (http://localhost:3000/_next/static/chunks/509c2_next_dist_compiled_react-dom_1698bfa6._.js:5424:25)
    at Object.useMemo (http://localhost:3000/_next/static/chunks/509c2_next_dist_compiled_react-dom_1698bfa6._.js:15003:24)
    at exports.useMemo (http://localhost:3000/_next/static/chunks/509c2_next_dist_compiled_9044104d._.js:1742:36)
    at useTranslationsImpl (http://localhost:3000/_next/static/chunks/db2ad__pnpm_bc426aec._.js:4162:416)
    at useTranslations (http://localhost:3000/_next/static/chunks/db2ad__pnpm_bc426aec._.js:4201:12)
    at http://localhost:3000/_next/static/chunks/db2ad__pnpm_6cafc622._.js:70:20
    at DashboardPage (http://localhost:3000/_next/static/chunks/pi-cwd-20260601_admin-platform_d7a92737._.js:987:432)
    at Object.react_stack_bottom_frame (http://localhost:3000/_next/static/chunks/509c2_next_dist_compiled_react-dom_1698bfa6._.js:14826:24)
    at renderWithHooks (http://localhost:3000/_next/static/chunks/509c2_next_dist_compiled_react-dom_1698bfa6._.js:4651:24)
    at updateFunctionComponent (http://localhost:3000/_next/static/chunks/509c2_next_dist_compiled_react-dom_1698bfa6._.js:6112:21)
    at beginWork (http://localhost:3000/_next/static/chunks/509c2_next_dist_compiled_react-dom_1698bfa6._.js:6708:24)
    at runWithFiberInDEV (http://localhost:3000/_next/static/chunks/509c2_next_dist_compiled_react-dom_1698bfa6._.js:965:74)
    at performUnitOfWork (http://localhost:3000/_next/static/chunks/509c2_next_dist_compiled_react-dom_1698bfa6._.js:9562:97)
    at workLoopConcurrentByScheduler (http://localhost:3000/_next/static/chunks/509c2_next_dist_compiled_react-dom_1698bfa6._.js:9558:58)
    at renderRootConcurrent (http://localhost:3000/_next/static/chunks/509c2_next_dist_compiled_react-dom_1698bfa6._.js:9541:71)
    at performWorkOnRoot (http://localhost:3000/_next/static/chunks/509c2_next_dist_compiled_react-dom_1698bfa6._.js:9068:150)
    at performWorkOnRootViaSchedulerTask (http://localhost:3000/_next/static/chunks/509c2_next_dist_compiled_react-dom_1698bfa6._.js:10230:9)
    at MessagePort.performWorkUntilDeadline (http://localhost:3000/_next/static/chunks/509c2_next_dist_compiled_9044104d._.js:2647:64) @ http://localhost:3000/_next/static/chunks/509c2_next_dist_512df543._.js:3127
[ 2074110ms] [ERROR] IntlError: MISSING_MESSAGE: Could not resolve `modules.dashboard` in messages for locale `login`.
    at getMessagesOrError (http://localhost:3000/_next/static/chunks/db2ad__pnpm_bc426aec._.js:3637:27)
    at createBaseTranslator (http://localhost:3000/_next/static/chunks/db2ad__pnpm_bc426aec._.js:3642:29)
    at useTranslationsImpl.useMemo[translate] (http://localhost:3000/_next/static/chunks/db2ad__pnpm_bc426aec._.js:4163:378)
    at mountMemo (http://localhost:3000/_next/static/chunks/509c2_next_dist_compiled_react-dom_1698bfa6._.js:5424:25)
    at Object.useMemo (http://localhost:3000/_next/static/chunks/509c2_next_dist_compiled_react-dom_1698bfa6._.js:15003:24)
    at exports.useMemo (http://localhost:3000/_next/static/chunks/509c2_next_dist_compiled_9044104d._.js:1742:36)
    at useTranslationsImpl (http://localhost:3000/_next/static/chunks/db2ad__pnpm_bc426aec._.js:4162:416)
    at useTranslations (http://localhost:3000/_next/static/chunks/db2ad__pnpm_bc426aec._.js:4201:12)
    at http://localhost:3000/_next/static/chunks/db2ad__pnpm_6cafc622._.js:70:20
    at DashboardPage (http://localhost:3000/_next/static/chunks/pi-cwd-20260601_admin-platform_d7a92737._.js:987:432)
    at Object.react_stack_bottom_frame (http://localhost:3000/_next/static/chunks/509c2_next_dist_compiled_react-dom_1698bfa6._.js:14826:24)
    at renderWithHooks (http://localhost:3000/_next/static/chunks/509c2_next_dist_compiled_react-dom_1698bfa6._.js:4651:24)
    at updateFunctionComponent (http://localhost:3000/_next/static/chunks/509c2_next_dist_compiled_react-dom_1698bfa6._.js:6112:21)
    at beginWork (http://localhost:3000/_next/static/chunks/509c2_next_dist_compiled_react-dom_1698bfa6._.js:6708:24)
    at runWithFiberInDEV (http://localhost:3000/_next/static/chunks/509c2_next_dist_compiled_react-dom_1698bfa6._.js:965:74)
    at performUnitOfWork (http://localhost:3000/_next/static/chunks/509c2_next_dist_compiled_react-dom_1698bfa6._.js:9562:97)
    at workLoopConcurrentByScheduler (http://localhost:3000/_next/static/chunks/509c2_next_dist_compiled_react-dom_1698bfa6._.js:9558:58)
    at renderRootConcurrent (http://localhost:3000/_next/static/chunks/509c2_next_dist_compiled_react-dom_1698bfa6._.js:9541:71)
    at performWorkOnRoot (http://localhost:3000/_next/static/chunks/509c2_next_dist_compiled_react-dom_1698bfa6._.js:9068:150)
    at performWorkOnRootViaSchedulerTask (http://localhost:3000/_next/static/chunks/509c2_next_dist_compiled_react-dom_1698bfa6._.js:10230:9)
    at MessagePort.performWorkUntilDeadline (http://localhost:3000/_next/static/chunks/509c2_next_dist_compiled_9044104d._.js:2647:64) @ http://localhost:3000/_next/static/chunks/509c2_next_dist_512df543._.js:3127
[ 2074110ms] [ERROR] IntlError: MISSING_MESSAGE: Could not resolve `modules.dashboard` in messages for locale `login`.
    at getMessagesOrError (http://localhost:3000/_next/static/chunks/db2ad__pnpm_bc426aec._.js:3637:27)
    at createBaseTranslator (http://localhost:3000/_next/static/chunks/db2ad__pnpm_bc426aec._.js:3642:29)
    at useTranslationsImpl.useMemo[translate] (http://localhost:3000/_next/static/chunks/db2ad__pnpm_bc426aec._.js:4163:378)
    at mountMemo (http://localhost:3000/_next/static/chunks/509c2_next_dist_compiled_react-dom_1698bfa6._.js:5424:25)
    at Object.useMemo (http://localhost:3000/_next/static/chunks/509c2_next_dist_compiled_react-dom_1698bfa6._.js:15003:24)
    at exports.useMemo (http://localhost:3000/_next/static/chunks/509c2_next_dist_compiled_9044104d._.js:1742:36)
    at useTranslationsImpl (http://localhost:3000/_next/static/chunks/db2ad__pnpm_bc426aec._.js:4162:416)
    at useTranslations (http://localhost:3000/_next/static/chunks/db2ad__pnpm_bc426aec._.js:4201:12)
    at http://localhost:3000/_next/static/chunks/db2ad__pnpm_6cafc622._.js:70:20
    at DashboardPage (http://localhost:3000/_next/static/chunks/pi-cwd-20260601_admin-platform_d7a92737._.js:987:432)
    at Object.react_stack_bottom_frame (http://localhost:3000/_next/static/chunks/509c2_next_dist_compiled_react-dom_1698bfa6._.js:14826:24)
    at renderWithHooks (http://localhost:3000/_next/static/chunks/509c2_next_dist_compiled_react-dom_1698bfa6._.js:4651:24)
    at updateFunctionComponent (http://localhost:3000/_next/static/chunks/509c2_next_dist_compiled_react-dom_1698bfa6._.js:6112:21)
    at beginWork (http://localhost:3000/_next/static/chunks/509c2_next_dist_compiled_react-dom_1698bfa6._.js:6708:24)
    at runWithFiberInDEV (http://localhost:3000/_next/static/chunks/509c2_next_dist_compiled_react-dom_1698bfa6._.js:965:74)
    at performUnitOfWork (http://localhost:3000/_next/static/chunks/509c2_next_dist_compiled_react-dom_1698bfa6._.js:9562:97)
    at workLoopConcurrentByScheduler (http://localhost:3000/_next/static/chunks/509c2_next_dist_compiled_react-dom_1698bfa6._.js:9558:58)
    at renderRootConcurrent (http://localhost:3000/_next/static/chunks/509c2_next_dist_compiled_react-dom_1698bfa6._.js:9541:71)
    at performWorkOnRoot (http://localhost:3000/_next/static/chunks/509c2_next_dist_compiled_react-dom_1698bfa6._.js:9068:150)
    at performWorkOnRootViaSchedulerTask (http://localhost:3000/_next/static/chunks/509c2_next_dist_compiled_react-dom_1698bfa6._.js:10230:9)
    at MessagePort.performWorkUntilDeadline (http://localhost:3000/_next/static/chunks/509c2_next_dist_compiled_9044104d._.js:2647:64) @ http://localhost:3000/_next/static/chunks/509c2_next_dist_512df543._.js:3127
[ 2074113ms] [ERROR] IntlError: MISSING_MESSAGE: Could not resolve `modules.dashboard` in messages for locale `login`.
    at getMessagesOrError (http://localhost:3000/_next/static/chunks/db2ad__pnpm_bc426aec._.js:3637:27)
    at createBaseTranslator (http://localhost:3000/_next/static/chunks/db2ad__pnpm_bc426aec._.js:3642:29)
    at useTranslationsImpl.useMemo[translate] (http://localhost:3000/_next/static/chunks/db2ad__pnpm_bc426aec._.js:4163:378)
    at mountMemo (http://localhost:3000/_next/static/chunks/509c2_next_dist_compiled_react-dom_1698bfa6._.js:5424:25)
    at Object.useMemo (http://localhost:3000/_next/static/chunks/509c2_next_dist_compiled_react-dom_1698bfa6._.js:15003:24)
    at exports.useMemo (http://localhost:3000/_next/static/chunks/509c2_next_dist_compiled_9044104d._.js:1742:36)
    at useTranslationsImpl (http://localhost:3000/_next/static/chunks/db2ad__pnpm_bc426aec._.js:4162:416)
    at useTranslations (http://localhost:3000/_next/static/chunks/db2ad__pnpm_bc426aec._.js:4201:12)
    at http://localhost:3000/_next/static/chunks/db2ad__pnpm_6cafc622._.js:70:20
    at DashboardPage (http://localhost:3000/_next/static/chunks/pi-cwd-20260601_admin-platform_d7a92737._.js:987:432)
    at Object.react_stack_bottom_frame (http://localhost:3000/_next/static/chunks/509c2_next_dist_compiled_react-dom_1698bfa6._.js:14826:24)
    at renderWithHooks (http://localhost:3000/_next/static/chunks/509c2_next_dist_compiled_react-dom_1698bfa6._.js:4651:24)
    at updateFunctionComponent (http://localhost:3000/_next/static/chunks/509c2_next_dist_compiled_react-dom_1698bfa6._.js:6112:21)
    at beginWork (http://localhost:3000/_next/static/chunks/509c2_next_dist_compiled_react-dom_1698bfa6._.js:6708:24)
    at runWithFiberInDEV (http://localhost:3000/_next/static/chunks/509c2_next_dist_compiled_react-dom_1698bfa6._.js:965:74)
    at performUnitOfWork (http://localhost:3000/_next/static/chunks/509c2_next_dist_compiled_react-dom_1698bfa6._.js:9562:97)
    at workLoopConcurrentByScheduler (http://localhost:3000/_next/static/chunks/509c2_next_dist_compiled_react-dom_1698bfa6._.js:9558:58)
    at renderRootConcurrent (http://localhost:3000/_next/static/chunks/509c2_next_dist_compiled_react-dom_1698bfa6._.js:9541:71)
    at performWorkOnRoot (http://localhost:3000/_next/static/chunks/509c2_next_dist_compiled_react-dom_1698bfa6._.js:9068:150)
    at performWorkOnRootViaSchedulerTask (http://localhost:3000/_next/static/chunks/509c2_next_dist_compiled_react-dom_1698bfa6._.js:10230:9)
    at MessagePort.performWorkUntilDeadline (http://localhost:3000/_next/static/chunks/509c2_next_dist_compiled_9044104d._.js:2647:64) @ http://localhost:3000/_next/static/chunks/509c2_next_dist_512df543._.js:3127
[ 2074113ms] [ERROR] IntlError: MISSING_MESSAGE: Could not resolve `modules.dashboard` in messages for locale `login`.
    at getMessagesOrError (http://localhost:3000/_next/static/chunks/db2ad__pnpm_bc426aec._.js:3637:27)
    at createBaseTranslator (http://localhost:3000/_next/static/chunks/db2ad__pnpm_bc426aec._.js:3642:29)
    at useTranslationsImpl.useMemo[translate] (http://localhost:3000/_next/static/chunks/db2ad__pnpm_bc426aec._.js:4163:378)
    at mountMemo (http://localhost:3000/_next/static/chunks/509c2_next_dist_compiled_react-dom_1698bfa6._.js:5424:25)
    at Object.useMemo (http://localhost:3000/_next/static/chunks/509c2_next_dist_compiled_react-dom_1698bfa6._.js:15003:24)
    at exports.useMemo (http://localhost:3000/_next/static/chunks/509c2_next_dist_compiled_9044104d._.js:1742:36)
    at useTranslationsImpl (http://localhost:3000/_next/static/chunks/db2ad__pnpm_bc426aec._.js:4162:416)
    at useTranslations (http://localhost:3000/_next/static/chunks/db2ad__pnpm_bc426aec._.js:4201:12)
    at http://localhost:3000/_next/static/chunks/db2ad__pnpm_6cafc622._.js:70:20
    at DashboardPage (http://localhost:3000/_next/static/chunks/pi-cwd-20260601_admin-platform_d7a92737._.js:987:432)
    at Object.react_stack_bottom_frame (http://localhost:3000/_next/static/chunks/509c2_next_dist_compiled_react-dom_1698bfa6._.js:14826:24)
    at renderWithHooks (http://localhost:3000/_next/static/chunks/509c2_next_dist_compiled_react-dom_1698bfa6._.js:4651:24)
    at updateFunctionComponent (http://localhost:3000/_next/static/chunks/509c2_next_dist_compiled_react-dom_1698bfa6._.js:6112:21)
    at beginWork (http://localhost:3000/_next/static/chunks/509c2_next_dist_compiled_react-dom_1698bfa6._.js:6708:24)
    at runWithFiberInDEV (http://localhost:3000/_next/static/chunks/509c2_next_dist_compiled_react-dom_1698bfa6._.js:965:74)
    at performUnitOfWork (http://localhost:3000/_next/static/chunks/509c2_next_dist_compiled_react-dom_1698bfa6._.js:9562:97)
    at workLoopConcurrentByScheduler (http://localhost:3000/_next/static/chunks/509c2_next_dist_compiled_react-dom_1698bfa6._.js:9558:58)
    at renderRootConcurrent (http://localhost:3000/_next/static/chunks/509c2_next_dist_compiled_react-dom_1698bfa6._.js:9541:71)
    at performWorkOnRoot (http://localhost:3000/_next/static/chunks/509c2_next_dist_compiled_react-dom_1698bfa6._.js:9068:150)
    at performWorkOnRootViaSchedulerTask (http://localhost:3000/_next/static/chunks/509c2_next_dist_compiled_react-dom_1698bfa6._.js:10230:9)
    at MessagePort.performWorkUntilDeadline (http://localhost:3000/_next/static/chunks/509c2_next_dist_compiled_9044104d._.js:2647:64) @ http://localhost:3000/_next/static/chunks/509c2_next_dist_512df543._.js:3127
[ 2074114ms] [ERROR] IntlError: MISSING_MESSAGE: Could not resolve `modules.dashboard` in messages for locale `login`.
    at getMessagesOrError (http://localhost:3000/_next/static/chunks/db2ad__pnpm_bc426aec._.js:3637:27)
    at createBaseTranslator (http://localhost:3000/_next/static/chunks/db2ad__pnpm_bc426aec._.js:3642:29)
    at useTranslationsImpl.useMemo[translate] (http://localhost:3000/_next/static/chunks/db2ad__pnpm_bc426aec._.js:4163:378)
    at mountMemo (http://localhost:3000/_next/static/chunks/509c2_next_dist_compiled_react-dom_1698bfa6._.js:5424:25)
    at Object.useMemo (http://localhost:3000/_next/static/chunks/509c2_next_dist_compiled_react-dom_1698bfa6._.js:15003:24)
    at exports.useMemo (http://localhost:3000/_next/static/chunks/509c2_next_dist_compiled_9044104d._.js:1742:36)
    at useTranslationsImpl (http://localhost:3000/_next/static/chunks/db2ad__pnpm_bc426aec._.js:4162:416)
    at useTranslations (http://localhost:3000/_next/static/chunks/db2ad__pnpm_bc426aec._.js:4201:12)
    at http://localhost:3000/_next/static/chunks/db2ad__pnpm_6cafc622._.js:70:20
    at DashboardPage (http://localhost:3000/_next/static/chunks/pi-cwd-20260601_admin-platform_d7a92737._.js:987:432)
    at Object.react_stack_bottom_frame (http://localhost:3000/_next/static/chunks/509c2_next_dist_compiled_react-dom_1698bfa6._.js:14826:24)
    at renderWithHooks (http://localhost:3000/_next/static/chunks/509c2_next_dist_compiled_react-dom_1698bfa6._.js:4651:24)
    at updateFunctionComponent (http://localhost:3000/_next/static/chunks/509c2_next_dist_compiled_react-dom_1698bfa6._.js:6112:21)
    at beginWork (http://localhost:3000/_next/static/chunks/509c2_next_dist_compiled_react-dom_1698bfa6._.js:6708:24)
    at runWithFiberInDEV (http://localhost:3000/_next/static/chunks/509c2_next_dist_compiled_react-dom_1698bfa6._.js:965:74)
    at performUnitOfWork (http://localhost:3000/_next/static/chunks/509c2_next_dist_compiled_react-dom_1698bfa6._.js:9562:97)
    at workLoopConcurrentByScheduler (http://localhost:3000/_next/static/chunks/509c2_next_dist_compiled_react-dom_1698bfa6._.js:9558:58)
    at renderRootConcurrent (http://localhost:3000/_next/static/chunks/509c2_next_dist_compiled_react-dom_1698bfa6._.js:9541:71)
    at performWorkOnRoot (http://localhost:3000/_next/static/chunks/509c2_next_dist_compiled_react-dom_1698bfa6._.js:9068:150)
    at performWorkOnRootViaSchedulerTask (http://localhost:3000/_next/static/chunks/509c2_next_dist_compiled_react-dom_1698bfa6._.js:10230:9)
    at MessagePort.performWorkUntilDeadline (http://localhost:3000/_next/static/chunks/509c2_next_dist_compiled_9044104d._.js:2647:64) @ http://localhost:3000/_next/static/chunks/509c2_next_dist_512df543._.js:3127
[ 2074114ms] [ERROR] IntlError: MISSING_MESSAGE: Could not resolve `modules.dashboard` in messages for locale `login`.
    at getMessagesOrError (http://localhost:3000/_next/static/chunks/db2ad__pnpm_bc426aec._.js:3637:27)
    at createBaseTranslator (http://localhost:3000/_next/static/chunks/db2ad__pnpm_bc426aec._.js:3642:29)
    at useTranslationsImpl.useMemo[translate] (http://localhost:3000/_next/static/chunks/db2ad__pnpm_bc426aec._.js:4163:378)
    at mountMemo (http://localhost:3000/_next/static/chunks/509c2_next_dist_compiled_react-dom_1698bfa6._.js:5424:25)
    at Object.useMemo (http://localhost:3000/_next/static/chunks/509c2_next_dist_compiled_react-dom_1698bfa6._.js:15003:24)
    at exports.useMemo (http://localhost:3000/_next/static/chunks/509c2_next_dist_compiled_9044104d._.js:1742:36)
    at useTranslationsImpl (http://localhost:3000/_next/static/chunks/db2ad__pnpm_bc426aec._.js:4162:416)
    at useTranslations (http://localhost:3000/_next/static/chunks/db2ad__pnpm_bc426aec._.js:4201:12)
    at http://localhost:3000/_next/static/chunks/db2ad__pnpm_6cafc622._.js:70:20
    at DashboardPage (http://localhost:3000/_next/static/chunks/pi-cwd-20260601_admin-platform_d7a92737._.js:987:432)
    at Object.react_stack_bottom_frame (http://localhost:3000/_next/static/chunks/509c2_next_dist_compiled_react-dom_1698bfa6._.js:14826:24)
    at renderWithHooks (http://localhost:3000/_next/static/chunks/509c2_next_dist_compiled_react-dom_1698bfa6._.js:4651:24)
    at updateFunctionComponent (http://localhost:3000/_next/static/chunks/509c2_next_dist_compiled_react-dom_1698bfa6._.js:6112:21)
    at beginWork (http://localhost:3000/_next/static/chunks/509c2_next_dist_compiled_react-dom_1698bfa6._.js:6708:24)
    at runWithFiberInDEV (http://localhost:3000/_next/static/chunks/509c2_next_dist_compiled_react-dom_1698bfa6._.js:965:74)
    at performUnitOfWork (http://localhost:3000/_next/static/chunks/509c2_next_dist_compiled_react-dom_1698bfa6._.js:9562:97)
    at workLoopConcurrentByScheduler (http://localhost:3000/_next/static/chunks/509c2_next_dist_compiled_react-dom_1698bfa6._.js:9558:58)
    at renderRootConcurrent (http://localhost:3000/_next/static/chunks/509c2_next_dist_compiled_react-dom_1698bfa6._.js:9541:71)
    at performWorkOnRoot (http://localhost:3000/_next/static/chunks/509c2_next_dist_compiled_react-dom_1698bfa6._.js:9068:150)
    at performWorkOnRootViaSchedulerTask (http://localhost:3000/_next/static/chunks/509c2_next_dist_compiled_react-dom_1698bfa6._.js:10230:9)
    at MessagePort.performWorkUntilDeadline (http://localhost:3000/_next/static/chunks/509c2_next_dist_compiled_9044104d._.js:2647:64) @ http://localhost:3000/_next/static/chunks/509c2_next_dist_512df543._.js:3127
[ 2074114ms] [ERROR] IntlError: MISSING_MESSAGE: Could not resolve `modules.dashboard` in messages for locale `login`.
    at getMessagesOrError (http://localhost:3000/_next/static/chunks/db2ad__pnpm_bc426aec._.js:3637:27)
    at createBaseTranslator (http://localhost:3000/_next/static/chunks/db2ad__pnpm_bc426aec._.js:3642:29)
    at useTranslationsImpl.useMemo[translate] (http://localhost:3000/_next/static/chunks/db2ad__pnpm_bc426aec._.js:4163:378)
    at mountMemo (http://localhost:3000/_next/static/chunks/509c2_next_dist_compiled_react-dom_1698bfa6._.js:5424:25)
    at Object.useMemo (http://localhost:3000/_next/static/chunks/509c2_next_dist_compiled_react-dom_1698bfa6._.js:15003:24)
    at exports.useMemo (http://localhost:3000/_next/static/chunks/509c2_next_dist_compiled_9044104d._.js:1742:36)
    at useTranslationsImpl (http://localhost:3000/_next/static/chunks/db2ad__pnpm_bc426aec._.js:4162:416)
    at useTranslations (http://localhost:3000/_next/static/chunks/db2ad__pnpm_bc426aec._.js:4201:12)
    at http://localhost:3000/_next/static/chunks/db2ad__pnpm_6cafc622._.js:70:20
    at DashboardPage (http://localhost:3000/_next/static/chunks/pi-cwd-20260601_admin-platform_d7a92737._.js:987:432)
    at Object.react_stack_bottom_frame (http://localhost:3000/_next/static/chunks/509c2_next_dist_compiled_react-dom_1698bfa6._.js:14826:24)
    at renderWithHooks (http://localhost:3000/_next/static/chunks/509c2_next_dist_compiled_react-dom_1698bfa6._.js:4651:24)
    at updateFunctionComponent (http://localhost:3000/_next/static/chunks/509c2_next_dist_compiled_react-dom_1698bfa6._.js:6112:21)
    at beginWork (http://localhost:3000/_next/static/chunks/509c2_next_dist_compiled_react-dom_1698bfa6._.js:6708:24)
    at runWithFiberInDEV (http://localhost:3000/_next/static/chunks/509c2_next_dist_compiled_react-dom_1698bfa6._.js:965:74)
    at performUnitOfWork (http://localhost:3000/_next/static/chunks/509c2_next_dist_compiled_react-dom_1698bfa6._.js:9562:97)
    at workLoopConcurrentByScheduler (http://localhost:3000/_next/static/chunks/509c2_next_dist_compiled_react-dom_1698bfa6._.js:9558:58)
    at renderRootConcurrent (http://localhost:3000/_next/static/chunks/509c2_next_dist_compiled_react-dom_1698bfa6._.js:9541:71)
    at performWorkOnRoot (http://localhost:3000/_next/static/chunks/509c2_next_dist_compiled_react-dom_1698bfa6._.js:9068:150)
    at performWorkOnRootViaSchedulerTask (http://localhost:3000/_next/static/chunks/509c2_next_dist_compiled_react-dom_1698bfa6._.js:10230:9)
    at MessagePort.performWorkUntilDeadline (http://localhost:3000/_next/static/chunks/509c2_next_dist_compiled_9044104d._.js:2647:64) @ http://localhost:3000/_next/static/chunks/509c2_next_dist_512df543._.js:3127
[ 2074115ms] [ERROR] IntlError: MISSING_MESSAGE: Could not resolve `modules.dashboard` in messages for locale `login`.
    at getMessagesOrError (http://localhost:3000/_next/static/chunks/db2ad__pnpm_bc426aec._.js:3637:27)
    at createBaseTranslator (http://localhost:3000/_next/static/chunks/db2ad__pnpm_bc426aec._.js:3642:29)
    at useTranslationsImpl.useMemo[translate] (http://localhost:3000/_next/static/chunks/db2ad__pnpm_bc426aec._.js:4163:378)
    at mountMemo (http://localhost:3000/_next/static/chunks/509c2_next_dist_compiled_react-dom_1698bfa6._.js:5424:25)
    at Object.useMemo (http://localhost:3000/_next/static/chunks/509c2_next_dist_compiled_react-dom_1698bfa6._.js:15003:24)
    at exports.useMemo (http://localhost:3000/_next/static/chunks/509c2_next_dist_compiled_9044104d._.js:1742:36)
    at useTranslationsImpl (http://localhost:3000/_next/static/chunks/db2ad__pnpm_bc426aec._.js:4162:416)
    at useTranslations (http://localhost:3000/_next/static/chunks/db2ad__pnpm_bc426aec._.js:4201:12)
    at http://localhost:3000/_next/static/chunks/db2ad__pnpm_6cafc622._.js:70:20
    at DashboardPage (http://localhost:3000/_next/static/chunks/pi-cwd-20260601_admin-platform_d7a92737._.js:987:432)
    at Object.react_stack_bottom_frame (http://localhost:3000/_next/static/chunks/509c2_next_dist_compiled_react-dom_1698bfa6._.js:14826:24)
    at renderWithHooks (http://localhost:3000/_next/static/chunks/509c2_next_dist_compiled_react-dom_1698bfa6._.js:4651:24)
    at updateFunctionComponent (http://localhost:3000/_next/static/chunks/509c2_next_dist_compiled_react-dom_1698bfa6._.js:6112:21)
    at beginWork (http://localhost:3000/_next/static/chunks/509c2_next_dist_compiled_react-dom_1698bfa6._.js:6708:24)
    at runWithFiberInDEV (http://localhost:3000/_next/static/chunks/509c2_next_dist_compiled_react-dom_1698bfa6._.js:965:74)
    at performUnitOfWork (http://localhost:3000/_next/static/chunks/509c2_next_dist_compiled_react-dom_1698bfa6._.js:9562:97)
    at workLoopConcurrentByScheduler (http://localhost:3000/_next/static/chunks/509c2_next_dist_compiled_react-dom_1698bfa6._.js:9558:58)
    at renderRootConcurrent (http://localhost:3000/_next/static/chunks/509c2_next_dist_compiled_react-dom_1698bfa6._.js:9541:71)
    at performWorkOnRoot (http://localhost:3000/_next/static/chunks/509c2_next_dist_compiled_react-dom_1698bfa6._.js:9068:150)
    at performWorkOnRootViaSchedulerTask (http://localhost:3000/_next/static/chunks/509c2_next_dist_compiled_react-dom_1698bfa6._.js:10230:9)
    at MessagePort.performWorkUntilDeadline (http://localhost:3000/_next/static/chunks/509c2_next_dist_compiled_9044104d._.js:2647:64) @ http://localhost:3000/_next/static/chunks/509c2_next_dist_512df543._.js:3127
[ 2074115ms] [ERROR] IntlError: MISSING_MESSAGE: Could not resolve `modules.dashboard` in messages for locale `login`.
    at getMessagesOrError (http://localhost:3000/_next/static/chunks/db2ad__pnpm_bc426aec._.js:3637:27)
    at createBaseTranslator (http://localhost:3000/_next/static/chunks/db2ad__pnpm_bc426aec._.js:3642:29)
    at useTranslationsImpl.useMemo[translate] (http://localhost:3000/_next/static/chunks/db2ad__pnpm_bc426aec._.js:4163:378)
    at mountMemo (http://localhost:3000/_next/static/chunks/509c2_next_dist_compiled_react-dom_1698bfa6._.js:5424:25)
    at Object.useMemo (http://localhost:3000/_next/static/chunks/509c2_next_dist_compiled_react-dom_1698bfa6._.js:15003:24)
    at exports.useMemo (http://localhost:3000/_next/static/chunks/509c2_next_dist_compiled_9044104d._.js:1742:36)
    at useTranslationsImpl (http://localhost:3000/_next/static/chunks/db2ad__pnpm_bc426aec._.js:4162:416)
    at useTranslations (http://localhost:3000/_next/static/chunks/db2ad__pnpm_bc426aec._.js:4201:12)
    at http://localhost:3000/_next/static/chunks/db2ad__pnpm_6cafc622._.js:70:20
    at DashboardPage (http://localhost:3000/_next/static/chunks/pi-cwd-20260601_admin-platform_d7a92737._.js:987:432)
    at Object.react_stack_bottom_frame (http://localhost:3000/_next/static/chunks/509c2_next_dist_compiled_react-dom_1698bfa6._.js:14826:24)
    at renderWithHooks (http://localhost:3000/_next/static/chunks/509c2_next_dist_compiled_react-dom_1698bfa6._.js:4651:24)
    at updateFunctionComponent (http://localhost:3000/_next/static/chunks/509c2_next_dist_compiled_react-dom_1698bfa6._.js:6112:21)
    at beginWork (http://localhost:3000/_next/static/chunks/509c2_next_dist_compiled_react-dom_1698bfa6._.js:6708:24)
    at runWithFiberInDEV (http://localhost:3000/_next/static/chunks/509c2_next_dist_compiled_react-dom_1698bfa6._.js:965:74)
    at performUnitOfWork (http://localhost:3000/_next/static/chunks/509c2_next_dist_compiled_react-dom_1698bfa6._.js:9562:97)
    at workLoopConcurrentByScheduler (http://localhost:3000/_next/static/chunks/509c2_next_dist_compiled_react-dom_1698bfa6._.js:9558:58)
    at renderRootConcurrent (http://localhost:3000/_next/static/chunks/509c2_next_dist_compiled_react-dom_1698bfa6._.js:9541:71)
    at performWorkOnRoot (http://localhost:3000/_next/static/chunks/509c2_next_dist_compiled_react-dom_1698bfa6._.js:9068:150)
    at performWorkOnRootViaSchedulerTask (http://localhost:3000/_next/static/chunks/509c2_next_dist_compiled_react-dom_1698bfa6._.js:10230:9)
    at MessagePort.performWorkUntilDeadline (http://localhost:3000/_next/static/chunks/509c2_next_dist_compiled_9044104d._.js:2647:64) @ http://localhost:3000/_next/static/chunks/509c2_next_dist_512df543._.js:3127
[ 2074115ms] [ERROR] IntlError: MISSING_MESSAGE: Could not resolve `modules.dashboard` in messages for locale `login`.
    at getMessagesOrError (http://localhost:3000/_next/static/chunks/db2ad__pnpm_bc426aec._.js:3637:27)
    at createBaseTranslator (http://localhost:3000/_next/static/chunks/db2ad__pnpm_bc426aec._.js:3642:29)
    at useTranslationsImpl.useMemo[translate] (http://localhost:3000/_next/static/chunks/db2ad__pnpm_bc426aec._.js:4163:378)
    at mountMemo (http://localhost:3000/_next/static/chunks/509c2_next_dist_compiled_react-dom_1698bfa6._.js:5424:25)
    at Object.useMemo (http://localhost:3000/_next/static/chunks/509c2_next_dist_compiled_react-dom_1698bfa6._.js:15003:24)
    at exports.useMemo (http://localhost:3000/_next/static/chunks/509c2_next_dist_compiled_9044104d._.js:1742:36)
    at useTranslationsImpl (http://localhost:3000/_next/static/chunks/db2ad__pnpm_bc426aec._.js:4162:416)
    at useTranslations (http://localhost:3000/_next/static/chunks/db2ad__pnpm_bc426aec._.js:4201:12)
    at http://localhost:3000/_next/static/chunks/db2ad__pnpm_6cafc622._.js:70:20
    at DashboardPage (http://localhost:3000/_next/static/chunks/pi-cwd-20260601_admin-platform_d7a92737._.js:987:432)
    at Object.react_stack_bottom_frame (http://localhost:3000/_next/static/chunks/509c2_next_dist_compiled_react-dom_1698bfa6._.js:14826:24)
    at renderWithHooks (http://localhost:3000/_next/static/chunks/509c2_next_dist_compiled_react-dom_1698bfa6._.js:4651:24)
    at updateFunctionComponent (http://localhost:3000/_next/static/chunks/509c2_next_dist_compiled_react-dom_1698bfa6._.js:6112:21)
    at beginWork (http://localhost:3000/_next/static/chunks/509c2_next_dist_compiled_react-dom_1698bfa6._.js:6708:24)
    at runWithFiberInDEV (http://localhost:3000/_next/static/chunks/509c2_next_dist_compiled_react-dom_1698bfa6._.js:965:74)
    at performUnitOfWork (http://localhost:3000/_next/static/chunks/509c2_next_dist_compiled_react-dom_1698bfa6._.js:9562:97)
    at workLoopConcurrentByScheduler (http://localhost:3000/_next/static/chunks/509c2_next_dist_compiled_react-dom_1698bfa6._.js:9558:58)
    at renderRootConcurrent (http://localhost:3000/_next/static/chunks/509c2_next_dist_compiled_react-dom_1698bfa6._.js:9541:71)
    at performWorkOnRoot (http://localhost:3000/_next/static/chunks/509c2_next_dist_compiled_react-dom_1698bfa6._.js:9068:150)
    at performWorkOnRootViaSchedulerTask (http://localhost:3000/_next/static/chunks/509c2_next_dist_compiled_react-dom_1698bfa6._.js:10230:9)
    at MessagePort.performWorkUntilDeadline (http://localhost:3000/_next/static/chunks/509c2_next_dist_compiled_9044104d._.js:2647:64) @ http://localhost:3000/_next/static/chunks/509c2_next_dist_512df543._.js:3127
[ 2074138ms] [ERROR] IntlError: MISSING_MESSAGE: Could not resolve `modules.dashboard` in messages for locale `login`.
    at getMessagesOrError (http://localhost:3000/_next/static/chunks/db2ad__pnpm_bc426aec._.js:3637:27)
    at createBaseTranslator (http://localhost:3000/_next/static/chunks/db2ad__pnpm_bc426aec._.js:3642:29)
    at useTranslationsImpl.useMemo[translate] (http://localhost:3000/_next/static/chunks/db2ad__pnpm_bc426aec._.js:4163:378)
    at mountMemo (http://localhost:3000/_next/static/chunks/509c2_next_dist_compiled_react-dom_1698bfa6._.js:5424:25)
    at Object.useMemo (http://localhost:3000/_next/static/chunks/509c2_next_dist_compiled_react-dom_1698bfa6._.js:15003:24)
    at exports.useMemo (http://localhost:3000/_next/static/chunks/509c2_next_dist_compiled_9044104d._.js:1742:36)
    at useTranslationsImpl (http://localhost:3000/_next/static/chunks/db2ad__pnpm_bc426aec._.js:4162:416)
    at useTranslations (http://localhost:3000/_next/static/chunks/db2ad__pnpm_bc426aec._.js:4201:12)
    at http://localhost:3000/_next/static/chunks/db2ad__pnpm_6cafc622._.js:70:20
    at DashboardPage (http://localhost:3000/_next/static/chunks/pi-cwd-20260601_admin-platform_d7a92737._.js:987:432)
    at Object.react_stack_bottom_frame (http://localhost:3000/_next/static/chunks/509c2_next_dist_compiled_react-dom_1698bfa6._.js:14826:24)
    at renderWithHooks (http://localhost:3000/_next/static/chunks/509c2_next_dist_compiled_react-dom_1698bfa6._.js:4651:24)
    at updateFunctionComponent (http://localhost:3000/_next/static/chunks/509c2_next_dist_compiled_react-dom_1698bfa6._.js:6112:21)
    at beginWork (http://localhost:3000/_next/static/chunks/509c2_next_dist_compiled_react-dom_1698bfa6._.js:6708:24)
    at runWithFiberInDEV (http://localhost:3000/_next/static/chunks/509c2_next_dist_compiled_react-dom_1698bfa6._.js:965:74)
    at performUnitOfWork (http://localhost:3000/_next/static/chunks/509c2_next_dist_compiled_react-dom_1698bfa6._.js:9562:97)
    at workLoopConcurrentByScheduler (http://localhost:3000/_next/static/chunks/509c2_next_dist_compiled_react-dom_1698bfa6._.js:9558:58)
    at renderRootConcurrent (http://localhost:3000/_next/static/chunks/509c2_next_dist_compiled_react-dom_1698bfa6._.js:9541:71)
    at performWorkOnRoot (http://localhost:3000/_next/static/chunks/509c2_next_dist_compiled_react-dom_1698bfa6._.js:9068:150)
    at performWorkOnRootViaSchedulerTask (http://localhost:3000/_next/static/chunks/509c2_next_dist_compiled_react-dom_1698bfa6._.js:10230:9)
    at MessagePort.performWorkUntilDeadline (http://localhost:3000/_next/static/chunks/509c2_next_dist_compiled_9044104d._.js:2647:64) @ http://localhost:3000/_next/static/chunks/509c2_next_dist_512df543._.js:3127
[ 2074138ms] [ERROR] IntlError: MISSING_MESSAGE: Could not resolve `modules.dashboard` in messages for locale `login`.
    at getMessagesOrError (http://localhost:3000/_next/static/chunks/db2ad__pnpm_bc426aec._.js:3637:27)
    at createBaseTranslator (http://localhost:3000/_next/static/chunks/db2ad__pnpm_bc426aec._.js:3642:29)
    at useTranslationsImpl.useMemo[translate] (http://localhost:3000/_next/static/chunks/db2ad__pnpm_bc426aec._.js:4163:378)
    at mountMemo (http://localhost:3000/_next/static/chunks/509c2_next_dist_compiled_react-dom_1698bfa6._.js:5424:25)
    at Object.useMemo (http://localhost:3000/_next/static/chunks/509c2_next_dist_compiled_react-dom_1698bfa6._.js:15003:24)
    at exports.useMemo (http://localhost:3000/_next/static/chunks/509c2_next_dist_compiled_9044104d._.js:1742:36)
    at useTranslationsImpl (http://localhost:3000/_next/static/chunks/db2ad__pnpm_bc426aec._.js:4162:416)
    at useTranslations (http://localhost:3000/_next/static/chunks/db2ad__pnpm_bc426aec._.js:4201:12)
    at http://localhost:3000/_next/static/chunks/db2ad__pnpm_6cafc622._.js:70:20
    at DashboardPage (http://localhost:3000/_next/static/chunks/pi-cwd-20260601_admin-platform_d7a92737._.js:987:432)
    at Object.react_stack_bottom_frame (http://localhost:3000/_next/static/chunks/509c2_next_dist_compiled_react-dom_1698bfa6._.js:14826:24)
    at renderWithHooks (http://localhost:3000/_next/static/chunks/509c2_next_dist_compiled_react-dom_1698bfa6._.js:4651:24)
    at updateFunctionComponent (http://localhost:3000/_next/static/chunks/509c2_next_dist_compiled_react-dom_1698bfa6._.js:6112:21)
    at beginWork (http://localhost:3000/_next/static/chunks/509c2_next_dist_compiled_react-dom_1698bfa6._.js:6708:24)
    at runWithFiberInDEV (http://localhost:3000/_next/static/chunks/509c2_next_dist_compiled_react-dom_1698bfa6._.js:965:74)
    at performUnitOfWork (http://localhost:3000/_next/static/chunks/509c2_next_dist_compiled_react-dom_1698bfa6._.js:9562:97)
    at workLoopConcurrentByScheduler (http://localhost:3000/_next/static/chunks/509c2_next_dist_compiled_react-dom_1698bfa6._.js:9558:58)
    at renderRootConcurrent (http://localhost:3000/_next/static/chunks/509c2_next_dist_compiled_react-dom_1698bfa6._.js:9541:71)
    at performWorkOnRoot (http://localhost:3000/_next/static/chunks/509c2_next_dist_compiled_react-dom_1698bfa6._.js:9068:150)
    at performWorkOnRootViaSchedulerTask (http://localhost:3000/_next/static/chunks/509c2_next_dist_compiled_react-dom_1698bfa6._.js:10230:9)
    at MessagePort.performWorkUntilDeadline (http://localhost:3000/_next/static/chunks/509c2_next_dist_compiled_9044104d._.js:2647:64) @ http://localhost:3000/_next/static/chunks/509c2_next_dist_512df543._.js:3127
[ 2074139ms] [ERROR] IntlError: MISSING_MESSAGE: Could not resolve `modules.dashboard` in messages for locale `login`.
    at getMessagesOrError (http://localhost:3000/_next/static/chunks/db2ad__pnpm_bc426aec._.js:3637:27)
    at createBaseTranslator (http://localhost:3000/_next/static/chunks/db2ad__pnpm_bc426aec._.js:3642:29)
    at useTranslationsImpl.useMemo[translate] (http://localhost:3000/_next/static/chunks/db2ad__pnpm_bc426aec._.js:4163:378)
    at mountMemo (http://localhost:3000/_next/static/chunks/509c2_next_dist_compiled_react-dom_1698bfa6._.js:5424:25)
    at Object.useMemo (http://localhost:3000/_next/static/chunks/509c2_next_dist_compiled_react-dom_1698bfa6._.js:15003:24)
    at exports.useMemo (http://localhost:3000/_next/static/chunks/509c2_next_dist_compiled_9044104d._.js:1742:36)
    at useTranslationsImpl (http://localhost:3000/_next/static/chunks/db2ad__pnpm_bc426aec._.js:4162:416)
    at useTranslations (http://localhost:3000/_next/static/chunks/db2ad__pnpm_bc426aec._.js:4201:12)
    at http://localhost:3000/_next/static/chunks/db2ad__pnpm_6cafc622._.js:70:20
    at DashboardPage (http://localhost:3000/_next/static/chunks/pi-cwd-20260601_admin-platform_d7a92737._.js:987:432)
    at Object.react_stack_bottom_frame (http://localhost:3000/_next/static/chunks/509c2_next_dist_compiled_react-dom_1698bfa6._.js:14826:24)
    at renderWithHooks (http://localhost:3000/_next/static/chunks/509c2_next_dist_compiled_react-dom_1698bfa6._.js:4651:24)
    at updateFunctionComponent (http://localhost:3000/_next/static/chunks/509c2_next_dist_compiled_react-dom_1698bfa6._.js:6112:21)
    at beginWork (http://localhost:3000/_next/static/chunks/509c2_next_dist_compiled_react-dom_1698bfa6._.js:6708:24)
    at runWithFiberInDEV (http://localhost:3000/_next/static/chunks/509c2_next_dist_compiled_react-dom_1698bfa6._.js:965:74)
    at performUnitOfWork (http://localhost:3000/_next/static/chunks/509c2_next_dist_compiled_react-dom_1698bfa6._.js:9562:97)
    at workLoopConcurrentByScheduler (http://localhost:3000/_next/static/chunks/509c2_next_dist_compiled_react-dom_1698bfa6._.js:9558:58)
    at renderRootConcurrent (http://localhost:3000/_next/static/chunks/509c2_next_dist_compiled_react-dom_1698bfa6._.js:9541:71)
    at performWorkOnRoot (http://localhost:3000/_next/static/chunks/509c2_next_dist_compiled_react-dom_1698bfa6._.js:9068:150)
    at performWorkOnRootViaSchedulerTask (http://localhost:3000/_next/static/chunks/509c2_next_dist_compiled_react-dom_1698bfa6._.js:10230:9)
    at MessagePort.performWorkUntilDeadline (http://localhost:3000/_next/static/chunks/509c2_next_dist_compiled_9044104d._.js:2647:64) @ http://localhost:3000/_next/static/chunks/509c2_next_dist_512df543._.js:3127
[ 2074140ms] [ERROR] IntlError: MISSING_MESSAGE: Could not resolve `modules.dashboard` in messages for locale `login`.
    at getMessagesOrError (http://localhost:3000/_next/static/chunks/db2ad__pnpm_bc426aec._.js:3637:27)
    at createBaseTranslator (http://localhost:3000/_next/static/chunks/db2ad__pnpm_bc426aec._.js:3642:29)
    at useTranslationsImpl.useMemo[translate] (http://localhost:3000/_next/static/chunks/db2ad__pnpm_bc426aec._.js:4163:378)
    at mountMemo (http://localhost:3000/_next/static/chunks/509c2_next_dist_compiled_react-dom_1698bfa6._.js:5424:25)
    at Object.useMemo (http://localhost:3000/_next/static/chunks/509c2_next_dist_compiled_react-dom_1698bfa6._.js:15003:24)
    at exports.useMemo (http://localhost:3000/_next/static/chunks/509c2_next_dist_compiled_9044104d._.js:1742:36)
    at useTranslationsImpl (http://localhost:3000/_next/static/chunks/db2ad__pnpm_bc426aec._.js:4162:416)
    at useTranslations (http://localhost:3000/_next/static/chunks/db2ad__pnpm_bc426aec._.js:4201:12)
    at http://localhost:3000/_next/static/chunks/db2ad__pnpm_6cafc622._.js:70:20
    at DashboardPage (http://localhost:3000/_next/static/chunks/pi-cwd-20260601_admin-platform_d7a92737._.js:987:432)
    at Object.react_stack_bottom_frame (http://localhost:3000/_next/static/chunks/509c2_next_dist_compiled_react-dom_1698bfa6._.js:14826:24)
    at renderWithHooks (http://localhost:3000/_next/static/chunks/509c2_next_dist_compiled_react-dom_1698bfa6._.js:4651:24)
    at updateFunctionComponent (http://localhost:3000/_next/static/chunks/509c2_next_dist_compiled_react-dom_1698bfa6._.js:6112:21)
    at beginWork (http://localhost:3000/_next/static/chunks/509c2_next_dist_compiled_react-dom_1698bfa6._.js:6708:24)
    at runWithFiberInDEV (http://localhost:3000/_next/static/chunks/509c2_next_dist_compiled_react-dom_1698bfa6._.js:965:74)
    at performUnitOfWork (http://localhost:3000/_next/static/chunks/509c2_next_dist_compiled_react-dom_1698bfa6._.js:9562:97)
    at workLoopConcurrentByScheduler (http://localhost:3000/_next/static/chunks/509c2_next_dist_compiled_react-dom_1698bfa6._.js:9558:58)
    at renderRootConcurrent (http://localhost:3000/_next/static/chunks/509c2_next_dist_compiled_react-dom_1698bfa6._.js:9541:71)
    at performWorkOnRoot (http://localhost:3000/_next/static/chunks/509c2_next_dist_compiled_react-dom_1698bfa6._.js:9068:150)
    at performWorkOnRootViaSchedulerTask (http://localhost:3000/_next/static/chunks/509c2_next_dist_compiled_react-dom_1698bfa6._.js:10230:9)
    at MessagePort.performWorkUntilDeadline (http://localhost:3000/_next/static/chunks/509c2_next_dist_compiled_9044104d._.js:2647:64) @ http://localhost:3000/_next/static/chunks/509c2_next_dist_512df543._.js:3127
[ 2074140ms] [ERROR] IntlError: MISSING_MESSAGE: Could not resolve `modules.dashboard` in messages for locale `login`.
    at getMessagesOrError (http://localhost:3000/_next/static/chunks/db2ad__pnpm_bc426aec._.js:3637:27)
    at createBaseTranslator (http://localhost:3000/_next/static/chunks/db2ad__pnpm_bc426aec._.js:3642:29)
    at useTranslationsImpl.useMemo[translate] (http://localhost:3000/_next/static/chunks/db2ad__pnpm_bc426aec._.js:4163:378)
    at mountMemo (http://localhost:3000/_next/static/chunks/509c2_next_dist_compiled_react-dom_1698bfa6._.js:5424:25)
    at Object.useMemo (http://localhost:3000/_next/static/chunks/509c2_next_dist_compiled_react-dom_1698bfa6._.js:15003:24)
    at exports.useMemo (http://localhost:3000/_next/static/chunks/509c2_next_dist_compiled_9044104d._.js:1742:36)
    at useTranslationsImpl (http://localhost:3000/_next/static/chunks/db2ad__pnpm_bc426aec._.js:4162:416)
    at useTranslations (http://localhost:3000/_next/static/chunks/db2ad__pnpm_bc426aec._.js:4201:12)
    at http://localhost:3000/_next/static/chunks/db2ad__pnpm_6cafc622._.js:70:20
    at DashboardPage (http://localhost:3000/_next/static/chunks/pi-cwd-20260601_admin-platform_d7a92737._.js:987:432)
    at Object.react_stack_bottom_frame (http://localhost:3000/_next/static/chunks/509c2_next_dist_compiled_react-dom_1698bfa6._.js:14826:24)
    at renderWithHooks (http://localhost:3000/_next/static/chunks/509c2_next_dist_compiled_react-dom_1698bfa6._.js:4651:24)
    at updateFunctionComponent (http://localhost:3000/_next/static/chunks/509c2_next_dist_compiled_react-dom_1698bfa6._.js:6112:21)
    at beginWork (http://localhost:3000/_next/static/chunks/509c2_next_dist_compiled_react-dom_1698bfa6._.js:6708:24)
    at runWithFiberInDEV (http://localhost:3000/_next/static/chunks/509c2_next_dist_compiled_react-dom_1698bfa6._.js:965:74)
    at performUnitOfWork (http://localhost:3000/_next/static/chunks/509c2_next_dist_compiled_react-dom_1698bfa6._.js:9562:97)
    at workLoopConcurrentByScheduler (http://localhost:3000/_next/static/chunks/509c2_next_dist_compiled_react-dom_1698bfa6._.js:9558:58)
    at renderRootConcurrent (http://localhost:3000/_next/static/chunks/509c2_next_dist_compiled_react-dom_1698bfa6._.js:9541:71)
    at performWorkOnRoot (http://localhost:3000/_next/static/chunks/509c2_next_dist_compiled_react-dom_1698bfa6._.js:9068:150)
    at performWorkOnRootViaSchedulerTask (http://localhost:3000/_next/static/chunks/509c2_next_dist_compiled_react-dom_1698bfa6._.js:10230:9)
    at MessagePort.performWorkUntilDeadline (http://localhost:3000/_next/static/chunks/509c2_next_dist_compiled_9044104d._.js:2647:64) @ http://localhost:3000/_next/static/chunks/509c2_next_dist_512df543._.js:3127
[ 2074141ms] [ERROR] IntlError: MISSING_MESSAGE: Could not resolve `modules.dashboard` in messages for locale `login`.
    at getMessagesOrError (http://localhost:3000/_next/static/chunks/db2ad__pnpm_bc426aec._.js:3637:27)
    at createBaseTranslator (http://localhost:3000/_next/static/chunks/db2ad__pnpm_bc426aec._.js:3642:29)
    at useTranslationsImpl.useMemo[translate] (http://localhost:3000/_next/static/chunks/db2ad__pnpm_bc426aec._.js:4163:378)
    at mountMemo (http://localhost:3000/_next/static/chunks/509c2_next_dist_compiled_react-dom_1698bfa6._.js:5424:25)
    at Object.useMemo (http://localhost:3000/_next/static/chunks/509c2_next_dist_compiled_react-dom_1698bfa6._.js:15003:24)
    at exports.useMemo (http://localhost:3000/_next/static/chunks/509c2_next_dist_compiled_9044104d._.js:1742:36)
    at useTranslationsImpl (http://localhost:3000/_next/static/chunks/db2ad__pnpm_bc426aec._.js:4162:416)
    at useTranslations (http://localhost:3000/_next/static/chunks/db2ad__pnpm_bc426aec._.js:4201:12)
    at http://localhost:3000/_next/static/chunks/db2ad__pnpm_6cafc622._.js:70:20
    at DashboardPage (http://localhost:3000/_next/static/chunks/pi-cwd-20260601_admin-platform_d7a92737._.js:987:432)
    at Object.react_stack_bottom_frame (http://localhost:3000/_next/static/chunks/509c2_next_dist_compiled_react-dom_1698bfa6._.js:14826:24)
    at renderWithHooks (http://localhost:3000/_next/static/chunks/509c2_next_dist_compiled_react-dom_1698bfa6._.js:4651:24)
    at updateFunctionComponent (http://localhost:3000/_next/static/chunks/509c2_next_dist_compiled_react-dom_1698bfa6._.js:6112:21)
    at beginWork (http://localhost:3000/_next/static/chunks/509c2_next_dist_compiled_react-dom_1698bfa6._.js:6708:24)
    at runWithFiberInDEV (http://localhost:3000/_next/static/chunks/509c2_next_dist_compiled_react-dom_1698bfa6._.js:965:74)
    at performUnitOfWork (http://localhost:3000/_next/static/chunks/509c2_next_dist_compiled_react-dom_1698bfa6._.js:9562:97)
    at workLoopConcurrentByScheduler (http://localhost:3000/_next/static/chunks/509c2_next_dist_compiled_react-dom_1698bfa6._.js:9558:58)
    at renderRootConcurrent (http://localhost:3000/_next/static/chunks/509c2_next_dist_compiled_react-dom_1698bfa6._.js:9541:71)
    at performWorkOnRoot (http://localhost:3000/_next/static/chunks/509c2_next_dist_compiled_react-dom_1698bfa6._.js:9068:150)
    at performWorkOnRootViaSchedulerTask (http://localhost:3000/_next/static/chunks/509c2_next_dist_compiled_react-dom_1698bfa6._.js:10230:9)
    at MessagePort.performWorkUntilDeadline (http://localhost:3000/_next/static/chunks/509c2_next_dist_compiled_9044104d._.js:2647:64) @ http://localhost:3000/_next/static/chunks/509c2_next_dist_512df543._.js:3127
[ 2074141ms] [ERROR] IntlError: MISSING_MESSAGE: Could not resolve `modules.dashboard` in messages for locale `login`.
    at getMessagesOrError (http://localhost:3000/_next/static/chunks/db2ad__pnpm_bc426aec._.js:3637:27)
    at createBaseTranslator (http://localhost:3000/_next/static/chunks/db2ad__pnpm_bc426aec._.js:3642:29)
    at useTranslationsImpl.useMemo[translate] (http://localhost:3000/_next/static/chunks/db2ad__pnpm_bc426aec._.js:4163:378)
    at mountMemo (http://localhost:3000/_next/static/chunks/509c2_next_dist_compiled_react-dom_1698bfa6._.js:5424:25)
    at Object.useMemo (http://localhost:3000/_next/static/chunks/509c2_next_dist_compiled_react-dom_1698bfa6._.js:15003:24)
    at exports.useMemo (http://localhost:3000/_next/static/chunks/509c2_next_dist_compiled_9044104d._.js:1742:36)
    at useTranslationsImpl (http://localhost:3000/_next/static/chunks/db2ad__pnpm_bc426aec._.js:4162:416)
    at useTranslations (http://localhost:3000/_next/static/chunks/db2ad__pnpm_bc426aec._.js:4201:12)
    at http://localhost:3000/_next/static/chunks/db2ad__pnpm_6cafc622._.js:70:20
    at DashboardPage (http://localhost:3000/_next/static/chunks/pi-cwd-20260601_admin-platform_d7a92737._.js:987:432)
    at Object.react_stack_bottom_frame (http://localhost:3000/_next/static/chunks/509c2_next_dist_compiled_react-dom_1698bfa6._.js:14826:24)
    at renderWithHooks (http://localhost:3000/_next/static/chunks/509c2_next_dist_compiled_react-dom_1698bfa6._.js:4651:24)
    at updateFunctionComponent (http://localhost:3000/_next/static/chunks/509c2_next_dist_compiled_react-dom_1698bfa6._.js:6112:21)
    at beginWork (http://localhost:3000/_next/static/chunks/509c2_next_dist_compiled_react-dom_1698bfa6._.js:6708:24)
    at runWithFiberInDEV (http://localhost:3000/_next/static/chunks/509c2_next_dist_compiled_react-dom_1698bfa6._.js:965:74)
    at performUnitOfWork (http://localhost:3000/_next/static/chunks/509c2_next_dist_compiled_react-dom_1698bfa6._.js:9562:97)
    at workLoopConcurrentByScheduler (http://localhost:3000/_next/static/chunks/509c2_next_dist_compiled_react-dom_1698bfa6._.js:9558:58)
    at renderRootConcurrent (http://localhost:3000/_next/static/chunks/509c2_next_dist_compiled_react-dom_1698bfa6._.js:9541:71)
    at performWorkOnRoot (http://localhost:3000/_next/static/chunks/509c2_next_dist_compiled_react-dom_1698bfa6._.js:9068:150)
    at performWorkOnRootViaSchedulerTask (http://localhost:3000/_next/static/chunks/509c2_next_dist_compiled_react-dom_1698bfa6._.js:10230:9)
    at MessagePort.performWorkUntilDeadline (http://localhost:3000/_next/static/chunks/509c2_next_dist_compiled_9044104d._.js:2647:64) @ http://localhost:3000/_next/static/chunks/509c2_next_dist_512df543._.js:3127
[ 2074142ms] [ERROR] IntlError: MISSING_MESSAGE: Could not resolve `modules.dashboard` in messages for locale `login`.
    at getMessagesOrError (http://localhost:3000/_next/static/chunks/db2ad__pnpm_bc426aec._.js:3637:27)
    at createBaseTranslator (http://localhost:3000/_next/static/chunks/db2ad__pnpm_bc426aec._.js:3642:29)
    at useTranslationsImpl.useMemo[translate] (http://localhost:3000/_next/static/chunks/db2ad__pnpm_bc426aec._.js:4163:378)
    at mountMemo (http://localhost:3000/_next/static/chunks/509c2_next_dist_compiled_react-dom_1698bfa6._.js:5424:25)
    at Object.useMemo (http://localhost:3000/_next/static/chunks/509c2_next_dist_compiled_react-dom_1698bfa6._.js:15003:24)
    at exports.useMemo (http://localhost:3000/_next/static/chunks/509c2_next_dist_compiled_9044104d._.js:1742:36)
    at useTranslationsImpl (http://localhost:3000/_next/static/chunks/db2ad__pnpm_bc426aec._.js:4162:416)
    at useTranslations (http://localhost:3000/_next/static/chunks/db2ad__pnpm_bc426aec._.js:4201:12)
    at http://localhost:3000/_next/static/chunks/db2ad__pnpm_6cafc622._.js:70:20
    at DashboardPage (http://localhost:3000/_next/static/chunks/pi-cwd-20260601_admin-platform_d7a92737._.js:987:432)
    at Object.react_stack_bottom_frame (http://localhost:3000/_next/static/chunks/509c2_next_dist_compiled_react-dom_1698bfa6._.js:14826:24)
    at renderWithHooks (http://localhost:3000/_next/static/chunks/509c2_next_dist_compiled_react-dom_1698bfa6._.js:4651:24)
    at updateFunctionComponent (http://localhost:3000/_next/static/chunks/509c2_next_dist_compiled_react-dom_1698bfa6._.js:6112:21)
    at beginWork (http://localhost:3000/_next/static/chunks/509c2_next_dist_compiled_react-dom_1698bfa6._.js:6708:24)
    at runWithFiberInDEV (http://localhost:3000/_next/static/chunks/509c2_next_dist_compiled_react-dom_1698bfa6._.js:965:74)
    at performUnitOfWork (http://localhost:3000/_next/static/chunks/509c2_next_dist_compiled_react-dom_1698bfa6._.js:9562:97)
    at workLoopConcurrentByScheduler (http://localhost:3000/_next/static/chunks/509c2_next_dist_compiled_react-dom_1698bfa6._.js:9558:58)
    at renderRootConcurrent (http://localhost:3000/_next/static/chunks/509c2_next_dist_compiled_react-dom_1698bfa6._.js:9541:71)
    at performWorkOnRoot (http://localhost:3000/_next/static/chunks/509c2_next_dist_compiled_react-dom_1698bfa6._.js:9068:150)
    at performWorkOnRootViaSchedulerTask (http://localhost:3000/_next/static/chunks/509c2_next_dist_compiled_react-dom_1698bfa6._.js:10230:9)
    at MessagePort.performWorkUntilDeadline (http://localhost:3000/_next/static/chunks/509c2_next_dist_compiled_9044104d._.js:2647:64) @ http://localhost:3000/_next/static/chunks/509c2_next_dist_512df543._.js:3127
[ 2077094ms] [WARNING] The resource http://localhost:3000/_next/static/chunks/%5Broot-of-the-server%5D__e4da2690._.css was preloaded using link preload but not used within a few seconds from the window's load event. Please make sure it has an appropriate `as` value and it is preloaded intentionally. @ http://localhost:3000/login:0
[ 2083298ms] [WARNING] The resource http://localhost:3000/_next/static/chunks/%5Broot-of-the-server%5D__e4da2690._.css was preloaded using link preload but not used within a few seconds from the window's load event. Please make sure it has an appropriate `as` value and it is preloaded intentionally. @ http://localhost:3000/login:0
[ 2088832ms] [WARNING] The resource http://localhost:3000/_next/static/chunks/%5Broot-of-the-server%5D__e4da2690._.css was preloaded using link preload but not used within a few seconds from the window's load event. Please make sure it has an appropriate `as` value and it is preloaded intentionally. @ http://localhost:3000/login:0
[ 2115536ms] [INFO] %cDownload the React DevTools for a better development experience: https://react.dev/link/react-devtools font-weight:bold @ http://localhost:3000/_next/static/chunks/509c2_next_dist_512df543._.js:2297
[ 2115576ms] [LOG] [HMR] connected @ http://localhost:3000/_next/static/chunks/509c2_next_dist_512df543._.js:2297
[ 2116396ms] [ERROR] IntlError: MISSING_MESSAGE: Could not resolve `modules.dashboard` in messages for locale `login`.
    at getMessagesOrError (http://localhost:3000/_next/static/chunks/db2ad__pnpm_bc426aec._.js:3637:27)
    at createBaseTranslator (http://localhost:3000/_next/static/chunks/db2ad__pnpm_bc426aec._.js:3642:29)
    at useTranslationsImpl.useMemo[translate] (http://localhost:3000/_next/static/chunks/db2ad__pnpm_bc426aec._.js:4163:378)
    at mountMemo (http://localhost:3000/_next/static/chunks/509c2_next_dist_compiled_react-dom_1698bfa6._.js:5424:25)
    at Object.useMemo (http://localhost:3000/_next/static/chunks/509c2_next_dist_compiled_react-dom_1698bfa6._.js:15003:24)
    at exports.useMemo (http://localhost:3000/_next/static/chunks/509c2_next_dist_compiled_9044104d._.js:1742:36)
    at useTranslationsImpl (http://localhost:3000/_next/static/chunks/db2ad__pnpm_bc426aec._.js:4162:416)
    at useTranslations (http://localhost:3000/_next/static/chunks/db2ad__pnpm_bc426aec._.js:4201:12)
    at http://localhost:3000/_next/static/chunks/db2ad__pnpm_6cafc622._.js:70:20
    at DashboardPage (http://localhost:3000/_next/static/chunks/pi-cwd-20260601_admin-platform_d7a92737._.js:987:432)
    at Object.react_stack_bottom_frame (http://localhost:3000/_next/static/chunks/509c2_next_dist_compiled_react-dom_1698bfa6._.js:14826:24)
    at renderWithHooks (http://localhost:3000/_next/static/chunks/509c2_next_dist_compiled_react-dom_1698bfa6._.js:4651:24)
    at updateFunctionComponent (http://localhost:3000/_next/static/chunks/509c2_next_dist_compiled_react-dom_1698bfa6._.js:6112:21)
    at beginWork (http://localhost:3000/_next/static/chunks/509c2_next_dist_compiled_react-dom_1698bfa6._.js:6708:24)
    at runWithFiberInDEV (http://localhost:3000/_next/static/chunks/509c2_next_dist_compiled_react-dom_1698bfa6._.js:965:74)
    at performUnitOfWork (http://localhost:3000/_next/static/chunks/509c2_next_dist_compiled_react-dom_1698bfa6._.js:9562:97)
    at workLoopConcurrentByScheduler (http://localhost:3000/_next/static/chunks/509c2_next_dist_compiled_react-dom_1698bfa6._.js:9558:58)
    at renderRootConcurrent (http://localhost:3000/_next/static/chunks/509c2_next_dist_compiled_react-dom_1698bfa6._.js:9541:71)
    at performWorkOnRoot (http://localhost:3000/_next/static/chunks/509c2_next_dist_compiled_react-dom_1698bfa6._.js:9068:150)
    at performWorkOnRootViaSchedulerTask (http://localhost:3000/_next/static/chunks/509c2_next_dist_compiled_react-dom_1698bfa6._.js:10230:9)
    at MessagePort.performWorkUntilDeadline (http://localhost:3000/_next/static/chunks/509c2_next_dist_compiled_9044104d._.js:2647:64) @ http://localhost:3000/_next/static/chunks/509c2_next_dist_512df543._.js:3127
[ 2116403ms] [ERROR] IntlError: MISSING_MESSAGE: Could not resolve `modules.dashboard` in messages for locale `login`.
    at getMessagesOrError (http://localhost:3000/_next/static/chunks/db2ad__pnpm_bc426aec._.js:3637:27)
    at createBaseTranslator (http://localhost:3000/_next/static/chunks/db2ad__pnpm_bc426aec._.js:3642:29)
    at useTranslationsImpl.useMemo[translate] (http://localhost:3000/_next/static/chunks/db2ad__pnpm_bc426aec._.js:4163:378)
    at mountMemo (http://localhost:3000/_next/static/chunks/509c2_next_dist_compiled_react-dom_1698bfa6._.js:5424:25)
    at Object.useMemo (http://localhost:3000/_next/static/chunks/509c2_next_dist_compiled_react-dom_1698bfa6._.js:15003:24)
    at exports.useMemo (http://localhost:3000/_next/static/chunks/509c2_next_dist_compiled_9044104d._.js:1742:36)
    at useTranslationsImpl (http://localhost:3000/_next/static/chunks/db2ad__pnpm_bc426aec._.js:4162:416)
    at useTranslations (http://localhost:3000/_next/static/chunks/db2ad__pnpm_bc426aec._.js:4201:12)
    at http://localhost:3000/_next/static/chunks/db2ad__pnpm_6cafc622._.js:70:20
    at DashboardPage (http://localhost:3000/_next/static/chunks/pi-cwd-20260601_admin-platform_d7a92737._.js:987:432)
    at Object.react_stack_bottom_frame (http://localhost:3000/_next/static/chunks/509c2_next_dist_compiled_react-dom_1698bfa6._.js:14826:24)
    at renderWithHooks (http://localhost:3000/_next/static/chunks/509c2_next_dist_compiled_react-dom_1698bfa6._.js:4651:24)
    at updateFunctionComponent (http://localhost:3000/_next/static/chunks/509c2_next_dist_compiled_react-dom_1698bfa6._.js:6112:21)
    at beginWork (http://localhost:3000/_next/static/chunks/509c2_next_dist_compiled_react-dom_1698bfa6._.js:6708:24)
    at runWithFiberInDEV (http://localhost:3000/_next/static/chunks/509c2_next_dist_compiled_react-dom_1698bfa6._.js:965:74)
    at performUnitOfWork (http://localhost:3000/_next/static/chunks/509c2_next_dist_compiled_react-dom_1698bfa6._.js:9562:97)
    at workLoopConcurrentByScheduler (http://localhost:3000/_next/static/chunks/509c2_next_dist_compiled_react-dom_1698bfa6._.js:9558:58)
    at renderRootConcurrent (http://localhost:3000/_next/static/chunks/509c2_next_dist_compiled_react-dom_1698bfa6._.js:9541:71)
    at performWorkOnRoot (http://localhost:3000/_next/static/chunks/509c2_next_dist_compiled_react-dom_1698bfa6._.js:9068:150)
    at performWorkOnRootViaSchedulerTask (http://localhost:3000/_next/static/chunks/509c2_next_dist_compiled_react-dom_1698bfa6._.js:10230:9)
    at MessagePort.performWorkUntilDeadline (http://localhost:3000/_next/static/chunks/509c2_next_dist_compiled_9044104d._.js:2647:64) @ http://localhost:3000/_next/static/chunks/509c2_next_dist_512df543._.js:3127
[ 2116415ms] [ERROR] IntlError: MISSING_MESSAGE: Could not resolve `modules.dashboard` in messages for locale `login`.
    at getMessagesOrError (http://localhost:3000/_next/static/chunks/db2ad__pnpm_bc426aec._.js:3637:27)
    at createBaseTranslator (http://localhost:3000/_next/static/chunks/db2ad__pnpm_bc426aec._.js:3642:29)
    at useTranslationsImpl.useMemo[translate] (http://localhost:3000/_next/static/chunks/db2ad__pnpm_bc426aec._.js:4163:378)
    at mountMemo (http://localhost:3000/_next/static/chunks/509c2_next_dist_compiled_react-dom_1698bfa6._.js:5424:25)
    at Object.useMemo (http://localhost:3000/_next/static/chunks/509c2_next_dist_compiled_react-dom_1698bfa6._.js:15003:24)
    at exports.useMemo (http://localhost:3000/_next/static/chunks/509c2_next_dist_compiled_9044104d._.js:1742:36)
    at useTranslationsImpl (http://localhost:3000/_next/static/chunks/db2ad__pnpm_bc426aec._.js:4162:416)
    at useTranslations (http://localhost:3000/_next/static/chunks/db2ad__pnpm_bc426aec._.js:4201:12)
    at http://localhost:3000/_next/static/chunks/db2ad__pnpm_6cafc622._.js:70:20
    at DashboardPage (http://localhost:3000/_next/static/chunks/pi-cwd-20260601_admin-platform_d7a92737._.js:987:432)
    at Object.react_stack_bottom_frame (http://localhost:3000/_next/static/chunks/509c2_next_dist_compiled_react-dom_1698bfa6._.js:14826:24)
    at renderWithHooks (http://localhost:3000/_next/static/chunks/509c2_next_dist_compiled_react-dom_1698bfa6._.js:4651:24)
    at updateFunctionComponent (http://localhost:3000/_next/static/chunks/509c2_next_dist_compiled_react-dom_1698bfa6._.js:6112:21)
    at beginWork (http://localhost:3000/_next/static/chunks/509c2_next_dist_compiled_react-dom_1698bfa6._.js:6708:24)
    at runWithFiberInDEV (http://localhost:3000/_next/static/chunks/509c2_next_dist_compiled_react-dom_1698bfa6._.js:965:74)
    at performUnitOfWork (http://localhost:3000/_next/static/chunks/509c2_next_dist_compiled_react-dom_1698bfa6._.js:9562:97)
    at workLoopConcurrentByScheduler (http://localhost:3000/_next/static/chunks/509c2_next_dist_compiled_react-dom_1698bfa6._.js:9558:58)
    at renderRootConcurrent (http://localhost:3000/_next/static/chunks/509c2_next_dist_compiled_react-dom_1698bfa6._.js:9541:71)
    at performWorkOnRoot (http://localhost:3000/_next/static/chunks/509c2_next_dist_compiled_react-dom_1698bfa6._.js:9068:150)
    at performWorkOnRootViaSchedulerTask (http://localhost:3000/_next/static/chunks/509c2_next_dist_compiled_react-dom_1698bfa6._.js:10230:9)
    at MessagePort.performWorkUntilDeadline (http://localhost:3000/_next/static/chunks/509c2_next_dist_compiled_9044104d._.js:2647:64) @ http://localhost:3000/_next/static/chunks/509c2_next_dist_512df543._.js:3127
[ 2116417ms] [ERROR] IntlError: MISSING_MESSAGE: Could not resolve `modules.dashboard` in messages for locale `login`.
    at getMessagesOrError (http://localhost:3000/_next/static/chunks/db2ad__pnpm_bc426aec._.js:3637:27)
    at createBaseTranslator (http://localhost:3000/_next/static/chunks/db2ad__pnpm_bc426aec._.js:3642:29)
    at useTranslationsImpl.useMemo[translate] (http://localhost:3000/_next/static/chunks/db2ad__pnpm_bc426aec._.js:4163:378)
    at mountMemo (http://localhost:3000/_next/static/chunks/509c2_next_dist_compiled_react-dom_1698bfa6._.js:5424:25)
    at Object.useMemo (http://localhost:3000/_next/static/chunks/509c2_next_dist_compiled_react-dom_1698bfa6._.js:15003:24)
    at exports.useMemo (http://localhost:3000/_next/static/chunks/509c2_next_dist_compiled_9044104d._.js:1742:36)
    at useTranslationsImpl (http://localhost:3000/_next/static/chunks/db2ad__pnpm_bc426aec._.js:4162:416)
    at useTranslations (http://localhost:3000/_next/static/chunks/db2ad__pnpm_bc426aec._.js:4201:12)
    at http://localhost:3000/_next/static/chunks/db2ad__pnpm_6cafc622._.js:70:20
    at DashboardPage (http://localhost:3000/_next/static/chunks/pi-cwd-20260601_admin-platform_d7a92737._.js:987:432)
    at Object.react_stack_bottom_frame (http://localhost:3000/_next/static/chunks/509c2_next_dist_compiled_react-dom_1698bfa6._.js:14826:24)
    at renderWithHooks (http://localhost:3000/_next/static/chunks/509c2_next_dist_compiled_react-dom_1698bfa6._.js:4651:24)
    at updateFunctionComponent (http://localhost:3000/_next/static/chunks/509c2_next_dist_compiled_react-dom_1698bfa6._.js:6112:21)
    at beginWork (http://localhost:3000/_next/static/chunks/509c2_next_dist_compiled_react-dom_1698bfa6._.js:6708:24)
    at runWithFiberInDEV (http://localhost:3000/_next/static/chunks/509c2_next_dist_compiled_react-dom_1698bfa6._.js:965:74)
    at performUnitOfWork (http://localhost:3000/_next/static/chunks/509c2_next_dist_compiled_react-dom_1698bfa6._.js:9562:97)
    at workLoopConcurrentByScheduler (http://localhost:3000/_next/static/chunks/509c2_next_dist_compiled_react-dom_1698bfa6._.js:9558:58)
    at renderRootConcurrent (http://localhost:3000/_next/static/chunks/509c2_next_dist_compiled_react-dom_1698bfa6._.js:9541:71)
    at performWorkOnRoot (http://localhost:3000/_next/static/chunks/509c2_next_dist_compiled_react-dom_1698bfa6._.js:9068:150)
    at performWorkOnRootViaSchedulerTask (http://localhost:3000/_next/static/chunks/509c2_next_dist_compiled_react-dom_1698bfa6._.js:10230:9)
    at MessagePort.performWorkUntilDeadline (http://localhost:3000/_next/static/chunks/509c2_next_dist_compiled_9044104d._.js:2647:64) @ http://localhost:3000/_next/static/chunks/509c2_next_dist_512df543._.js:3127
[ 2116418ms] [ERROR] IntlError: MISSING_MESSAGE: Could not resolve `modules.dashboard` in messages for locale `login`.
    at getMessagesOrError (http://localhost:3000/_next/static/chunks/db2ad__pnpm_bc426aec._.js:3637:27)
    at createBaseTranslator (http://localhost:3000/_next/static/chunks/db2ad__pnpm_bc426aec._.js:3642:29)
    at useTranslationsImpl.useMemo[translate] (http://localhost:3000/_next/static/chunks/db2ad__pnpm_bc426aec._.js:4163:378)
    at mountMemo (http://localhost:3000/_next/static/chunks/509c2_next_dist_compiled_react-dom_1698bfa6._.js:5424:25)
    at Object.useMemo (http://localhost:3000/_next/static/chunks/509c2_next_dist_compiled_react-dom_1698bfa6._.js:15003:24)
    at exports.useMemo (http://localhost:3000/_next/static/chunks/509c2_next_dist_compiled_9044104d._.js:1742:36)
    at useTranslationsImpl (http://localhost:3000/_next/static/chunks/db2ad__pnpm_bc426aec._.js:4162:416)
    at useTranslations (http://localhost:3000/_next/static/chunks/db2ad__pnpm_bc426aec._.js:4201:12)
    at http://localhost:3000/_next/static/chunks/db2ad__pnpm_6cafc622._.js:70:20
    at DashboardPage (http://localhost:3000/_next/static/chunks/pi-cwd-20260601_admin-platform_d7a92737._.js:987:432)
    at Object.react_stack_bottom_frame (http://localhost:3000/_next/static/chunks/509c2_next_dist_compiled_react-dom_1698bfa6._.js:14826:24)
    at renderWithHooks (http://localhost:3000/_next/static/chunks/509c2_next_dist_compiled_react-dom_1698bfa6._.js:4651:24)
    at updateFunctionComponent (http://localhost:3000/_next/static/chunks/509c2_next_dist_compiled_react-dom_1698bfa6._.js:6112:21)
    at beginWork (http://localhost:3000/_next/static/chunks/509c2_next_dist_compiled_react-dom_1698bfa6._.js:6708:24)
    at runWithFiberInDEV (http://localhost:3000/_next/static/chunks/509c2_next_dist_compiled_react-dom_1698bfa6._.js:965:74)
    at performUnitOfWork (http://localhost:3000/_next/static/chunks/509c2_next_dist_compiled_react-dom_1698bfa6._.js:9562:97)
    at workLoopConcurrentByScheduler (http://localhost:3000/_next/static/chunks/509c2_next_dist_compiled_react-dom_1698bfa6._.js:9558:58)
    at renderRootConcurrent (http://localhost:3000/_next/static/chunks/509c2_next_dist_compiled_react-dom_1698bfa6._.js:9541:71)
    at performWorkOnRoot (http://localhost:3000/_next/static/chunks/509c2_next_dist_compiled_react-dom_1698bfa6._.js:9068:150)
    at performWorkOnRootViaSchedulerTask (http://localhost:3000/_next/static/chunks/509c2_next_dist_compiled_react-dom_1698bfa6._.js:10230:9)
    at MessagePort.performWorkUntilDeadline (http://localhost:3000/_next/static/chunks/509c2_next_dist_compiled_9044104d._.js:2647:64) @ http://localhost:3000/_next/static/chunks/509c2_next_dist_512df543._.js:3127
[ 2116421ms] [ERROR] IntlError: MISSING_MESSAGE: Could not resolve `modules.dashboard` in messages for locale `login`.
    at getMessagesOrError (http://localhost:3000/_next/static/chunks/db2ad__pnpm_bc426aec._.js:3637:27)
    at createBaseTranslator (http://localhost:3000/_next/static/chunks/db2ad__pnpm_bc426aec._.js:3642:29)
    at useTranslationsImpl.useMemo[translate] (http://localhost:3000/_next/static/chunks/db2ad__pnpm_bc426aec._.js:4163:378)
    at mountMemo (http://localhost:3000/_next/static/chunks/509c2_next_dist_compiled_react-dom_1698bfa6._.js:5424:25)
    at Object.useMemo (http://localhost:3000/_next/static/chunks/509c2_next_dist_compiled_react-dom_1698bfa6._.js:15003:24)
    at exports.useMemo (http://localhost:3000/_next/static/chunks/509c2_next_dist_compiled_9044104d._.js:1742:36)
    at useTranslationsImpl (http://localhost:3000/_next/static/chunks/db2ad__pnpm_bc426aec._.js:4162:416)
    at useTranslations (http://localhost:3000/_next/static/chunks/db2ad__pnpm_bc426aec._.js:4201:12)
    at http://localhost:3000/_next/static/chunks/db2ad__pnpm_6cafc622._.js:70:20
    at DashboardPage (http://localhost:3000/_next/static/chunks/pi-cwd-20260601_admin-platform_d7a92737._.js:987:432)
    at Object.react_stack_bottom_frame (http://localhost:3000/_next/static/chunks/509c2_next_dist_compiled_react-dom_1698bfa6._.js:14826:24)
    at renderWithHooks (http://localhost:3000/_next/static/chunks/509c2_next_dist_compiled_react-dom_1698bfa6._.js:4651:24)
    at updateFunctionComponent (http://localhost:3000/_next/static/chunks/509c2_next_dist_compiled_react-dom_1698bfa6._.js:6112:21)
    at beginWork (http://localhost:3000/_next/static/chunks/509c2_next_dist_compiled_react-dom_1698bfa6._.js:6708:24)
    at runWithFiberInDEV (http://localhost:3000/_next/static/chunks/509c2_next_dist_compiled_react-dom_1698bfa6._.js:965:74)
    at performUnitOfWork (http://localhost:3000/_next/static/chunks/509c2_next_dist_compiled_react-dom_1698bfa6._.js:9562:97)
    at workLoopConcurrentByScheduler (http://localhost:3000/_next/static/chunks/509c2_next_dist_compiled_react-dom_1698bfa6._.js:9558:58)
    at renderRootConcurrent (http://localhost:3000/_next/static/chunks/509c2_next_dist_compiled_react-dom_1698bfa6._.js:9541:71)
    at performWorkOnRoot (http://localhost:3000/_next/static/chunks/509c2_next_dist_compiled_react-dom_1698bfa6._.js:9068:150)
    at performWorkOnRootViaSchedulerTask (http://localhost:3000/_next/static/chunks/509c2_next_dist_compiled_react-dom_1698bfa6._.js:10230:9)
    at MessagePort.performWorkUntilDeadline (http://localhost:3000/_next/static/chunks/509c2_next_dist_compiled_9044104d._.js:2647:64) @ http://localhost:3000/_next/static/chunks/509c2_next_dist_512df543._.js:3127
[ 2116431ms] [ERROR] IntlError: MISSING_MESSAGE: Could not resolve `modules.dashboard` in messages for locale `login`.
    at getMessagesOrError (http://localhost:3000/_next/static/chunks/db2ad__pnpm_bc426aec._.js:3637:27)
    at createBaseTranslator (http://localhost:3000/_next/static/chunks/db2ad__pnpm_bc426aec._.js:3642:29)
    at useTranslationsImpl.useMemo[translate] (http://localhost:3000/_next/static/chunks/db2ad__pnpm_bc426aec._.js:4163:378)
    at mountMemo (http://localhost:3000/_next/static/chunks/509c2_next_dist_compiled_react-dom_1698bfa6._.js:5424:25)
    at Object.useMemo (http://localhost:3000/_next/static/chunks/509c2_next_dist_compiled_react-dom_1698bfa6._.js:15003:24)
    at exports.useMemo (http://localhost:3000/_next/static/chunks/509c2_next_dist_compiled_9044104d._.js:1742:36)
    at useTranslationsImpl (http://localhost:3000/_next/static/chunks/db2ad__pnpm_bc426aec._.js:4162:416)
    at useTranslations (http://localhost:3000/_next/static/chunks/db2ad__pnpm_bc426aec._.js:4201:12)
    at http://localhost:3000/_next/static/chunks/db2ad__pnpm_6cafc622._.js:70:20
    at DashboardPage (http://localhost:3000/_next/static/chunks/pi-cwd-20260601_admin-platform_d7a92737._.js:987:432)
    at Object.react_stack_bottom_frame (http://localhost:3000/_next/static/chunks/509c2_next_dist_compiled_react-dom_1698bfa6._.js:14826:24)
    at renderWithHooks (http://localhost:3000/_next/static/chunks/509c2_next_dist_compiled_react-dom_1698bfa6._.js:4651:24)
    at updateFunctionComponent (http://localhost:3000/_next/static/chunks/509c2_next_dist_compiled_react-dom_1698bfa6._.js:6112:21)
    at beginWork (http://localhost:3000/_next/static/chunks/509c2_next_dist_compiled_react-dom_1698bfa6._.js:6708:24)
    at runWithFiberInDEV (http://localhost:3000/_next/static/chunks/509c2_next_dist_compiled_react-dom_1698bfa6._.js:965:74)
    at performUnitOfWork (http://localhost:3000/_next/static/chunks/509c2_next_dist_compiled_react-dom_1698bfa6._.js:9562:97)
    at workLoopConcurrentByScheduler (http://localhost:3000/_next/static/chunks/509c2_next_dist_compiled_react-dom_1698bfa6._.js:9558:58)
    at renderRootConcurrent (http://localhost:3000/_next/static/chunks/509c2_next_dist_compiled_react-dom_1698bfa6._.js:9541:71)
    at performWorkOnRoot (http://localhost:3000/_next/static/chunks/509c2_next_dist_compiled_react-dom_1698bfa6._.js:9068:150)
    at performWorkOnRootViaSchedulerTask (http://localhost:3000/_next/static/chunks/509c2_next_dist_compiled_react-dom_1698bfa6._.js:10230:9)
    at MessagePort.performWorkUntilDeadline (http://localhost:3000/_next/static/chunks/509c2_next_dist_compiled_9044104d._.js:2647:64) @ http://localhost:3000/_next/static/chunks/509c2_next_dist_512df543._.js:3127
[ 2116436ms] [ERROR] IntlError: MISSING_MESSAGE: Could not resolve `modules.dashboard` in messages for locale `login`.
    at getMessagesOrError (http://localhost:3000/_next/static/chunks/db2ad__pnpm_bc426aec._.js:3637:27)
    at createBaseTranslator (http://localhost:3000/_next/static/chunks/db2ad__pnpm_bc426aec._.js:3642:29)
    at useTranslationsImpl.useMemo[translate] (http://localhost:3000/_next/static/chunks/db2ad__pnpm_bc426aec._.js:4163:378)
    at mountMemo (http://localhost:3000/_next/static/chunks/509c2_next_dist_compiled_react-dom_1698bfa6._.js:5424:25)
    at Object.useMemo (http://localhost:3000/_next/static/chunks/509c2_next_dist_compiled_react-dom_1698bfa6._.js:15003:24)
    at exports.useMemo (http://localhost:3000/_next/static/chunks/509c2_next_dist_compiled_9044104d._.js:1742:36)
    at useTranslationsImpl (http://localhost:3000/_next/static/chunks/db2ad__pnpm_bc426aec._.js:4162:416)
    at useTranslations (http://localhost:3000/_next/static/chunks/db2ad__pnpm_bc426aec._.js:4201:12)
    at http://localhost:3000/_next/static/chunks/db2ad__pnpm_6cafc622._.js:70:20
    at DashboardPage (http://localhost:3000/_next/static/chunks/pi-cwd-20260601_admin-platform_d7a92737._.js:987:432)
    at Object.react_stack_bottom_frame (http://localhost:3000/_next/static/chunks/509c2_next_dist_compiled_react-dom_1698bfa6._.js:14826:24)
    at renderWithHooks (http://localhost:3000/_next/static/chunks/509c2_next_dist_compiled_react-dom_1698bfa6._.js:4651:24)
    at updateFunctionComponent (http://localhost:3000/_next/static/chunks/509c2_next_dist_compiled_react-dom_1698bfa6._.js:6112:21)
    at beginWork (http://localhost:3000/_next/static/chunks/509c2_next_dist_compiled_react-dom_1698bfa6._.js:6708:24)
    at runWithFiberInDEV (http://localhost:3000/_next/static/chunks/509c2_next_dist_compiled_react-dom_1698bfa6._.js:965:74)
    at performUnitOfWork (http://localhost:3000/_next/static/chunks/509c2_next_dist_compiled_react-dom_1698bfa6._.js:9562:97)
    at workLoopConcurrentByScheduler (http://localhost:3000/_next/static/chunks/509c2_next_dist_compiled_react-dom_1698bfa6._.js:9558:58)
    at renderRootConcurrent (http://localhost:3000/_next/static/chunks/509c2_next_dist_compiled_react-dom_1698bfa6._.js:9541:71)
    at performWorkOnRoot (http://localhost:3000/_next/static/chunks/509c2_next_dist_compiled_react-dom_1698bfa6._.js:9068:150)
    at performWorkOnRootViaSchedulerTask (http://localhost:3000/_next/static/chunks/509c2_next_dist_compiled_react-dom_1698bfa6._.js:10230:9)
    at MessagePort.performWorkUntilDeadline (http://localhost:3000/_next/static/chunks/509c2_next_dist_compiled_9044104d._.js:2647:64) @ http://localhost:3000/_next/static/chunks/509c2_next_dist_512df543._.js:3127
[ 2116439ms] [ERROR] IntlError: MISSING_MESSAGE: Could not resolve `modules.dashboard` in messages for locale `login`.
    at getMessagesOrError (http://localhost:3000/_next/static/chunks/db2ad__pnpm_bc426aec._.js:3637:27)
    at createBaseTranslator (http://localhost:3000/_next/static/chunks/db2ad__pnpm_bc426aec._.js:3642:29)
    at useTranslationsImpl.useMemo[translate] (http://localhost:3000/_next/static/chunks/db2ad__pnpm_bc426aec._.js:4163:378)
    at mountMemo (http://localhost:3000/_next/static/chunks/509c2_next_dist_compiled_react-dom_1698bfa6._.js:5424:25)
    at Object.useMemo (http://localhost:3000/_next/static/chunks/509c2_next_dist_compiled_react-dom_1698bfa6._.js:15003:24)
    at exports.useMemo (http://localhost:3000/_next/static/chunks/509c2_next_dist_compiled_9044104d._.js:1742:36)
    at useTranslationsImpl (http://localhost:3000/_next/static/chunks/db2ad__pnpm_bc426aec._.js:4162:416)
    at useTranslations (http://localhost:3000/_next/static/chunks/db2ad__pnpm_bc426aec._.js:4201:12)
    at http://localhost:3000/_next/static/chunks/db2ad__pnpm_6cafc622._.js:70:20
    at DashboardPage (http://localhost:3000/_next/static/chunks/pi-cwd-20260601_admin-platform_d7a92737._.js:987:432)
    at Object.react_stack_bottom_frame (http://localhost:3000/_next/static/chunks/509c2_next_dist_compiled_react-dom_1698bfa6._.js:14826:24)
    at renderWithHooks (http://localhost:3000/_next/static/chunks/509c2_next_dist_compiled_react-dom_1698bfa6._.js:4651:24)
    at updateFunctionComponent (http://localhost:3000/_next/static/chunks/509c2_next_dist_compiled_react-dom_1698bfa6._.js:6112:21)
    at beginWork (http://localhost:3000/_next/static/chunks/509c2_next_dist_compiled_react-dom_1698bfa6._.js:6708:24)
    at runWithFiberInDEV (http://localhost:3000/_next/static/chunks/509c2_next_dist_compiled_react-dom_1698bfa6._.js:965:74)
    at performUnitOfWork (http://localhost:3000/_next/static/chunks/509c2_next_dist_compiled_react-dom_1698bfa6._.js:9562:97)
    at workLoopConcurrentByScheduler (http://localhost:3000/_next/static/chunks/509c2_next_dist_compiled_react-dom_1698bfa6._.js:9558:58)
    at renderRootConcurrent (http://localhost:3000/_next/static/chunks/509c2_next_dist_compiled_react-dom_1698bfa6._.js:9541:71)
    at performWorkOnRoot (http://localhost:3000/_next/static/chunks/509c2_next_dist_compiled_react-dom_1698bfa6._.js:9068:150)
    at performWorkOnRootViaSchedulerTask (http://localhost:3000/_next/static/chunks/509c2_next_dist_compiled_react-dom_1698bfa6._.js:10230:9)
    at MessagePort.performWorkUntilDeadline (http://localhost:3000/_next/static/chunks/509c2_next_dist_compiled_9044104d._.js:2647:64) @ http://localhost:3000/_next/static/chunks/509c2_next_dist_512df543._.js:3127
[ 2116440ms] [ERROR] IntlError: MISSING_MESSAGE: Could not resolve `modules.dashboard` in messages for locale `login`.
    at getMessagesOrError (http://localhost:3000/_next/static/chunks/db2ad__pnpm_bc426aec._.js:3637:27)
    at createBaseTranslator (http://localhost:3000/_next/static/chunks/db2ad__pnpm_bc426aec._.js:3642:29)
    at useTranslationsImpl.useMemo[translate] (http://localhost:3000/_next/static/chunks/db2ad__pnpm_bc426aec._.js:4163:378)
    at mountMemo (http://localhost:3000/_next/static/chunks/509c2_next_dist_compiled_react-dom_1698bfa6._.js:5424:25)
    at Object.useMemo (http://localhost:3000/_next/static/chunks/509c2_next_dist_compiled_react-dom_1698bfa6._.js:15003:24)
    at exports.useMemo (http://localhost:3000/_next/static/chunks/509c2_next_dist_compiled_9044104d._.js:1742:36)
    at useTranslationsImpl (http://localhost:3000/_next/static/chunks/db2ad__pnpm_bc426aec._.js:4162:416)
    at useTranslations (http://localhost:3000/_next/static/chunks/db2ad__pnpm_bc426aec._.js:4201:12)
    at http://localhost:3000/_next/static/chunks/db2ad__pnpm_6cafc622._.js:70:20
    at DashboardPage (http://localhost:3000/_next/static/chunks/pi-cwd-20260601_admin-platform_d7a92737._.js:987:432)
    at Object.react_stack_bottom_frame (http://localhost:3000/_next/static/chunks/509c2_next_dist_compiled_react-dom_1698bfa6._.js:14826:24)
    at renderWithHooks (http://localhost:3000/_next/static/chunks/509c2_next_dist_compiled_react-dom_1698bfa6._.js:4651:24)
    at updateFunctionComponent (http://localhost:3000/_next/static/chunks/509c2_next_dist_compiled_react-dom_1698bfa6._.js:6112:21)
    at beginWork (http://localhost:3000/_next/static/chunks/509c2_next_dist_compiled_react-dom_1698bfa6._.js:6708:24)
    at runWithFiberInDEV (http://localhost:3000/_next/static/chunks/509c2_next_dist_compiled_react-dom_1698bfa6._.js:965:74)
    at performUnitOfWork (http://localhost:3000/_next/static/chunks/509c2_next_dist_compiled_react-dom_1698bfa6._.js:9562:97)
    at workLoopConcurrentByScheduler (http://localhost:3000/_next/static/chunks/509c2_next_dist_compiled_react-dom_1698bfa6._.js:9558:58)
    at renderRootConcurrent (http://localhost:3000/_next/static/chunks/509c2_next_dist_compiled_react-dom_1698bfa6._.js:9541:71)
    at performWorkOnRoot (http://localhost:3000/_next/static/chunks/509c2_next_dist_compiled_react-dom_1698bfa6._.js:9068:150)
    at performWorkOnRootViaSchedulerTask (http://localhost:3000/_next/static/chunks/509c2_next_dist_compiled_react-dom_1698bfa6._.js:10230:9)
    at MessagePort.performWorkUntilDeadline (http://localhost:3000/_next/static/chunks/509c2_next_dist_compiled_9044104d._.js:2647:64) @ http://localhost:3000/_next/static/chunks/509c2_next_dist_512df543._.js:3127
[ 2116442ms] [ERROR] IntlError: MISSING_MESSAGE: Could not resolve `modules.dashboard` in messages for locale `login`.
    at getMessagesOrError (http://localhost:3000/_next/static/chunks/db2ad__pnpm_bc426aec._.js:3637:27)
    at createBaseTranslator (http://localhost:3000/_next/static/chunks/db2ad__pnpm_bc426aec._.js:3642:29)
    at useTranslationsImpl.useMemo[translate] (http://localhost:3000/_next/static/chunks/db2ad__pnpm_bc426aec._.js:4163:378)
    at mountMemo (http://localhost:3000/_next/static/chunks/509c2_next_dist_compiled_react-dom_1698bfa6._.js:5424:25)
    at Object.useMemo (http://localhost:3000/_next/static/chunks/509c2_next_dist_compiled_react-dom_1698bfa6._.js:15003:24)
    at exports.useMemo (http://localhost:3000/_next/static/chunks/509c2_next_dist_compiled_9044104d._.js:1742:36)
    at useTranslationsImpl (http://localhost:3000/_next/static/chunks/db2ad__pnpm_bc426aec._.js:4162:416)
    at useTranslations (http://localhost:3000/_next/static/chunks/db2ad__pnpm_bc426aec._.js:4201:12)
    at http://localhost:3000/_next/static/chunks/db2ad__pnpm_6cafc622._.js:70:20
    at DashboardPage (http://localhost:3000/_next/static/chunks/pi-cwd-20260601_admin-platform_d7a92737._.js:987:432)
    at Object.react_stack_bottom_frame (http://localhost:3000/_next/static/chunks/509c2_next_dist_compiled_react-dom_1698bfa6._.js:14826:24)
    at renderWithHooks (http://localhost:3000/_next/static/chunks/509c2_next_dist_compiled_react-dom_1698bfa6._.js:4651:24)
    at updateFunctionComponent (http://localhost:3000/_next/static/chunks/509c2_next_dist_compiled_react-dom_1698bfa6._.js:6112:21)
    at beginWork (http://localhost:3000/_next/static/chunks/509c2_next_dist_compiled_react-dom_1698bfa6._.js:6708:24)
    at runWithFiberInDEV (http://localhost:3000/_next/static/chunks/509c2_next_dist_compiled_react-dom_1698bfa6._.js:965:74)
    at performUnitOfWork (http://localhost:3000/_next/static/chunks/509c2_next_dist_compiled_react-dom_1698bfa6._.js:9562:97)
    at workLoopConcurrentByScheduler (http://localhost:3000/_next/static/chunks/509c2_next_dist_compiled_react-dom_1698bfa6._.js:9558:58)
    at renderRootConcurrent (http://localhost:3000/_next/static/chunks/509c2_next_dist_compiled_react-dom_1698bfa6._.js:9541:71)
    at performWorkOnRoot (http://localhost:3000/_next/static/chunks/509c2_next_dist_compiled_react-dom_1698bfa6._.js:9068:150)
    at performWorkOnRootViaSchedulerTask (http://localhost:3000/_next/static/chunks/509c2_next_dist_compiled_react-dom_1698bfa6._.js:10230:9)
    at MessagePort.performWorkUntilDeadline (http://localhost:3000/_next/static/chunks/509c2_next_dist_compiled_9044104d._.js:2647:64) @ http://localhost:3000/_next/static/chunks/509c2_next_dist_512df543._.js:3127
[ 2116444ms] [ERROR] IntlError: MISSING_MESSAGE: Could not resolve `modules.dashboard` in messages for locale `login`.
    at getMessagesOrError (http://localhost:3000/_next/static/chunks/db2ad__pnpm_bc426aec._.js:3637:27)
    at createBaseTranslator (http://localhost:3000/_next/static/chunks/db2ad__pnpm_bc426aec._.js:3642:29)
    at useTranslationsImpl.useMemo[translate] (http://localhost:3000/_next/static/chunks/db2ad__pnpm_bc426aec._.js:4163:378)
    at mountMemo (http://localhost:3000/_next/static/chunks/509c2_next_dist_compiled_react-dom_1698bfa6._.js:5424:25)
    at Object.useMemo (http://localhost:3000/_next/static/chunks/509c2_next_dist_compiled_react-dom_1698bfa6._.js:15003:24)
    at exports.useMemo (http://localhost:3000/_next/static/chunks/509c2_next_dist_compiled_9044104d._.js:1742:36)
    at useTranslationsImpl (http://localhost:3000/_next/static/chunks/db2ad__pnpm_bc426aec._.js:4162:416)
    at useTranslations (http://localhost:3000/_next/static/chunks/db2ad__pnpm_bc426aec._.js:4201:12)
    at http://localhost:3000/_next/static/chunks/db2ad__pnpm_6cafc622._.js:70:20
    at DashboardPage (http://localhost:3000/_next/static/chunks/pi-cwd-20260601_admin-platform_d7a92737._.js:987:432)
    at Object.react_stack_bottom_frame (http://localhost:3000/_next/static/chunks/509c2_next_dist_compiled_react-dom_1698bfa6._.js:14826:24)
    at renderWithHooks (http://localhost:3000/_next/static/chunks/509c2_next_dist_compiled_react-dom_1698bfa6._.js:4651:24)
    at updateFunctionComponent (http://localhost:3000/_next/static/chunks/509c2_next_dist_compiled_react-dom_1698bfa6._.js:6112:21)
    at beginWork (http://localhost:3000/_next/static/chunks/509c2_next_dist_compiled_react-dom_1698bfa6._.js:6708:24)
    at runWithFiberInDEV (http://localhost:3000/_next/static/chunks/509c2_next_dist_compiled_react-dom_1698bfa6._.js:965:74)
    at performUnitOfWork (http://localhost:3000/_next/static/chunks/509c2_next_dist_compiled_react-dom_1698bfa6._.js:9562:97)
    at workLoopConcurrentByScheduler (http://localhost:3000/_next/static/chunks/509c2_next_dist_compiled_react-dom_1698bfa6._.js:9558:58)
    at renderRootConcurrent (http://localhost:3000/_next/static/chunks/509c2_next_dist_compiled_react-dom_1698bfa6._.js:9541:71)
    at performWorkOnRoot (http://localhost:3000/_next/static/chunks/509c2_next_dist_compiled_react-dom_1698bfa6._.js:9068:150)
    at performWorkOnRootViaSchedulerTask (http://localhost:3000/_next/static/chunks/509c2_next_dist_compiled_react-dom_1698bfa6._.js:10230:9)
    at MessagePort.performWorkUntilDeadline (http://localhost:3000/_next/static/chunks/509c2_next_dist_compiled_9044104d._.js:2647:64) @ http://localhost:3000/_next/static/chunks/509c2_next_dist_512df543._.js:3127
[ 2116445ms] [ERROR] IntlError: MISSING_MESSAGE: Could not resolve `modules.dashboard` in messages for locale `login`.
    at getMessagesOrError (http://localhost:3000/_next/static/chunks/db2ad__pnpm_bc426aec._.js:3637:27)
    at createBaseTranslator (http://localhost:3000/_next/static/chunks/db2ad__pnpm_bc426aec._.js:3642:29)
    at useTranslationsImpl.useMemo[translate] (http://localhost:3000/_next/static/chunks/db2ad__pnpm_bc426aec._.js:4163:378)
    at mountMemo (http://localhost:3000/_next/static/chunks/509c2_next_dist_compiled_react-dom_1698bfa6._.js:5424:25)
    at Object.useMemo (http://localhost:3000/_next/static/chunks/509c2_next_dist_compiled_react-dom_1698bfa6._.js:15003:24)
    at exports.useMemo (http://localhost:3000/_next/static/chunks/509c2_next_dist_compiled_9044104d._.js:1742:36)
    at useTranslationsImpl (http://localhost:3000/_next/static/chunks/db2ad__pnpm_bc426aec._.js:4162:416)
    at useTranslations (http://localhost:3000/_next/static/chunks/db2ad__pnpm_bc426aec._.js:4201:12)
    at http://localhost:3000/_next/static/chunks/db2ad__pnpm_6cafc622._.js:70:20
    at DashboardPage (http://localhost:3000/_next/static/chunks/pi-cwd-20260601_admin-platform_d7a92737._.js:987:432)
    at Object.react_stack_bottom_frame (http://localhost:3000/_next/static/chunks/509c2_next_dist_compiled_react-dom_1698bfa6._.js:14826:24)
    at renderWithHooks (http://localhost:3000/_next/static/chunks/509c2_next_dist_compiled_react-dom_1698bfa6._.js:4651:24)
    at updateFunctionComponent (http://localhost:3000/_next/static/chunks/509c2_next_dist_compiled_react-dom_1698bfa6._.js:6112:21)
    at beginWork (http://localhost:3000/_next/static/chunks/509c2_next_dist_compiled_react-dom_1698bfa6._.js:6708:24)
    at runWithFiberInDEV (http://localhost:3000/_next/static/chunks/509c2_next_dist_compiled_react-dom_1698bfa6._.js:965:74)
    at performUnitOfWork (http://localhost:3000/_next/static/chunks/509c2_next_dist_compiled_react-dom_1698bfa6._.js:9562:97)
    at workLoopConcurrentByScheduler (http://localhost:3000/_next/static/chunks/509c2_next_dist_compiled_react-dom_1698bfa6._.js:9558:58)
    at renderRootConcurrent (http://localhost:3000/_next/static/chunks/509c2_next_dist_compiled_react-dom_1698bfa6._.js:9541:71)
    at performWorkOnRoot (http://localhost:3000/_next/static/chunks/509c2_next_dist_compiled_react-dom_1698bfa6._.js:9068:150)
    at performWorkOnRootViaSchedulerTask (http://localhost:3000/_next/static/chunks/509c2_next_dist_compiled_react-dom_1698bfa6._.js:10230:9)
    at MessagePort.performWorkUntilDeadline (http://localhost:3000/_next/static/chunks/509c2_next_dist_compiled_9044104d._.js:2647:64) @ http://localhost:3000/_next/static/chunks/509c2_next_dist_512df543._.js:3127
[ 2116447ms] [ERROR] IntlError: MISSING_MESSAGE: Could not resolve `modules.dashboard` in messages for locale `login`.
    at getMessagesOrError (http://localhost:3000/_next/static/chunks/db2ad__pnpm_bc426aec._.js:3637:27)
    at createBaseTranslator (http://localhost:3000/_next/static/chunks/db2ad__pnpm_bc426aec._.js:3642:29)
    at useTranslationsImpl.useMemo[translate] (http://localhost:3000/_next/static/chunks/db2ad__pnpm_bc426aec._.js:4163:378)
    at mountMemo (http://localhost:3000/_next/static/chunks/509c2_next_dist_compiled_react-dom_1698bfa6._.js:5424:25)
    at Object.useMemo (http://localhost:3000/_next/static/chunks/509c2_next_dist_compiled_react-dom_1698bfa6._.js:15003:24)
    at exports.useMemo (http://localhost:3000/_next/static/chunks/509c2_next_dist_compiled_9044104d._.js:1742:36)
    at useTranslationsImpl (http://localhost:3000/_next/static/chunks/db2ad__pnpm_bc426aec._.js:4162:416)
    at useTranslations (http://localhost:3000/_next/static/chunks/db2ad__pnpm_bc426aec._.js:4201:12)
    at http://localhost:3000/_next/static/chunks/db2ad__pnpm_6cafc622._.js:70:20
    at DashboardPage (http://localhost:3000/_next/static/chunks/pi-cwd-20260601_admin-platform_d7a92737._.js:987:432)
    at Object.react_stack_bottom_frame (http://localhost:3000/_next/static/chunks/509c2_next_dist_compiled_react-dom_1698bfa6._.js:14826:24)
    at renderWithHooks (http://localhost:3000/_next/static/chunks/509c2_next_dist_compiled_react-dom_1698bfa6._.js:4651:24)
    at updateFunctionComponent (http://localhost:3000/_next/static/chunks/509c2_next_dist_compiled_react-dom_1698bfa6._.js:6112:21)
    at beginWork (http://localhost:3000/_next/static/chunks/509c2_next_dist_compiled_react-dom_1698bfa6._.js:6708:24)
    at runWithFiberInDEV (http://localhost:3000/_next/static/chunks/509c2_next_dist_compiled_react-dom_1698bfa6._.js:965:74)
    at performUnitOfWork (http://localhost:3000/_next/static/chunks/509c2_next_dist_compiled_react-dom_1698bfa6._.js:9562:97)
    at workLoopConcurrentByScheduler (http://localhost:3000/_next/static/chunks/509c2_next_dist_compiled_react-dom_1698bfa6._.js:9558:58)
    at renderRootConcurrent (http://localhost:3000/_next/static/chunks/509c2_next_dist_compiled_react-dom_1698bfa6._.js:9541:71)
    at performWorkOnRoot (http://localhost:3000/_next/static/chunks/509c2_next_dist_compiled_react-dom_1698bfa6._.js:9068:150)
    at performWorkOnRootViaSchedulerTask (http://localhost:3000/_next/static/chunks/509c2_next_dist_compiled_react-dom_1698bfa6._.js:10230:9)
    at MessagePort.performWorkUntilDeadline (http://localhost:3000/_next/static/chunks/509c2_next_dist_compiled_9044104d._.js:2647:64) @ http://localhost:3000/_next/static/chunks/509c2_next_dist_512df543._.js:3127
[ 2116447ms] [ERROR] IntlError: MISSING_MESSAGE: Could not resolve `modules.dashboard` in messages for locale `login`.
    at getMessagesOrError (http://localhost:3000/_next/static/chunks/db2ad__pnpm_bc426aec._.js:3637:27)
    at createBaseTranslator (http://localhost:3000/_next/static/chunks/db2ad__pnpm_bc426aec._.js:3642:29)
    at useTranslationsImpl.useMemo[translate] (http://localhost:3000/_next/static/chunks/db2ad__pnpm_bc426aec._.js:4163:378)
    at mountMemo (http://localhost:3000/_next/static/chunks/509c2_next_dist_compiled_react-dom_1698bfa6._.js:5424:25)
    at Object.useMemo (http://localhost:3000/_next/static/chunks/509c2_next_dist_compiled_react-dom_1698bfa6._.js:15003:24)
    at exports.useMemo (http://localhost:3000/_next/static/chunks/509c2_next_dist_compiled_9044104d._.js:1742:36)
    at useTranslationsImpl (http://localhost:3000/_next/static/chunks/db2ad__pnpm_bc426aec._.js:4162:416)
    at useTranslations (http://localhost:3000/_next/static/chunks/db2ad__pnpm_bc426aec._.js:4201:12)
    at http://localhost:3000/_next/static/chunks/db2ad__pnpm_6cafc622._.js:70:20
    at DashboardPage (http://localhost:3000/_next/static/chunks/pi-cwd-20260601_admin-platform_d7a92737._.js:987:432)
    at Object.react_stack_bottom_frame (http://localhost:3000/_next/static/chunks/509c2_next_dist_compiled_react-dom_1698bfa6._.js:14826:24)
    at renderWithHooks (http://localhost:3000/_next/static/chunks/509c2_next_dist_compiled_react-dom_1698bfa6._.js:4651:24)
    at updateFunctionComponent (http://localhost:3000/_next/static/chunks/509c2_next_dist_compiled_react-dom_1698bfa6._.js:6112:21)
    at beginWork (http://localhost:3000/_next/static/chunks/509c2_next_dist_compiled_react-dom_1698bfa6._.js:6708:24)
    at runWithFiberInDEV (http://localhost:3000/_next/static/chunks/509c2_next_dist_compiled_react-dom_1698bfa6._.js:965:74)
    at performUnitOfWork (http://localhost:3000/_next/static/chunks/509c2_next_dist_compiled_react-dom_1698bfa6._.js:9562:97)
    at workLoopConcurrentByScheduler (http://localhost:3000/_next/static/chunks/509c2_next_dist_compiled_react-dom_1698bfa6._.js:9558:58)
    at renderRootConcurrent (http://localhost:3000/_next/static/chunks/509c2_next_dist_compiled_react-dom_1698bfa6._.js:9541:71)
    at performWorkOnRoot (http://localhost:3000/_next/static/chunks/509c2_next_dist_compiled_react-dom_1698bfa6._.js:9068:150)
    at performWorkOnRootViaSchedulerTask (http://localhost:3000/_next/static/chunks/509c2_next_dist_compiled_react-dom_1698bfa6._.js:10230:9)
    at MessagePort.performWorkUntilDeadline (http://localhost:3000/_next/static/chunks/509c2_next_dist_compiled_9044104d._.js:2647:64) @ http://localhost:3000/_next/static/chunks/509c2_next_dist_512df543._.js:3127
[ 2116447ms] [ERROR] IntlError: MISSING_MESSAGE: Could not resolve `modules.dashboard` in messages for locale `login`.
    at getMessagesOrError (http://localhost:3000/_next/static/chunks/db2ad__pnpm_bc426aec._.js:3637:27)
    at createBaseTranslator (http://localhost:3000/_next/static/chunks/db2ad__pnpm_bc426aec._.js:3642:29)
    at useTranslationsImpl.useMemo[translate] (http://localhost:3000/_next/static/chunks/db2ad__pnpm_bc426aec._.js:4163:378)
    at mountMemo (http://localhost:3000/_next/static/chunks/509c2_next_dist_compiled_react-dom_1698bfa6._.js:5424:25)
    at Object.useMemo (http://localhost:3000/_next/static/chunks/509c2_next_dist_compiled_react-dom_1698bfa6._.js:15003:24)
    at exports.useMemo (http://localhost:3000/_next/static/chunks/509c2_next_dist_compiled_9044104d._.js:1742:36)
    at useTranslationsImpl (http://localhost:3000/_next/static/chunks/db2ad__pnpm_bc426aec._.js:4162:416)
    at useTranslations (http://localhost:3000/_next/static/chunks/db2ad__pnpm_bc426aec._.js:4201:12)
    at http://localhost:3000/_next/static/chunks/db2ad__pnpm_6cafc622._.js:70:20
    at DashboardPage (http://localhost:3000/_next/static/chunks/pi-cwd-20260601_admin-platform_d7a92737._.js:987:432)
    at Object.react_stack_bottom_frame (http://localhost:3000/_next/static/chunks/509c2_next_dist_compiled_react-dom_1698bfa6._.js:14826:24)
    at renderWithHooks (http://localhost:3000/_next/static/chunks/509c2_next_dist_compiled_react-dom_1698bfa6._.js:4651:24)
    at updateFunctionComponent (http://localhost:3000/_next/static/chunks/509c2_next_dist_compiled_react-dom_1698bfa6._.js:6112:21)
    at beginWork (http://localhost:3000/_next/static/chunks/509c2_next_dist_compiled_react-dom_1698bfa6._.js:6708:24)
    at runWithFiberInDEV (http://localhost:3000/_next/static/chunks/509c2_next_dist_compiled_react-dom_1698bfa6._.js:965:74)
    at performUnitOfWork (http://localhost:3000/_next/static/chunks/509c2_next_dist_compiled_react-dom_1698bfa6._.js:9562:97)
    at workLoopConcurrentByScheduler (http://localhost:3000/_next/static/chunks/509c2_next_dist_compiled_react-dom_1698bfa6._.js:9558:58)
    at renderRootConcurrent (http://localhost:3000/_next/static/chunks/509c2_next_dist_compiled_react-dom_1698bfa6._.js:9541:71)
    at performWorkOnRoot (http://localhost:3000/_next/static/chunks/509c2_next_dist_compiled_react-dom_1698bfa6._.js:9068:150)
    at performWorkOnRootViaSchedulerTask (http://localhost:3000/_next/static/chunks/509c2_next_dist_compiled_react-dom_1698bfa6._.js:10230:9)
    at MessagePort.performWorkUntilDeadline (http://localhost:3000/_next/static/chunks/509c2_next_dist_compiled_9044104d._.js:2647:64) @ http://localhost:3000/_next/static/chunks/509c2_next_dist_512df543._.js:3127
[ 2116448ms] [ERROR] IntlError: MISSING_MESSAGE: Could not resolve `modules.dashboard` in messages for locale `login`.
    at getMessagesOrError (http://localhost:3000/_next/static/chunks/db2ad__pnpm_bc426aec._.js:3637:27)
    at createBaseTranslator (http://localhost:3000/_next/static/chunks/db2ad__pnpm_bc426aec._.js:3642:29)
    at useTranslationsImpl.useMemo[translate] (http://localhost:3000/_next/static/chunks/db2ad__pnpm_bc426aec._.js:4163:378)
    at mountMemo (http://localhost:3000/_next/static/chunks/509c2_next_dist_compiled_react-dom_1698bfa6._.js:5424:25)
    at Object.useMemo (http://localhost:3000/_next/static/chunks/509c2_next_dist_compiled_react-dom_1698bfa6._.js:15003:24)
    at exports.useMemo (http://localhost:3000/_next/static/chunks/509c2_next_dist_compiled_9044104d._.js:1742:36)
    at useTranslationsImpl (http://localhost:3000/_next/static/chunks/db2ad__pnpm_bc426aec._.js:4162:416)
    at useTranslations (http://localhost:3000/_next/static/chunks/db2ad__pnpm_bc426aec._.js:4201:12)
    at http://localhost:3000/_next/static/chunks/db2ad__pnpm_6cafc622._.js:70:20
    at DashboardPage (http://localhost:3000/_next/static/chunks/pi-cwd-20260601_admin-platform_d7a92737._.js:987:432)
    at Object.react_stack_bottom_frame (http://localhost:3000/_next/static/chunks/509c2_next_dist_compiled_react-dom_1698bfa6._.js:14826:24)
    at renderWithHooks (http://localhost:3000/_next/static/chunks/509c2_next_dist_compiled_react-dom_1698bfa6._.js:4651:24)
    at updateFunctionComponent (http://localhost:3000/_next/static/chunks/509c2_next_dist_compiled_react-dom_1698bfa6._.js:6112:21)
    at beginWork (http://localhost:3000/_next/static/chunks/509c2_next_dist_compiled_react-dom_1698bfa6._.js:6708:24)
    at runWithFiberInDEV (http://localhost:3000/_next/static/chunks/509c2_next_dist_compiled_react-dom_1698bfa6._.js:965:74)
    at performUnitOfWork (http://localhost:3000/_next/static/chunks/509c2_next_dist_compiled_react-dom_1698bfa6._.js:9562:97)
    at workLoopConcurrentByScheduler (http://localhost:3000/_next/static/chunks/509c2_next_dist_compiled_react-dom_1698bfa6._.js:9558:58)
    at renderRootConcurrent (http://localhost:3000/_next/static/chunks/509c2_next_dist_compiled_react-dom_1698bfa6._.js:9541:71)
    at performWorkOnRoot (http://localhost:3000/_next/static/chunks/509c2_next_dist_compiled_react-dom_1698bfa6._.js:9068:150)
    at performWorkOnRootViaSchedulerTask (http://localhost:3000/_next/static/chunks/509c2_next_dist_compiled_react-dom_1698bfa6._.js:10230:9)
    at MessagePort.performWorkUntilDeadline (http://localhost:3000/_next/static/chunks/509c2_next_dist_compiled_9044104d._.js:2647:64) @ http://localhost:3000/_next/static/chunks/509c2_next_dist_512df543._.js:3127
[ 2116449ms] [ERROR] IntlError: MISSING_MESSAGE: Could not resolve `modules.dashboard` in messages for locale `login`.
    at getMessagesOrError (http://localhost:3000/_next/static/chunks/db2ad__pnpm_bc426aec._.js:3637:27)
    at createBaseTranslator (http://localhost:3000/_next/static/chunks/db2ad__pnpm_bc426aec._.js:3642:29)
    at useTranslationsImpl.useMemo[translate] (http://localhost:3000/_next/static/chunks/db2ad__pnpm_bc426aec._.js:4163:378)
    at mountMemo (http://localhost:3000/_next/static/chunks/509c2_next_dist_compiled_react-dom_1698bfa6._.js:5424:25)
    at Object.useMemo (http://localhost:3000/_next/static/chunks/509c2_next_dist_compiled_react-dom_1698bfa6._.js:15003:24)
    at exports.useMemo (http://localhost:3000/_next/static/chunks/509c2_next_dist_compiled_9044104d._.js:1742:36)
    at useTranslationsImpl (http://localhost:3000/_next/static/chunks/db2ad__pnpm_bc426aec._.js:4162:416)
    at useTranslations (http://localhost:3000/_next/static/chunks/db2ad__pnpm_bc426aec._.js:4201:12)
    at http://localhost:3000/_next/static/chunks/db2ad__pnpm_6cafc622._.js:70:20
    at DashboardPage (http://localhost:3000/_next/static/chunks/pi-cwd-20260601_admin-platform_d7a92737._.js:987:432)
    at Object.react_stack_bottom_frame (http://localhost:3000/_next/static/chunks/509c2_next_dist_compiled_react-dom_1698bfa6._.js:14826:24)
    at renderWithHooks (http://localhost:3000/_next/static/chunks/509c2_next_dist_compiled_react-dom_1698bfa6._.js:4651:24)
    at updateFunctionComponent (http://localhost:3000/_next/static/chunks/509c2_next_dist_compiled_react-dom_1698bfa6._.js:6112:21)
    at beginWork (http://localhost:3000/_next/static/chunks/509c2_next_dist_compiled_react-dom_1698bfa6._.js:6708:24)
    at runWithFiberInDEV (http://localhost:3000/_next/static/chunks/509c2_next_dist_compiled_react-dom_1698bfa6._.js:965:74)
    at performUnitOfWork (http://localhost:3000/_next/static/chunks/509c2_next_dist_compiled_react-dom_1698bfa6._.js:9562:97)
    at workLoopConcurrentByScheduler (http://localhost:3000/_next/static/chunks/509c2_next_dist_compiled_react-dom_1698bfa6._.js:9558:58)
    at renderRootConcurrent (http://localhost:3000/_next/static/chunks/509c2_next_dist_compiled_react-dom_1698bfa6._.js:9541:71)
    at performWorkOnRoot (http://localhost:3000/_next/static/chunks/509c2_next_dist_compiled_react-dom_1698bfa6._.js:9068:150)
    at performWorkOnRootViaSchedulerTask (http://localhost:3000/_next/static/chunks/509c2_next_dist_compiled_react-dom_1698bfa6._.js:10230:9)
    at MessagePort.performWorkUntilDeadline (http://localhost:3000/_next/static/chunks/509c2_next_dist_compiled_9044104d._.js:2647:64) @ http://localhost:3000/_next/static/chunks/509c2_next_dist_512df543._.js:3127
[ 2116449ms] [ERROR] IntlError: MISSING_MESSAGE: Could not resolve `modules.dashboard` in messages for locale `login`.
    at getMessagesOrError (http://localhost:3000/_next/static/chunks/db2ad__pnpm_bc426aec._.js:3637:27)
    at createBaseTranslator (http://localhost:3000/_next/static/chunks/db2ad__pnpm_bc426aec._.js:3642:29)
    at useTranslationsImpl.useMemo[translate] (http://localhost:3000/_next/static/chunks/db2ad__pnpm_bc426aec._.js:4163:378)
    at mountMemo (http://localhost:3000/_next/static/chunks/509c2_next_dist_compiled_react-dom_1698bfa6._.js:5424:25)
    at Object.useMemo (http://localhost:3000/_next/static/chunks/509c2_next_dist_compiled_react-dom_1698bfa6._.js:15003:24)
    at exports.useMemo (http://localhost:3000/_next/static/chunks/509c2_next_dist_compiled_9044104d._.js:1742:36)
    at useTranslationsImpl (http://localhost:3000/_next/static/chunks/db2ad__pnpm_bc426aec._.js:4162:416)
    at useTranslations (http://localhost:3000/_next/static/chunks/db2ad__pnpm_bc426aec._.js:4201:12)
    at http://localhost:3000/_next/static/chunks/db2ad__pnpm_6cafc622._.js:70:20
    at DashboardPage (http://localhost:3000/_next/static/chunks/pi-cwd-20260601_admin-platform_d7a92737._.js:987:432)
    at Object.react_stack_bottom_frame (http://localhost:3000/_next/static/chunks/509c2_next_dist_compiled_react-dom_1698bfa6._.js:14826:24)
    at renderWithHooks (http://localhost:3000/_next/static/chunks/509c2_next_dist_compiled_react-dom_1698bfa6._.js:4651:24)
    at updateFunctionComponent (http://localhost:3000/_next/static/chunks/509c2_next_dist_compiled_react-dom_1698bfa6._.js:6112:21)
    at beginWork (http://localhost:3000/_next/static/chunks/509c2_next_dist_compiled_react-dom_1698bfa6._.js:6708:24)
    at runWithFiberInDEV (http://localhost:3000/_next/static/chunks/509c2_next_dist_compiled_react-dom_1698bfa6._.js:965:74)
    at performUnitOfWork (http://localhost:3000/_next/static/chunks/509c2_next_dist_compiled_react-dom_1698bfa6._.js:9562:97)
    at workLoopConcurrentByScheduler (http://localhost:3000/_next/static/chunks/509c2_next_dist_compiled_react-dom_1698bfa6._.js:9558:58)
    at renderRootConcurrent (http://localhost:3000/_next/static/chunks/509c2_next_dist_compiled_react-dom_1698bfa6._.js:9541:71)
    at performWorkOnRoot (http://localhost:3000/_next/static/chunks/509c2_next_dist_compiled_react-dom_1698bfa6._.js:9068:150)
    at performWorkOnRootViaSchedulerTask (http://localhost:3000/_next/static/chunks/509c2_next_dist_compiled_react-dom_1698bfa6._.js:10230:9)
    at MessagePort.performWorkUntilDeadline (http://localhost:3000/_next/static/chunks/509c2_next_dist_compiled_9044104d._.js:2647:64) @ http://localhost:3000/_next/static/chunks/509c2_next_dist_512df543._.js:3127
[ 2116449ms] [ERROR] IntlError: MISSING_MESSAGE: Could not resolve `modules.dashboard` in messages for locale `login`.
    at getMessagesOrError (http://localhost:3000/_next/static/chunks/db2ad__pnpm_bc426aec._.js:3637:27)
    at createBaseTranslator (http://localhost:3000/_next/static/chunks/db2ad__pnpm_bc426aec._.js:3642:29)
    at useTranslationsImpl.useMemo[translate] (http://localhost:3000/_next/static/chunks/db2ad__pnpm_bc426aec._.js:4163:378)
    at mountMemo (http://localhost:3000/_next/static/chunks/509c2_next_dist_compiled_react-dom_1698bfa6._.js:5424:25)
    at Object.useMemo (http://localhost:3000/_next/static/chunks/509c2_next_dist_compiled_react-dom_1698bfa6._.js:15003:24)
    at exports.useMemo (http://localhost:3000/_next/static/chunks/509c2_next_dist_compiled_9044104d._.js:1742:36)
    at useTranslationsImpl (http://localhost:3000/_next/static/chunks/db2ad__pnpm_bc426aec._.js:4162:416)
    at useTranslations (http://localhost:3000/_next/static/chunks/db2ad__pnpm_bc426aec._.js:4201:12)
    at http://localhost:3000/_next/static/chunks/db2ad__pnpm_6cafc622._.js:70:20
    at DashboardPage (http://localhost:3000/_next/static/chunks/pi-cwd-20260601_admin-platform_d7a92737._.js:987:432)
    at Object.react_stack_bottom_frame (http://localhost:3000/_next/static/chunks/509c2_next_dist_compiled_react-dom_1698bfa6._.js:14826:24)
    at renderWithHooks (http://localhost:3000/_next/static/chunks/509c2_next_dist_compiled_react-dom_1698bfa6._.js:4651:24)
    at updateFunctionComponent (http://localhost:3000/_next/static/chunks/509c2_next_dist_compiled_react-dom_1698bfa6._.js:6112:21)
    at beginWork (http://localhost:3000/_next/static/chunks/509c2_next_dist_compiled_react-dom_1698bfa6._.js:6708:24)
    at runWithFiberInDEV (http://localhost:3000/_next/static/chunks/509c2_next_dist_compiled_react-dom_1698bfa6._.js:965:74)
    at performUnitOfWork (http://localhost:3000/_next/static/chunks/509c2_next_dist_compiled_react-dom_1698bfa6._.js:9562:97)
    at workLoopConcurrentByScheduler (http://localhost:3000/_next/static/chunks/509c2_next_dist_compiled_react-dom_1698bfa6._.js:9558:58)
    at renderRootConcurrent (http://localhost:3000/_next/static/chunks/509c2_next_dist_compiled_react-dom_1698bfa6._.js:9541:71)
    at performWorkOnRoot (http://localhost:3000/_next/static/chunks/509c2_next_dist_compiled_react-dom_1698bfa6._.js:9068:150)
    at performWorkOnRootViaSchedulerTask (http://localhost:3000/_next/static/chunks/509c2_next_dist_compiled_react-dom_1698bfa6._.js:10230:9)
    at MessagePort.performWorkUntilDeadline (http://localhost:3000/_next/static/chunks/509c2_next_dist_compiled_9044104d._.js:2647:64) @ http://localhost:3000/_next/static/chunks/509c2_next_dist_512df543._.js:3127
[ 2116451ms] [ERROR] IntlError: MISSING_MESSAGE: Could not resolve `modules.dashboard` in messages for locale `login`.
    at getMessagesOrError (http://localhost:3000/_next/static/chunks/db2ad__pnpm_bc426aec._.js:3637:27)
    at createBaseTranslator (http://localhost:3000/_next/static/chunks/db2ad__pnpm_bc426aec._.js:3642:29)
    at useTranslationsImpl.useMemo[translate] (http://localhost:3000/_next/static/chunks/db2ad__pnpm_bc426aec._.js:4163:378)
    at mountMemo (http://localhost:3000/_next/static/chunks/509c2_next_dist_compiled_react-dom_1698bfa6._.js:5424:25)
    at Object.useMemo (http://localhost:3000/_next/static/chunks/509c2_next_dist_compiled_react-dom_1698bfa6._.js:15003:24)
    at exports.useMemo (http://localhost:3000/_next/static/chunks/509c2_next_dist_compiled_9044104d._.js:1742:36)
    at useTranslationsImpl (http://localhost:3000/_next/static/chunks/db2ad__pnpm_bc426aec._.js:4162:416)
    at useTranslations (http://localhost:3000/_next/static/chunks/db2ad__pnpm_bc426aec._.js:4201:12)
    at http://localhost:3000/_next/static/chunks/db2ad__pnpm_6cafc622._.js:70:20
    at DashboardPage (http://localhost:3000/_next/static/chunks/pi-cwd-20260601_admin-platform_d7a92737._.js:987:432)
    at Object.react_stack_bottom_frame (http://localhost:3000/_next/static/chunks/509c2_next_dist_compiled_react-dom_1698bfa6._.js:14826:24)
    at renderWithHooks (http://localhost:3000/_next/static/chunks/509c2_next_dist_compiled_react-dom_1698bfa6._.js:4651:24)
    at updateFunctionComponent (http://localhost:3000/_next/static/chunks/509c2_next_dist_compiled_react-dom_1698bfa6._.js:6112:21)
    at beginWork (http://localhost:3000/_next/static/chunks/509c2_next_dist_compiled_react-dom_1698bfa6._.js:6708:24)
    at runWithFiberInDEV (http://localhost:3000/_next/static/chunks/509c2_next_dist_compiled_react-dom_1698bfa6._.js:965:74)
    at performUnitOfWork (http://localhost:3000/_next/static/chunks/509c2_next_dist_compiled_react-dom_1698bfa6._.js:9562:97)
    at workLoopConcurrentByScheduler (http://localhost:3000/_next/static/chunks/509c2_next_dist_compiled_react-dom_1698bfa6._.js:9558:58)
    at renderRootConcurrent (http://localhost:3000/_next/static/chunks/509c2_next_dist_compiled_react-dom_1698bfa6._.js:9541:71)
    at performWorkOnRoot (http://localhost:3000/_next/static/chunks/509c2_next_dist_compiled_react-dom_1698bfa6._.js:9068:150)
    at performWorkOnRootViaSchedulerTask (http://localhost:3000/_next/static/chunks/509c2_next_dist_compiled_react-dom_1698bfa6._.js:10230:9)
    at MessagePort.performWorkUntilDeadline (http://localhost:3000/_next/static/chunks/509c2_next_dist_compiled_9044104d._.js:2647:64) @ http://localhost:3000/_next/static/chunks/509c2_next_dist_512df543._.js:3127
[ 2116455ms] [ERROR] IntlError: MISSING_MESSAGE: Could not resolve `modules.dashboard` in messages for locale `login`.
    at getMessagesOrError (http://localhost:3000/_next/static/chunks/db2ad__pnpm_bc426aec._.js:3637:27)
    at createBaseTranslator (http://localhost:3000/_next/static/chunks/db2ad__pnpm_bc426aec._.js:3642:29)
    at useTranslationsImpl.useMemo[translate] (http://localhost:3000/_next/static/chunks/db2ad__pnpm_bc426aec._.js:4163:378)
    at mountMemo (http://localhost:3000/_next/static/chunks/509c2_next_dist_compiled_react-dom_1698bfa6._.js:5424:25)
    at Object.useMemo (http://localhost:3000/_next/static/chunks/509c2_next_dist_compiled_react-dom_1698bfa6._.js:15003:24)
    at exports.useMemo (http://localhost:3000/_next/static/chunks/509c2_next_dist_compiled_9044104d._.js:1742:36)
    at useTranslationsImpl (http://localhost:3000/_next/static/chunks/db2ad__pnpm_bc426aec._.js:4162:416)
    at useTranslations (http://localhost:3000/_next/static/chunks/db2ad__pnpm_bc426aec._.js:4201:12)
    at http://localhost:3000/_next/static/chunks/db2ad__pnpm_6cafc622._.js:70:20
    at DashboardPage (http://localhost:3000/_next/static/chunks/pi-cwd-20260601_admin-platform_d7a92737._.js:987:432)
    at Object.react_stack_bottom_frame (http://localhost:3000/_next/static/chunks/509c2_next_dist_compiled_react-dom_1698bfa6._.js:14826:24)
    at renderWithHooks (http://localhost:3000/_next/static/chunks/509c2_next_dist_compiled_react-dom_1698bfa6._.js:4651:24)
    at updateFunctionComponent (http://localhost:3000/_next/static/chunks/509c2_next_dist_compiled_react-dom_1698bfa6._.js:6112:21)
    at beginWork (http://localhost:3000/_next/static/chunks/509c2_next_dist_compiled_react-dom_1698bfa6._.js:6708:24)
    at runWithFiberInDEV (http://localhost:3000/_next/static/chunks/509c2_next_dist_compiled_react-dom_1698bfa6._.js:965:74)
    at performUnitOfWork (http://localhost:3000/_next/static/chunks/509c2_next_dist_compiled_react-dom_1698bfa6._.js:9562:97)
    at workLoopConcurrentByScheduler (http://localhost:3000/_next/static/chunks/509c2_next_dist_compiled_react-dom_1698bfa6._.js:9558:58)
    at renderRootConcurrent (http://localhost:3000/_next/static/chunks/509c2_next_dist_compiled_react-dom_1698bfa6._.js:9541:71)
    at performWorkOnRoot (http://localhost:3000/_next/static/chunks/509c2_next_dist_compiled_react-dom_1698bfa6._.js:9068:150)
    at performWorkOnRootViaSchedulerTask (http://localhost:3000/_next/static/chunks/509c2_next_dist_compiled_react-dom_1698bfa6._.js:10230:9)
    at MessagePort.performWorkUntilDeadline (http://localhost:3000/_next/static/chunks/509c2_next_dist_compiled_9044104d._.js:2647:64) @ http://localhost:3000/_next/static/chunks/509c2_next_dist_512df543._.js:3127
[ 2116456ms] [ERROR] IntlError: MISSING_MESSAGE: Could not resolve `modules.dashboard` in messages for locale `login`.
    at getMessagesOrError (http://localhost:3000/_next/static/chunks/db2ad__pnpm_bc426aec._.js:3637:27)
    at createBaseTranslator (http://localhost:3000/_next/static/chunks/db2ad__pnpm_bc426aec._.js:3642:29)
    at useTranslationsImpl.useMemo[translate] (http://localhost:3000/_next/static/chunks/db2ad__pnpm_bc426aec._.js:4163:378)
    at mountMemo (http://localhost:3000/_next/static/chunks/509c2_next_dist_compiled_react-dom_1698bfa6._.js:5424:25)
    at Object.useMemo (http://localhost:3000/_next/static/chunks/509c2_next_dist_compiled_react-dom_1698bfa6._.js:15003:24)
    at exports.useMemo (http://localhost:3000/_next/static/chunks/509c2_next_dist_compiled_9044104d._.js:1742:36)
    at useTranslationsImpl (http://localhost:3000/_next/static/chunks/db2ad__pnpm_bc426aec._.js:4162:416)
    at useTranslations (http://localhost:3000/_next/static/chunks/db2ad__pnpm_bc426aec._.js:4201:12)
    at http://localhost:3000/_next/static/chunks/db2ad__pnpm_6cafc622._.js:70:20
    at DashboardPage (http://localhost:3000/_next/static/chunks/pi-cwd-20260601_admin-platform_d7a92737._.js:987:432)
    at Object.react_stack_bottom_frame (http://localhost:3000/_next/static/chunks/509c2_next_dist_compiled_react-dom_1698bfa6._.js:14826:24)
    at renderWithHooks (http://localhost:3000/_next/static/chunks/509c2_next_dist_compiled_react-dom_1698bfa6._.js:4651:24)
    at updateFunctionComponent (http://localhost:3000/_next/static/chunks/509c2_next_dist_compiled_react-dom_1698bfa6._.js:6112:21)
    at beginWork (http://localhost:3000/_next/static/chunks/509c2_next_dist_compiled_react-dom_1698bfa6._.js:6708:24)
    at runWithFiberInDEV (http://localhost:3000/_next/static/chunks/509c2_next_dist_compiled_react-dom_1698bfa6._.js:965:74)
    at performUnitOfWork (http://localhost:3000/_next/static/chunks/509c2_next_dist_compiled_react-dom_1698bfa6._.js:9562:97)
    at workLoopConcurrentByScheduler (http://localhost:3000/_next/static/chunks/509c2_next_dist_compiled_react-dom_1698bfa6._.js:9558:58)
    at renderRootConcurrent (http://localhost:3000/_next/static/chunks/509c2_next_dist_compiled_react-dom_1698bfa6._.js:9541:71)
    at performWorkOnRoot (http://localhost:3000/_next/static/chunks/509c2_next_dist_compiled_react-dom_1698bfa6._.js:9068:150)
    at performWorkOnRootViaSchedulerTask (http://localhost:3000/_next/static/chunks/509c2_next_dist_compiled_react-dom_1698bfa6._.js:10230:9)
    at MessagePort.performWorkUntilDeadline (http://localhost:3000/_next/static/chunks/509c2_next_dist_compiled_9044104d._.js:2647:64) @ http://localhost:3000/_next/static/chunks/509c2_next_dist_512df543._.js:3127
[ 2116456ms] [ERROR] IntlError: MISSING_MESSAGE: Could not resolve `modules.dashboard` in messages for locale `login`.
    at getMessagesOrError (http://localhost:3000/_next/static/chunks/db2ad__pnpm_bc426aec._.js:3637:27)
    at createBaseTranslator (http://localhost:3000/_next/static/chunks/db2ad__pnpm_bc426aec._.js:3642:29)
    at useTranslationsImpl.useMemo[translate] (http://localhost:3000/_next/static/chunks/db2ad__pnpm_bc426aec._.js:4163:378)
    at mountMemo (http://localhost:3000/_next/static/chunks/509c2_next_dist_compiled_react-dom_1698bfa6._.js:5424:25)
    at Object.useMemo (http://localhost:3000/_next/static/chunks/509c2_next_dist_compiled_react-dom_1698bfa6._.js:15003:24)
    at exports.useMemo (http://localhost:3000/_next/static/chunks/509c2_next_dist_compiled_9044104d._.js:1742:36)
    at useTranslationsImpl (http://localhost:3000/_next/static/chunks/db2ad__pnpm_bc426aec._.js:4162:416)
    at useTranslations (http://localhost:3000/_next/static/chunks/db2ad__pnpm_bc426aec._.js:4201:12)
    at http://localhost:3000/_next/static/chunks/db2ad__pnpm_6cafc622._.js:70:20
    at DashboardPage (http://localhost:3000/_next/static/chunks/pi-cwd-20260601_admin-platform_d7a92737._.js:987:432)
    at Object.react_stack_bottom_frame (http://localhost:3000/_next/static/chunks/509c2_next_dist_compiled_react-dom_1698bfa6._.js:14826:24)
    at renderWithHooks (http://localhost:3000/_next/static/chunks/509c2_next_dist_compiled_react-dom_1698bfa6._.js:4651:24)
    at updateFunctionComponent (http://localhost:3000/_next/static/chunks/509c2_next_dist_compiled_react-dom_1698bfa6._.js:6112:21)
    at beginWork (http://localhost:3000/_next/static/chunks/509c2_next_dist_compiled_react-dom_1698bfa6._.js:6708:24)
    at runWithFiberInDEV (http://localhost:3000/_next/static/chunks/509c2_next_dist_compiled_react-dom_1698bfa6._.js:965:74)
    at performUnitOfWork (http://localhost:3000/_next/static/chunks/509c2_next_dist_compiled_react-dom_1698bfa6._.js:9562:97)
    at workLoopConcurrentByScheduler (http://localhost:3000/_next/static/chunks/509c2_next_dist_compiled_react-dom_1698bfa6._.js:9558:58)
    at renderRootConcurrent (http://localhost:3000/_next/static/chunks/509c2_next_dist_compiled_react-dom_1698bfa6._.js:9541:71)
    at performWorkOnRoot (http://localhost:3000/_next/static/chunks/509c2_next_dist_compiled_react-dom_1698bfa6._.js:9068:150)
    at performWorkOnRootViaSchedulerTask (http://localhost:3000/_next/static/chunks/509c2_next_dist_compiled_react-dom_1698bfa6._.js:10230:9)
    at MessagePort.performWorkUntilDeadline (http://localhost:3000/_next/static/chunks/509c2_next_dist_compiled_9044104d._.js:2647:64) @ http://localhost:3000/_next/static/chunks/509c2_next_dist_512df543._.js:3127
[ 2116457ms] [ERROR] IntlError: MISSING_MESSAGE: Could not resolve `modules.dashboard` in messages for locale `login`.
    at getMessagesOrError (http://localhost:3000/_next/static/chunks/db2ad__pnpm_bc426aec._.js:3637:27)
    at createBaseTranslator (http://localhost:3000/_next/static/chunks/db2ad__pnpm_bc426aec._.js:3642:29)
    at useTranslationsImpl.useMemo[translate] (http://localhost:3000/_next/static/chunks/db2ad__pnpm_bc426aec._.js:4163:378)
    at mountMemo (http://localhost:3000/_next/static/chunks/509c2_next_dist_compiled_react-dom_1698bfa6._.js:5424:25)
    at Object.useMemo (http://localhost:3000/_next/static/chunks/509c2_next_dist_compiled_react-dom_1698bfa6._.js:15003:24)
    at exports.useMemo (http://localhost:3000/_next/static/chunks/509c2_next_dist_compiled_9044104d._.js:1742:36)
    at useTranslationsImpl (http://localhost:3000/_next/static/chunks/db2ad__pnpm_bc426aec._.js:4162:416)
    at useTranslations (http://localhost:3000/_next/static/chunks/db2ad__pnpm_bc426aec._.js:4201:12)
    at http://localhost:3000/_next/static/chunks/db2ad__pnpm_6cafc622._.js:70:20
    at DashboardPage (http://localhost:3000/_next/static/chunks/pi-cwd-20260601_admin-platform_d7a92737._.js:987:432)
    at Object.react_stack_bottom_frame (http://localhost:3000/_next/static/chunks/509c2_next_dist_compiled_react-dom_1698bfa6._.js:14826:24)
    at renderWithHooks (http://localhost:3000/_next/static/chunks/509c2_next_dist_compiled_react-dom_1698bfa6._.js:4651:24)
    at updateFunctionComponent (http://localhost:3000/_next/static/chunks/509c2_next_dist_compiled_react-dom_1698bfa6._.js:6112:21)
    at beginWork (http://localhost:3000/_next/static/chunks/509c2_next_dist_compiled_react-dom_1698bfa6._.js:6708:24)
    at runWithFiberInDEV (http://localhost:3000/_next/static/chunks/509c2_next_dist_compiled_react-dom_1698bfa6._.js:965:74)
    at performUnitOfWork (http://localhost:3000/_next/static/chunks/509c2_next_dist_compiled_react-dom_1698bfa6._.js:9562:97)
    at workLoopConcurrentByScheduler (http://localhost:3000/_next/static/chunks/509c2_next_dist_compiled_react-dom_1698bfa6._.js:9558:58)
    at renderRootConcurrent (http://localhost:3000/_next/static/chunks/509c2_next_dist_compiled_react-dom_1698bfa6._.js:9541:71)
    at performWorkOnRoot (http://localhost:3000/_next/static/chunks/509c2_next_dist_compiled_react-dom_1698bfa6._.js:9068:150)
    at performWorkOnRootViaSchedulerTask (http://localhost:3000/_next/static/chunks/509c2_next_dist_compiled_react-dom_1698bfa6._.js:10230:9)
    at MessagePort.performWorkUntilDeadline (http://localhost:3000/_next/static/chunks/509c2_next_dist_compiled_9044104d._.js:2647:64) @ http://localhost:3000/_next/static/chunks/509c2_next_dist_512df543._.js:3127
[ 2116457ms] [ERROR] IntlError: MISSING_MESSAGE: Could not resolve `modules.dashboard` in messages for locale `login`.
    at getMessagesOrError (http://localhost:3000/_next/static/chunks/db2ad__pnpm_bc426aec._.js:3637:27)
    at createBaseTranslator (http://localhost:3000/_next/static/chunks/db2ad__pnpm_bc426aec._.js:3642:29)
    at useTranslationsImpl.useMemo[translate] (http://localhost:3000/_next/static/chunks/db2ad__pnpm_bc426aec._.js:4163:378)
    at mountMemo (http://localhost:3000/_next/static/chunks/509c2_next_dist_compiled_react-dom_1698bfa6._.js:5424:25)
    at Object.useMemo (http://localhost:3000/_next/static/chunks/509c2_next_dist_compiled_react-dom_1698bfa6._.js:15003:24)
    at exports.useMemo (http://localhost:3000/_next/static/chunks/509c2_next_dist_compiled_9044104d._.js:1742:36)
    at useTranslationsImpl (http://localhost:3000/_next/static/chunks/db2ad__pnpm_bc426aec._.js:4162:416)
    at useTranslations (http://localhost:3000/_next/static/chunks/db2ad__pnpm_bc426aec._.js:4201:12)
    at http://localhost:3000/_next/static/chunks/db2ad__pnpm_6cafc622._.js:70:20
    at DashboardPage (http://localhost:3000/_next/static/chunks/pi-cwd-20260601_admin-platform_d7a92737._.js:987:432)
    at Object.react_stack_bottom_frame (http://localhost:3000/_next/static/chunks/509c2_next_dist_compiled_react-dom_1698bfa6._.js:14826:24)
    at renderWithHooks (http://localhost:3000/_next/static/chunks/509c2_next_dist_compiled_react-dom_1698bfa6._.js:4651:24)
    at updateFunctionComponent (http://localhost:3000/_next/static/chunks/509c2_next_dist_compiled_react-dom_1698bfa6._.js:6112:21)
    at beginWork (http://localhost:3000/_next/static/chunks/509c2_next_dist_compiled_react-dom_1698bfa6._.js:6708:24)
    at runWithFiberInDEV (http://localhost:3000/_next/static/chunks/509c2_next_dist_compiled_react-dom_1698bfa6._.js:965:74)
    at performUnitOfWork (http://localhost:3000/_next/static/chunks/509c2_next_dist_compiled_react-dom_1698bfa6._.js:9562:97)
    at workLoopConcurrentByScheduler (http://localhost:3000/_next/static/chunks/509c2_next_dist_compiled_react-dom_1698bfa6._.js:9558:58)
    at renderRootConcurrent (http://localhost:3000/_next/static/chunks/509c2_next_dist_compiled_react-dom_1698bfa6._.js:9541:71)
    at performWorkOnRoot (http://localhost:3000/_next/static/chunks/509c2_next_dist_compiled_react-dom_1698bfa6._.js:9068:150)
    at performWorkOnRootViaSchedulerTask (http://localhost:3000/_next/static/chunks/509c2_next_dist_compiled_react-dom_1698bfa6._.js:10230:9)
    at MessagePort.performWorkUntilDeadline (http://localhost:3000/_next/static/chunks/509c2_next_dist_compiled_9044104d._.js:2647:64) @ http://localhost:3000/_next/static/chunks/509c2_next_dist_512df543._.js:3127
[ 2116458ms] [ERROR] IntlError: MISSING_MESSAGE: Could not resolve `modules.dashboard` in messages for locale `login`.
    at getMessagesOrError (http://localhost:3000/_next/static/chunks/db2ad__pnpm_bc426aec._.js:3637:27)
    at createBaseTranslator (http://localhost:3000/_next/static/chunks/db2ad__pnpm_bc426aec._.js:3642:29)
    at useTranslationsImpl.useMemo[translate] (http://localhost:3000/_next/static/chunks/db2ad__pnpm_bc426aec._.js:4163:378)
    at mountMemo (http://localhost:3000/_next/static/chunks/509c2_next_dist_compiled_react-dom_1698bfa6._.js:5424:25)
    at Object.useMemo (http://localhost:3000/_next/static/chunks/509c2_next_dist_compiled_react-dom_1698bfa6._.js:15003:24)
    at exports.useMemo (http://localhost:3000/_next/static/chunks/509c2_next_dist_compiled_9044104d._.js:1742:36)
    at useTranslationsImpl (http://localhost:3000/_next/static/chunks/db2ad__pnpm_bc426aec._.js:4162:416)
    at useTranslations (http://localhost:3000/_next/static/chunks/db2ad__pnpm_bc426aec._.js:4201:12)
    at http://localhost:3000/_next/static/chunks/db2ad__pnpm_6cafc622._.js:70:20
    at DashboardPage (http://localhost:3000/_next/static/chunks/pi-cwd-20260601_admin-platform_d7a92737._.js:987:432)
    at Object.react_stack_bottom_frame (http://localhost:3000/_next/static/chunks/509c2_next_dist_compiled_react-dom_1698bfa6._.js:14826:24)
    at renderWithHooks (http://localhost:3000/_next/static/chunks/509c2_next_dist_compiled_react-dom_1698bfa6._.js:4651:24)
    at updateFunctionComponent (http://localhost:3000/_next/static/chunks/509c2_next_dist_compiled_react-dom_1698bfa6._.js:6112:21)
    at beginWork (http://localhost:3000/_next/static/chunks/509c2_next_dist_compiled_react-dom_1698bfa6._.js:6708:24)
    at runWithFiberInDEV (http://localhost:3000/_next/static/chunks/509c2_next_dist_compiled_react-dom_1698bfa6._.js:965:74)
    at performUnitOfWork (http://localhost:3000/_next/static/chunks/509c2_next_dist_compiled_react-dom_1698bfa6._.js:9562:97)
    at workLoopConcurrentByScheduler (http://localhost:3000/_next/static/chunks/509c2_next_dist_compiled_react-dom_1698bfa6._.js:9558:58)
    at renderRootConcurrent (http://localhost:3000/_next/static/chunks/509c2_next_dist_compiled_react-dom_1698bfa6._.js:9541:71)
    at performWorkOnRoot (http://localhost:3000/_next/static/chunks/509c2_next_dist_compiled_react-dom_1698bfa6._.js:9068:150)
    at performWorkOnRootViaSchedulerTask (http://localhost:3000/_next/static/chunks/509c2_next_dist_compiled_react-dom_1698bfa6._.js:10230:9)
    at MessagePort.performWorkUntilDeadline (http://localhost:3000/_next/static/chunks/509c2_next_dist_compiled_9044104d._.js:2647:64) @ http://localhost:3000/_next/static/chunks/509c2_next_dist_512df543._.js:3127
[ 2116458ms] [ERROR] IntlError: MISSING_MESSAGE: Could not resolve `modules.dashboard` in messages for locale `login`.
    at getMessagesOrError (http://localhost:3000/_next/static/chunks/db2ad__pnpm_bc426aec._.js:3637:27)
    at createBaseTranslator (http://localhost:3000/_next/static/chunks/db2ad__pnpm_bc426aec._.js:3642:29)
    at useTranslationsImpl.useMemo[translate] (http://localhost:3000/_next/static/chunks/db2ad__pnpm_bc426aec._.js:4163:378)
    at mountMemo (http://localhost:3000/_next/static/chunks/509c2_next_dist_compiled_react-dom_1698bfa6._.js:5424:25)
    at Object.useMemo (http://localhost:3000/_next/static/chunks/509c2_next_dist_compiled_react-dom_1698bfa6._.js:15003:24)
    at exports.useMemo (http://localhost:3000/_next/static/chunks/509c2_next_dist_compiled_9044104d._.js:1742:36)
    at useTranslationsImpl (http://localhost:3000/_next/static/chunks/db2ad__pnpm_bc426aec._.js:4162:416)
    at useTranslations (http://localhost:3000/_next/static/chunks/db2ad__pnpm_bc426aec._.js:4201:12)
    at http://localhost:3000/_next/static/chunks/db2ad__pnpm_6cafc622._.js:70:20
    at DashboardPage (http://localhost:3000/_next/static/chunks/pi-cwd-20260601_admin-platform_d7a92737._.js:987:432)
    at Object.react_stack_bottom_frame (http://localhost:3000/_next/static/chunks/509c2_next_dist_compiled_react-dom_1698bfa6._.js:14826:24)
    at renderWithHooks (http://localhost:3000/_next/static/chunks/509c2_next_dist_compiled_react-dom_1698bfa6._.js:4651:24)
    at updateFunctionComponent (http://localhost:3000/_next/static/chunks/509c2_next_dist_compiled_react-dom_1698bfa6._.js:6112:21)
    at beginWork (http://localhost:3000/_next/static/chunks/509c2_next_dist_compiled_react-dom_1698bfa6._.js:6708:24)
    at runWithFiberInDEV (http://localhost:3000/_next/static/chunks/509c2_next_dist_compiled_react-dom_1698bfa6._.js:965:74)
    at performUnitOfWork (http://localhost:3000/_next/static/chunks/509c2_next_dist_compiled_react-dom_1698bfa6._.js:9562:97)
    at workLoopConcurrentByScheduler (http://localhost:3000/_next/static/chunks/509c2_next_dist_compiled_react-dom_1698bfa6._.js:9558:58)
    at renderRootConcurrent (http://localhost:3000/_next/static/chunks/509c2_next_dist_compiled_react-dom_1698bfa6._.js:9541:71)
    at performWorkOnRoot (http://localhost:3000/_next/static/chunks/509c2_next_dist_compiled_react-dom_1698bfa6._.js:9068:150)
    at performWorkOnRootViaSchedulerTask (http://localhost:3000/_next/static/chunks/509c2_next_dist_compiled_react-dom_1698bfa6._.js:10230:9)
    at MessagePort.performWorkUntilDeadline (http://localhost:3000/_next/static/chunks/509c2_next_dist_compiled_9044104d._.js:2647:64) @ http://localhost:3000/_next/static/chunks/509c2_next_dist_512df543._.js:3127
[ 2116460ms] [ERROR] IntlError: MISSING_MESSAGE: Could not resolve `modules.dashboard` in messages for locale `login`.
    at getMessagesOrError (http://localhost:3000/_next/static/chunks/db2ad__pnpm_bc426aec._.js:3637:27)
    at createBaseTranslator (http://localhost:3000/_next/static/chunks/db2ad__pnpm_bc426aec._.js:3642:29)
    at useTranslationsImpl.useMemo[translate] (http://localhost:3000/_next/static/chunks/db2ad__pnpm_bc426aec._.js:4163:378)
    at mountMemo (http://localhost:3000/_next/static/chunks/509c2_next_dist_compiled_react-dom_1698bfa6._.js:5424:25)
    at Object.useMemo (http://localhost:3000/_next/static/chunks/509c2_next_dist_compiled_react-dom_1698bfa6._.js:15003:24)
    at exports.useMemo (http://localhost:3000/_next/static/chunks/509c2_next_dist_compiled_9044104d._.js:1742:36)
    at useTranslationsImpl (http://localhost:3000/_next/static/chunks/db2ad__pnpm_bc426aec._.js:4162:416)
    at useTranslations (http://localhost:3000/_next/static/chunks/db2ad__pnpm_bc426aec._.js:4201:12)
    at http://localhost:3000/_next/static/chunks/db2ad__pnpm_6cafc622._.js:70:20
    at DashboardPage (http://localhost:3000/_next/static/chunks/pi-cwd-20260601_admin-platform_d7a92737._.js:987:432)
    at Object.react_stack_bottom_frame (http://localhost:3000/_next/static/chunks/509c2_next_dist_compiled_react-dom_1698bfa6._.js:14826:24)
    at renderWithHooks (http://localhost:3000/_next/static/chunks/509c2_next_dist_compiled_react-dom_1698bfa6._.js:4651:24)
    at updateFunctionComponent (http://localhost:3000/_next/static/chunks/509c2_next_dist_compiled_react-dom_1698bfa6._.js:6112:21)
    at beginWork (http://localhost:3000/_next/static/chunks/509c2_next_dist_compiled_react-dom_1698bfa6._.js:6708:24)
    at runWithFiberInDEV (http://localhost:3000/_next/static/chunks/509c2_next_dist_compiled_react-dom_1698bfa6._.js:965:74)
    at performUnitOfWork (http://localhost:3000/_next/static/chunks/509c2_next_dist_compiled_react-dom_1698bfa6._.js:9562:97)
    at workLoopConcurrentByScheduler (http://localhost:3000/_next/static/chunks/509c2_next_dist_compiled_react-dom_1698bfa6._.js:9558:58)
    at renderRootConcurrent (http://localhost:3000/_next/static/chunks/509c2_next_dist_compiled_react-dom_1698bfa6._.js:9541:71)
    at performWorkOnRoot (http://localhost:3000/_next/static/chunks/509c2_next_dist_compiled_react-dom_1698bfa6._.js:9068:150)
    at performWorkOnRootViaSchedulerTask (http://localhost:3000/_next/static/chunks/509c2_next_dist_compiled_react-dom_1698bfa6._.js:10230:9)
    at MessagePort.performWorkUntilDeadline (http://localhost:3000/_next/static/chunks/509c2_next_dist_compiled_9044104d._.js:2647:64) @ http://localhost:3000/_next/static/chunks/509c2_next_dist_512df543._.js:3127
[ 2116465ms] [ERROR] IntlError: MISSING_MESSAGE: Could not resolve `modules.dashboard` in messages for locale `login`.
    at getMessagesOrError (http://localhost:3000/_next/static/chunks/db2ad__pnpm_bc426aec._.js:3637:27)
    at createBaseTranslator (http://localhost:3000/_next/static/chunks/db2ad__pnpm_bc426aec._.js:3642:29)
    at useTranslationsImpl.useMemo[translate] (http://localhost:3000/_next/static/chunks/db2ad__pnpm_bc426aec._.js:4163:378)
    at mountMemo (http://localhost:3000/_next/static/chunks/509c2_next_dist_compiled_react-dom_1698bfa6._.js:5424:25)
    at Object.useMemo (http://localhost:3000/_next/static/chunks/509c2_next_dist_compiled_react-dom_1698bfa6._.js:15003:24)
    at exports.useMemo (http://localhost:3000/_next/static/chunks/509c2_next_dist_compiled_9044104d._.js:1742:36)
    at useTranslationsImpl (http://localhost:3000/_next/static/chunks/db2ad__pnpm_bc426aec._.js:4162:416)
    at useTranslations (http://localhost:3000/_next/static/chunks/db2ad__pnpm_bc426aec._.js:4201:12)
    at http://localhost:3000/_next/static/chunks/db2ad__pnpm_6cafc622._.js:70:20
    at DashboardPage (http://localhost:3000/_next/static/chunks/pi-cwd-20260601_admin-platform_d7a92737._.js:987:432)
    at Object.react_stack_bottom_frame (http://localhost:3000/_next/static/chunks/509c2_next_dist_compiled_react-dom_1698bfa6._.js:14826:24)
    at renderWithHooks (http://localhost:3000/_next/static/chunks/509c2_next_dist_compiled_react-dom_1698bfa6._.js:4651:24)
    at updateFunctionComponent (http://localhost:3000/_next/static/chunks/509c2_next_dist_compiled_react-dom_1698bfa6._.js:6112:21)
    at beginWork (http://localhost:3000/_next/static/chunks/509c2_next_dist_compiled_react-dom_1698bfa6._.js:6708:24)
    at runWithFiberInDEV (http://localhost:3000/_next/static/chunks/509c2_next_dist_compiled_react-dom_1698bfa6._.js:965:74)
    at performUnitOfWork (http://localhost:3000/_next/static/chunks/509c2_next_dist_compiled_react-dom_1698bfa6._.js:9562:97)
    at workLoopConcurrentByScheduler (http://localhost:3000/_next/static/chunks/509c2_next_dist_compiled_react-dom_1698bfa6._.js:9558:58)
    at renderRootConcurrent (http://localhost:3000/_next/static/chunks/509c2_next_dist_compiled_react-dom_1698bfa6._.js:9541:71)
    at performWorkOnRoot (http://localhost:3000/_next/static/chunks/509c2_next_dist_compiled_react-dom_1698bfa6._.js:9068:150)
    at performWorkOnRootViaSchedulerTask (http://localhost:3000/_next/static/chunks/509c2_next_dist_compiled_react-dom_1698bfa6._.js:10230:9)
    at MessagePort.performWorkUntilDeadline (http://localhost:3000/_next/static/chunks/509c2_next_dist_compiled_9044104d._.js:2647:64) @ http://localhost:3000/_next/static/chunks/509c2_next_dist_512df543._.js:3127
[ 2116468ms] [ERROR] IntlError: MISSING_MESSAGE: Could not resolve `modules.dashboard` in messages for locale `login`.
    at getMessagesOrError (http://localhost:3000/_next/static/chunks/db2ad__pnpm_bc426aec._.js:3637:27)
    at createBaseTranslator (http://localhost:3000/_next/static/chunks/db2ad__pnpm_bc426aec._.js:3642:29)
    at useTranslationsImpl.useMemo[translate] (http://localhost:3000/_next/static/chunks/db2ad__pnpm_bc426aec._.js:4163:378)
    at mountMemo (http://localhost:3000/_next/static/chunks/509c2_next_dist_compiled_react-dom_1698bfa6._.js:5424:25)
    at Object.useMemo (http://localhost:3000/_next/static/chunks/509c2_next_dist_compiled_react-dom_1698bfa6._.js:15003:24)
    at exports.useMemo (http://localhost:3000/_next/static/chunks/509c2_next_dist_compiled_9044104d._.js:1742:36)
    at useTranslationsImpl (http://localhost:3000/_next/static/chunks/db2ad__pnpm_bc426aec._.js:4162:416)
    at useTranslations (http://localhost:3000/_next/static/chunks/db2ad__pnpm_bc426aec._.js:4201:12)
    at http://localhost:3000/_next/static/chunks/db2ad__pnpm_6cafc622._.js:70:20
    at DashboardPage (http://localhost:3000/_next/static/chunks/pi-cwd-20260601_admin-platform_d7a92737._.js:987:432)
    at Object.react_stack_bottom_frame (http://localhost:3000/_next/static/chunks/509c2_next_dist_compiled_react-dom_1698bfa6._.js:14826:24)
    at renderWithHooks (http://localhost:3000/_next/static/chunks/509c2_next_dist_compiled_react-dom_1698bfa6._.js:4651:24)
    at updateFunctionComponent (http://localhost:3000/_next/static/chunks/509c2_next_dist_compiled_react-dom_1698bfa6._.js:6112:21)
    at beginWork (http://localhost:3000/_next/static/chunks/509c2_next_dist_compiled_react-dom_1698bfa6._.js:6708:24)
    at runWithFiberInDEV (http://localhost:3000/_next/static/chunks/509c2_next_dist_compiled_react-dom_1698bfa6._.js:965:74)
    at performUnitOfWork (http://localhost:3000/_next/static/chunks/509c2_next_dist_compiled_react-dom_1698bfa6._.js:9562:97)
    at workLoopConcurrentByScheduler (http://localhost:3000/_next/static/chunks/509c2_next_dist_compiled_react-dom_1698bfa6._.js:9558:58)
    at renderRootConcurrent (http://localhost:3000/_next/static/chunks/509c2_next_dist_compiled_react-dom_1698bfa6._.js:9541:71)
    at performWorkOnRoot (http://localhost:3000/_next/static/chunks/509c2_next_dist_compiled_react-dom_1698bfa6._.js:9068:150)
    at performWorkOnRootViaSchedulerTask (http://localhost:3000/_next/static/chunks/509c2_next_dist_compiled_react-dom_1698bfa6._.js:10230:9)
    at MessagePort.performWorkUntilDeadline (http://localhost:3000/_next/static/chunks/509c2_next_dist_compiled_9044104d._.js:2647:64) @ http://localhost:3000/_next/static/chunks/509c2_next_dist_512df543._.js:3127
[ 2116469ms] [ERROR] IntlError: MISSING_MESSAGE: Could not resolve `modules.dashboard` in messages for locale `login`.
    at getMessagesOrError (http://localhost:3000/_next/static/chunks/db2ad__pnpm_bc426aec._.js:3637:27)
    at createBaseTranslator (http://localhost:3000/_next/static/chunks/db2ad__pnpm_bc426aec._.js:3642:29)
    at useTranslationsImpl.useMemo[translate] (http://localhost:3000/_next/static/chunks/db2ad__pnpm_bc426aec._.js:4163:378)
    at mountMemo (http://localhost:3000/_next/static/chunks/509c2_next_dist_compiled_react-dom_1698bfa6._.js:5424:25)
    at Object.useMemo (http://localhost:3000/_next/static/chunks/509c2_next_dist_compiled_react-dom_1698bfa6._.js:15003:24)
    at exports.useMemo (http://localhost:3000/_next/static/chunks/509c2_next_dist_compiled_9044104d._.js:1742:36)
    at useTranslationsImpl (http://localhost:3000/_next/static/chunks/db2ad__pnpm_bc426aec._.js:4162:416)
    at useTranslations (http://localhost:3000/_next/static/chunks/db2ad__pnpm_bc426aec._.js:4201:12)
    at http://localhost:3000/_next/static/chunks/db2ad__pnpm_6cafc622._.js:70:20
    at DashboardPage (http://localhost:3000/_next/static/chunks/pi-cwd-20260601_admin-platform_d7a92737._.js:987:432)
    at Object.react_stack_bottom_frame (http://localhost:3000/_next/static/chunks/509c2_next_dist_compiled_react-dom_1698bfa6._.js:14826:24)
    at renderWithHooks (http://localhost:3000/_next/static/chunks/509c2_next_dist_compiled_react-dom_1698bfa6._.js:4651:24)
    at updateFunctionComponent (http://localhost:3000/_next/static/chunks/509c2_next_dist_compiled_react-dom_1698bfa6._.js:6112:21)
    at beginWork (http://localhost:3000/_next/static/chunks/509c2_next_dist_compiled_react-dom_1698bfa6._.js:6708:24)
    at runWithFiberInDEV (http://localhost:3000/_next/static/chunks/509c2_next_dist_compiled_react-dom_1698bfa6._.js:965:74)
    at performUnitOfWork (http://localhost:3000/_next/static/chunks/509c2_next_dist_compiled_react-dom_1698bfa6._.js:9562:97)
    at workLoopConcurrentByScheduler (http://localhost:3000/_next/static/chunks/509c2_next_dist_compiled_react-dom_1698bfa6._.js:9558:58)
    at renderRootConcurrent (http://localhost:3000/_next/static/chunks/509c2_next_dist_compiled_react-dom_1698bfa6._.js:9541:71)
    at performWorkOnRoot (http://localhost:3000/_next/static/chunks/509c2_next_dist_compiled_react-dom_1698bfa6._.js:9068:150)
    at performWorkOnRootViaSchedulerTask (http://localhost:3000/_next/static/chunks/509c2_next_dist_compiled_react-dom_1698bfa6._.js:10230:9)
    at MessagePort.performWorkUntilDeadline (http://localhost:3000/_next/static/chunks/509c2_next_dist_compiled_9044104d._.js:2647:64) @ http://localhost:3000/_next/static/chunks/509c2_next_dist_512df543._.js:3127
[ 2116474ms] [ERROR] IntlError: MISSING_MESSAGE: Could not resolve `modules.dashboard` in messages for locale `login`.
    at getMessagesOrError (http://localhost:3000/_next/static/chunks/db2ad__pnpm_bc426aec._.js:3637:27)
    at createBaseTranslator (http://localhost:3000/_next/static/chunks/db2ad__pnpm_bc426aec._.js:3642:29)
    at useTranslationsImpl.useMemo[translate] (http://localhost:3000/_next/static/chunks/db2ad__pnpm_bc426aec._.js:4163:378)
    at mountMemo (http://localhost:3000/_next/static/chunks/509c2_next_dist_compiled_react-dom_1698bfa6._.js:5424:25)
    at Object.useMemo (http://localhost:3000/_next/static/chunks/509c2_next_dist_compiled_react-dom_1698bfa6._.js:15003:24)
    at exports.useMemo (http://localhost:3000/_next/static/chunks/509c2_next_dist_compiled_9044104d._.js:1742:36)
    at useTranslationsImpl (http://localhost:3000/_next/static/chunks/db2ad__pnpm_bc426aec._.js:4162:416)
    at useTranslations (http://localhost:3000/_next/static/chunks/db2ad__pnpm_bc426aec._.js:4201:12)
    at http://localhost:3000/_next/static/chunks/db2ad__pnpm_6cafc622._.js:70:20
    at DashboardPage (http://localhost:3000/_next/static/chunks/pi-cwd-20260601_admin-platform_d7a92737._.js:987:432)
    at Object.react_stack_bottom_frame (http://localhost:3000/_next/static/chunks/509c2_next_dist_compiled_react-dom_1698bfa6._.js:14826:24)
    at renderWithHooks (http://localhost:3000/_next/static/chunks/509c2_next_dist_compiled_react-dom_1698bfa6._.js:4651:24)
    at updateFunctionComponent (http://localhost:3000/_next/static/chunks/509c2_next_dist_compiled_react-dom_1698bfa6._.js:6112:21)
    at beginWork (http://localhost:3000/_next/static/chunks/509c2_next_dist_compiled_react-dom_1698bfa6._.js:6708:24)
    at runWithFiberInDEV (http://localhost:3000/_next/static/chunks/509c2_next_dist_compiled_react-dom_1698bfa6._.js:965:74)
    at performUnitOfWork (http://localhost:3000/_next/static/chunks/509c2_next_dist_compiled_react-dom_1698bfa6._.js:9562:97)
    at workLoopConcurrentByScheduler (http://localhost:3000/_next/static/chunks/509c2_next_dist_compiled_react-dom_1698bfa6._.js:9558:58)
    at renderRootConcurrent (http://localhost:3000/_next/static/chunks/509c2_next_dist_compiled_react-dom_1698bfa6._.js:9541:71)
    at performWorkOnRoot (http://localhost:3000/_next/static/chunks/509c2_next_dist_compiled_react-dom_1698bfa6._.js:9068:150)
    at performWorkOnRootViaSchedulerTask (http://localhost:3000/_next/static/chunks/509c2_next_dist_compiled_react-dom_1698bfa6._.js:10230:9)
    at MessagePort.performWorkUntilDeadline (http://localhost:3000/_next/static/chunks/509c2_next_dist_compiled_9044104d._.js:2647:64) @ http://localhost:3000/_next/static/chunks/509c2_next_dist_512df543._.js:3127
[ 2116475ms] [ERROR] IntlError: MISSING_MESSAGE: Could not resolve `modules.dashboard` in messages for locale `login`.
    at getMessagesOrError (http://localhost:3000/_next/static/chunks/db2ad__pnpm_bc426aec._.js:3637:27)
    at createBaseTranslator (http://localhost:3000/_next/static/chunks/db2ad__pnpm_bc426aec._.js:3642:29)
    at useTranslationsImpl.useMemo[translate] (http://localhost:3000/_next/static/chunks/db2ad__pnpm_bc426aec._.js:4163:378)
    at mountMemo (http://localhost:3000/_next/static/chunks/509c2_next_dist_compiled_react-dom_1698bfa6._.js:5424:25)
    at Object.useMemo (http://localhost:3000/_next/static/chunks/509c2_next_dist_compiled_react-dom_1698bfa6._.js:15003:24)
    at exports.useMemo (http://localhost:3000/_next/static/chunks/509c2_next_dist_compiled_9044104d._.js:1742:36)
    at useTranslationsImpl (http://localhost:3000/_next/static/chunks/db2ad__pnpm_bc426aec._.js:4162:416)
    at useTranslations (http://localhost:3000/_next/static/chunks/db2ad__pnpm_bc426aec._.js:4201:12)
    at http://localhost:3000/_next/static/chunks/db2ad__pnpm_6cafc622._.js:70:20
    at DashboardPage (http://localhost:3000/_next/static/chunks/pi-cwd-20260601_admin-platform_d7a92737._.js:987:432)
    at Object.react_stack_bottom_frame (http://localhost:3000/_next/static/chunks/509c2_next_dist_compiled_react-dom_1698bfa6._.js:14826:24)
    at renderWithHooks (http://localhost:3000/_next/static/chunks/509c2_next_dist_compiled_react-dom_1698bfa6._.js:4651:24)
    at updateFunctionComponent (http://localhost:3000/_next/static/chunks/509c2_next_dist_compiled_react-dom_1698bfa6._.js:6112:21)
    at beginWork (http://localhost:3000/_next/static/chunks/509c2_next_dist_compiled_react-dom_1698bfa6._.js:6708:24)
    at runWithFiberInDEV (http://localhost:3000/_next/static/chunks/509c2_next_dist_compiled_react-dom_1698bfa6._.js:965:74)
    at performUnitOfWork (http://localhost:3000/_next/static/chunks/509c2_next_dist_compiled_react-dom_1698bfa6._.js:9562:97)
    at workLoopConcurrentByScheduler (http://localhost:3000/_next/static/chunks/509c2_next_dist_compiled_react-dom_1698bfa6._.js:9558:58)
    at renderRootConcurrent (http://localhost:3000/_next/static/chunks/509c2_next_dist_compiled_react-dom_1698bfa6._.js:9541:71)
    at performWorkOnRoot (http://localhost:3000/_next/static/chunks/509c2_next_dist_compiled_react-dom_1698bfa6._.js:9068:150)
    at performWorkOnRootViaSchedulerTask (http://localhost:3000/_next/static/chunks/509c2_next_dist_compiled_react-dom_1698bfa6._.js:10230:9)
    at MessagePort.performWorkUntilDeadline (http://localhost:3000/_next/static/chunks/509c2_next_dist_compiled_9044104d._.js:2647:64) @ http://localhost:3000/_next/static/chunks/509c2_next_dist_512df543._.js:3127
[ 2116475ms] [ERROR] IntlError: MISSING_MESSAGE: Could not resolve `modules.dashboard` in messages for locale `login`.
    at getMessagesOrError (http://localhost:3000/_next/static/chunks/db2ad__pnpm_bc426aec._.js:3637:27)
    at createBaseTranslator (http://localhost:3000/_next/static/chunks/db2ad__pnpm_bc426aec._.js:3642:29)
    at useTranslationsImpl.useMemo[translate] (http://localhost:3000/_next/static/chunks/db2ad__pnpm_bc426aec._.js:4163:378)
    at mountMemo (http://localhost:3000/_next/static/chunks/509c2_next_dist_compiled_react-dom_1698bfa6._.js:5424:25)
    at Object.useMemo (http://localhost:3000/_next/static/chunks/509c2_next_dist_compiled_react-dom_1698bfa6._.js:15003:24)
    at exports.useMemo (http://localhost:3000/_next/static/chunks/509c2_next_dist_compiled_9044104d._.js:1742:36)
    at useTranslationsImpl (http://localhost:3000/_next/static/chunks/db2ad__pnpm_bc426aec._.js:4162:416)
    at useTranslations (http://localhost:3000/_next/static/chunks/db2ad__pnpm_bc426aec._.js:4201:12)
    at http://localhost:3000/_next/static/chunks/db2ad__pnpm_6cafc622._.js:70:20
    at DashboardPage (http://localhost:3000/_next/static/chunks/pi-cwd-20260601_admin-platform_d7a92737._.js:987:432)
    at Object.react_stack_bottom_frame (http://localhost:3000/_next/static/chunks/509c2_next_dist_compiled_react-dom_1698bfa6._.js:14826:24)
    at renderWithHooks (http://localhost:3000/_next/static/chunks/509c2_next_dist_compiled_react-dom_1698bfa6._.js:4651:24)
    at updateFunctionComponent (http://localhost:3000/_next/static/chunks/509c2_next_dist_compiled_react-dom_1698bfa6._.js:6112:21)
    at beginWork (http://localhost:3000/_next/static/chunks/509c2_next_dist_compiled_react-dom_1698bfa6._.js:6708:24)
    at runWithFiberInDEV (http://localhost:3000/_next/static/chunks/509c2_next_dist_compiled_react-dom_1698bfa6._.js:965:74)
    at performUnitOfWork (http://localhost:3000/_next/static/chunks/509c2_next_dist_compiled_react-dom_1698bfa6._.js:9562:97)
    at workLoopConcurrentByScheduler (http://localhost:3000/_next/static/chunks/509c2_next_dist_compiled_react-dom_1698bfa6._.js:9558:58)
    at renderRootConcurrent (http://localhost:3000/_next/static/chunks/509c2_next_dist_compiled_react-dom_1698bfa6._.js:9541:71)
    at performWorkOnRoot (http://localhost:3000/_next/static/chunks/509c2_next_dist_compiled_react-dom_1698bfa6._.js:9068:150)
    at performWorkOnRootViaSchedulerTask (http://localhost:3000/_next/static/chunks/509c2_next_dist_compiled_react-dom_1698bfa6._.js:10230:9)
    at MessagePort.performWorkUntilDeadline (http://localhost:3000/_next/static/chunks/509c2_next_dist_compiled_9044104d._.js:2647:64) @ http://localhost:3000/_next/static/chunks/509c2_next_dist_512df543._.js:3127
[ 2116475ms] [ERROR] IntlError: MISSING_MESSAGE: Could not resolve `modules.dashboard` in messages for locale `login`.
    at getMessagesOrError (http://localhost:3000/_next/static/chunks/db2ad__pnpm_bc426aec._.js:3637:27)
    at createBaseTranslator (http://localhost:3000/_next/static/chunks/db2ad__pnpm_bc426aec._.js:3642:29)
    at useTranslationsImpl.useMemo[translate] (http://localhost:3000/_next/static/chunks/db2ad__pnpm_bc426aec._.js:4163:378)
    at mountMemo (http://localhost:3000/_next/static/chunks/509c2_next_dist_compiled_react-dom_1698bfa6._.js:5424:25)
    at Object.useMemo (http://localhost:3000/_next/static/chunks/509c2_next_dist_compiled_react-dom_1698bfa6._.js:15003:24)
    at exports.useMemo (http://localhost:3000/_next/static/chunks/509c2_next_dist_compiled_9044104d._.js:1742:36)
    at useTranslationsImpl (http://localhost:3000/_next/static/chunks/db2ad__pnpm_bc426aec._.js:4162:416)
    at useTranslations (http://localhost:3000/_next/static/chunks/db2ad__pnpm_bc426aec._.js:4201:12)
    at http://localhost:3000/_next/static/chunks/db2ad__pnpm_6cafc622._.js:70:20
    at DashboardPage (http://localhost:3000/_next/static/chunks/pi-cwd-20260601_admin-platform_d7a92737._.js:987:432)
    at Object.react_stack_bottom_frame (http://localhost:3000/_next/static/chunks/509c2_next_dist_compiled_react-dom_1698bfa6._.js:14826:24)
    at renderWithHooks (http://localhost:3000/_next/static/chunks/509c2_next_dist_compiled_react-dom_1698bfa6._.js:4651:24)
    at updateFunctionComponent (http://localhost:3000/_next/static/chunks/509c2_next_dist_compiled_react-dom_1698bfa6._.js:6112:21)
    at beginWork (http://localhost:3000/_next/static/chunks/509c2_next_dist_compiled_react-dom_1698bfa6._.js:6708:24)
    at runWithFiberInDEV (http://localhost:3000/_next/static/chunks/509c2_next_dist_compiled_react-dom_1698bfa6._.js:965:74)
    at performUnitOfWork (http://localhost:3000/_next/static/chunks/509c2_next_dist_compiled_react-dom_1698bfa6._.js:9562:97)
    at workLoopConcurrentByScheduler (http://localhost:3000/_next/static/chunks/509c2_next_dist_compiled_react-dom_1698bfa6._.js:9558:58)
    at renderRootConcurrent (http://localhost:3000/_next/static/chunks/509c2_next_dist_compiled_react-dom_1698bfa6._.js:9541:71)
    at performWorkOnRoot (http://localhost:3000/_next/static/chunks/509c2_next_dist_compiled_react-dom_1698bfa6._.js:9068:150)
    at performWorkOnRootViaSchedulerTask (http://localhost:3000/_next/static/chunks/509c2_next_dist_compiled_react-dom_1698bfa6._.js:10230:9)
    at MessagePort.performWorkUntilDeadline (http://localhost:3000/_next/static/chunks/509c2_next_dist_compiled_9044104d._.js:2647:64) @ http://localhost:3000/_next/static/chunks/509c2_next_dist_512df543._.js:3127
[ 2116476ms] [ERROR] IntlError: MISSING_MESSAGE: Could not resolve `modules.dashboard` in messages for locale `login`.
    at getMessagesOrError (http://localhost:3000/_next/static/chunks/db2ad__pnpm_bc426aec._.js:3637:27)
    at createBaseTranslator (http://localhost:3000/_next/static/chunks/db2ad__pnpm_bc426aec._.js:3642:29)
    at useTranslationsImpl.useMemo[translate] (http://localhost:3000/_next/static/chunks/db2ad__pnpm_bc426aec._.js:4163:378)
    at mountMemo (http://localhost:3000/_next/static/chunks/509c2_next_dist_compiled_react-dom_1698bfa6._.js:5424:25)
    at Object.useMemo (http://localhost:3000/_next/static/chunks/509c2_next_dist_compiled_react-dom_1698bfa6._.js:15003:24)
    at exports.useMemo (http://localhost:3000/_next/static/chunks/509c2_next_dist_compiled_9044104d._.js:1742:36)
    at useTranslationsImpl (http://localhost:3000/_next/static/chunks/db2ad__pnpm_bc426aec._.js:4162:416)
    at useTranslations (http://localhost:3000/_next/static/chunks/db2ad__pnpm_bc426aec._.js:4201:12)
    at http://localhost:3000/_next/static/chunks/db2ad__pnpm_6cafc622._.js:70:20
    at DashboardPage (http://localhost:3000/_next/static/chunks/pi-cwd-20260601_admin-platform_d7a92737._.js:987:432)
    at Object.react_stack_bottom_frame (http://localhost:3000/_next/static/chunks/509c2_next_dist_compiled_react-dom_1698bfa6._.js:14826:24)
    at renderWithHooks (http://localhost:3000/_next/static/chunks/509c2_next_dist_compiled_react-dom_1698bfa6._.js:4651:24)
    at updateFunctionComponent (http://localhost:3000/_next/static/chunks/509c2_next_dist_compiled_react-dom_1698bfa6._.js:6112:21)
    at beginWork (http://localhost:3000/_next/static/chunks/509c2_next_dist_compiled_react-dom_1698bfa6._.js:6708:24)
    at runWithFiberInDEV (http://localhost:3000/_next/static/chunks/509c2_next_dist_compiled_react-dom_1698bfa6._.js:965:74)
    at performUnitOfWork (http://localhost:3000/_next/static/chunks/509c2_next_dist_compiled_react-dom_1698bfa6._.js:9562:97)
    at workLoopConcurrentByScheduler (http://localhost:3000/_next/static/chunks/509c2_next_dist_compiled_react-dom_1698bfa6._.js:9558:58)
    at renderRootConcurrent (http://localhost:3000/_next/static/chunks/509c2_next_dist_compiled_react-dom_1698bfa6._.js:9541:71)
    at performWorkOnRoot (http://localhost:3000/_next/static/chunks/509c2_next_dist_compiled_react-dom_1698bfa6._.js:9068:150)
    at performWorkOnRootViaSchedulerTask (http://localhost:3000/_next/static/chunks/509c2_next_dist_compiled_react-dom_1698bfa6._.js:10230:9)
    at MessagePort.performWorkUntilDeadline (http://localhost:3000/_next/static/chunks/509c2_next_dist_compiled_9044104d._.js:2647:64) @ http://localhost:3000/_next/static/chunks/509c2_next_dist_512df543._.js:3127
[ 2116477ms] [ERROR] IntlError: MISSING_MESSAGE: Could not resolve `modules.dashboard` in messages for locale `login`.
    at getMessagesOrError (http://localhost:3000/_next/static/chunks/db2ad__pnpm_bc426aec._.js:3637:27)
    at createBaseTranslator (http://localhost:3000/_next/static/chunks/db2ad__pnpm_bc426aec._.js:3642:29)
    at useTranslationsImpl.useMemo[translate] (http://localhost:3000/_next/static/chunks/db2ad__pnpm_bc426aec._.js:4163:378)
    at mountMemo (http://localhost:3000/_next/static/chunks/509c2_next_dist_compiled_react-dom_1698bfa6._.js:5424:25)
    at Object.useMemo (http://localhost:3000/_next/static/chunks/509c2_next_dist_compiled_react-dom_1698bfa6._.js:15003:24)
    at exports.useMemo (http://localhost:3000/_next/static/chunks/509c2_next_dist_compiled_9044104d._.js:1742:36)
    at useTranslationsImpl (http://localhost:3000/_next/static/chunks/db2ad__pnpm_bc426aec._.js:4162:416)
    at useTranslations (http://localhost:3000/_next/static/chunks/db2ad__pnpm_bc426aec._.js:4201:12)
    at http://localhost:3000/_next/static/chunks/db2ad__pnpm_6cafc622._.js:70:20
    at DashboardPage (http://localhost:3000/_next/static/chunks/pi-cwd-20260601_admin-platform_d7a92737._.js:987:432)
    at Object.react_stack_bottom_frame (http://localhost:3000/_next/static/chunks/509c2_next_dist_compiled_react-dom_1698bfa6._.js:14826:24)
    at renderWithHooks (http://localhost:3000/_next/static/chunks/509c2_next_dist_compiled_react-dom_1698bfa6._.js:4651:24)
    at updateFunctionComponent (http://localhost:3000/_next/static/chunks/509c2_next_dist_compiled_react-dom_1698bfa6._.js:6112:21)
    at beginWork (http://localhost:3000/_next/static/chunks/509c2_next_dist_compiled_react-dom_1698bfa6._.js:6708:24)
    at runWithFiberInDEV (http://localhost:3000/_next/static/chunks/509c2_next_dist_compiled_react-dom_1698bfa6._.js:965:74)
    at performUnitOfWork (http://localhost:3000/_next/static/chunks/509c2_next_dist_compiled_react-dom_1698bfa6._.js:9562:97)
    at workLoopConcurrentByScheduler (http://localhost:3000/_next/static/chunks/509c2_next_dist_compiled_react-dom_1698bfa6._.js:9558:58)
    at renderRootConcurrent (http://localhost:3000/_next/static/chunks/509c2_next_dist_compiled_react-dom_1698bfa6._.js:9541:71)
    at performWorkOnRoot (http://localhost:3000/_next/static/chunks/509c2_next_dist_compiled_react-dom_1698bfa6._.js:9068:150)
    at performWorkOnRootViaSchedulerTask (http://localhost:3000/_next/static/chunks/509c2_next_dist_compiled_react-dom_1698bfa6._.js:10230:9)
    at MessagePort.performWorkUntilDeadline (http://localhost:3000/_next/static/chunks/509c2_next_dist_compiled_9044104d._.js:2647:64) @ http://localhost:3000/_next/static/chunks/509c2_next_dist_512df543._.js:3127
[ 2116477ms] [ERROR] IntlError: MISSING_MESSAGE: Could not resolve `modules.dashboard` in messages for locale `login`.
    at getMessagesOrError (http://localhost:3000/_next/static/chunks/db2ad__pnpm_bc426aec._.js:3637:27)
    at createBaseTranslator (http://localhost:3000/_next/static/chunks/db2ad__pnpm_bc426aec._.js:3642:29)
    at useTranslationsImpl.useMemo[translate] (http://localhost:3000/_next/static/chunks/db2ad__pnpm_bc426aec._.js:4163:378)
    at mountMemo (http://localhost:3000/_next/static/chunks/509c2_next_dist_compiled_react-dom_1698bfa6._.js:5424:25)
    at Object.useMemo (http://localhost:3000/_next/static/chunks/509c2_next_dist_compiled_react-dom_1698bfa6._.js:15003:24)
    at exports.useMemo (http://localhost:3000/_next/static/chunks/509c2_next_dist_compiled_9044104d._.js:1742:36)
    at useTranslationsImpl (http://localhost:3000/_next/static/chunks/db2ad__pnpm_bc426aec._.js:4162:416)
    at useTranslations (http://localhost:3000/_next/static/chunks/db2ad__pnpm_bc426aec._.js:4201:12)
    at http://localhost:3000/_next/static/chunks/db2ad__pnpm_6cafc622._.js:70:20
    at DashboardPage (http://localhost:3000/_next/static/chunks/pi-cwd-20260601_admin-platform_d7a92737._.js:987:432)
    at Object.react_stack_bottom_frame (http://localhost:3000/_next/static/chunks/509c2_next_dist_compiled_react-dom_1698bfa6._.js:14826:24)
    at renderWithHooks (http://localhost:3000/_next/static/chunks/509c2_next_dist_compiled_react-dom_1698bfa6._.js:4651:24)
    at updateFunctionComponent (http://localhost:3000/_next/static/chunks/509c2_next_dist_compiled_react-dom_1698bfa6._.js:6112:21)
    at beginWork (http://localhost:3000/_next/static/chunks/509c2_next_dist_compiled_react-dom_1698bfa6._.js:6708:24)
    at runWithFiberInDEV (http://localhost:3000/_next/static/chunks/509c2_next_dist_compiled_react-dom_1698bfa6._.js:965:74)
    at performUnitOfWork (http://localhost:3000/_next/static/chunks/509c2_next_dist_compiled_react-dom_1698bfa6._.js:9562:97)
    at workLoopConcurrentByScheduler (http://localhost:3000/_next/static/chunks/509c2_next_dist_compiled_react-dom_1698bfa6._.js:9558:58)
    at renderRootConcurrent (http://localhost:3000/_next/static/chunks/509c2_next_dist_compiled_react-dom_1698bfa6._.js:9541:71)
    at performWorkOnRoot (http://localhost:3000/_next/static/chunks/509c2_next_dist_compiled_react-dom_1698bfa6._.js:9068:150)
    at performWorkOnRootViaSchedulerTask (http://localhost:3000/_next/static/chunks/509c2_next_dist_compiled_react-dom_1698bfa6._.js:10230:9)
    at MessagePort.performWorkUntilDeadline (http://localhost:3000/_next/static/chunks/509c2_next_dist_compiled_9044104d._.js:2647:64) @ http://localhost:3000/_next/static/chunks/509c2_next_dist_512df543._.js:3127
[ 2116477ms] [ERROR] IntlError: MISSING_MESSAGE: Could not resolve `modules.dashboard` in messages for locale `login`.
    at getMessagesOrError (http://localhost:3000/_next/static/chunks/db2ad__pnpm_bc426aec._.js:3637:27)
    at createBaseTranslator (http://localhost:3000/_next/static/chunks/db2ad__pnpm_bc426aec._.js:3642:29)
    at useTranslationsImpl.useMemo[translate] (http://localhost:3000/_next/static/chunks/db2ad__pnpm_bc426aec._.js:4163:378)
    at mountMemo (http://localhost:3000/_next/static/chunks/509c2_next_dist_compiled_react-dom_1698bfa6._.js:5424:25)
    at Object.useMemo (http://localhost:3000/_next/static/chunks/509c2_next_dist_compiled_react-dom_1698bfa6._.js:15003:24)
    at exports.useMemo (http://localhost:3000/_next/static/chunks/509c2_next_dist_compiled_9044104d._.js:1742:36)
    at useTranslationsImpl (http://localhost:3000/_next/static/chunks/db2ad__pnpm_bc426aec._.js:4162:416)
    at useTranslations (http://localhost:3000/_next/static/chunks/db2ad__pnpm_bc426aec._.js:4201:12)
    at http://localhost:3000/_next/static/chunks/db2ad__pnpm_6cafc622._.js:70:20
    at DashboardPage (http://localhost:3000/_next/static/chunks/pi-cwd-20260601_admin-platform_d7a92737._.js:987:432)
    at Object.react_stack_bottom_frame (http://localhost:3000/_next/static/chunks/509c2_next_dist_compiled_react-dom_1698bfa6._.js:14826:24)
    at renderWithHooks (http://localhost:3000/_next/static/chunks/509c2_next_dist_compiled_react-dom_1698bfa6._.js:4651:24)
    at updateFunctionComponent (http://localhost:3000/_next/static/chunks/509c2_next_dist_compiled_react-dom_1698bfa6._.js:6112:21)
    at beginWork (http://localhost:3000/_next/static/chunks/509c2_next_dist_compiled_react-dom_1698bfa6._.js:6708:24)
    at runWithFiberInDEV (http://localhost:3000/_next/static/chunks/509c2_next_dist_compiled_react-dom_1698bfa6._.js:965:74)
    at performUnitOfWork (http://localhost:3000/_next/static/chunks/509c2_next_dist_compiled_react-dom_1698bfa6._.js:9562:97)
    at workLoopConcurrentByScheduler (http://localhost:3000/_next/static/chunks/509c2_next_dist_compiled_react-dom_1698bfa6._.js:9558:58)
    at renderRootConcurrent (http://localhost:3000/_next/static/chunks/509c2_next_dist_compiled_react-dom_1698bfa6._.js:9541:71)
    at performWorkOnRoot (http://localhost:3000/_next/static/chunks/509c2_next_dist_compiled_react-dom_1698bfa6._.js:9068:150)
    at performWorkOnRootViaSchedulerTask (http://localhost:3000/_next/static/chunks/509c2_next_dist_compiled_react-dom_1698bfa6._.js:10230:9)
    at MessagePort.performWorkUntilDeadline (http://localhost:3000/_next/static/chunks/509c2_next_dist_compiled_9044104d._.js:2647:64) @ http://localhost:3000/_next/static/chunks/509c2_next_dist_512df543._.js:3127
[ 2116479ms] [ERROR] IntlError: MISSING_MESSAGE: Could not resolve `modules.dashboard` in messages for locale `login`.
    at getMessagesOrError (http://localhost:3000/_next/static/chunks/db2ad__pnpm_bc426aec._.js:3637:27)
    at createBaseTranslator (http://localhost:3000/_next/static/chunks/db2ad__pnpm_bc426aec._.js:3642:29)
    at useTranslationsImpl.useMemo[translate] (http://localhost:3000/_next/static/chunks/db2ad__pnpm_bc426aec._.js:4163:378)
    at mountMemo (http://localhost:3000/_next/static/chunks/509c2_next_dist_compiled_react-dom_1698bfa6._.js:5424:25)
    at Object.useMemo (http://localhost:3000/_next/static/chunks/509c2_next_dist_compiled_react-dom_1698bfa6._.js:15003:24)
    at exports.useMemo (http://localhost:3000/_next/static/chunks/509c2_next_dist_compiled_9044104d._.js:1742:36)
    at useTranslationsImpl (http://localhost:3000/_next/static/chunks/db2ad__pnpm_bc426aec._.js:4162:416)
    at useTranslations (http://localhost:3000/_next/static/chunks/db2ad__pnpm_bc426aec._.js:4201:12)
    at http://localhost:3000/_next/static/chunks/db2ad__pnpm_6cafc622._.js:70:20
    at DashboardPage (http://localhost:3000/_next/static/chunks/pi-cwd-20260601_admin-platform_d7a92737._.js:987:432)
    at Object.react_stack_bottom_frame (http://localhost:3000/_next/static/chunks/509c2_next_dist_compiled_react-dom_1698bfa6._.js:14826:24)
    at renderWithHooks (http://localhost:3000/_next/static/chunks/509c2_next_dist_compiled_react-dom_1698bfa6._.js:4651:24)
    at updateFunctionComponent (http://localhost:3000/_next/static/chunks/509c2_next_dist_compiled_react-dom_1698bfa6._.js:6112:21)
    at beginWork (http://localhost:3000/_next/static/chunks/509c2_next_dist_compiled_react-dom_1698bfa6._.js:6708:24)
    at runWithFiberInDEV (http://localhost:3000/_next/static/chunks/509c2_next_dist_compiled_react-dom_1698bfa6._.js:965:74)
    at performUnitOfWork (http://localhost:3000/_next/static/chunks/509c2_next_dist_compiled_react-dom_1698bfa6._.js:9562:97)
    at workLoopConcurrentByScheduler (http://localhost:3000/_next/static/chunks/509c2_next_dist_compiled_react-dom_1698bfa6._.js:9558:58)
    at renderRootConcurrent (http://localhost:3000/_next/static/chunks/509c2_next_dist_compiled_react-dom_1698bfa6._.js:9541:71)
    at performWorkOnRoot (http://localhost:3000/_next/static/chunks/509c2_next_dist_compiled_react-dom_1698bfa6._.js:9068:150)
    at performWorkOnRootViaSchedulerTask (http://localhost:3000/_next/static/chunks/509c2_next_dist_compiled_react-dom_1698bfa6._.js:10230:9)
    at MessagePort.performWorkUntilDeadline (http://localhost:3000/_next/static/chunks/509c2_next_dist_compiled_9044104d._.js:2647:64) @ http://localhost:3000/_next/static/chunks/509c2_next_dist_512df543._.js:3127
[ 2116480ms] [ERROR] IntlError: MISSING_MESSAGE: Could not resolve `modules.dashboard` in messages for locale `login`.
    at getMessagesOrError (http://localhost:3000/_next/static/chunks/db2ad__pnpm_bc426aec._.js:3637:27)
    at createBaseTranslator (http://localhost:3000/_next/static/chunks/db2ad__pnpm_bc426aec._.js:3642:29)
    at useTranslationsImpl.useMemo[translate] (http://localhost:3000/_next/static/chunks/db2ad__pnpm_bc426aec._.js:4163:378)
    at mountMemo (http://localhost:3000/_next/static/chunks/509c2_next_dist_compiled_react-dom_1698bfa6._.js:5424:25)
    at Object.useMemo (http://localhost:3000/_next/static/chunks/509c2_next_dist_compiled_react-dom_1698bfa6._.js:15003:24)
    at exports.useMemo (http://localhost:3000/_next/static/chunks/509c2_next_dist_compiled_9044104d._.js:1742:36)
    at useTranslationsImpl (http://localhost:3000/_next/static/chunks/db2ad__pnpm_bc426aec._.js:4162:416)
    at useTranslations (http://localhost:3000/_next/static/chunks/db2ad__pnpm_bc426aec._.js:4201:12)
    at http://localhost:3000/_next/static/chunks/db2ad__pnpm_6cafc622._.js:70:20
    at DashboardPage (http://localhost:3000/_next/static/chunks/pi-cwd-20260601_admin-platform_d7a92737._.js:987:432)
    at Object.react_stack_bottom_frame (http://localhost:3000/_next/static/chunks/509c2_next_dist_compiled_react-dom_1698bfa6._.js:14826:24)
    at renderWithHooks (http://localhost:3000/_next/static/chunks/509c2_next_dist_compiled_react-dom_1698bfa6._.js:4651:24)
    at updateFunctionComponent (http://localhost:3000/_next/static/chunks/509c2_next_dist_compiled_react-dom_1698bfa6._.js:6112:21)
    at beginWork (http://localhost:3000/_next/static/chunks/509c2_next_dist_compiled_react-dom_1698bfa6._.js:6708:24)
    at runWithFiberInDEV (http://localhost:3000/_next/static/chunks/509c2_next_dist_compiled_react-dom_1698bfa6._.js:965:74)
    at performUnitOfWork (http://localhost:3000/_next/static/chunks/509c2_next_dist_compiled_react-dom_1698bfa6._.js:9562:97)
    at workLoopConcurrentByScheduler (http://localhost:3000/_next/static/chunks/509c2_next_dist_compiled_react-dom_1698bfa6._.js:9558:58)
    at renderRootConcurrent (http://localhost:3000/_next/static/chunks/509c2_next_dist_compiled_react-dom_1698bfa6._.js:9541:71)
    at performWorkOnRoot (http://localhost:3000/_next/static/chunks/509c2_next_dist_compiled_react-dom_1698bfa6._.js:9068:150)
    at performWorkOnRootViaSchedulerTask (http://localhost:3000/_next/static/chunks/509c2_next_dist_compiled_react-dom_1698bfa6._.js:10230:9)
    at MessagePort.performWorkUntilDeadline (http://localhost:3000/_next/static/chunks/509c2_next_dist_compiled_9044104d._.js:2647:64) @ http://localhost:3000/_next/static/chunks/509c2_next_dist_512df543._.js:3127
[ 2116510ms] [ERROR] IntlError: MISSING_MESSAGE: Could not resolve `modules.dashboard` in messages for locale `login`.
    at getMessagesOrError (http://localhost:3000/_next/static/chunks/db2ad__pnpm_bc426aec._.js:3637:27)
    at createBaseTranslator (http://localhost:3000/_next/static/chunks/db2ad__pnpm_bc426aec._.js:3642:29)
    at useTranslationsImpl.useMemo[translate] (http://localhost:3000/_next/static/chunks/db2ad__pnpm_bc426aec._.js:4163:378)
    at mountMemo (http://localhost:3000/_next/static/chunks/509c2_next_dist_compiled_react-dom_1698bfa6._.js:5424:25)
    at Object.useMemo (http://localhost:3000/_next/static/chunks/509c2_next_dist_compiled_react-dom_1698bfa6._.js:15003:24)
    at exports.useMemo (http://localhost:3000/_next/static/chunks/509c2_next_dist_compiled_9044104d._.js:1742:36)
    at useTranslationsImpl (http://localhost:3000/_next/static/chunks/db2ad__pnpm_bc426aec._.js:4162:416)
    at useTranslations (http://localhost:3000/_next/static/chunks/db2ad__pnpm_bc426aec._.js:4201:12)
    at http://localhost:3000/_next/static/chunks/db2ad__pnpm_6cafc622._.js:70:20
    at DashboardPage (http://localhost:3000/_next/static/chunks/pi-cwd-20260601_admin-platform_d7a92737._.js:987:432)
    at Object.react_stack_bottom_frame (http://localhost:3000/_next/static/chunks/509c2_next_dist_compiled_react-dom_1698bfa6._.js:14826:24)
    at renderWithHooks (http://localhost:3000/_next/static/chunks/509c2_next_dist_compiled_react-dom_1698bfa6._.js:4651:24)
    at updateFunctionComponent (http://localhost:3000/_next/static/chunks/509c2_next_dist_compiled_react-dom_1698bfa6._.js:6112:21)
    at beginWork (http://localhost:3000/_next/static/chunks/509c2_next_dist_compiled_react-dom_1698bfa6._.js:6708:24)
    at runWithFiberInDEV (http://localhost:3000/_next/static/chunks/509c2_next_dist_compiled_react-dom_1698bfa6._.js:965:74)
    at performUnitOfWork (http://localhost:3000/_next/static/chunks/509c2_next_dist_compiled_react-dom_1698bfa6._.js:9562:97)
    at workLoopConcurrentByScheduler (http://localhost:3000/_next/static/chunks/509c2_next_dist_compiled_react-dom_1698bfa6._.js:9558:58)
    at renderRootConcurrent (http://localhost:3000/_next/static/chunks/509c2_next_dist_compiled_react-dom_1698bfa6._.js:9541:71)
    at performWorkOnRoot (http://localhost:3000/_next/static/chunks/509c2_next_dist_compiled_react-dom_1698bfa6._.js:9068:150)
    at performWorkOnRootViaSchedulerTask (http://localhost:3000/_next/static/chunks/509c2_next_dist_compiled_react-dom_1698bfa6._.js:10230:9)
    at MessagePort.performWorkUntilDeadline (http://localhost:3000/_next/static/chunks/509c2_next_dist_compiled_9044104d._.js:2647:64) @ http://localhost:3000/_next/static/chunks/509c2_next_dist_512df543._.js:3127
[ 2116511ms] [ERROR] IntlError: MISSING_MESSAGE: Could not resolve `modules.dashboard` in messages for locale `login`.
    at getMessagesOrError (http://localhost:3000/_next/static/chunks/db2ad__pnpm_bc426aec._.js:3637:27)
    at createBaseTranslator (http://localhost:3000/_next/static/chunks/db2ad__pnpm_bc426aec._.js:3642:29)
    at useTranslationsImpl.useMemo[translate] (http://localhost:3000/_next/static/chunks/db2ad__pnpm_bc426aec._.js:4163:378)
    at mountMemo (http://localhost:3000/_next/static/chunks/509c2_next_dist_compiled_react-dom_1698bfa6._.js:5424:25)
    at Object.useMemo (http://localhost:3000/_next/static/chunks/509c2_next_dist_compiled_react-dom_1698bfa6._.js:15003:24)
    at exports.useMemo (http://localhost:3000/_next/static/chunks/509c2_next_dist_compiled_9044104d._.js:1742:36)
    at useTranslationsImpl (http://localhost:3000/_next/static/chunks/db2ad__pnpm_bc426aec._.js:4162:416)
    at useTranslations (http://localhost:3000/_next/static/chunks/db2ad__pnpm_bc426aec._.js:4201:12)
    at http://localhost:3000/_next/static/chunks/db2ad__pnpm_6cafc622._.js:70:20
    at DashboardPage (http://localhost:3000/_next/static/chunks/pi-cwd-20260601_admin-platform_d7a92737._.js:987:432)
    at Object.react_stack_bottom_frame (http://localhost:3000/_next/static/chunks/509c2_next_dist_compiled_react-dom_1698bfa6._.js:14826:24)
    at renderWithHooks (http://localhost:3000/_next/static/chunks/509c2_next_dist_compiled_react-dom_1698bfa6._.js:4651:24)
    at updateFunctionComponent (http://localhost:3000/_next/static/chunks/509c2_next_dist_compiled_react-dom_1698bfa6._.js:6112:21)
    at beginWork (http://localhost:3000/_next/static/chunks/509c2_next_dist_compiled_react-dom_1698bfa6._.js:6708:24)
    at runWithFiberInDEV (http://localhost:3000/_next/static/chunks/509c2_next_dist_compiled_react-dom_1698bfa6._.js:965:74)
    at performUnitOfWork (http://localhost:3000/_next/static/chunks/509c2_next_dist_compiled_react-dom_1698bfa6._.js:9562:97)
    at workLoopConcurrentByScheduler (http://localhost:3000/_next/static/chunks/509c2_next_dist_compiled_react-dom_1698bfa6._.js:9558:58)
    at renderRootConcurrent (http://localhost:3000/_next/static/chunks/509c2_next_dist_compiled_react-dom_1698bfa6._.js:9541:71)
    at performWorkOnRoot (http://localhost:3000/_next/static/chunks/509c2_next_dist_compiled_react-dom_1698bfa6._.js:9068:150)
    at performWorkOnRootViaSchedulerTask (http://localhost:3000/_next/static/chunks/509c2_next_dist_compiled_react-dom_1698bfa6._.js:10230:9)
    at MessagePort.performWorkUntilDeadline (http://localhost:3000/_next/static/chunks/509c2_next_dist_compiled_9044104d._.js:2647:64) @ http://localhost:3000/_next/static/chunks/509c2_next_dist_512df543._.js:3127
[ 2116511ms] [ERROR] IntlError: MISSING_MESSAGE: Could not resolve `modules.dashboard` in messages for locale `login`.
    at getMessagesOrError (http://localhost:3000/_next/static/chunks/db2ad__pnpm_bc426aec._.js:3637:27)
    at createBaseTranslator (http://localhost:3000/_next/static/chunks/db2ad__pnpm_bc426aec._.js:3642:29)
    at useTranslationsImpl.useMemo[translate] (http://localhost:3000/_next/static/chunks/db2ad__pnpm_bc426aec._.js:4163:378)
    at mountMemo (http://localhost:3000/_next/static/chunks/509c2_next_dist_compiled_react-dom_1698bfa6._.js:5424:25)
    at Object.useMemo (http://localhost:3000/_next/static/chunks/509c2_next_dist_compiled_react-dom_1698bfa6._.js:15003:24)
    at exports.useMemo (http://localhost:3000/_next/static/chunks/509c2_next_dist_compiled_9044104d._.js:1742:36)
    at useTranslationsImpl (http://localhost:3000/_next/static/chunks/db2ad__pnpm_bc426aec._.js:4162:416)
    at useTranslations (http://localhost:3000/_next/static/chunks/db2ad__pnpm_bc426aec._.js:4201:12)
    at http://localhost:3000/_next/static/chunks/db2ad__pnpm_6cafc622._.js:70:20
    at DashboardPage (http://localhost:3000/_next/static/chunks/pi-cwd-20260601_admin-platform_d7a92737._.js:987:432)
    at Object.react_stack_bottom_frame (http://localhost:3000/_next/static/chunks/509c2_next_dist_compiled_react-dom_1698bfa6._.js:14826:24)
    at renderWithHooks (http://localhost:3000/_next/static/chunks/509c2_next_dist_compiled_react-dom_1698bfa6._.js:4651:24)
    at updateFunctionComponent (http://localhost:3000/_next/static/chunks/509c2_next_dist_compiled_react-dom_1698bfa6._.js:6112:21)
    at beginWork (http://localhost:3000/_next/static/chunks/509c2_next_dist_compiled_react-dom_1698bfa6._.js:6708:24)
    at runWithFiberInDEV (http://localhost:3000/_next/static/chunks/509c2_next_dist_compiled_react-dom_1698bfa6._.js:965:74)
    at performUnitOfWork (http://localhost:3000/_next/static/chunks/509c2_next_dist_compiled_react-dom_1698bfa6._.js:9562:97)
    at workLoopConcurrentByScheduler (http://localhost:3000/_next/static/chunks/509c2_next_dist_compiled_react-dom_1698bfa6._.js:9558:58)
    at renderRootConcurrent (http://localhost:3000/_next/static/chunks/509c2_next_dist_compiled_react-dom_1698bfa6._.js:9541:71)
    at performWorkOnRoot (http://localhost:3000/_next/static/chunks/509c2_next_dist_compiled_react-dom_1698bfa6._.js:9068:150)
    at performWorkOnRootViaSchedulerTask (http://localhost:3000/_next/static/chunks/509c2_next_dist_compiled_react-dom_1698bfa6._.js:10230:9)
    at MessagePort.performWorkUntilDeadline (http://localhost:3000/_next/static/chunks/509c2_next_dist_compiled_9044104d._.js:2647:64) @ http://localhost:3000/_next/static/chunks/509c2_next_dist_512df543._.js:3127
[ 2116512ms] [ERROR] IntlError: MISSING_MESSAGE: Could not resolve `modules.dashboard` in messages for locale `login`.
    at getMessagesOrError (http://localhost:3000/_next/static/chunks/db2ad__pnpm_bc426aec._.js:3637:27)
    at createBaseTranslator (http://localhost:3000/_next/static/chunks/db2ad__pnpm_bc426aec._.js:3642:29)
    at useTranslationsImpl.useMemo[translate] (http://localhost:3000/_next/static/chunks/db2ad__pnpm_bc426aec._.js:4163:378)
    at mountMemo (http://localhost:3000/_next/static/chunks/509c2_next_dist_compiled_react-dom_1698bfa6._.js:5424:25)
    at Object.useMemo (http://localhost:3000/_next/static/chunks/509c2_next_dist_compiled_react-dom_1698bfa6._.js:15003:24)
    at exports.useMemo (http://localhost:3000/_next/static/chunks/509c2_next_dist_compiled_9044104d._.js:1742:36)
    at useTranslationsImpl (http://localhost:3000/_next/static/chunks/db2ad__pnpm_bc426aec._.js:4162:416)
    at useTranslations (http://localhost:3000/_next/static/chunks/db2ad__pnpm_bc426aec._.js:4201:12)
    at http://localhost:3000/_next/static/chunks/db2ad__pnpm_6cafc622._.js:70:20
    at DashboardPage (http://localhost:3000/_next/static/chunks/pi-cwd-20260601_admin-platform_d7a92737._.js:987:432)
    at Object.react_stack_bottom_frame (http://localhost:3000/_next/static/chunks/509c2_next_dist_compiled_react-dom_1698bfa6._.js:14826:24)
    at renderWithHooks (http://localhost:3000/_next/static/chunks/509c2_next_dist_compiled_react-dom_1698bfa6._.js:4651:24)
    at updateFunctionComponent (http://localhost:3000/_next/static/chunks/509c2_next_dist_compiled_react-dom_1698bfa6._.js:6112:21)
    at beginWork (http://localhost:3000/_next/static/chunks/509c2_next_dist_compiled_react-dom_1698bfa6._.js:6708:24)
    at runWithFiberInDEV (http://localhost:3000/_next/static/chunks/509c2_next_dist_compiled_react-dom_1698bfa6._.js:965:74)
    at performUnitOfWork (http://localhost:3000/_next/static/chunks/509c2_next_dist_compiled_react-dom_1698bfa6._.js:9562:97)
    at workLoopConcurrentByScheduler (http://localhost:3000/_next/static/chunks/509c2_next_dist_compiled_react-dom_1698bfa6._.js:9558:58)
    at renderRootConcurrent (http://localhost:3000/_next/static/chunks/509c2_next_dist_compiled_react-dom_1698bfa6._.js:9541:71)
    at performWorkOnRoot (http://localhost:3000/_next/static/chunks/509c2_next_dist_compiled_react-dom_1698bfa6._.js:9068:150)
    at performWorkOnRootViaSchedulerTask (http://localhost:3000/_next/static/chunks/509c2_next_dist_compiled_react-dom_1698bfa6._.js:10230:9)
    at MessagePort.performWorkUntilDeadline (http://localhost:3000/_next/static/chunks/509c2_next_dist_compiled_9044104d._.js:2647:64) @ http://localhost:3000/_next/static/chunks/509c2_next_dist_512df543._.js:3127
[ 2116512ms] [ERROR] IntlError: MISSING_MESSAGE: Could not resolve `modules.dashboard` in messages for locale `login`.
    at getMessagesOrError (http://localhost:3000/_next/static/chunks/db2ad__pnpm_bc426aec._.js:3637:27)
    at createBaseTranslator (http://localhost:3000/_next/static/chunks/db2ad__pnpm_bc426aec._.js:3642:29)
    at useTranslationsImpl.useMemo[translate] (http://localhost:3000/_next/static/chunks/db2ad__pnpm_bc426aec._.js:4163:378)
    at mountMemo (http://localhost:3000/_next/static/chunks/509c2_next_dist_compiled_react-dom_1698bfa6._.js:5424:25)
    at Object.useMemo (http://localhost:3000/_next/static/chunks/509c2_next_dist_compiled_react-dom_1698bfa6._.js:15003:24)
    at exports.useMemo (http://localhost:3000/_next/static/chunks/509c2_next_dist_compiled_9044104d._.js:1742:36)
    at useTranslationsImpl (http://localhost:3000/_next/static/chunks/db2ad__pnpm_bc426aec._.js:4162:416)
    at useTranslations (http://localhost:3000/_next/static/chunks/db2ad__pnpm_bc426aec._.js:4201:12)
    at http://localhost:3000/_next/static/chunks/db2ad__pnpm_6cafc622._.js:70:20
    at DashboardPage (http://localhost:3000/_next/static/chunks/pi-cwd-20260601_admin-platform_d7a92737._.js:987:432)
    at Object.react_stack_bottom_frame (http://localhost:3000/_next/static/chunks/509c2_next_dist_compiled_react-dom_1698bfa6._.js:14826:24)
    at renderWithHooks (http://localhost:3000/_next/static/chunks/509c2_next_dist_compiled_react-dom_1698bfa6._.js:4651:24)
    at updateFunctionComponent (http://localhost:3000/_next/static/chunks/509c2_next_dist_compiled_react-dom_1698bfa6._.js:6112:21)
    at beginWork (http://localhost:3000/_next/static/chunks/509c2_next_dist_compiled_react-dom_1698bfa6._.js:6708:24)
    at runWithFiberInDEV (http://localhost:3000/_next/static/chunks/509c2_next_dist_compiled_react-dom_1698bfa6._.js:965:74)
    at performUnitOfWork (http://localhost:3000/_next/static/chunks/509c2_next_dist_compiled_react-dom_1698bfa6._.js:9562:97)
    at workLoopConcurrentByScheduler (http://localhost:3000/_next/static/chunks/509c2_next_dist_compiled_react-dom_1698bfa6._.js:9558:58)
    at renderRootConcurrent (http://localhost:3000/_next/static/chunks/509c2_next_dist_compiled_react-dom_1698bfa6._.js:9541:71)
    at performWorkOnRoot (http://localhost:3000/_next/static/chunks/509c2_next_dist_compiled_react-dom_1698bfa6._.js:9068:150)
    at performWorkOnRootViaSchedulerTask (http://localhost:3000/_next/static/chunks/509c2_next_dist_compiled_react-dom_1698bfa6._.js:10230:9)
    at MessagePort.performWorkUntilDeadline (http://localhost:3000/_next/static/chunks/509c2_next_dist_compiled_9044104d._.js:2647:64) @ http://localhost:3000/_next/static/chunks/509c2_next_dist_512df543._.js:3127
[ 2116514ms] [ERROR] IntlError: MISSING_MESSAGE: Could not resolve `modules.dashboard` in messages for locale `login`.
    at getMessagesOrError (http://localhost:3000/_next/static/chunks/db2ad__pnpm_bc426aec._.js:3637:27)
    at createBaseTranslator (http://localhost:3000/_next/static/chunks/db2ad__pnpm_bc426aec._.js:3642:29)
    at useTranslationsImpl.useMemo[translate] (http://localhost:3000/_next/static/chunks/db2ad__pnpm_bc426aec._.js:4163:378)
    at mountMemo (http://localhost:3000/_next/static/chunks/509c2_next_dist_compiled_react-dom_1698bfa6._.js:5424:25)
    at Object.useMemo (http://localhost:3000/_next/static/chunks/509c2_next_dist_compiled_react-dom_1698bfa6._.js:15003:24)
    at exports.useMemo (http://localhost:3000/_next/static/chunks/509c2_next_dist_compiled_9044104d._.js:1742:36)
    at useTranslationsImpl (http://localhost:3000/_next/static/chunks/db2ad__pnpm_bc426aec._.js:4162:416)
    at useTranslations (http://localhost:3000/_next/static/chunks/db2ad__pnpm_bc426aec._.js:4201:12)
    at http://localhost:3000/_next/static/chunks/db2ad__pnpm_6cafc622._.js:70:20
    at DashboardPage (http://localhost:3000/_next/static/chunks/pi-cwd-20260601_admin-platform_d7a92737._.js:987:432)
    at Object.react_stack_bottom_frame (http://localhost:3000/_next/static/chunks/509c2_next_dist_compiled_react-dom_1698bfa6._.js:14826:24)
    at renderWithHooks (http://localhost:3000/_next/static/chunks/509c2_next_dist_compiled_react-dom_1698bfa6._.js:4651:24)
    at updateFunctionComponent (http://localhost:3000/_next/static/chunks/509c2_next_dist_compiled_react-dom_1698bfa6._.js:6112:21)
    at beginWork (http://localhost:3000/_next/static/chunks/509c2_next_dist_compiled_react-dom_1698bfa6._.js:6708:24)
    at runWithFiberInDEV (http://localhost:3000/_next/static/chunks/509c2_next_dist_compiled_react-dom_1698bfa6._.js:965:74)
    at performUnitOfWork (http://localhost:3000/_next/static/chunks/509c2_next_dist_compiled_react-dom_1698bfa6._.js:9562:97)
    at workLoopConcurrentByScheduler (http://localhost:3000/_next/static/chunks/509c2_next_dist_compiled_react-dom_1698bfa6._.js:9558:58)
    at renderRootConcurrent (http://localhost:3000/_next/static/chunks/509c2_next_dist_compiled_react-dom_1698bfa6._.js:9541:71)
    at performWorkOnRoot (http://localhost:3000/_next/static/chunks/509c2_next_dist_compiled_react-dom_1698bfa6._.js:9068:150)
    at performWorkOnRootViaSchedulerTask (http://localhost:3000/_next/static/chunks/509c2_next_dist_compiled_react-dom_1698bfa6._.js:10230:9)
    at MessagePort.performWorkUntilDeadline (http://localhost:3000/_next/static/chunks/509c2_next_dist_compiled_9044104d._.js:2647:64) @ http://localhost:3000/_next/static/chunks/509c2_next_dist_512df543._.js:3127
[ 2116515ms] [ERROR] IntlError: MISSING_MESSAGE: Could not resolve `modules.dashboard` in messages for locale `login`.
    at getMessagesOrError (http://localhost:3000/_next/static/chunks/db2ad__pnpm_bc426aec._.js:3637:27)
    at createBaseTranslator (http://localhost:3000/_next/static/chunks/db2ad__pnpm_bc426aec._.js:3642:29)
    at useTranslationsImpl.useMemo[translate] (http://localhost:3000/_next/static/chunks/db2ad__pnpm_bc426aec._.js:4163:378)
    at mountMemo (http://localhost:3000/_next/static/chunks/509c2_next_dist_compiled_react-dom_1698bfa6._.js:5424:25)
    at Object.useMemo (http://localhost:3000/_next/static/chunks/509c2_next_dist_compiled_react-dom_1698bfa6._.js:15003:24)
    at exports.useMemo (http://localhost:3000/_next/static/chunks/509c2_next_dist_compiled_9044104d._.js:1742:36)
    at useTranslationsImpl (http://localhost:3000/_next/static/chunks/db2ad__pnpm_bc426aec._.js:4162:416)
    at useTranslations (http://localhost:3000/_next/static/chunks/db2ad__pnpm_bc426aec._.js:4201:12)
    at http://localhost:3000/_next/static/chunks/db2ad__pnpm_6cafc622._.js:70:20
    at DashboardPage (http://localhost:3000/_next/static/chunks/pi-cwd-20260601_admin-platform_d7a92737._.js:987:432)
    at Object.react_stack_bottom_frame (http://localhost:3000/_next/static/chunks/509c2_next_dist_compiled_react-dom_1698bfa6._.js:14826:24)
    at renderWithHooks (http://localhost:3000/_next/static/chunks/509c2_next_dist_compiled_react-dom_1698bfa6._.js:4651:24)
    at updateFunctionComponent (http://localhost:3000/_next/static/chunks/509c2_next_dist_compiled_react-dom_1698bfa6._.js:6112:21)
    at beginWork (http://localhost:3000/_next/static/chunks/509c2_next_dist_compiled_react-dom_1698bfa6._.js:6708:24)
    at runWithFiberInDEV (http://localhost:3000/_next/static/chunks/509c2_next_dist_compiled_react-dom_1698bfa6._.js:965:74)
    at performUnitOfWork (http://localhost:3000/_next/static/chunks/509c2_next_dist_compiled_react-dom_1698bfa6._.js:9562:97)
    at workLoopConcurrentByScheduler (http://localhost:3000/_next/static/chunks/509c2_next_dist_compiled_react-dom_1698bfa6._.js:9558:58)
    at renderRootConcurrent (http://localhost:3000/_next/static/chunks/509c2_next_dist_compiled_react-dom_1698bfa6._.js:9541:71)
    at performWorkOnRoot (http://localhost:3000/_next/static/chunks/509c2_next_dist_compiled_react-dom_1698bfa6._.js:9068:150)
    at performWorkOnRootViaSchedulerTask (http://localhost:3000/_next/static/chunks/509c2_next_dist_compiled_react-dom_1698bfa6._.js:10230:9)
    at MessagePort.performWorkUntilDeadline (http://localhost:3000/_next/static/chunks/509c2_next_dist_compiled_9044104d._.js:2647:64) @ http://localhost:3000/_next/static/chunks/509c2_next_dist_512df543._.js:3127
[ 2116515ms] [ERROR] IntlError: MISSING_MESSAGE: Could not resolve `modules.dashboard` in messages for locale `login`.
    at getMessagesOrError (http://localhost:3000/_next/static/chunks/db2ad__pnpm_bc426aec._.js:3637:27)
    at createBaseTranslator (http://localhost:3000/_next/static/chunks/db2ad__pnpm_bc426aec._.js:3642:29)
    at useTranslationsImpl.useMemo[translate] (http://localhost:3000/_next/static/chunks/db2ad__pnpm_bc426aec._.js:4163:378)
    at mountMemo (http://localhost:3000/_next/static/chunks/509c2_next_dist_compiled_react-dom_1698bfa6._.js:5424:25)
    at Object.useMemo (http://localhost:3000/_next/static/chunks/509c2_next_dist_compiled_react-dom_1698bfa6._.js:15003:24)
    at exports.useMemo (http://localhost:3000/_next/static/chunks/509c2_next_dist_compiled_9044104d._.js:1742:36)
    at useTranslationsImpl (http://localhost:3000/_next/static/chunks/db2ad__pnpm_bc426aec._.js:4162:416)
    at useTranslations (http://localhost:3000/_next/static/chunks/db2ad__pnpm_bc426aec._.js:4201:12)
    at http://localhost:3000/_next/static/chunks/db2ad__pnpm_6cafc622._.js:70:20
    at DashboardPage (http://localhost:3000/_next/static/chunks/pi-cwd-20260601_admin-platform_d7a92737._.js:987:432)
    at Object.react_stack_bottom_frame (http://localhost:3000/_next/static/chunks/509c2_next_dist_compiled_react-dom_1698bfa6._.js:14826:24)
    at renderWithHooks (http://localhost:3000/_next/static/chunks/509c2_next_dist_compiled_react-dom_1698bfa6._.js:4651:24)
    at updateFunctionComponent (http://localhost:3000/_next/static/chunks/509c2_next_dist_compiled_react-dom_1698bfa6._.js:6112:21)
    at beginWork (http://localhost:3000/_next/static/chunks/509c2_next_dist_compiled_react-dom_1698bfa6._.js:6708:24)
    at runWithFiberInDEV (http://localhost:3000/_next/static/chunks/509c2_next_dist_compiled_react-dom_1698bfa6._.js:965:74)
    at performUnitOfWork (http://localhost:3000/_next/static/chunks/509c2_next_dist_compiled_react-dom_1698bfa6._.js:9562:97)
    at workLoopConcurrentByScheduler (http://localhost:3000/_next/static/chunks/509c2_next_dist_compiled_react-dom_1698bfa6._.js:9558:58)
    at renderRootConcurrent (http://localhost:3000/_next/static/chunks/509c2_next_dist_compiled_react-dom_1698bfa6._.js:9541:71)
    at performWorkOnRoot (http://localhost:3000/_next/static/chunks/509c2_next_dist_compiled_react-dom_1698bfa6._.js:9068:150)
    at performWorkOnRootViaSchedulerTask (http://localhost:3000/_next/static/chunks/509c2_next_dist_compiled_react-dom_1698bfa6._.js:10230:9)
    at MessagePort.performWorkUntilDeadline (http://localhost:3000/_next/static/chunks/509c2_next_dist_compiled_9044104d._.js:2647:64) @ http://localhost:3000/_next/static/chunks/509c2_next_dist_512df543._.js:3127
[ 2116552ms] [ERROR] IntlError: MISSING_MESSAGE: Could not resolve `modules.dashboard` in messages for locale `login`.
    at getMessagesOrError (http://localhost:3000/_next/static/chunks/db2ad__pnpm_bc426aec._.js:3637:27)
    at createBaseTranslator (http://localhost:3000/_next/static/chunks/db2ad__pnpm_bc426aec._.js:3642:29)
    at useTranslationsImpl.useMemo[translate] (http://localhost:3000/_next/static/chunks/db2ad__pnpm_bc426aec._.js:4163:378)
    at mountMemo (http://localhost:3000/_next/static/chunks/509c2_next_dist_compiled_react-dom_1698bfa6._.js:5424:25)
    at Object.useMemo (http://localhost:3000/_next/static/chunks/509c2_next_dist_compiled_react-dom_1698bfa6._.js:15003:24)
    at exports.useMemo (http://localhost:3000/_next/static/chunks/509c2_next_dist_compiled_9044104d._.js:1742:36)
    at useTranslationsImpl (http://localhost:3000/_next/static/chunks/db2ad__pnpm_bc426aec._.js:4162:416)
    at useTranslations (http://localhost:3000/_next/static/chunks/db2ad__pnpm_bc426aec._.js:4201:12)
    at http://localhost:3000/_next/static/chunks/db2ad__pnpm_6cafc622._.js:70:20
    at DashboardPage (http://localhost:3000/_next/static/chunks/pi-cwd-20260601_admin-platform_d7a92737._.js:987:432)
    at Object.react_stack_bottom_frame (http://localhost:3000/_next/static/chunks/509c2_next_dist_compiled_react-dom_1698bfa6._.js:14826:24)
    at renderWithHooks (http://localhost:3000/_next/static/chunks/509c2_next_dist_compiled_react-dom_1698bfa6._.js:4651:24)
    at updateFunctionComponent (http://localhost:3000/_next/static/chunks/509c2_next_dist_compiled_react-dom_1698bfa6._.js:6112:21)
    at beginWork (http://localhost:3000/_next/static/chunks/509c2_next_dist_compiled_react-dom_1698bfa6._.js:6708:24)
    at runWithFiberInDEV (http://localhost:3000/_next/static/chunks/509c2_next_dist_compiled_react-dom_1698bfa6._.js:965:74)
    at performUnitOfWork (http://localhost:3000/_next/static/chunks/509c2_next_dist_compiled_react-dom_1698bfa6._.js:9562:97)
    at workLoopConcurrentByScheduler (http://localhost:3000/_next/static/chunks/509c2_next_dist_compiled_react-dom_1698bfa6._.js:9558:58)
    at renderRootConcurrent (http://localhost:3000/_next/static/chunks/509c2_next_dist_compiled_react-dom_1698bfa6._.js:9541:71)
    at performWorkOnRoot (http://localhost:3000/_next/static/chunks/509c2_next_dist_compiled_react-dom_1698bfa6._.js:9068:150)
    at performWorkOnRootViaSchedulerTask (http://localhost:3000/_next/static/chunks/509c2_next_dist_compiled_react-dom_1698bfa6._.js:10230:9)
    at MessagePort.performWorkUntilDeadline (http://localhost:3000/_next/static/chunks/509c2_next_dist_compiled_9044104d._.js:2647:64) @ http://localhost:3000/_next/static/chunks/509c2_next_dist_512df543._.js:3127
[ 2116556ms] [ERROR] IntlError: MISSING_MESSAGE: Could not resolve `modules.dashboard` in messages for locale `login`.
    at getMessagesOrError (http://localhost:3000/_next/static/chunks/db2ad__pnpm_bc426aec._.js:3637:27)
    at createBaseTranslator (http://localhost:3000/_next/static/chunks/db2ad__pnpm_bc426aec._.js:3642:29)
    at useTranslationsImpl.useMemo[translate] (http://localhost:3000/_next/static/chunks/db2ad__pnpm_bc426aec._.js:4163:378)
    at mountMemo (http://localhost:3000/_next/static/chunks/509c2_next_dist_compiled_react-dom_1698bfa6._.js:5424:25)
    at Object.useMemo (http://localhost:3000/_next/static/chunks/509c2_next_dist_compiled_react-dom_1698bfa6._.js:15003:24)
    at exports.useMemo (http://localhost:3000/_next/static/chunks/509c2_next_dist_compiled_9044104d._.js:1742:36)
    at useTranslationsImpl (http://localhost:3000/_next/static/chunks/db2ad__pnpm_bc426aec._.js:4162:416)
    at useTranslations (http://localhost:3000/_next/static/chunks/db2ad__pnpm_bc426aec._.js:4201:12)
    at http://localhost:3000/_next/static/chunks/db2ad__pnpm_6cafc622._.js:70:20
    at DashboardPage (http://localhost:3000/_next/static/chunks/pi-cwd-20260601_admin-platform_d7a92737._.js:987:432)
    at Object.react_stack_bottom_frame (http://localhost:3000/_next/static/chunks/509c2_next_dist_compiled_react-dom_1698bfa6._.js:14826:24)
    at renderWithHooks (http://localhost:3000/_next/static/chunks/509c2_next_dist_compiled_react-dom_1698bfa6._.js:4651:24)
    at updateFunctionComponent (http://localhost:3000/_next/static/chunks/509c2_next_dist_compiled_react-dom_1698bfa6._.js:6112:21)
    at beginWork (http://localhost:3000/_next/static/chunks/509c2_next_dist_compiled_react-dom_1698bfa6._.js:6708:24)
    at runWithFiberInDEV (http://localhost:3000/_next/static/chunks/509c2_next_dist_compiled_react-dom_1698bfa6._.js:965:74)
    at performUnitOfWork (http://localhost:3000/_next/static/chunks/509c2_next_dist_compiled_react-dom_1698bfa6._.js:9562:97)
    at workLoopConcurrentByScheduler (http://localhost:3000/_next/static/chunks/509c2_next_dist_compiled_react-dom_1698bfa6._.js:9558:58)
    at renderRootConcurrent (http://localhost:3000/_next/static/chunks/509c2_next_dist_compiled_react-dom_1698bfa6._.js:9541:71)
    at performWorkOnRoot (http://localhost:3000/_next/static/chunks/509c2_next_dist_compiled_react-dom_1698bfa6._.js:9068:150)
    at performWorkOnRootViaSchedulerTask (http://localhost:3000/_next/static/chunks/509c2_next_dist_compiled_react-dom_1698bfa6._.js:10230:9)
    at MessagePort.performWorkUntilDeadline (http://localhost:3000/_next/static/chunks/509c2_next_dist_compiled_9044104d._.js:2647:64) @ http://localhost:3000/_next/static/chunks/509c2_next_dist_512df543._.js:3127
[ 2116558ms] [ERROR] IntlError: MISSING_MESSAGE: Could not resolve `modules.dashboard` in messages for locale `login`.
    at getMessagesOrError (http://localhost:3000/_next/static/chunks/db2ad__pnpm_bc426aec._.js:3637:27)
    at createBaseTranslator (http://localhost:3000/_next/static/chunks/db2ad__pnpm_bc426aec._.js:3642:29)
    at useTranslationsImpl.useMemo[translate] (http://localhost:3000/_next/static/chunks/db2ad__pnpm_bc426aec._.js:4163:378)
    at mountMemo (http://localhost:3000/_next/static/chunks/509c2_next_dist_compiled_react-dom_1698bfa6._.js:5424:25)
    at Object.useMemo (http://localhost:3000/_next/static/chunks/509c2_next_dist_compiled_react-dom_1698bfa6._.js:15003:24)
    at exports.useMemo (http://localhost:3000/_next/static/chunks/509c2_next_dist_compiled_9044104d._.js:1742:36)
    at useTranslationsImpl (http://localhost:3000/_next/static/chunks/db2ad__pnpm_bc426aec._.js:4162:416)
    at useTranslations (http://localhost:3000/_next/static/chunks/db2ad__pnpm_bc426aec._.js:4201:12)
    at http://localhost:3000/_next/static/chunks/db2ad__pnpm_6cafc622._.js:70:20
    at DashboardPage (http://localhost:3000/_next/static/chunks/pi-cwd-20260601_admin-platform_d7a92737._.js:987:432)
    at Object.react_stack_bottom_frame (http://localhost:3000/_next/static/chunks/509c2_next_dist_compiled_react-dom_1698bfa6._.js:14826:24)
    at renderWithHooks (http://localhost:3000/_next/static/chunks/509c2_next_dist_compiled_react-dom_1698bfa6._.js:4651:24)
    at updateFunctionComponent (http://localhost:3000/_next/static/chunks/509c2_next_dist_compiled_react-dom_1698bfa6._.js:6112:21)
    at beginWork (http://localhost:3000/_next/static/chunks/509c2_next_dist_compiled_react-dom_1698bfa6._.js:6708:24)
    at runWithFiberInDEV (http://localhost:3000/_next/static/chunks/509c2_next_dist_compiled_react-dom_1698bfa6._.js:965:74)
    at performUnitOfWork (http://localhost:3000/_next/static/chunks/509c2_next_dist_compiled_react-dom_1698bfa6._.js:9562:97)
    at workLoopConcurrentByScheduler (http://localhost:3000/_next/static/chunks/509c2_next_dist_compiled_react-dom_1698bfa6._.js:9558:58)
    at renderRootConcurrent (http://localhost:3000/_next/static/chunks/509c2_next_dist_compiled_react-dom_1698bfa6._.js:9541:71)
    at performWorkOnRoot (http://localhost:3000/_next/static/chunks/509c2_next_dist_compiled_react-dom_1698bfa6._.js:9068:150)
    at performWorkOnRootViaSchedulerTask (http://localhost:3000/_next/static/chunks/509c2_next_dist_compiled_react-dom_1698bfa6._.js:10230:9)
    at MessagePort.performWorkUntilDeadline (http://localhost:3000/_next/static/chunks/509c2_next_dist_compiled_9044104d._.js:2647:64) @ http://localhost:3000/_next/static/chunks/509c2_next_dist_512df543._.js:3127
[ 2116560ms] [ERROR] IntlError: MISSING_MESSAGE: Could not resolve `modules.dashboard` in messages for locale `login`.
    at getMessagesOrError (http://localhost:3000/_next/static/chunks/db2ad__pnpm_bc426aec._.js:3637:27)
    at createBaseTranslator (http://localhost:3000/_next/static/chunks/db2ad__pnpm_bc426aec._.js:3642:29)
    at useTranslationsImpl.useMemo[translate] (http://localhost:3000/_next/static/chunks/db2ad__pnpm_bc426aec._.js:4163:378)
    at mountMemo (http://localhost:3000/_next/static/chunks/509c2_next_dist_compiled_react-dom_1698bfa6._.js:5424:25)
    at Object.useMemo (http://localhost:3000/_next/static/chunks/509c2_next_dist_compiled_react-dom_1698bfa6._.js:15003:24)
    at exports.useMemo (http://localhost:3000/_next/static/chunks/509c2_next_dist_compiled_9044104d._.js:1742:36)
    at useTranslationsImpl (http://localhost:3000/_next/static/chunks/db2ad__pnpm_bc426aec._.js:4162:416)
    at useTranslations (http://localhost:3000/_next/static/chunks/db2ad__pnpm_bc426aec._.js:4201:12)
    at http://localhost:3000/_next/static/chunks/db2ad__pnpm_6cafc622._.js:70:20
    at DashboardPage (http://localhost:3000/_next/static/chunks/pi-cwd-20260601_admin-platform_d7a92737._.js:987:432)
    at Object.react_stack_bottom_frame (http://localhost:3000/_next/static/chunks/509c2_next_dist_compiled_react-dom_1698bfa6._.js:14826:24)
    at renderWithHooks (http://localhost:3000/_next/static/chunks/509c2_next_dist_compiled_react-dom_1698bfa6._.js:4651:24)
    at updateFunctionComponent (http://localhost:3000/_next/static/chunks/509c2_next_dist_compiled_react-dom_1698bfa6._.js:6112:21)
    at beginWork (http://localhost:3000/_next/static/chunks/509c2_next_dist_compiled_react-dom_1698bfa6._.js:6708:24)
    at runWithFiberInDEV (http://localhost:3000/_next/static/chunks/509c2_next_dist_compiled_react-dom_1698bfa6._.js:965:74)
    at performUnitOfWork (http://localhost:3000/_next/static/chunks/509c2_next_dist_compiled_react-dom_1698bfa6._.js:9562:97)
    at workLoopConcurrentByScheduler (http://localhost:3000/_next/static/chunks/509c2_next_dist_compiled_react-dom_1698bfa6._.js:9558:58)
    at renderRootConcurrent (http://localhost:3000/_next/static/chunks/509c2_next_dist_compiled_react-dom_1698bfa6._.js:9541:71)
    at performWorkOnRoot (http://localhost:3000/_next/static/chunks/509c2_next_dist_compiled_react-dom_1698bfa6._.js:9068:150)
    at performWorkOnRootViaSchedulerTask (http://localhost:3000/_next/static/chunks/509c2_next_dist_compiled_react-dom_1698bfa6._.js:10230:9)
    at MessagePort.performWorkUntilDeadline (http://localhost:3000/_next/static/chunks/509c2_next_dist_compiled_9044104d._.js:2647:64) @ http://localhost:3000/_next/static/chunks/509c2_next_dist_512df543._.js:3127
[ 2116565ms] [ERROR] IntlError: MISSING_MESSAGE: Could not resolve `modules.dashboard` in messages for locale `login`.
    at getMessagesOrError (http://localhost:3000/_next/static/chunks/db2ad__pnpm_bc426aec._.js:3637:27)
    at createBaseTranslator (http://localhost:3000/_next/static/chunks/db2ad__pnpm_bc426aec._.js:3642:29)
    at useTranslationsImpl.useMemo[translate] (http://localhost:3000/_next/static/chunks/db2ad__pnpm_bc426aec._.js:4163:378)
    at mountMemo (http://localhost:3000/_next/static/chunks/509c2_next_dist_compiled_react-dom_1698bfa6._.js:5424:25)
    at Object.useMemo (http://localhost:3000/_next/static/chunks/509c2_next_dist_compiled_react-dom_1698bfa6._.js:15003:24)
    at exports.useMemo (http://localhost:3000/_next/static/chunks/509c2_next_dist_compiled_9044104d._.js:1742:36)
    at useTranslationsImpl (http://localhost:3000/_next/static/chunks/db2ad__pnpm_bc426aec._.js:4162:416)
    at useTranslations (http://localhost:3000/_next/static/chunks/db2ad__pnpm_bc426aec._.js:4201:12)
    at http://localhost:3000/_next/static/chunks/db2ad__pnpm_6cafc622._.js:70:20
    at DashboardPage (http://localhost:3000/_next/static/chunks/pi-cwd-20260601_admin-platform_d7a92737._.js:987:432)
    at Object.react_stack_bottom_frame (http://localhost:3000/_next/static/chunks/509c2_next_dist_compiled_react-dom_1698bfa6._.js:14826:24)
    at renderWithHooks (http://localhost:3000/_next/static/chunks/509c2_next_dist_compiled_react-dom_1698bfa6._.js:4651:24)
    at updateFunctionComponent (http://localhost:3000/_next/static/chunks/509c2_next_dist_compiled_react-dom_1698bfa6._.js:6112:21)
    at beginWork (http://localhost:3000/_next/static/chunks/509c2_next_dist_compiled_react-dom_1698bfa6._.js:6708:24)
    at runWithFiberInDEV (http://localhost:3000/_next/static/chunks/509c2_next_dist_compiled_react-dom_1698bfa6._.js:965:74)
    at performUnitOfWork (http://localhost:3000/_next/static/chunks/509c2_next_dist_compiled_react-dom_1698bfa6._.js:9562:97)
    at workLoopConcurrentByScheduler (http://localhost:3000/_next/static/chunks/509c2_next_dist_compiled_react-dom_1698bfa6._.js:9558:58)
    at renderRootConcurrent (http://localhost:3000/_next/static/chunks/509c2_next_dist_compiled_react-dom_1698bfa6._.js:9541:71)
    at performWorkOnRoot (http://localhost:3000/_next/static/chunks/509c2_next_dist_compiled_react-dom_1698bfa6._.js:9068:150)
    at performWorkOnRootViaSchedulerTask (http://localhost:3000/_next/static/chunks/509c2_next_dist_compiled_react-dom_1698bfa6._.js:10230:9)
    at MessagePort.performWorkUntilDeadline (http://localhost:3000/_next/static/chunks/509c2_next_dist_compiled_9044104d._.js:2647:64) @ http://localhost:3000/_next/static/chunks/509c2_next_dist_512df543._.js:3127
[ 2116566ms] [ERROR] IntlError: MISSING_MESSAGE: Could not resolve `modules.dashboard` in messages for locale `login`.
    at getMessagesOrError (http://localhost:3000/_next/static/chunks/db2ad__pnpm_bc426aec._.js:3637:27)
    at createBaseTranslator (http://localhost:3000/_next/static/chunks/db2ad__pnpm_bc426aec._.js:3642:29)
    at useTranslationsImpl.useMemo[translate] (http://localhost:3000/_next/static/chunks/db2ad__pnpm_bc426aec._.js:4163:378)
    at mountMemo (http://localhost:3000/_next/static/chunks/509c2_next_dist_compiled_react-dom_1698bfa6._.js:5424:25)
    at Object.useMemo (http://localhost:3000/_next/static/chunks/509c2_next_dist_compiled_react-dom_1698bfa6._.js:15003:24)
    at exports.useMemo (http://localhost:3000/_next/static/chunks/509c2_next_dist_compiled_9044104d._.js:1742:36)
    at useTranslationsImpl (http://localhost:3000/_next/static/chunks/db2ad__pnpm_bc426aec._.js:4162:416)
    at useTranslations (http://localhost:3000/_next/static/chunks/db2ad__pnpm_bc426aec._.js:4201:12)
    at http://localhost:3000/_next/static/chunks/db2ad__pnpm_6cafc622._.js:70:20
    at DashboardPage (http://localhost:3000/_next/static/chunks/pi-cwd-20260601_admin-platform_d7a92737._.js:987:432)
    at Object.react_stack_bottom_frame (http://localhost:3000/_next/static/chunks/509c2_next_dist_compiled_react-dom_1698bfa6._.js:14826:24)
    at renderWithHooks (http://localhost:3000/_next/static/chunks/509c2_next_dist_compiled_react-dom_1698bfa6._.js:4651:24)
    at updateFunctionComponent (http://localhost:3000/_next/static/chunks/509c2_next_dist_compiled_react-dom_1698bfa6._.js:6112:21)
    at beginWork (http://localhost:3000/_next/static/chunks/509c2_next_dist_compiled_react-dom_1698bfa6._.js:6708:24)
    at runWithFiberInDEV (http://localhost:3000/_next/static/chunks/509c2_next_dist_compiled_react-dom_1698bfa6._.js:965:74)
    at performUnitOfWork (http://localhost:3000/_next/static/chunks/509c2_next_dist_compiled_react-dom_1698bfa6._.js:9562:97)
    at workLoopConcurrentByScheduler (http://localhost:3000/_next/static/chunks/509c2_next_dist_compiled_react-dom_1698bfa6._.js:9558:58)
    at renderRootConcurrent (http://localhost:3000/_next/static/chunks/509c2_next_dist_compiled_react-dom_1698bfa6._.js:9541:71)
    at performWorkOnRoot (http://localhost:3000/_next/static/chunks/509c2_next_dist_compiled_react-dom_1698bfa6._.js:9068:150)
    at performWorkOnRootViaSchedulerTask (http://localhost:3000/_next/static/chunks/509c2_next_dist_compiled_react-dom_1698bfa6._.js:10230:9)
    at MessagePort.performWorkUntilDeadline (http://localhost:3000/_next/static/chunks/509c2_next_dist_compiled_9044104d._.js:2647:64) @ http://localhost:3000/_next/static/chunks/509c2_next_dist_512df543._.js:3127
[ 2116568ms] [ERROR] IntlError: MISSING_MESSAGE: Could not resolve `modules.dashboard` in messages for locale `login`.
    at getMessagesOrError (http://localhost:3000/_next/static/chunks/db2ad__pnpm_bc426aec._.js:3637:27)
    at createBaseTranslator (http://localhost:3000/_next/static/chunks/db2ad__pnpm_bc426aec._.js:3642:29)
    at useTranslationsImpl.useMemo[translate] (http://localhost:3000/_next/static/chunks/db2ad__pnpm_bc426aec._.js:4163:378)
    at mountMemo (http://localhost:3000/_next/static/chunks/509c2_next_dist_compiled_react-dom_1698bfa6._.js:5424:25)
    at Object.useMemo (http://localhost:3000/_next/static/chunks/509c2_next_dist_compiled_react-dom_1698bfa6._.js:15003:24)
    at exports.useMemo (http://localhost:3000/_next/static/chunks/509c2_next_dist_compiled_9044104d._.js:1742:36)
    at useTranslationsImpl (http://localhost:3000/_next/static/chunks/db2ad__pnpm_bc426aec._.js:4162:416)
    at useTranslations (http://localhost:3000/_next/static/chunks/db2ad__pnpm_bc426aec._.js:4201:12)
    at http://localhost:3000/_next/static/chunks/db2ad__pnpm_6cafc622._.js:70:20
    at DashboardPage (http://localhost:3000/_next/static/chunks/pi-cwd-20260601_admin-platform_d7a92737._.js:987:432)
    at Object.react_stack_bottom_frame (http://localhost:3000/_next/static/chunks/509c2_next_dist_compiled_react-dom_1698bfa6._.js:14826:24)
    at renderWithHooks (http://localhost:3000/_next/static/chunks/509c2_next_dist_compiled_react-dom_1698bfa6._.js:4651:24)
    at updateFunctionComponent (http://localhost:3000/_next/static/chunks/509c2_next_dist_compiled_react-dom_1698bfa6._.js:6112:21)
    at beginWork (http://localhost:3000/_next/static/chunks/509c2_next_dist_compiled_react-dom_1698bfa6._.js:6708:24)
    at runWithFiberInDEV (http://localhost:3000/_next/static/chunks/509c2_next_dist_compiled_react-dom_1698bfa6._.js:965:74)
    at performUnitOfWork (http://localhost:3000/_next/static/chunks/509c2_next_dist_compiled_react-dom_1698bfa6._.js:9562:97)
    at workLoopConcurrentByScheduler (http://localhost:3000/_next/static/chunks/509c2_next_dist_compiled_react-dom_1698bfa6._.js:9558:58)
    at renderRootConcurrent (http://localhost:3000/_next/static/chunks/509c2_next_dist_compiled_react-dom_1698bfa6._.js:9541:71)
    at performWorkOnRoot (http://localhost:3000/_next/static/chunks/509c2_next_dist_compiled_react-dom_1698bfa6._.js:9068:150)
    at performWorkOnRootViaSchedulerTask (http://localhost:3000/_next/static/chunks/509c2_next_dist_compiled_react-dom_1698bfa6._.js:10230:9)
    at MessagePort.performWorkUntilDeadline (http://localhost:3000/_next/static/chunks/509c2_next_dist_compiled_9044104d._.js:2647:64) @ http://localhost:3000/_next/static/chunks/509c2_next_dist_512df543._.js:3127
[ 2116571ms] [ERROR] IntlError: MISSING_MESSAGE: Could not resolve `modules.dashboard` in messages for locale `login`.
    at getMessagesOrError (http://localhost:3000/_next/static/chunks/db2ad__pnpm_bc426aec._.js:3637:27)
    at createBaseTranslator (http://localhost:3000/_next/static/chunks/db2ad__pnpm_bc426aec._.js:3642:29)
    at useTranslationsImpl.useMemo[translate] (http://localhost:3000/_next/static/chunks/db2ad__pnpm_bc426aec._.js:4163:378)
    at mountMemo (http://localhost:3000/_next/static/chunks/509c2_next_dist_compiled_react-dom_1698bfa6._.js:5424:25)
    at Object.useMemo (http://localhost:3000/_next/static/chunks/509c2_next_dist_compiled_react-dom_1698bfa6._.js:15003:24)
    at exports.useMemo (http://localhost:3000/_next/static/chunks/509c2_next_dist_compiled_9044104d._.js:1742:36)
    at useTranslationsImpl (http://localhost:3000/_next/static/chunks/db2ad__pnpm_bc426aec._.js:4162:416)
    at useTranslations (http://localhost:3000/_next/static/chunks/db2ad__pnpm_bc426aec._.js:4201:12)
    at http://localhost:3000/_next/static/chunks/db2ad__pnpm_6cafc622._.js:70:20
    at DashboardPage (http://localhost:3000/_next/static/chunks/pi-cwd-20260601_admin-platform_d7a92737._.js:987:432)
    at Object.react_stack_bottom_frame (http://localhost:3000/_next/static/chunks/509c2_next_dist_compiled_react-dom_1698bfa6._.js:14826:24)
    at renderWithHooks (http://localhost:3000/_next/static/chunks/509c2_next_dist_compiled_react-dom_1698bfa6._.js:4651:24)
    at updateFunctionComponent (http://localhost:3000/_next/static/chunks/509c2_next_dist_compiled_react-dom_1698bfa6._.js:6112:21)
    at beginWork (http://localhost:3000/_next/static/chunks/509c2_next_dist_compiled_react-dom_1698bfa6._.js:6708:24)
    at runWithFiberInDEV (http://localhost:3000/_next/static/chunks/509c2_next_dist_compiled_react-dom_1698bfa6._.js:965:74)
    at performUnitOfWork (http://localhost:3000/_next/static/chunks/509c2_next_dist_compiled_react-dom_1698bfa6._.js:9562:97)
    at workLoopConcurrentByScheduler (http://localhost:3000/_next/static/chunks/509c2_next_dist_compiled_react-dom_1698bfa6._.js:9558:58)
    at renderRootConcurrent (http://localhost:3000/_next/static/chunks/509c2_next_dist_compiled_react-dom_1698bfa6._.js:9541:71)
    at performWorkOnRoot (http://localhost:3000/_next/static/chunks/509c2_next_dist_compiled_react-dom_1698bfa6._.js:9068:150)
    at performWorkOnRootViaSchedulerTask (http://localhost:3000/_next/static/chunks/509c2_next_dist_compiled_react-dom_1698bfa6._.js:10230:9)
    at MessagePort.performWorkUntilDeadline (http://localhost:3000/_next/static/chunks/509c2_next_dist_compiled_9044104d._.js:2647:64) @ http://localhost:3000/_next/static/chunks/509c2_next_dist_512df543._.js:3127
[ 2119847ms] [WARNING] The resource http://localhost:3000/_next/static/chunks/%5Broot-of-the-server%5D__e4da2690._.css was preloaded using link preload but not used within a few seconds from the window's load event. Please make sure it has an appropriate `as` value and it is preloaded intentionally. @ http://localhost:3000/login:0
[ 2128774ms] [WARNING] The resource http://localhost:3000/_next/static/chunks/%5Broot-of-the-server%5D__e4da2690._.css was preloaded using link preload but not used within a few seconds from the window's load event. Please make sure it has an appropriate `as` value and it is preloaded intentionally. @ http://localhost:3000/login:0
[ 2132838ms] [ERROR] IntlError: MISSING_MESSAGE: Could not resolve `modules.dashboard` in messages for locale `login`.
    at getMessagesOrError (http://localhost:3000/_next/static/chunks/db2ad__pnpm_bc426aec._.js:3637:27)
    at createBaseTranslator (http://localhost:3000/_next/static/chunks/db2ad__pnpm_bc426aec._.js:3642:29)
    at useTranslationsImpl.useMemo[translate] (http://localhost:3000/_next/static/chunks/db2ad__pnpm_bc426aec._.js:4163:378)
    at mountMemo (http://localhost:3000/_next/static/chunks/509c2_next_dist_compiled_react-dom_1698bfa6._.js:5424:25)
    at Object.useMemo (http://localhost:3000/_next/static/chunks/509c2_next_dist_compiled_react-dom_1698bfa6._.js:15003:24)
    at exports.useMemo (http://localhost:3000/_next/static/chunks/509c2_next_dist_compiled_9044104d._.js:1742:36)
    at useTranslationsImpl (http://localhost:3000/_next/static/chunks/db2ad__pnpm_bc426aec._.js:4162:416)
    at useTranslations (http://localhost:3000/_next/static/chunks/db2ad__pnpm_bc426aec._.js:4201:12)
    at http://localhost:3000/_next/static/chunks/db2ad__pnpm_6cafc622._.js:70:20
    at DashboardPage (http://localhost:3000/_next/static/chunks/pi-cwd-20260601_admin-platform_d7a92737._.js:987:432)
    at Object.react_stack_bottom_frame (http://localhost:3000/_next/static/chunks/509c2_next_dist_compiled_react-dom_1698bfa6._.js:14826:24)
    at renderWithHooks (http://localhost:3000/_next/static/chunks/509c2_next_dist_compiled_react-dom_1698bfa6._.js:4651:24)
    at updateFunctionComponent (http://localhost:3000/_next/static/chunks/509c2_next_dist_compiled_react-dom_1698bfa6._.js:6112:21)
    at beginWork (http://localhost:3000/_next/static/chunks/509c2_next_dist_compiled_react-dom_1698bfa6._.js:6708:24)
    at runWithFiberInDEV (http://localhost:3000/_next/static/chunks/509c2_next_dist_compiled_react-dom_1698bfa6._.js:965:74)
    at performUnitOfWork (http://localhost:3000/_next/static/chunks/509c2_next_dist_compiled_react-dom_1698bfa6._.js:9562:97)
    at workLoopConcurrentByScheduler (http://localhost:3000/_next/static/chunks/509c2_next_dist_compiled_react-dom_1698bfa6._.js:9558:58)
    at renderRootConcurrent (http://localhost:3000/_next/static/chunks/509c2_next_dist_compiled_react-dom_1698bfa6._.js:9541:71)
    at performWorkOnRoot (http://localhost:3000/_next/static/chunks/509c2_next_dist_compiled_react-dom_1698bfa6._.js:9068:150)
    at performWorkOnRootViaSchedulerTask (http://localhost:3000/_next/static/chunks/509c2_next_dist_compiled_react-dom_1698bfa6._.js:10230:9)
    at MessagePort.performWorkUntilDeadline (http://localhost:3000/_next/static/chunks/509c2_next_dist_compiled_9044104d._.js:2647:64) @ http://localhost:3000/_next/static/chunks/509c2_next_dist_512df543._.js:3127
[ 2132838ms] [ERROR] IntlError: MISSING_MESSAGE: Could not resolve `modules.dashboard` in messages for locale `login`.
    at getMessagesOrError (http://localhost:3000/_next/static/chunks/db2ad__pnpm_bc426aec._.js:3637:27)
    at createBaseTranslator (http://localhost:3000/_next/static/chunks/db2ad__pnpm_bc426aec._.js:3642:29)
    at useTranslationsImpl.useMemo[translate] (http://localhost:3000/_next/static/chunks/db2ad__pnpm_bc426aec._.js:4163:378)
    at mountMemo (http://localhost:3000/_next/static/chunks/509c2_next_dist_compiled_react-dom_1698bfa6._.js:5424:25)
    at Object.useMemo (http://localhost:3000/_next/static/chunks/509c2_next_dist_compiled_react-dom_1698bfa6._.js:15003:24)
    at exports.useMemo (http://localhost:3000/_next/static/chunks/509c2_next_dist_compiled_9044104d._.js:1742:36)
    at useTranslationsImpl (http://localhost:3000/_next/static/chunks/db2ad__pnpm_bc426aec._.js:4162:416)
    at useTranslations (http://localhost:3000/_next/static/chunks/db2ad__pnpm_bc426aec._.js:4201:12)
    at http://localhost:3000/_next/static/chunks/db2ad__pnpm_6cafc622._.js:70:20
    at DashboardPage (http://localhost:3000/_next/static/chunks/pi-cwd-20260601_admin-platform_d7a92737._.js:987:432)
    at Object.react_stack_bottom_frame (http://localhost:3000/_next/static/chunks/509c2_next_dist_compiled_react-dom_1698bfa6._.js:14826:24)
    at renderWithHooks (http://localhost:3000/_next/static/chunks/509c2_next_dist_compiled_react-dom_1698bfa6._.js:4651:24)
    at updateFunctionComponent (http://localhost:3000/_next/static/chunks/509c2_next_dist_compiled_react-dom_1698bfa6._.js:6112:21)
    at beginWork (http://localhost:3000/_next/static/chunks/509c2_next_dist_compiled_react-dom_1698bfa6._.js:6708:24)
    at runWithFiberInDEV (http://localhost:3000/_next/static/chunks/509c2_next_dist_compiled_react-dom_1698bfa6._.js:965:74)
    at performUnitOfWork (http://localhost:3000/_next/static/chunks/509c2_next_dist_compiled_react-dom_1698bfa6._.js:9562:97)
    at workLoopConcurrentByScheduler (http://localhost:3000/_next/static/chunks/509c2_next_dist_compiled_react-dom_1698bfa6._.js:9558:58)
    at renderRootConcurrent (http://localhost:3000/_next/static/chunks/509c2_next_dist_compiled_react-dom_1698bfa6._.js:9541:71)
    at performWorkOnRoot (http://localhost:3000/_next/static/chunks/509c2_next_dist_compiled_react-dom_1698bfa6._.js:9068:150)
    at performWorkOnRootViaSchedulerTask (http://localhost:3000/_next/static/chunks/509c2_next_dist_compiled_react-dom_1698bfa6._.js:10230:9)
    at MessagePort.performWorkUntilDeadline (http://localhost:3000/_next/static/chunks/509c2_next_dist_compiled_9044104d._.js:2647:64) @ http://localhost:3000/_next/static/chunks/509c2_next_dist_512df543._.js:3127
[ 2132839ms] [ERROR] IntlError: MISSING_MESSAGE: Could not resolve `modules.dashboard` in messages for locale `login`.
    at getMessagesOrError (http://localhost:3000/_next/static/chunks/db2ad__pnpm_bc426aec._.js:3637:27)
    at createBaseTranslator (http://localhost:3000/_next/static/chunks/db2ad__pnpm_bc426aec._.js:3642:29)
    at useTranslationsImpl.useMemo[translate] (http://localhost:3000/_next/static/chunks/db2ad__pnpm_bc426aec._.js:4163:378)
    at mountMemo (http://localhost:3000/_next/static/chunks/509c2_next_dist_compiled_react-dom_1698bfa6._.js:5424:25)
    at Object.useMemo (http://localhost:3000/_next/static/chunks/509c2_next_dist_compiled_react-dom_1698bfa6._.js:15003:24)
    at exports.useMemo (http://localhost:3000/_next/static/chunks/509c2_next_dist_compiled_9044104d._.js:1742:36)
    at useTranslationsImpl (http://localhost:3000/_next/static/chunks/db2ad__pnpm_bc426aec._.js:4162:416)
    at useTranslations (http://localhost:3000/_next/static/chunks/db2ad__pnpm_bc426aec._.js:4201:12)
    at http://localhost:3000/_next/static/chunks/db2ad__pnpm_6cafc622._.js:70:20
    at DashboardPage (http://localhost:3000/_next/static/chunks/pi-cwd-20260601_admin-platform_d7a92737._.js:987:432)
    at Object.react_stack_bottom_frame (http://localhost:3000/_next/static/chunks/509c2_next_dist_compiled_react-dom_1698bfa6._.js:14826:24)
    at renderWithHooks (http://localhost:3000/_next/static/chunks/509c2_next_dist_compiled_react-dom_1698bfa6._.js:4651:24)
    at updateFunctionComponent (http://localhost:3000/_next/static/chunks/509c2_next_dist_compiled_react-dom_1698bfa6._.js:6112:21)
    at beginWork (http://localhost:3000/_next/static/chunks/509c2_next_dist_compiled_react-dom_1698bfa6._.js:6708:24)
    at runWithFiberInDEV (http://localhost:3000/_next/static/chunks/509c2_next_dist_compiled_react-dom_1698bfa6._.js:965:74)
    at performUnitOfWork (http://localhost:3000/_next/static/chunks/509c2_next_dist_compiled_react-dom_1698bfa6._.js:9562:97)
    at workLoopConcurrentByScheduler (http://localhost:3000/_next/static/chunks/509c2_next_dist_compiled_react-dom_1698bfa6._.js:9558:58)
    at renderRootConcurrent (http://localhost:3000/_next/static/chunks/509c2_next_dist_compiled_react-dom_1698bfa6._.js:9541:71)
    at performWorkOnRoot (http://localhost:3000/_next/static/chunks/509c2_next_dist_compiled_react-dom_1698bfa6._.js:9068:150)
    at performWorkOnRootViaSchedulerTask (http://localhost:3000/_next/static/chunks/509c2_next_dist_compiled_react-dom_1698bfa6._.js:10230:9)
    at MessagePort.performWorkUntilDeadline (http://localhost:3000/_next/static/chunks/509c2_next_dist_compiled_9044104d._.js:2647:64) @ http://localhost:3000/_next/static/chunks/509c2_next_dist_512df543._.js:3127
[ 2132839ms] [ERROR] IntlError: MISSING_MESSAGE: Could not resolve `modules.dashboard` in messages for locale `login`.
    at getMessagesOrError (http://localhost:3000/_next/static/chunks/db2ad__pnpm_bc426aec._.js:3637:27)
    at createBaseTranslator (http://localhost:3000/_next/static/chunks/db2ad__pnpm_bc426aec._.js:3642:29)
    at useTranslationsImpl.useMemo[translate] (http://localhost:3000/_next/static/chunks/db2ad__pnpm_bc426aec._.js:4163:378)
    at mountMemo (http://localhost:3000/_next/static/chunks/509c2_next_dist_compiled_react-dom_1698bfa6._.js:5424:25)
    at Object.useMemo (http://localhost:3000/_next/static/chunks/509c2_next_dist_compiled_react-dom_1698bfa6._.js:15003:24)
    at exports.useMemo (http://localhost:3000/_next/static/chunks/509c2_next_dist_compiled_9044104d._.js:1742:36)
    at useTranslationsImpl (http://localhost:3000/_next/static/chunks/db2ad__pnpm_bc426aec._.js:4162:416)
    at useTranslations (http://localhost:3000/_next/static/chunks/db2ad__pnpm_bc426aec._.js:4201:12)
    at http://localhost:3000/_next/static/chunks/db2ad__pnpm_6cafc622._.js:70:20
    at DashboardPage (http://localhost:3000/_next/static/chunks/pi-cwd-20260601_admin-platform_d7a92737._.js:987:432)
    at Object.react_stack_bottom_frame (http://localhost:3000/_next/static/chunks/509c2_next_dist_compiled_react-dom_1698bfa6._.js:14826:24)
    at renderWithHooks (http://localhost:3000/_next/static/chunks/509c2_next_dist_compiled_react-dom_1698bfa6._.js:4651:24)
    at updateFunctionComponent (http://localhost:3000/_next/static/chunks/509c2_next_dist_compiled_react-dom_1698bfa6._.js:6112:21)
    at beginWork (http://localhost:3000/_next/static/chunks/509c2_next_dist_compiled_react-dom_1698bfa6._.js:6708:24)
    at runWithFiberInDEV (http://localhost:3000/_next/static/chunks/509c2_next_dist_compiled_react-dom_1698bfa6._.js:965:74)
    at performUnitOfWork (http://localhost:3000/_next/static/chunks/509c2_next_dist_compiled_react-dom_1698bfa6._.js:9562:97)
    at workLoopConcurrentByScheduler (http://localhost:3000/_next/static/chunks/509c2_next_dist_compiled_react-dom_1698bfa6._.js:9558:58)
    at renderRootConcurrent (http://localhost:3000/_next/static/chunks/509c2_next_dist_compiled_react-dom_1698bfa6._.js:9541:71)
    at performWorkOnRoot (http://localhost:3000/_next/static/chunks/509c2_next_dist_compiled_react-dom_1698bfa6._.js:9068:150)
    at performWorkOnRootViaSchedulerTask (http://localhost:3000/_next/static/chunks/509c2_next_dist_compiled_react-dom_1698bfa6._.js:10230:9)
    at MessagePort.performWorkUntilDeadline (http://localhost:3000/_next/static/chunks/509c2_next_dist_compiled_9044104d._.js:2647:64) @ http://localhost:3000/_next/static/chunks/509c2_next_dist_512df543._.js:3127
[ 2132839ms] [ERROR] IntlError: MISSING_MESSAGE: Could not resolve `modules.dashboard` in messages for locale `login`.
    at getMessagesOrError (http://localhost:3000/_next/static/chunks/db2ad__pnpm_bc426aec._.js:3637:27)
    at createBaseTranslator (http://localhost:3000/_next/static/chunks/db2ad__pnpm_bc426aec._.js:3642:29)
    at useTranslationsImpl.useMemo[translate] (http://localhost:3000/_next/static/chunks/db2ad__pnpm_bc426aec._.js:4163:378)
    at mountMemo (http://localhost:3000/_next/static/chunks/509c2_next_dist_compiled_react-dom_1698bfa6._.js:5424:25)
    at Object.useMemo (http://localhost:3000/_next/static/chunks/509c2_next_dist_compiled_react-dom_1698bfa6._.js:15003:24)
    at exports.useMemo (http://localhost:3000/_next/static/chunks/509c2_next_dist_compiled_9044104d._.js:1742:36)
    at useTranslationsImpl (http://localhost:3000/_next/static/chunks/db2ad__pnpm_bc426aec._.js:4162:416)
    at useTranslations (http://localhost:3000/_next/static/chunks/db2ad__pnpm_bc426aec._.js:4201:12)
    at http://localhost:3000/_next/static/chunks/db2ad__pnpm_6cafc622._.js:70:20
    at DashboardPage (http://localhost:3000/_next/static/chunks/pi-cwd-20260601_admin-platform_d7a92737._.js:987:432)
    at Object.react_stack_bottom_frame (http://localhost:3000/_next/static/chunks/509c2_next_dist_compiled_react-dom_1698bfa6._.js:14826:24)
    at renderWithHooks (http://localhost:3000/_next/static/chunks/509c2_next_dist_compiled_react-dom_1698bfa6._.js:4651:24)
    at updateFunctionComponent (http://localhost:3000/_next/static/chunks/509c2_next_dist_compiled_react-dom_1698bfa6._.js:6112:21)
    at beginWork (http://localhost:3000/_next/static/chunks/509c2_next_dist_compiled_react-dom_1698bfa6._.js:6708:24)
    at runWithFiberInDEV (http://localhost:3000/_next/static/chunks/509c2_next_dist_compiled_react-dom_1698bfa6._.js:965:74)
    at performUnitOfWork (http://localhost:3000/_next/static/chunks/509c2_next_dist_compiled_react-dom_1698bfa6._.js:9562:97)
    at workLoopConcurrentByScheduler (http://localhost:3000/_next/static/chunks/509c2_next_dist_compiled_react-dom_1698bfa6._.js:9558:58)
    at renderRootConcurrent (http://localhost:3000/_next/static/chunks/509c2_next_dist_compiled_react-dom_1698bfa6._.js:9541:71)
    at performWorkOnRoot (http://localhost:3000/_next/static/chunks/509c2_next_dist_compiled_react-dom_1698bfa6._.js:9068:150)
    at performWorkOnRootViaSchedulerTask (http://localhost:3000/_next/static/chunks/509c2_next_dist_compiled_react-dom_1698bfa6._.js:10230:9)
    at MessagePort.performWorkUntilDeadline (http://localhost:3000/_next/static/chunks/509c2_next_dist_compiled_9044104d._.js:2647:64) @ http://localhost:3000/_next/static/chunks/509c2_next_dist_512df543._.js:3127
[ 2132840ms] [ERROR] IntlError: MISSING_MESSAGE: Could not resolve `modules.dashboard` in messages for locale `login`.
    at getMessagesOrError (http://localhost:3000/_next/static/chunks/db2ad__pnpm_bc426aec._.js:3637:27)
    at createBaseTranslator (http://localhost:3000/_next/static/chunks/db2ad__pnpm_bc426aec._.js:3642:29)
    at useTranslationsImpl.useMemo[translate] (http://localhost:3000/_next/static/chunks/db2ad__pnpm_bc426aec._.js:4163:378)
    at mountMemo (http://localhost:3000/_next/static/chunks/509c2_next_dist_compiled_react-dom_1698bfa6._.js:5424:25)
    at Object.useMemo (http://localhost:3000/_next/static/chunks/509c2_next_dist_compiled_react-dom_1698bfa6._.js:15003:24)
    at exports.useMemo (http://localhost:3000/_next/static/chunks/509c2_next_dist_compiled_9044104d._.js:1742:36)
    at useTranslationsImpl (http://localhost:3000/_next/static/chunks/db2ad__pnpm_bc426aec._.js:4162:416)
    at useTranslations (http://localhost:3000/_next/static/chunks/db2ad__pnpm_bc426aec._.js:4201:12)
    at http://localhost:3000/_next/static/chunks/db2ad__pnpm_6cafc622._.js:70:20
    at DashboardPage (http://localhost:3000/_next/static/chunks/pi-cwd-20260601_admin-platform_d7a92737._.js:987:432)
    at Object.react_stack_bottom_frame (http://localhost:3000/_next/static/chunks/509c2_next_dist_compiled_react-dom_1698bfa6._.js:14826:24)
    at renderWithHooks (http://localhost:3000/_next/static/chunks/509c2_next_dist_compiled_react-dom_1698bfa6._.js:4651:24)
    at updateFunctionComponent (http://localhost:3000/_next/static/chunks/509c2_next_dist_compiled_react-dom_1698bfa6._.js:6112:21)
    at beginWork (http://localhost:3000/_next/static/chunks/509c2_next_dist_compiled_react-dom_1698bfa6._.js:6708:24)
    at runWithFiberInDEV (http://localhost:3000/_next/static/chunks/509c2_next_dist_compiled_react-dom_1698bfa6._.js:965:74)
    at performUnitOfWork (http://localhost:3000/_next/static/chunks/509c2_next_dist_compiled_react-dom_1698bfa6._.js:9562:97)
    at workLoopConcurrentByScheduler (http://localhost:3000/_next/static/chunks/509c2_next_dist_compiled_react-dom_1698bfa6._.js:9558:58)
    at renderRootConcurrent (http://localhost:3000/_next/static/chunks/509c2_next_dist_compiled_react-dom_1698bfa6._.js:9541:71)
    at performWorkOnRoot (http://localhost:3000/_next/static/chunks/509c2_next_dist_compiled_react-dom_1698bfa6._.js:9068:150)
    at performWorkOnRootViaSchedulerTask (http://localhost:3000/_next/static/chunks/509c2_next_dist_compiled_react-dom_1698bfa6._.js:10230:9)
    at MessagePort.performWorkUntilDeadline (http://localhost:3000/_next/static/chunks/509c2_next_dist_compiled_9044104d._.js:2647:64) @ http://localhost:3000/_next/static/chunks/509c2_next_dist_512df543._.js:3127
[ 2132840ms] [ERROR] IntlError: MISSING_MESSAGE: Could not resolve `modules.dashboard` in messages for locale `login`.
    at getMessagesOrError (http://localhost:3000/_next/static/chunks/db2ad__pnpm_bc426aec._.js:3637:27)
    at createBaseTranslator (http://localhost:3000/_next/static/chunks/db2ad__pnpm_bc426aec._.js:3642:29)
    at useTranslationsImpl.useMemo[translate] (http://localhost:3000/_next/static/chunks/db2ad__pnpm_bc426aec._.js:4163:378)
    at mountMemo (http://localhost:3000/_next/static/chunks/509c2_next_dist_compiled_react-dom_1698bfa6._.js:5424:25)
    at Object.useMemo (http://localhost:3000/_next/static/chunks/509c2_next_dist_compiled_react-dom_1698bfa6._.js:15003:24)
    at exports.useMemo (http://localhost:3000/_next/static/chunks/509c2_next_dist_compiled_9044104d._.js:1742:36)
    at useTranslationsImpl (http://localhost:3000/_next/static/chunks/db2ad__pnpm_bc426aec._.js:4162:416)
    at useTranslations (http://localhost:3000/_next/static/chunks/db2ad__pnpm_bc426aec._.js:4201:12)
    at http://localhost:3000/_next/static/chunks/db2ad__pnpm_6cafc622._.js:70:20
    at DashboardPage (http://localhost:3000/_next/static/chunks/pi-cwd-20260601_admin-platform_d7a92737._.js:987:432)
    at Object.react_stack_bottom_frame (http://localhost:3000/_next/static/chunks/509c2_next_dist_compiled_react-dom_1698bfa6._.js:14826:24)
    at renderWithHooks (http://localhost:3000/_next/static/chunks/509c2_next_dist_compiled_react-dom_1698bfa6._.js:4651:24)
    at updateFunctionComponent (http://localhost:3000/_next/static/chunks/509c2_next_dist_compiled_react-dom_1698bfa6._.js:6112:21)
    at beginWork (http://localhost:3000/_next/static/chunks/509c2_next_dist_compiled_react-dom_1698bfa6._.js:6708:24)
    at runWithFiberInDEV (http://localhost:3000/_next/static/chunks/509c2_next_dist_compiled_react-dom_1698bfa6._.js:965:74)
    at performUnitOfWork (http://localhost:3000/_next/static/chunks/509c2_next_dist_compiled_react-dom_1698bfa6._.js:9562:97)
    at workLoopConcurrentByScheduler (http://localhost:3000/_next/static/chunks/509c2_next_dist_compiled_react-dom_1698bfa6._.js:9558:58)
    at renderRootConcurrent (http://localhost:3000/_next/static/chunks/509c2_next_dist_compiled_react-dom_1698bfa6._.js:9541:71)
    at performWorkOnRoot (http://localhost:3000/_next/static/chunks/509c2_next_dist_compiled_react-dom_1698bfa6._.js:9068:150)
    at performWorkOnRootViaSchedulerTask (http://localhost:3000/_next/static/chunks/509c2_next_dist_compiled_react-dom_1698bfa6._.js:10230:9)
    at MessagePort.performWorkUntilDeadline (http://localhost:3000/_next/static/chunks/509c2_next_dist_compiled_9044104d._.js:2647:64) @ http://localhost:3000/_next/static/chunks/509c2_next_dist_512df543._.js:3127
[ 2132841ms] [ERROR] IntlError: MISSING_MESSAGE: Could not resolve `modules.dashboard` in messages for locale `login`.
    at getMessagesOrError (http://localhost:3000/_next/static/chunks/db2ad__pnpm_bc426aec._.js:3637:27)
    at createBaseTranslator (http://localhost:3000/_next/static/chunks/db2ad__pnpm_bc426aec._.js:3642:29)
    at useTranslationsImpl.useMemo[translate] (http://localhost:3000/_next/static/chunks/db2ad__pnpm_bc426aec._.js:4163:378)
    at mountMemo (http://localhost:3000/_next/static/chunks/509c2_next_dist_compiled_react-dom_1698bfa6._.js:5424:25)
    at Object.useMemo (http://localhost:3000/_next/static/chunks/509c2_next_dist_compiled_react-dom_1698bfa6._.js:15003:24)
    at exports.useMemo (http://localhost:3000/_next/static/chunks/509c2_next_dist_compiled_9044104d._.js:1742:36)
    at useTranslationsImpl (http://localhost:3000/_next/static/chunks/db2ad__pnpm_bc426aec._.js:4162:416)
    at useTranslations (http://localhost:3000/_next/static/chunks/db2ad__pnpm_bc426aec._.js:4201:12)
    at http://localhost:3000/_next/static/chunks/db2ad__pnpm_6cafc622._.js:70:20
    at DashboardPage (http://localhost:3000/_next/static/chunks/pi-cwd-20260601_admin-platform_d7a92737._.js:987:432)
    at Object.react_stack_bottom_frame (http://localhost:3000/_next/static/chunks/509c2_next_dist_compiled_react-dom_1698bfa6._.js:14826:24)
    at renderWithHooks (http://localhost:3000/_next/static/chunks/509c2_next_dist_compiled_react-dom_1698bfa6._.js:4651:24)
    at updateFunctionComponent (http://localhost:3000/_next/static/chunks/509c2_next_dist_compiled_react-dom_1698bfa6._.js:6112:21)
    at beginWork (http://localhost:3000/_next/static/chunks/509c2_next_dist_compiled_react-dom_1698bfa6._.js:6708:24)
    at runWithFiberInDEV (http://localhost:3000/_next/static/chunks/509c2_next_dist_compiled_react-dom_1698bfa6._.js:965:74)
    at performUnitOfWork (http://localhost:3000/_next/static/chunks/509c2_next_dist_compiled_react-dom_1698bfa6._.js:9562:97)
    at workLoopConcurrentByScheduler (http://localhost:3000/_next/static/chunks/509c2_next_dist_compiled_react-dom_1698bfa6._.js:9558:58)
    at renderRootConcurrent (http://localhost:3000/_next/static/chunks/509c2_next_dist_compiled_react-dom_1698bfa6._.js:9541:71)
    at performWorkOnRoot (http://localhost:3000/_next/static/chunks/509c2_next_dist_compiled_react-dom_1698bfa6._.js:9068:150)
    at performWorkOnRootViaSchedulerTask (http://localhost:3000/_next/static/chunks/509c2_next_dist_compiled_react-dom_1698bfa6._.js:10230:9)
    at MessagePort.performWorkUntilDeadline (http://localhost:3000/_next/static/chunks/509c2_next_dist_compiled_9044104d._.js:2647:64) @ http://localhost:3000/_next/static/chunks/509c2_next_dist_512df543._.js:3127
[ 2132841ms] [ERROR] IntlError: MISSING_MESSAGE: Could not resolve `modules.dashboard` in messages for locale `login`.
    at getMessagesOrError (http://localhost:3000/_next/static/chunks/db2ad__pnpm_bc426aec._.js:3637:27)
    at createBaseTranslator (http://localhost:3000/_next/static/chunks/db2ad__pnpm_bc426aec._.js:3642:29)
    at useTranslationsImpl.useMemo[translate] (http://localhost:3000/_next/static/chunks/db2ad__pnpm_bc426aec._.js:4163:378)
    at mountMemo (http://localhost:3000/_next/static/chunks/509c2_next_dist_compiled_react-dom_1698bfa6._.js:5424:25)
    at Object.useMemo (http://localhost:3000/_next/static/chunks/509c2_next_dist_compiled_react-dom_1698bfa6._.js:15003:24)
    at exports.useMemo (http://localhost:3000/_next/static/chunks/509c2_next_dist_compiled_9044104d._.js:1742:36)
    at useTranslationsImpl (http://localhost:3000/_next/static/chunks/db2ad__pnpm_bc426aec._.js:4162:416)
    at useTranslations (http://localhost:3000/_next/static/chunks/db2ad__pnpm_bc426aec._.js:4201:12)
    at http://localhost:3000/_next/static/chunks/db2ad__pnpm_6cafc622._.js:70:20
    at DashboardPage (http://localhost:3000/_next/static/chunks/pi-cwd-20260601_admin-platform_d7a92737._.js:987:432)
    at Object.react_stack_bottom_frame (http://localhost:3000/_next/static/chunks/509c2_next_dist_compiled_react-dom_1698bfa6._.js:14826:24)
    at renderWithHooks (http://localhost:3000/_next/static/chunks/509c2_next_dist_compiled_react-dom_1698bfa6._.js:4651:24)
    at updateFunctionComponent (http://localhost:3000/_next/static/chunks/509c2_next_dist_compiled_react-dom_1698bfa6._.js:6112:21)
    at beginWork (http://localhost:3000/_next/static/chunks/509c2_next_dist_compiled_react-dom_1698bfa6._.js:6708:24)
    at runWithFiberInDEV (http://localhost:3000/_next/static/chunks/509c2_next_dist_compiled_react-dom_1698bfa6._.js:965:74)
    at performUnitOfWork (http://localhost:3000/_next/static/chunks/509c2_next_dist_compiled_react-dom_1698bfa6._.js:9562:97)
    at workLoopConcurrentByScheduler (http://localhost:3000/_next/static/chunks/509c2_next_dist_compiled_react-dom_1698bfa6._.js:9558:58)
    at renderRootConcurrent (http://localhost:3000/_next/static/chunks/509c2_next_dist_compiled_react-dom_1698bfa6._.js:9541:71)
    at performWorkOnRoot (http://localhost:3000/_next/static/chunks/509c2_next_dist_compiled_react-dom_1698bfa6._.js:9068:150)
    at performWorkOnRootViaSchedulerTask (http://localhost:3000/_next/static/chunks/509c2_next_dist_compiled_react-dom_1698bfa6._.js:10230:9)
    at MessagePort.performWorkUntilDeadline (http://localhost:3000/_next/static/chunks/509c2_next_dist_compiled_9044104d._.js:2647:64) @ http://localhost:3000/_next/static/chunks/509c2_next_dist_512df543._.js:3127
[ 2132842ms] [ERROR] IntlError: MISSING_MESSAGE: Could not resolve `modules.dashboard` in messages for locale `login`.
    at getMessagesOrError (http://localhost:3000/_next/static/chunks/db2ad__pnpm_bc426aec._.js:3637:27)
    at createBaseTranslator (http://localhost:3000/_next/static/chunks/db2ad__pnpm_bc426aec._.js:3642:29)
    at useTranslationsImpl.useMemo[translate] (http://localhost:3000/_next/static/chunks/db2ad__pnpm_bc426aec._.js:4163:378)
    at mountMemo (http://localhost:3000/_next/static/chunks/509c2_next_dist_compiled_react-dom_1698bfa6._.js:5424:25)
    at Object.useMemo (http://localhost:3000/_next/static/chunks/509c2_next_dist_compiled_react-dom_1698bfa6._.js:15003:24)
    at exports.useMemo (http://localhost:3000/_next/static/chunks/509c2_next_dist_compiled_9044104d._.js:1742:36)
    at useTranslationsImpl (http://localhost:3000/_next/static/chunks/db2ad__pnpm_bc426aec._.js:4162:416)
    at useTranslations (http://localhost:3000/_next/static/chunks/db2ad__pnpm_bc426aec._.js:4201:12)
    at http://localhost:3000/_next/static/chunks/db2ad__pnpm_6cafc622._.js:70:20
    at DashboardPage (http://localhost:3000/_next/static/chunks/pi-cwd-20260601_admin-platform_d7a92737._.js:987:432)
    at Object.react_stack_bottom_frame (http://localhost:3000/_next/static/chunks/509c2_next_dist_compiled_react-dom_1698bfa6._.js:14826:24)
    at renderWithHooks (http://localhost:3000/_next/static/chunks/509c2_next_dist_compiled_react-dom_1698bfa6._.js:4651:24)
    at updateFunctionComponent (http://localhost:3000/_next/static/chunks/509c2_next_dist_compiled_react-dom_1698bfa6._.js:6112:21)
    at beginWork (http://localhost:3000/_next/static/chunks/509c2_next_dist_compiled_react-dom_1698bfa6._.js:6708:24)
    at runWithFiberInDEV (http://localhost:3000/_next/static/chunks/509c2_next_dist_compiled_react-dom_1698bfa6._.js:965:74)
    at performUnitOfWork (http://localhost:3000/_next/static/chunks/509c2_next_dist_compiled_react-dom_1698bfa6._.js:9562:97)
    at workLoopConcurrentByScheduler (http://localhost:3000/_next/static/chunks/509c2_next_dist_compiled_react-dom_1698bfa6._.js:9558:58)
    at renderRootConcurrent (http://localhost:3000/_next/static/chunks/509c2_next_dist_compiled_react-dom_1698bfa6._.js:9541:71)
    at performWorkOnRoot (http://localhost:3000/_next/static/chunks/509c2_next_dist_compiled_react-dom_1698bfa6._.js:9068:150)
    at performWorkOnRootViaSchedulerTask (http://localhost:3000/_next/static/chunks/509c2_next_dist_compiled_react-dom_1698bfa6._.js:10230:9)
    at MessagePort.performWorkUntilDeadline (http://localhost:3000/_next/static/chunks/509c2_next_dist_compiled_9044104d._.js:2647:64) @ http://localhost:3000/_next/static/chunks/509c2_next_dist_512df543._.js:3127
[ 2132843ms] [ERROR] IntlError: MISSING_MESSAGE: Could not resolve `modules.dashboard` in messages for locale `login`.
    at getMessagesOrError (http://localhost:3000/_next/static/chunks/db2ad__pnpm_bc426aec._.js:3637:27)
    at createBaseTranslator (http://localhost:3000/_next/static/chunks/db2ad__pnpm_bc426aec._.js:3642:29)
    at useTranslationsImpl.useMemo[translate] (http://localhost:3000/_next/static/chunks/db2ad__pnpm_bc426aec._.js:4163:378)
    at mountMemo (http://localhost:3000/_next/static/chunks/509c2_next_dist_compiled_react-dom_1698bfa6._.js:5424:25)
    at Object.useMemo (http://localhost:3000/_next/static/chunks/509c2_next_dist_compiled_react-dom_1698bfa6._.js:15003:24)
    at exports.useMemo (http://localhost:3000/_next/static/chunks/509c2_next_dist_compiled_9044104d._.js:1742:36)
    at useTranslationsImpl (http://localhost:3000/_next/static/chunks/db2ad__pnpm_bc426aec._.js:4162:416)
    at useTranslations (http://localhost:3000/_next/static/chunks/db2ad__pnpm_bc426aec._.js:4201:12)
    at http://localhost:3000/_next/static/chunks/db2ad__pnpm_6cafc622._.js:70:20
    at DashboardPage (http://localhost:3000/_next/static/chunks/pi-cwd-20260601_admin-platform_d7a92737._.js:987:432)
    at Object.react_stack_bottom_frame (http://localhost:3000/_next/static/chunks/509c2_next_dist_compiled_react-dom_1698bfa6._.js:14826:24)
    at renderWithHooks (http://localhost:3000/_next/static/chunks/509c2_next_dist_compiled_react-dom_1698bfa6._.js:4651:24)
    at updateFunctionComponent (http://localhost:3000/_next/static/chunks/509c2_next_dist_compiled_react-dom_1698bfa6._.js:6112:21)
    at beginWork (http://localhost:3000/_next/static/chunks/509c2_next_dist_compiled_react-dom_1698bfa6._.js:6708:24)
    at runWithFiberInDEV (http://localhost:3000/_next/static/chunks/509c2_next_dist_compiled_react-dom_1698bfa6._.js:965:74)
    at performUnitOfWork (http://localhost:3000/_next/static/chunks/509c2_next_dist_compiled_react-dom_1698bfa6._.js:9562:97)
    at workLoopConcurrentByScheduler (http://localhost:3000/_next/static/chunks/509c2_next_dist_compiled_react-dom_1698bfa6._.js:9558:58)
    at renderRootConcurrent (http://localhost:3000/_next/static/chunks/509c2_next_dist_compiled_react-dom_1698bfa6._.js:9541:71)
    at performWorkOnRoot (http://localhost:3000/_next/static/chunks/509c2_next_dist_compiled_react-dom_1698bfa6._.js:9068:150)
    at performWorkOnRootViaSchedulerTask (http://localhost:3000/_next/static/chunks/509c2_next_dist_compiled_react-dom_1698bfa6._.js:10230:9)
    at MessagePort.performWorkUntilDeadline (http://localhost:3000/_next/static/chunks/509c2_next_dist_compiled_9044104d._.js:2647:64) @ http://localhost:3000/_next/static/chunks/509c2_next_dist_512df543._.js:3127
[ 2132843ms] [ERROR] IntlError: MISSING_MESSAGE: Could not resolve `modules.dashboard` in messages for locale `login`.
    at getMessagesOrError (http://localhost:3000/_next/static/chunks/db2ad__pnpm_bc426aec._.js:3637:27)
    at createBaseTranslator (http://localhost:3000/_next/static/chunks/db2ad__pnpm_bc426aec._.js:3642:29)
    at useTranslationsImpl.useMemo[translate] (http://localhost:3000/_next/static/chunks/db2ad__pnpm_bc426aec._.js:4163:378)
    at mountMemo (http://localhost:3000/_next/static/chunks/509c2_next_dist_compiled_react-dom_1698bfa6._.js:5424:25)
    at Object.useMemo (http://localhost:3000/_next/static/chunks/509c2_next_dist_compiled_react-dom_1698bfa6._.js:15003:24)
    at exports.useMemo (http://localhost:3000/_next/static/chunks/509c2_next_dist_compiled_9044104d._.js:1742:36)
    at useTranslationsImpl (http://localhost:3000/_next/static/chunks/db2ad__pnpm_bc426aec._.js:4162:416)
    at useTranslations (http://localhost:3000/_next/static/chunks/db2ad__pnpm_bc426aec._.js:4201:12)
    at http://localhost:3000/_next/static/chunks/db2ad__pnpm_6cafc622._.js:70:20
    at DashboardPage (http://localhost:3000/_next/static/chunks/pi-cwd-20260601_admin-platform_d7a92737._.js:987:432)
    at Object.react_stack_bottom_frame (http://localhost:3000/_next/static/chunks/509c2_next_dist_compiled_react-dom_1698bfa6._.js:14826:24)
    at renderWithHooks (http://localhost:3000/_next/static/chunks/509c2_next_dist_compiled_react-dom_1698bfa6._.js:4651:24)
    at updateFunctionComponent (http://localhost:3000/_next/static/chunks/509c2_next_dist_compiled_react-dom_1698bfa6._.js:6112:21)
    at beginWork (http://localhost:3000/_next/static/chunks/509c2_next_dist_compiled_react-dom_1698bfa6._.js:6708:24)
    at runWithFiberInDEV (http://localhost:3000/_next/static/chunks/509c2_next_dist_compiled_react-dom_1698bfa6._.js:965:74)
    at performUnitOfWork (http://localhost:3000/_next/static/chunks/509c2_next_dist_compiled_react-dom_1698bfa6._.js:9562:97)
    at workLoopConcurrentByScheduler (http://localhost:3000/_next/static/chunks/509c2_next_dist_compiled_react-dom_1698bfa6._.js:9558:58)
    at renderRootConcurrent (http://localhost:3000/_next/static/chunks/509c2_next_dist_compiled_react-dom_1698bfa6._.js:9541:71)
    at performWorkOnRoot (http://localhost:3000/_next/static/chunks/509c2_next_dist_compiled_react-dom_1698bfa6._.js:9068:150)
    at performWorkOnRootViaSchedulerTask (http://localhost:3000/_next/static/chunks/509c2_next_dist_compiled_react-dom_1698bfa6._.js:10230:9)
    at MessagePort.performWorkUntilDeadline (http://localhost:3000/_next/static/chunks/509c2_next_dist_compiled_9044104d._.js:2647:64) @ http://localhost:3000/_next/static/chunks/509c2_next_dist_512df543._.js:3127
[ 2132844ms] [ERROR] IntlError: MISSING_MESSAGE: Could not resolve `modules.dashboard` in messages for locale `login`.
    at getMessagesOrError (http://localhost:3000/_next/static/chunks/db2ad__pnpm_bc426aec._.js:3637:27)
    at createBaseTranslator (http://localhost:3000/_next/static/chunks/db2ad__pnpm_bc426aec._.js:3642:29)
    at useTranslationsImpl.useMemo[translate] (http://localhost:3000/_next/static/chunks/db2ad__pnpm_bc426aec._.js:4163:378)
    at mountMemo (http://localhost:3000/_next/static/chunks/509c2_next_dist_compiled_react-dom_1698bfa6._.js:5424:25)
    at Object.useMemo (http://localhost:3000/_next/static/chunks/509c2_next_dist_compiled_react-dom_1698bfa6._.js:15003:24)
    at exports.useMemo (http://localhost:3000/_next/static/chunks/509c2_next_dist_compiled_9044104d._.js:1742:36)
    at useTranslationsImpl (http://localhost:3000/_next/static/chunks/db2ad__pnpm_bc426aec._.js:4162:416)
    at useTranslations (http://localhost:3000/_next/static/chunks/db2ad__pnpm_bc426aec._.js:4201:12)
    at http://localhost:3000/_next/static/chunks/db2ad__pnpm_6cafc622._.js:70:20
    at DashboardPage (http://localhost:3000/_next/static/chunks/pi-cwd-20260601_admin-platform_d7a92737._.js:987:432)
    at Object.react_stack_bottom_frame (http://localhost:3000/_next/static/chunks/509c2_next_dist_compiled_react-dom_1698bfa6._.js:14826:24)
    at renderWithHooks (http://localhost:3000/_next/static/chunks/509c2_next_dist_compiled_react-dom_1698bfa6._.js:4651:24)
    at updateFunctionComponent (http://localhost:3000/_next/static/chunks/509c2_next_dist_compiled_react-dom_1698bfa6._.js:6112:21)
    at beginWork (http://localhost:3000/_next/static/chunks/509c2_next_dist_compiled_react-dom_1698bfa6._.js:6708:24)
    at runWithFiberInDEV (http://localhost:3000/_next/static/chunks/509c2_next_dist_compiled_react-dom_1698bfa6._.js:965:74)
    at performUnitOfWork (http://localhost:3000/_next/static/chunks/509c2_next_dist_compiled_react-dom_1698bfa6._.js:9562:97)
    at workLoopConcurrentByScheduler (http://localhost:3000/_next/static/chunks/509c2_next_dist_compiled_react-dom_1698bfa6._.js:9558:58)
    at renderRootConcurrent (http://localhost:3000/_next/static/chunks/509c2_next_dist_compiled_react-dom_1698bfa6._.js:9541:71)
    at performWorkOnRoot (http://localhost:3000/_next/static/chunks/509c2_next_dist_compiled_react-dom_1698bfa6._.js:9068:150)
    at performWorkOnRootViaSchedulerTask (http://localhost:3000/_next/static/chunks/509c2_next_dist_compiled_react-dom_1698bfa6._.js:10230:9)
    at MessagePort.performWorkUntilDeadline (http://localhost:3000/_next/static/chunks/509c2_next_dist_compiled_9044104d._.js:2647:64) @ http://localhost:3000/_next/static/chunks/509c2_next_dist_512df543._.js:3127
[ 2132844ms] [ERROR] IntlError: MISSING_MESSAGE: Could not resolve `modules.dashboard` in messages for locale `login`.
    at getMessagesOrError (http://localhost:3000/_next/static/chunks/db2ad__pnpm_bc426aec._.js:3637:27)
    at createBaseTranslator (http://localhost:3000/_next/static/chunks/db2ad__pnpm_bc426aec._.js:3642:29)
    at useTranslationsImpl.useMemo[translate] (http://localhost:3000/_next/static/chunks/db2ad__pnpm_bc426aec._.js:4163:378)
    at mountMemo (http://localhost:3000/_next/static/chunks/509c2_next_dist_compiled_react-dom_1698bfa6._.js:5424:25)
    at Object.useMemo (http://localhost:3000/_next/static/chunks/509c2_next_dist_compiled_react-dom_1698bfa6._.js:15003:24)
    at exports.useMemo (http://localhost:3000/_next/static/chunks/509c2_next_dist_compiled_9044104d._.js:1742:36)
    at useTranslationsImpl (http://localhost:3000/_next/static/chunks/db2ad__pnpm_bc426aec._.js:4162:416)
    at useTranslations (http://localhost:3000/_next/static/chunks/db2ad__pnpm_bc426aec._.js:4201:12)
    at http://localhost:3000/_next/static/chunks/db2ad__pnpm_6cafc622._.js:70:20
    at DashboardPage (http://localhost:3000/_next/static/chunks/pi-cwd-20260601_admin-platform_d7a92737._.js:987:432)
    at Object.react_stack_bottom_frame (http://localhost:3000/_next/static/chunks/509c2_next_dist_compiled_react-dom_1698bfa6._.js:14826:24)
    at renderWithHooks (http://localhost:3000/_next/static/chunks/509c2_next_dist_compiled_react-dom_1698bfa6._.js:4651:24)
    at updateFunctionComponent (http://localhost:3000/_next/static/chunks/509c2_next_dist_compiled_react-dom_1698bfa6._.js:6112:21)
    at beginWork (http://localhost:3000/_next/static/chunks/509c2_next_dist_compiled_react-dom_1698bfa6._.js:6708:24)
    at runWithFiberInDEV (http://localhost:3000/_next/static/chunks/509c2_next_dist_compiled_react-dom_1698bfa6._.js:965:74)
    at performUnitOfWork (http://localhost:3000/_next/static/chunks/509c2_next_dist_compiled_react-dom_1698bfa6._.js:9562:97)
    at workLoopConcurrentByScheduler (http://localhost:3000/_next/static/chunks/509c2_next_dist_compiled_react-dom_1698bfa6._.js:9558:58)
    at renderRootConcurrent (http://localhost:3000/_next/static/chunks/509c2_next_dist_compiled_react-dom_1698bfa6._.js:9541:71)
    at performWorkOnRoot (http://localhost:3000/_next/static/chunks/509c2_next_dist_compiled_react-dom_1698bfa6._.js:9068:150)
    at performWorkOnRootViaSchedulerTask (http://localhost:3000/_next/static/chunks/509c2_next_dist_compiled_react-dom_1698bfa6._.js:10230:9)
    at MessagePort.performWorkUntilDeadline (http://localhost:3000/_next/static/chunks/509c2_next_dist_compiled_9044104d._.js:2647:64) @ http://localhost:3000/_next/static/chunks/509c2_next_dist_512df543._.js:3127
[ 2132844ms] [ERROR] IntlError: MISSING_MESSAGE: Could not resolve `modules.dashboard` in messages for locale `login`.
    at getMessagesOrError (http://localhost:3000/_next/static/chunks/db2ad__pnpm_bc426aec._.js:3637:27)
    at createBaseTranslator (http://localhost:3000/_next/static/chunks/db2ad__pnpm_bc426aec._.js:3642:29)
    at useTranslationsImpl.useMemo[translate] (http://localhost:3000/_next/static/chunks/db2ad__pnpm_bc426aec._.js:4163:378)
    at mountMemo (http://localhost:3000/_next/static/chunks/509c2_next_dist_compiled_react-dom_1698bfa6._.js:5424:25)
    at Object.useMemo (http://localhost:3000/_next/static/chunks/509c2_next_dist_compiled_react-dom_1698bfa6._.js:15003:24)
    at exports.useMemo (http://localhost:3000/_next/static/chunks/509c2_next_dist_compiled_9044104d._.js:1742:36)
    at useTranslationsImpl (http://localhost:3000/_next/static/chunks/db2ad__pnpm_bc426aec._.js:4162:416)
    at useTranslations (http://localhost:3000/_next/static/chunks/db2ad__pnpm_bc426aec._.js:4201:12)
    at http://localhost:3000/_next/static/chunks/db2ad__pnpm_6cafc622._.js:70:20
    at DashboardPage (http://localhost:3000/_next/static/chunks/pi-cwd-20260601_admin-platform_d7a92737._.js:987:432)
    at Object.react_stack_bottom_frame (http://localhost:3000/_next/static/chunks/509c2_next_dist_compiled_react-dom_1698bfa6._.js:14826:24)
    at renderWithHooks (http://localhost:3000/_next/static/chunks/509c2_next_dist_compiled_react-dom_1698bfa6._.js:4651:24)
    at updateFunctionComponent (http://localhost:3000/_next/static/chunks/509c2_next_dist_compiled_react-dom_1698bfa6._.js:6112:21)
    at beginWork (http://localhost:3000/_next/static/chunks/509c2_next_dist_compiled_react-dom_1698bfa6._.js:6708:24)
    at runWithFiberInDEV (http://localhost:3000/_next/static/chunks/509c2_next_dist_compiled_react-dom_1698bfa6._.js:965:74)
    at performUnitOfWork (http://localhost:3000/_next/static/chunks/509c2_next_dist_compiled_react-dom_1698bfa6._.js:9562:97)
    at workLoopConcurrentByScheduler (http://localhost:3000/_next/static/chunks/509c2_next_dist_compiled_react-dom_1698bfa6._.js:9558:58)
    at renderRootConcurrent (http://localhost:3000/_next/static/chunks/509c2_next_dist_compiled_react-dom_1698bfa6._.js:9541:71)
    at performWorkOnRoot (http://localhost:3000/_next/static/chunks/509c2_next_dist_compiled_react-dom_1698bfa6._.js:9068:150)
    at performWorkOnRootViaSchedulerTask (http://localhost:3000/_next/static/chunks/509c2_next_dist_compiled_react-dom_1698bfa6._.js:10230:9)
    at MessagePort.performWorkUntilDeadline (http://localhost:3000/_next/static/chunks/509c2_next_dist_compiled_9044104d._.js:2647:64) @ http://localhost:3000/_next/static/chunks/509c2_next_dist_512df543._.js:3127
[ 2132844ms] [ERROR] IntlError: MISSING_MESSAGE: Could not resolve `modules.dashboard` in messages for locale `login`.
    at getMessagesOrError (http://localhost:3000/_next/static/chunks/db2ad__pnpm_bc426aec._.js:3637:27)
    at createBaseTranslator (http://localhost:3000/_next/static/chunks/db2ad__pnpm_bc426aec._.js:3642:29)
    at useTranslationsImpl.useMemo[translate] (http://localhost:3000/_next/static/chunks/db2ad__pnpm_bc426aec._.js:4163:378)
    at mountMemo (http://localhost:3000/_next/static/chunks/509c2_next_dist_compiled_react-dom_1698bfa6._.js:5424:25)
    at Object.useMemo (http://localhost:3000/_next/static/chunks/509c2_next_dist_compiled_react-dom_1698bfa6._.js:15003:24)
    at exports.useMemo (http://localhost:3000/_next/static/chunks/509c2_next_dist_compiled_9044104d._.js:1742:36)
    at useTranslationsImpl (http://localhost:3000/_next/static/chunks/db2ad__pnpm_bc426aec._.js:4162:416)
    at useTranslations (http://localhost:3000/_next/static/chunks/db2ad__pnpm_bc426aec._.js:4201:12)
    at http://localhost:3000/_next/static/chunks/db2ad__pnpm_6cafc622._.js:70:20
    at DashboardPage (http://localhost:3000/_next/static/chunks/pi-cwd-20260601_admin-platform_d7a92737._.js:987:432)
    at Object.react_stack_bottom_frame (http://localhost:3000/_next/static/chunks/509c2_next_dist_compiled_react-dom_1698bfa6._.js:14826:24)
    at renderWithHooks (http://localhost:3000/_next/static/chunks/509c2_next_dist_compiled_react-dom_1698bfa6._.js:4651:24)
    at updateFunctionComponent (http://localhost:3000/_next/static/chunks/509c2_next_dist_compiled_react-dom_1698bfa6._.js:6112:21)
    at beginWork (http://localhost:3000/_next/static/chunks/509c2_next_dist_compiled_react-dom_1698bfa6._.js:6708:24)
    at runWithFiberInDEV (http://localhost:3000/_next/static/chunks/509c2_next_dist_compiled_react-dom_1698bfa6._.js:965:74)
    at performUnitOfWork (http://localhost:3000/_next/static/chunks/509c2_next_dist_compiled_react-dom_1698bfa6._.js:9562:97)
    at workLoopConcurrentByScheduler (http://localhost:3000/_next/static/chunks/509c2_next_dist_compiled_react-dom_1698bfa6._.js:9558:58)
    at renderRootConcurrent (http://localhost:3000/_next/static/chunks/509c2_next_dist_compiled_react-dom_1698bfa6._.js:9541:71)
    at performWorkOnRoot (http://localhost:3000/_next/static/chunks/509c2_next_dist_compiled_react-dom_1698bfa6._.js:9068:150)
    at performWorkOnRootViaSchedulerTask (http://localhost:3000/_next/static/chunks/509c2_next_dist_compiled_react-dom_1698bfa6._.js:10230:9)
    at MessagePort.performWorkUntilDeadline (http://localhost:3000/_next/static/chunks/509c2_next_dist_compiled_9044104d._.js:2647:64) @ http://localhost:3000/_next/static/chunks/509c2_next_dist_512df543._.js:3127
[ 2132845ms] [ERROR] IntlError: MISSING_MESSAGE: Could not resolve `modules.dashboard` in messages for locale `login`.
    at getMessagesOrError (http://localhost:3000/_next/static/chunks/db2ad__pnpm_bc426aec._.js:3637:27)
    at createBaseTranslator (http://localhost:3000/_next/static/chunks/db2ad__pnpm_bc426aec._.js:3642:29)
    at useTranslationsImpl.useMemo[translate] (http://localhost:3000/_next/static/chunks/db2ad__pnpm_bc426aec._.js:4163:378)
    at mountMemo (http://localhost:3000/_next/static/chunks/509c2_next_dist_compiled_react-dom_1698bfa6._.js:5424:25)
    at Object.useMemo (http://localhost:3000/_next/static/chunks/509c2_next_dist_compiled_react-dom_1698bfa6._.js:15003:24)
    at exports.useMemo (http://localhost:3000/_next/static/chunks/509c2_next_dist_compiled_9044104d._.js:1742:36)
    at useTranslationsImpl (http://localhost:3000/_next/static/chunks/db2ad__pnpm_bc426aec._.js:4162:416)
    at useTranslations (http://localhost:3000/_next/static/chunks/db2ad__pnpm_bc426aec._.js:4201:12)
    at http://localhost:3000/_next/static/chunks/db2ad__pnpm_6cafc622._.js:70:20
    at DashboardPage (http://localhost:3000/_next/static/chunks/pi-cwd-20260601_admin-platform_d7a92737._.js:987:432)
    at Object.react_stack_bottom_frame (http://localhost:3000/_next/static/chunks/509c2_next_dist_compiled_react-dom_1698bfa6._.js:14826:24)
    at renderWithHooks (http://localhost:3000/_next/static/chunks/509c2_next_dist_compiled_react-dom_1698bfa6._.js:4651:24)
    at updateFunctionComponent (http://localhost:3000/_next/static/chunks/509c2_next_dist_compiled_react-dom_1698bfa6._.js:6112:21)
    at beginWork (http://localhost:3000/_next/static/chunks/509c2_next_dist_compiled_react-dom_1698bfa6._.js:6708:24)
    at runWithFiberInDEV (http://localhost:3000/_next/static/chunks/509c2_next_dist_compiled_react-dom_1698bfa6._.js:965:74)
    at performUnitOfWork (http://localhost:3000/_next/static/chunks/509c2_next_dist_compiled_react-dom_1698bfa6._.js:9562:97)
    at workLoopConcurrentByScheduler (http://localhost:3000/_next/static/chunks/509c2_next_dist_compiled_react-dom_1698bfa6._.js:9558:58)
    at renderRootConcurrent (http://localhost:3000/_next/static/chunks/509c2_next_dist_compiled_react-dom_1698bfa6._.js:9541:71)
    at performWorkOnRoot (http://localhost:3000/_next/static/chunks/509c2_next_dist_compiled_react-dom_1698bfa6._.js:9068:150)
    at performWorkOnRootViaSchedulerTask (http://localhost:3000/_next/static/chunks/509c2_next_dist_compiled_react-dom_1698bfa6._.js:10230:9)
    at MessagePort.performWorkUntilDeadline (http://localhost:3000/_next/static/chunks/509c2_next_dist_compiled_9044104d._.js:2647:64) @ http://localhost:3000/_next/static/chunks/509c2_next_dist_512df543._.js:3127
[ 2132845ms] [ERROR] IntlError: MISSING_MESSAGE: Could not resolve `modules.dashboard` in messages for locale `login`.
    at getMessagesOrError (http://localhost:3000/_next/static/chunks/db2ad__pnpm_bc426aec._.js:3637:27)
    at createBaseTranslator (http://localhost:3000/_next/static/chunks/db2ad__pnpm_bc426aec._.js:3642:29)
    at useTranslationsImpl.useMemo[translate] (http://localhost:3000/_next/static/chunks/db2ad__pnpm_bc426aec._.js:4163:378)
    at mountMemo (http://localhost:3000/_next/static/chunks/509c2_next_dist_compiled_react-dom_1698bfa6._.js:5424:25)
    at Object.useMemo (http://localhost:3000/_next/static/chunks/509c2_next_dist_compiled_react-dom_1698bfa6._.js:15003:24)
    at exports.useMemo (http://localhost:3000/_next/static/chunks/509c2_next_dist_compiled_9044104d._.js:1742:36)
    at useTranslationsImpl (http://localhost:3000/_next/static/chunks/db2ad__pnpm_bc426aec._.js:4162:416)
    at useTranslations (http://localhost:3000/_next/static/chunks/db2ad__pnpm_bc426aec._.js:4201:12)
    at http://localhost:3000/_next/static/chunks/db2ad__pnpm_6cafc622._.js:70:20
    at DashboardPage (http://localhost:3000/_next/static/chunks/pi-cwd-20260601_admin-platform_d7a92737._.js:987:432)
    at Object.react_stack_bottom_frame (http://localhost:3000/_next/static/chunks/509c2_next_dist_compiled_react-dom_1698bfa6._.js:14826:24)
    at renderWithHooks (http://localhost:3000/_next/static/chunks/509c2_next_dist_compiled_react-dom_1698bfa6._.js:4651:24)
    at updateFunctionComponent (http://localhost:3000/_next/static/chunks/509c2_next_dist_compiled_react-dom_1698bfa6._.js:6112:21)
    at beginWork (http://localhost:3000/_next/static/chunks/509c2_next_dist_compiled_react-dom_1698bfa6._.js:6708:24)
    at runWithFiberInDEV (http://localhost:3000/_next/static/chunks/509c2_next_dist_compiled_react-dom_1698bfa6._.js:965:74)
    at performUnitOfWork (http://localhost:3000/_next/static/chunks/509c2_next_dist_compiled_react-dom_1698bfa6._.js:9562:97)
    at workLoopConcurrentByScheduler (http://localhost:3000/_next/static/chunks/509c2_next_dist_compiled_react-dom_1698bfa6._.js:9558:58)
    at renderRootConcurrent (http://localhost:3000/_next/static/chunks/509c2_next_dist_compiled_react-dom_1698bfa6._.js:9541:71)
    at performWorkOnRoot (http://localhost:3000/_next/static/chunks/509c2_next_dist_compiled_react-dom_1698bfa6._.js:9068:150)
    at performWorkOnRootViaSchedulerTask (http://localhost:3000/_next/static/chunks/509c2_next_dist_compiled_react-dom_1698bfa6._.js:10230:9)
    at MessagePort.performWorkUntilDeadline (http://localhost:3000/_next/static/chunks/509c2_next_dist_compiled_9044104d._.js:2647:64) @ http://localhost:3000/_next/static/chunks/509c2_next_dist_512df543._.js:3127
[ 2132845ms] [ERROR] IntlError: MISSING_MESSAGE: Could not resolve `modules.dashboard` in messages for locale `login`.
    at getMessagesOrError (http://localhost:3000/_next/static/chunks/db2ad__pnpm_bc426aec._.js:3637:27)
    at createBaseTranslator (http://localhost:3000/_next/static/chunks/db2ad__pnpm_bc426aec._.js:3642:29)
    at useTranslationsImpl.useMemo[translate] (http://localhost:3000/_next/static/chunks/db2ad__pnpm_bc426aec._.js:4163:378)
    at mountMemo (http://localhost:3000/_next/static/chunks/509c2_next_dist_compiled_react-dom_1698bfa6._.js:5424:25)
    at Object.useMemo (http://localhost:3000/_next/static/chunks/509c2_next_dist_compiled_react-dom_1698bfa6._.js:15003:24)
    at exports.useMemo (http://localhost:3000/_next/static/chunks/509c2_next_dist_compiled_9044104d._.js:1742:36)
    at useTranslationsImpl (http://localhost:3000/_next/static/chunks/db2ad__pnpm_bc426aec._.js:4162:416)
    at useTranslations (http://localhost:3000/_next/static/chunks/db2ad__pnpm_bc426aec._.js:4201:12)
    at http://localhost:3000/_next/static/chunks/db2ad__pnpm_6cafc622._.js:70:20
    at DashboardPage (http://localhost:3000/_next/static/chunks/pi-cwd-20260601_admin-platform_d7a92737._.js:987:432)
    at Object.react_stack_bottom_frame (http://localhost:3000/_next/static/chunks/509c2_next_dist_compiled_react-dom_1698bfa6._.js:14826:24)
    at renderWithHooks (http://localhost:3000/_next/static/chunks/509c2_next_dist_compiled_react-dom_1698bfa6._.js:4651:24)
    at updateFunctionComponent (http://localhost:3000/_next/static/chunks/509c2_next_dist_compiled_react-dom_1698bfa6._.js:6112:21)
    at beginWork (http://localhost:3000/_next/static/chunks/509c2_next_dist_compiled_react-dom_1698bfa6._.js:6708:24)
    at runWithFiberInDEV (http://localhost:3000/_next/static/chunks/509c2_next_dist_compiled_react-dom_1698bfa6._.js:965:74)
    at performUnitOfWork (http://localhost:3000/_next/static/chunks/509c2_next_dist_compiled_react-dom_1698bfa6._.js:9562:97)
    at workLoopConcurrentByScheduler (http://localhost:3000/_next/static/chunks/509c2_next_dist_compiled_react-dom_1698bfa6._.js:9558:58)
    at renderRootConcurrent (http://localhost:3000/_next/static/chunks/509c2_next_dist_compiled_react-dom_1698bfa6._.js:9541:71)
    at performWorkOnRoot (http://localhost:3000/_next/static/chunks/509c2_next_dist_compiled_react-dom_1698bfa6._.js:9068:150)
    at performWorkOnRootViaSchedulerTask (http://localhost:3000/_next/static/chunks/509c2_next_dist_compiled_react-dom_1698bfa6._.js:10230:9)
    at MessagePort.performWorkUntilDeadline (http://localhost:3000/_next/static/chunks/509c2_next_dist_compiled_9044104d._.js:2647:64) @ http://localhost:3000/_next/static/chunks/509c2_next_dist_512df543._.js:3127
[ 2132846ms] [ERROR] IntlError: MISSING_MESSAGE: Could not resolve `modules.dashboard` in messages for locale `login`.
    at getMessagesOrError (http://localhost:3000/_next/static/chunks/db2ad__pnpm_bc426aec._.js:3637:27)
    at createBaseTranslator (http://localhost:3000/_next/static/chunks/db2ad__pnpm_bc426aec._.js:3642:29)
    at useTranslationsImpl.useMemo[translate] (http://localhost:3000/_next/static/chunks/db2ad__pnpm_bc426aec._.js:4163:378)
    at mountMemo (http://localhost:3000/_next/static/chunks/509c2_next_dist_compiled_react-dom_1698bfa6._.js:5424:25)
    at Object.useMemo (http://localhost:3000/_next/static/chunks/509c2_next_dist_compiled_react-dom_1698bfa6._.js:15003:24)
    at exports.useMemo (http://localhost:3000/_next/static/chunks/509c2_next_dist_compiled_9044104d._.js:1742:36)
    at useTranslationsImpl (http://localhost:3000/_next/static/chunks/db2ad__pnpm_bc426aec._.js:4162:416)
    at useTranslations (http://localhost:3000/_next/static/chunks/db2ad__pnpm_bc426aec._.js:4201:12)
    at http://localhost:3000/_next/static/chunks/db2ad__pnpm_6cafc622._.js:70:20
    at DashboardPage (http://localhost:3000/_next/static/chunks/pi-cwd-20260601_admin-platform_d7a92737._.js:987:432)
    at Object.react_stack_bottom_frame (http://localhost:3000/_next/static/chunks/509c2_next_dist_compiled_react-dom_1698bfa6._.js:14826:24)
    at renderWithHooks (http://localhost:3000/_next/static/chunks/509c2_next_dist_compiled_react-dom_1698bfa6._.js:4651:24)
    at updateFunctionComponent (http://localhost:3000/_next/static/chunks/509c2_next_dist_compiled_react-dom_1698bfa6._.js:6112:21)
    at beginWork (http://localhost:3000/_next/static/chunks/509c2_next_dist_compiled_react-dom_1698bfa6._.js:6708:24)
    at runWithFiberInDEV (http://localhost:3000/_next/static/chunks/509c2_next_dist_compiled_react-dom_1698bfa6._.js:965:74)
    at performUnitOfWork (http://localhost:3000/_next/static/chunks/509c2_next_dist_compiled_react-dom_1698bfa6._.js:9562:97)
    at workLoopConcurrentByScheduler (http://localhost:3000/_next/static/chunks/509c2_next_dist_compiled_react-dom_1698bfa6._.js:9558:58)
    at renderRootConcurrent (http://localhost:3000/_next/static/chunks/509c2_next_dist_compiled_react-dom_1698bfa6._.js:9541:71)
    at performWorkOnRoot (http://localhost:3000/_next/static/chunks/509c2_next_dist_compiled_react-dom_1698bfa6._.js:9068:150)
    at performWorkOnRootViaSchedulerTask (http://localhost:3000/_next/static/chunks/509c2_next_dist_compiled_react-dom_1698bfa6._.js:10230:9)
    at MessagePort.performWorkUntilDeadline (http://localhost:3000/_next/static/chunks/509c2_next_dist_compiled_9044104d._.js:2647:64) @ http://localhost:3000/_next/static/chunks/509c2_next_dist_512df543._.js:3127
[ 2132846ms] [ERROR] IntlError: MISSING_MESSAGE: Could not resolve `modules.dashboard` in messages for locale `login`.
    at getMessagesOrError (http://localhost:3000/_next/static/chunks/db2ad__pnpm_bc426aec._.js:3637:27)
    at createBaseTranslator (http://localhost:3000/_next/static/chunks/db2ad__pnpm_bc426aec._.js:3642:29)
    at useTranslationsImpl.useMemo[translate] (http://localhost:3000/_next/static/chunks/db2ad__pnpm_bc426aec._.js:4163:378)
    at mountMemo (http://localhost:3000/_next/static/chunks/509c2_next_dist_compiled_react-dom_1698bfa6._.js:5424:25)
    at Object.useMemo (http://localhost:3000/_next/static/chunks/509c2_next_dist_compiled_react-dom_1698bfa6._.js:15003:24)
    at exports.useMemo (http://localhost:3000/_next/static/chunks/509c2_next_dist_compiled_9044104d._.js:1742:36)
    at useTranslationsImpl (http://localhost:3000/_next/static/chunks/db2ad__pnpm_bc426aec._.js:4162:416)
    at useTranslations (http://localhost:3000/_next/static/chunks/db2ad__pnpm_bc426aec._.js:4201:12)
    at http://localhost:3000/_next/static/chunks/db2ad__pnpm_6cafc622._.js:70:20
    at DashboardPage (http://localhost:3000/_next/static/chunks/pi-cwd-20260601_admin-platform_d7a92737._.js:987:432)
    at Object.react_stack_bottom_frame (http://localhost:3000/_next/static/chunks/509c2_next_dist_compiled_react-dom_1698bfa6._.js:14826:24)
    at renderWithHooks (http://localhost:3000/_next/static/chunks/509c2_next_dist_compiled_react-dom_1698bfa6._.js:4651:24)
    at updateFunctionComponent (http://localhost:3000/_next/static/chunks/509c2_next_dist_compiled_react-dom_1698bfa6._.js:6112:21)
    at beginWork (http://localhost:3000/_next/static/chunks/509c2_next_dist_compiled_react-dom_1698bfa6._.js:6708:24)
    at runWithFiberInDEV (http://localhost:3000/_next/static/chunks/509c2_next_dist_compiled_react-dom_1698bfa6._.js:965:74)
    at performUnitOfWork (http://localhost:3000/_next/static/chunks/509c2_next_dist_compiled_react-dom_1698bfa6._.js:9562:97)
    at workLoopConcurrentByScheduler (http://localhost:3000/_next/static/chunks/509c2_next_dist_compiled_react-dom_1698bfa6._.js:9558:58)
    at renderRootConcurrent (http://localhost:3000/_next/static/chunks/509c2_next_dist_compiled_react-dom_1698bfa6._.js:9541:71)
    at performWorkOnRoot (http://localhost:3000/_next/static/chunks/509c2_next_dist_compiled_react-dom_1698bfa6._.js:9068:150)
    at performWorkOnRootViaSchedulerTask (http://localhost:3000/_next/static/chunks/509c2_next_dist_compiled_react-dom_1698bfa6._.js:10230:9)
    at MessagePort.performWorkUntilDeadline (http://localhost:3000/_next/static/chunks/509c2_next_dist_compiled_9044104d._.js:2647:64) @ http://localhost:3000/_next/static/chunks/509c2_next_dist_512df543._.js:3127
[ 2132847ms] [ERROR] IntlError: MISSING_MESSAGE: Could not resolve `modules.dashboard` in messages for locale `login`.
    at getMessagesOrError (http://localhost:3000/_next/static/chunks/db2ad__pnpm_bc426aec._.js:3637:27)
    at createBaseTranslator (http://localhost:3000/_next/static/chunks/db2ad__pnpm_bc426aec._.js:3642:29)
    at useTranslationsImpl.useMemo[translate] (http://localhost:3000/_next/static/chunks/db2ad__pnpm_bc426aec._.js:4163:378)
    at mountMemo (http://localhost:3000/_next/static/chunks/509c2_next_dist_compiled_react-dom_1698bfa6._.js:5424:25)
    at Object.useMemo (http://localhost:3000/_next/static/chunks/509c2_next_dist_compiled_react-dom_1698bfa6._.js:15003:24)
    at exports.useMemo (http://localhost:3000/_next/static/chunks/509c2_next_dist_compiled_9044104d._.js:1742:36)
    at useTranslationsImpl (http://localhost:3000/_next/static/chunks/db2ad__pnpm_bc426aec._.js:4162:416)
    at useTranslations (http://localhost:3000/_next/static/chunks/db2ad__pnpm_bc426aec._.js:4201:12)
    at http://localhost:3000/_next/static/chunks/db2ad__pnpm_6cafc622._.js:70:20
    at DashboardPage (http://localhost:3000/_next/static/chunks/pi-cwd-20260601_admin-platform_d7a92737._.js:987:432)
    at Object.react_stack_bottom_frame (http://localhost:3000/_next/static/chunks/509c2_next_dist_compiled_react-dom_1698bfa6._.js:14826:24)
    at renderWithHooks (http://localhost:3000/_next/static/chunks/509c2_next_dist_compiled_react-dom_1698bfa6._.js:4651:24)
    at updateFunctionComponent (http://localhost:3000/_next/static/chunks/509c2_next_dist_compiled_react-dom_1698bfa6._.js:6112:21)
    at beginWork (http://localhost:3000/_next/static/chunks/509c2_next_dist_compiled_react-dom_1698bfa6._.js:6708:24)
    at runWithFiberInDEV (http://localhost:3000/_next/static/chunks/509c2_next_dist_compiled_react-dom_1698bfa6._.js:965:74)
    at performUnitOfWork (http://localhost:3000/_next/static/chunks/509c2_next_dist_compiled_react-dom_1698bfa6._.js:9562:97)
    at workLoopConcurrentByScheduler (http://localhost:3000/_next/static/chunks/509c2_next_dist_compiled_react-dom_1698bfa6._.js:9558:58)
    at renderRootConcurrent (http://localhost:3000/_next/static/chunks/509c2_next_dist_compiled_react-dom_1698bfa6._.js:9541:71)
    at performWorkOnRoot (http://localhost:3000/_next/static/chunks/509c2_next_dist_compiled_react-dom_1698bfa6._.js:9068:150)
    at performWorkOnRootViaSchedulerTask (http://localhost:3000/_next/static/chunks/509c2_next_dist_compiled_react-dom_1698bfa6._.js:10230:9)
    at MessagePort.performWorkUntilDeadline (http://localhost:3000/_next/static/chunks/509c2_next_dist_compiled_9044104d._.js:2647:64) @ http://localhost:3000/_next/static/chunks/509c2_next_dist_512df543._.js:3127
[ 2132847ms] [ERROR] IntlError: MISSING_MESSAGE: Could not resolve `modules.dashboard` in messages for locale `login`.
    at getMessagesOrError (http://localhost:3000/_next/static/chunks/db2ad__pnpm_bc426aec._.js:3637:27)
    at createBaseTranslator (http://localhost:3000/_next/static/chunks/db2ad__pnpm_bc426aec._.js:3642:29)
    at useTranslationsImpl.useMemo[translate] (http://localhost:3000/_next/static/chunks/db2ad__pnpm_bc426aec._.js:4163:378)
    at mountMemo (http://localhost:3000/_next/static/chunks/509c2_next_dist_compiled_react-dom_1698bfa6._.js:5424:25)
    at Object.useMemo (http://localhost:3000/_next/static/chunks/509c2_next_dist_compiled_react-dom_1698bfa6._.js:15003:24)
    at exports.useMemo (http://localhost:3000/_next/static/chunks/509c2_next_dist_compiled_9044104d._.js:1742:36)
    at useTranslationsImpl (http://localhost:3000/_next/static/chunks/db2ad__pnpm_bc426aec._.js:4162:416)
    at useTranslations (http://localhost:3000/_next/static/chunks/db2ad__pnpm_bc426aec._.js:4201:12)
    at http://localhost:3000/_next/static/chunks/db2ad__pnpm_6cafc622._.js:70:20
    at DashboardPage (http://localhost:3000/_next/static/chunks/pi-cwd-20260601_admin-platform_d7a92737._.js:987:432)
    at Object.react_stack_bottom_frame (http://localhost:3000/_next/static/chunks/509c2_next_dist_compiled_react-dom_1698bfa6._.js:14826:24)
    at renderWithHooks (http://localhost:3000/_next/static/chunks/509c2_next_dist_compiled_react-dom_1698bfa6._.js:4651:24)
    at updateFunctionComponent (http://localhost:3000/_next/static/chunks/509c2_next_dist_compiled_react-dom_1698bfa6._.js:6112:21)
    at beginWork (http://localhost:3000/_next/static/chunks/509c2_next_dist_compiled_react-dom_1698bfa6._.js:6708:24)
    at runWithFiberInDEV (http://localhost:3000/_next/static/chunks/509c2_next_dist_compiled_react-dom_1698bfa6._.js:965:74)
    at performUnitOfWork (http://localhost:3000/_next/static/chunks/509c2_next_dist_compiled_react-dom_1698bfa6._.js:9562:97)
    at workLoopConcurrentByScheduler (http://localhost:3000/_next/static/chunks/509c2_next_dist_compiled_react-dom_1698bfa6._.js:9558:58)
    at renderRootConcurrent (http://localhost:3000/_next/static/chunks/509c2_next_dist_compiled_react-dom_1698bfa6._.js:9541:71)
    at performWorkOnRoot (http://localhost:3000/_next/static/chunks/509c2_next_dist_compiled_react-dom_1698bfa6._.js:9068:150)
    at performWorkOnRootViaSchedulerTask (http://localhost:3000/_next/static/chunks/509c2_next_dist_compiled_react-dom_1698bfa6._.js:10230:9)
    at MessagePort.performWorkUntilDeadline (http://localhost:3000/_next/static/chunks/509c2_next_dist_compiled_9044104d._.js:2647:64) @ http://localhost:3000/_next/static/chunks/509c2_next_dist_512df543._.js:3127
[ 2132847ms] [ERROR] IntlError: MISSING_MESSAGE: Could not resolve `modules.dashboard` in messages for locale `login`.
    at getMessagesOrError (http://localhost:3000/_next/static/chunks/db2ad__pnpm_bc426aec._.js:3637:27)
    at createBaseTranslator (http://localhost:3000/_next/static/chunks/db2ad__pnpm_bc426aec._.js:3642:29)
    at useTranslationsImpl.useMemo[translate] (http://localhost:3000/_next/static/chunks/db2ad__pnpm_bc426aec._.js:4163:378)
    at mountMemo (http://localhost:3000/_next/static/chunks/509c2_next_dist_compiled_react-dom_1698bfa6._.js:5424:25)
    at Object.useMemo (http://localhost:3000/_next/static/chunks/509c2_next_dist_compiled_react-dom_1698bfa6._.js:15003:24)
    at exports.useMemo (http://localhost:3000/_next/static/chunks/509c2_next_dist_compiled_9044104d._.js:1742:36)
    at useTranslationsImpl (http://localhost:3000/_next/static/chunks/db2ad__pnpm_bc426aec._.js:4162:416)
    at useTranslations (http://localhost:3000/_next/static/chunks/db2ad__pnpm_bc426aec._.js:4201:12)
    at http://localhost:3000/_next/static/chunks/db2ad__pnpm_6cafc622._.js:70:20
    at DashboardPage (http://localhost:3000/_next/static/chunks/pi-cwd-20260601_admin-platform_d7a92737._.js:987:432)
    at Object.react_stack_bottom_frame (http://localhost:3000/_next/static/chunks/509c2_next_dist_compiled_react-dom_1698bfa6._.js:14826:24)
    at renderWithHooks (http://localhost:3000/_next/static/chunks/509c2_next_dist_compiled_react-dom_1698bfa6._.js:4651:24)
    at updateFunctionComponent (http://localhost:3000/_next/static/chunks/509c2_next_dist_compiled_react-dom_1698bfa6._.js:6112:21)
    at beginWork (http://localhost:3000/_next/static/chunks/509c2_next_dist_compiled_react-dom_1698bfa6._.js:6708:24)
    at runWithFiberInDEV (http://localhost:3000/_next/static/chunks/509c2_next_dist_compiled_react-dom_1698bfa6._.js:965:74)
    at performUnitOfWork (http://localhost:3000/_next/static/chunks/509c2_next_dist_compiled_react-dom_1698bfa6._.js:9562:97)
    at workLoopConcurrentByScheduler (http://localhost:3000/_next/static/chunks/509c2_next_dist_compiled_react-dom_1698bfa6._.js:9558:58)
    at renderRootConcurrent (http://localhost:3000/_next/static/chunks/509c2_next_dist_compiled_react-dom_1698bfa6._.js:9541:71)
    at performWorkOnRoot (http://localhost:3000/_next/static/chunks/509c2_next_dist_compiled_react-dom_1698bfa6._.js:9068:150)
    at performWorkOnRootViaSchedulerTask (http://localhost:3000/_next/static/chunks/509c2_next_dist_compiled_react-dom_1698bfa6._.js:10230:9)
    at MessagePort.performWorkUntilDeadline (http://localhost:3000/_next/static/chunks/509c2_next_dist_compiled_9044104d._.js:2647:64) @ http://localhost:3000/_next/static/chunks/509c2_next_dist_512df543._.js:3127
[ 2132847ms] [ERROR] IntlError: MISSING_MESSAGE: Could not resolve `modules.dashboard` in messages for locale `login`.
    at getMessagesOrError (http://localhost:3000/_next/static/chunks/db2ad__pnpm_bc426aec._.js:3637:27)
    at createBaseTranslator (http://localhost:3000/_next/static/chunks/db2ad__pnpm_bc426aec._.js:3642:29)
    at useTranslationsImpl.useMemo[translate] (http://localhost:3000/_next/static/chunks/db2ad__pnpm_bc426aec._.js:4163:378)
    at mountMemo (http://localhost:3000/_next/static/chunks/509c2_next_dist_compiled_react-dom_1698bfa6._.js:5424:25)
    at Object.useMemo (http://localhost:3000/_next/static/chunks/509c2_next_dist_compiled_react-dom_1698bfa6._.js:15003:24)
    at exports.useMemo (http://localhost:3000/_next/static/chunks/509c2_next_dist_compiled_9044104d._.js:1742:36)
    at useTranslationsImpl (http://localhost:3000/_next/static/chunks/db2ad__pnpm_bc426aec._.js:4162:416)
    at useTranslations (http://localhost:3000/_next/static/chunks/db2ad__pnpm_bc426aec._.js:4201:12)
    at http://localhost:3000/_next/static/chunks/db2ad__pnpm_6cafc622._.js:70:20
    at DashboardPage (http://localhost:3000/_next/static/chunks/pi-cwd-20260601_admin-platform_d7a92737._.js:987:432)
    at Object.react_stack_bottom_frame (http://localhost:3000/_next/static/chunks/509c2_next_dist_compiled_react-dom_1698bfa6._.js:14826:24)
    at renderWithHooks (http://localhost:3000/_next/static/chunks/509c2_next_dist_compiled_react-dom_1698bfa6._.js:4651:24)
    at updateFunctionComponent (http://localhost:3000/_next/static/chunks/509c2_next_dist_compiled_react-dom_1698bfa6._.js:6112:21)
    at beginWork (http://localhost:3000/_next/static/chunks/509c2_next_dist_compiled_react-dom_1698bfa6._.js:6708:24)
    at runWithFiberInDEV (http://localhost:3000/_next/static/chunks/509c2_next_dist_compiled_react-dom_1698bfa6._.js:965:74)
    at performUnitOfWork (http://localhost:3000/_next/static/chunks/509c2_next_dist_compiled_react-dom_1698bfa6._.js:9562:97)
    at workLoopConcurrentByScheduler (http://localhost:3000/_next/static/chunks/509c2_next_dist_compiled_react-dom_1698bfa6._.js:9558:58)
    at renderRootConcurrent (http://localhost:3000/_next/static/chunks/509c2_next_dist_compiled_react-dom_1698bfa6._.js:9541:71)
    at performWorkOnRoot (http://localhost:3000/_next/static/chunks/509c2_next_dist_compiled_react-dom_1698bfa6._.js:9068:150)
    at performWorkOnRootViaSchedulerTask (http://localhost:3000/_next/static/chunks/509c2_next_dist_compiled_react-dom_1698bfa6._.js:10230:9)
    at MessagePort.performWorkUntilDeadline (http://localhost:3000/_next/static/chunks/509c2_next_dist_compiled_9044104d._.js:2647:64) @ http://localhost:3000/_next/static/chunks/509c2_next_dist_512df543._.js:3127
[ 2132848ms] [ERROR] IntlError: MISSING_MESSAGE: Could not resolve `modules.dashboard` in messages for locale `login`.
    at getMessagesOrError (http://localhost:3000/_next/static/chunks/db2ad__pnpm_bc426aec._.js:3637:27)
    at createBaseTranslator (http://localhost:3000/_next/static/chunks/db2ad__pnpm_bc426aec._.js:3642:29)
    at useTranslationsImpl.useMemo[translate] (http://localhost:3000/_next/static/chunks/db2ad__pnpm_bc426aec._.js:4163:378)
    at mountMemo (http://localhost:3000/_next/static/chunks/509c2_next_dist_compiled_react-dom_1698bfa6._.js:5424:25)
    at Object.useMemo (http://localhost:3000/_next/static/chunks/509c2_next_dist_compiled_react-dom_1698bfa6._.js:15003:24)
    at exports.useMemo (http://localhost:3000/_next/static/chunks/509c2_next_dist_compiled_9044104d._.js:1742:36)
    at useTranslationsImpl (http://localhost:3000/_next/static/chunks/db2ad__pnpm_bc426aec._.js:4162:416)
    at useTranslations (http://localhost:3000/_next/static/chunks/db2ad__pnpm_bc426aec._.js:4201:12)
    at http://localhost:3000/_next/static/chunks/db2ad__pnpm_6cafc622._.js:70:20
    at DashboardPage (http://localhost:3000/_next/static/chunks/pi-cwd-20260601_admin-platform_d7a92737._.js:987:432)
    at Object.react_stack_bottom_frame (http://localhost:3000/_next/static/chunks/509c2_next_dist_compiled_react-dom_1698bfa6._.js:14826:24)
    at renderWithHooks (http://localhost:3000/_next/static/chunks/509c2_next_dist_compiled_react-dom_1698bfa6._.js:4651:24)
    at updateFunctionComponent (http://localhost:3000/_next/static/chunks/509c2_next_dist_compiled_react-dom_1698bfa6._.js:6112:21)
    at beginWork (http://localhost:3000/_next/static/chunks/509c2_next_dist_compiled_react-dom_1698bfa6._.js:6708:24)
    at runWithFiberInDEV (http://localhost:3000/_next/static/chunks/509c2_next_dist_compiled_react-dom_1698bfa6._.js:965:74)
    at performUnitOfWork (http://localhost:3000/_next/static/chunks/509c2_next_dist_compiled_react-dom_1698bfa6._.js:9562:97)
    at workLoopConcurrentByScheduler (http://localhost:3000/_next/static/chunks/509c2_next_dist_compiled_react-dom_1698bfa6._.js:9558:58)
    at renderRootConcurrent (http://localhost:3000/_next/static/chunks/509c2_next_dist_compiled_react-dom_1698bfa6._.js:9541:71)
    at performWorkOnRoot (http://localhost:3000/_next/static/chunks/509c2_next_dist_compiled_react-dom_1698bfa6._.js:9068:150)
    at performWorkOnRootViaSchedulerTask (http://localhost:3000/_next/static/chunks/509c2_next_dist_compiled_react-dom_1698bfa6._.js:10230:9)
    at MessagePort.performWorkUntilDeadline (http://localhost:3000/_next/static/chunks/509c2_next_dist_compiled_9044104d._.js:2647:64) @ http://localhost:3000/_next/static/chunks/509c2_next_dist_512df543._.js:3127
[ 2132848ms] [ERROR] IntlError: MISSING_MESSAGE: Could not resolve `modules.dashboard` in messages for locale `login`.
    at getMessagesOrError (http://localhost:3000/_next/static/chunks/db2ad__pnpm_bc426aec._.js:3637:27)
    at createBaseTranslator (http://localhost:3000/_next/static/chunks/db2ad__pnpm_bc426aec._.js:3642:29)
    at useTranslationsImpl.useMemo[translate] (http://localhost:3000/_next/static/chunks/db2ad__pnpm_bc426aec._.js:4163:378)
    at mountMemo (http://localhost:3000/_next/static/chunks/509c2_next_dist_compiled_react-dom_1698bfa6._.js:5424:25)
    at Object.useMemo (http://localhost:3000/_next/static/chunks/509c2_next_dist_compiled_react-dom_1698bfa6._.js:15003:24)
    at exports.useMemo (http://localhost:3000/_next/static/chunks/509c2_next_dist_compiled_9044104d._.js:1742:36)
    at useTranslationsImpl (http://localhost:3000/_next/static/chunks/db2ad__pnpm_bc426aec._.js:4162:416)
    at useTranslations (http://localhost:3000/_next/static/chunks/db2ad__pnpm_bc426aec._.js:4201:12)
    at http://localhost:3000/_next/static/chunks/db2ad__pnpm_6cafc622._.js:70:20
    at DashboardPage (http://localhost:3000/_next/static/chunks/pi-cwd-20260601_admin-platform_d7a92737._.js:987:432)
    at Object.react_stack_bottom_frame (http://localhost:3000/_next/static/chunks/509c2_next_dist_compiled_react-dom_1698bfa6._.js:14826:24)
    at renderWithHooks (http://localhost:3000/_next/static/chunks/509c2_next_dist_compiled_react-dom_1698bfa6._.js:4651:24)
    at updateFunctionComponent (http://localhost:3000/_next/static/chunks/509c2_next_dist_compiled_react-dom_1698bfa6._.js:6112:21)
    at beginWork (http://localhost:3000/_next/static/chunks/509c2_next_dist_compiled_react-dom_1698bfa6._.js:6708:24)
    at runWithFiberInDEV (http://localhost:3000/_next/static/chunks/509c2_next_dist_compiled_react-dom_1698bfa6._.js:965:74)
    at performUnitOfWork (http://localhost:3000/_next/static/chunks/509c2_next_dist_compiled_react-dom_1698bfa6._.js:9562:97)
    at workLoopConcurrentByScheduler (http://localhost:3000/_next/static/chunks/509c2_next_dist_compiled_react-dom_1698bfa6._.js:9558:58)
    at renderRootConcurrent (http://localhost:3000/_next/static/chunks/509c2_next_dist_compiled_react-dom_1698bfa6._.js:9541:71)
    at performWorkOnRoot (http://localhost:3000/_next/static/chunks/509c2_next_dist_compiled_react-dom_1698bfa6._.js:9068:150)
    at performWorkOnRootViaSchedulerTask (http://localhost:3000/_next/static/chunks/509c2_next_dist_compiled_react-dom_1698bfa6._.js:10230:9)
    at MessagePort.performWorkUntilDeadline (http://localhost:3000/_next/static/chunks/509c2_next_dist_compiled_9044104d._.js:2647:64) @ http://localhost:3000/_next/static/chunks/509c2_next_dist_512df543._.js:3127
[ 2132849ms] [ERROR] IntlError: MISSING_MESSAGE: Could not resolve `modules.dashboard` in messages for locale `login`.
    at getMessagesOrError (http://localhost:3000/_next/static/chunks/db2ad__pnpm_bc426aec._.js:3637:27)
    at createBaseTranslator (http://localhost:3000/_next/static/chunks/db2ad__pnpm_bc426aec._.js:3642:29)
    at useTranslationsImpl.useMemo[translate] (http://localhost:3000/_next/static/chunks/db2ad__pnpm_bc426aec._.js:4163:378)
    at mountMemo (http://localhost:3000/_next/static/chunks/509c2_next_dist_compiled_react-dom_1698bfa6._.js:5424:25)
    at Object.useMemo (http://localhost:3000/_next/static/chunks/509c2_next_dist_compiled_react-dom_1698bfa6._.js:15003:24)
    at exports.useMemo (http://localhost:3000/_next/static/chunks/509c2_next_dist_compiled_9044104d._.js:1742:36)
    at useTranslationsImpl (http://localhost:3000/_next/static/chunks/db2ad__pnpm_bc426aec._.js:4162:416)
    at useTranslations (http://localhost:3000/_next/static/chunks/db2ad__pnpm_bc426aec._.js:4201:12)
    at http://localhost:3000/_next/static/chunks/db2ad__pnpm_6cafc622._.js:70:20
    at DashboardPage (http://localhost:3000/_next/static/chunks/pi-cwd-20260601_admin-platform_d7a92737._.js:987:432)
    at Object.react_stack_bottom_frame (http://localhost:3000/_next/static/chunks/509c2_next_dist_compiled_react-dom_1698bfa6._.js:14826:24)
    at renderWithHooks (http://localhost:3000/_next/static/chunks/509c2_next_dist_compiled_react-dom_1698bfa6._.js:4651:24)
    at updateFunctionComponent (http://localhost:3000/_next/static/chunks/509c2_next_dist_compiled_react-dom_1698bfa6._.js:6112:21)
    at beginWork (http://localhost:3000/_next/static/chunks/509c2_next_dist_compiled_react-dom_1698bfa6._.js:6708:24)
    at runWithFiberInDEV (http://localhost:3000/_next/static/chunks/509c2_next_dist_compiled_react-dom_1698bfa6._.js:965:74)
    at performUnitOfWork (http://localhost:3000/_next/static/chunks/509c2_next_dist_compiled_react-dom_1698bfa6._.js:9562:97)
    at workLoopConcurrentByScheduler (http://localhost:3000/_next/static/chunks/509c2_next_dist_compiled_react-dom_1698bfa6._.js:9558:58)
    at renderRootConcurrent (http://localhost:3000/_next/static/chunks/509c2_next_dist_compiled_react-dom_1698bfa6._.js:9541:71)
    at performWorkOnRoot (http://localhost:3000/_next/static/chunks/509c2_next_dist_compiled_react-dom_1698bfa6._.js:9068:150)
    at performWorkOnRootViaSchedulerTask (http://localhost:3000/_next/static/chunks/509c2_next_dist_compiled_react-dom_1698bfa6._.js:10230:9)
    at MessagePort.performWorkUntilDeadline (http://localhost:3000/_next/static/chunks/509c2_next_dist_compiled_9044104d._.js:2647:64) @ http://localhost:3000/_next/static/chunks/509c2_next_dist_512df543._.js:3127
[ 2132849ms] [ERROR] IntlError: MISSING_MESSAGE: Could not resolve `modules.dashboard` in messages for locale `login`.
    at getMessagesOrError (http://localhost:3000/_next/static/chunks/db2ad__pnpm_bc426aec._.js:3637:27)
    at createBaseTranslator (http://localhost:3000/_next/static/chunks/db2ad__pnpm_bc426aec._.js:3642:29)
    at useTranslationsImpl.useMemo[translate] (http://localhost:3000/_next/static/chunks/db2ad__pnpm_bc426aec._.js:4163:378)
    at mountMemo (http://localhost:3000/_next/static/chunks/509c2_next_dist_compiled_react-dom_1698bfa6._.js:5424:25)
    at Object.useMemo (http://localhost:3000/_next/static/chunks/509c2_next_dist_compiled_react-dom_1698bfa6._.js:15003:24)
    at exports.useMemo (http://localhost:3000/_next/static/chunks/509c2_next_dist_compiled_9044104d._.js:1742:36)
    at useTranslationsImpl (http://localhost:3000/_next/static/chunks/db2ad__pnpm_bc426aec._.js:4162:416)
    at useTranslations (http://localhost:3000/_next/static/chunks/db2ad__pnpm_bc426aec._.js:4201:12)
    at http://localhost:3000/_next/static/chunks/db2ad__pnpm_6cafc622._.js:70:20
    at DashboardPage (http://localhost:3000/_next/static/chunks/pi-cwd-20260601_admin-platform_d7a92737._.js:987:432)
    at Object.react_stack_bottom_frame (http://localhost:3000/_next/static/chunks/509c2_next_dist_compiled_react-dom_1698bfa6._.js:14826:24)
    at renderWithHooks (http://localhost:3000/_next/static/chunks/509c2_next_dist_compiled_react-dom_1698bfa6._.js:4651:24)
    at updateFunctionComponent (http://localhost:3000/_next/static/chunks/509c2_next_dist_compiled_react-dom_1698bfa6._.js:6112:21)
    at beginWork (http://localhost:3000/_next/static/chunks/509c2_next_dist_compiled_react-dom_1698bfa6._.js:6708:24)
    at runWithFiberInDEV (http://localhost:3000/_next/static/chunks/509c2_next_dist_compiled_react-dom_1698bfa6._.js:965:74)
    at performUnitOfWork (http://localhost:3000/_next/static/chunks/509c2_next_dist_compiled_react-dom_1698bfa6._.js:9562:97)
    at workLoopConcurrentByScheduler (http://localhost:3000/_next/static/chunks/509c2_next_dist_compiled_react-dom_1698bfa6._.js:9558:58)
    at renderRootConcurrent (http://localhost:3000/_next/static/chunks/509c2_next_dist_compiled_react-dom_1698bfa6._.js:9541:71)
    at performWorkOnRoot (http://localhost:3000/_next/static/chunks/509c2_next_dist_compiled_react-dom_1698bfa6._.js:9068:150)
    at performWorkOnRootViaSchedulerTask (http://localhost:3000/_next/static/chunks/509c2_next_dist_compiled_react-dom_1698bfa6._.js:10230:9)
    at MessagePort.performWorkUntilDeadline (http://localhost:3000/_next/static/chunks/509c2_next_dist_compiled_9044104d._.js:2647:64) @ http://localhost:3000/_next/static/chunks/509c2_next_dist_512df543._.js:3127
[ 2132850ms] [ERROR] IntlError: MISSING_MESSAGE: Could not resolve `modules.dashboard` in messages for locale `login`.
    at getMessagesOrError (http://localhost:3000/_next/static/chunks/db2ad__pnpm_bc426aec._.js:3637:27)
    at createBaseTranslator (http://localhost:3000/_next/static/chunks/db2ad__pnpm_bc426aec._.js:3642:29)
    at useTranslationsImpl.useMemo[translate] (http://localhost:3000/_next/static/chunks/db2ad__pnpm_bc426aec._.js:4163:378)
    at mountMemo (http://localhost:3000/_next/static/chunks/509c2_next_dist_compiled_react-dom_1698bfa6._.js:5424:25)
    at Object.useMemo (http://localhost:3000/_next/static/chunks/509c2_next_dist_compiled_react-dom_1698bfa6._.js:15003:24)
    at exports.useMemo (http://localhost:3000/_next/static/chunks/509c2_next_dist_compiled_9044104d._.js:1742:36)
    at useTranslationsImpl (http://localhost:3000/_next/static/chunks/db2ad__pnpm_bc426aec._.js:4162:416)
    at useTranslations (http://localhost:3000/_next/static/chunks/db2ad__pnpm_bc426aec._.js:4201:12)
    at http://localhost:3000/_next/static/chunks/db2ad__pnpm_6cafc622._.js:70:20
    at DashboardPage (http://localhost:3000/_next/static/chunks/pi-cwd-20260601_admin-platform_d7a92737._.js:987:432)
    at Object.react_stack_bottom_frame (http://localhost:3000/_next/static/chunks/509c2_next_dist_compiled_react-dom_1698bfa6._.js:14826:24)
    at renderWithHooks (http://localhost:3000/_next/static/chunks/509c2_next_dist_compiled_react-dom_1698bfa6._.js:4651:24)
    at updateFunctionComponent (http://localhost:3000/_next/static/chunks/509c2_next_dist_compiled_react-dom_1698bfa6._.js:6112:21)
    at beginWork (http://localhost:3000/_next/static/chunks/509c2_next_dist_compiled_react-dom_1698bfa6._.js:6708:24)
    at runWithFiberInDEV (http://localhost:3000/_next/static/chunks/509c2_next_dist_compiled_react-dom_1698bfa6._.js:965:74)
    at performUnitOfWork (http://localhost:3000/_next/static/chunks/509c2_next_dist_compiled_react-dom_1698bfa6._.js:9562:97)
    at workLoopConcurrentByScheduler (http://localhost:3000/_next/static/chunks/509c2_next_dist_compiled_react-dom_1698bfa6._.js:9558:58)
    at renderRootConcurrent (http://localhost:3000/_next/static/chunks/509c2_next_dist_compiled_react-dom_1698bfa6._.js:9541:71)
    at performWorkOnRoot (http://localhost:3000/_next/static/chunks/509c2_next_dist_compiled_react-dom_1698bfa6._.js:9068:150)
    at performWorkOnRootViaSchedulerTask (http://localhost:3000/_next/static/chunks/509c2_next_dist_compiled_react-dom_1698bfa6._.js:10230:9)
    at MessagePort.performWorkUntilDeadline (http://localhost:3000/_next/static/chunks/509c2_next_dist_compiled_9044104d._.js:2647:64) @ http://localhost:3000/_next/static/chunks/509c2_next_dist_512df543._.js:3127
[ 2132850ms] [ERROR] IntlError: MISSING_MESSAGE: Could not resolve `modules.dashboard` in messages for locale `login`.
    at getMessagesOrError (http://localhost:3000/_next/static/chunks/db2ad__pnpm_bc426aec._.js:3637:27)
    at createBaseTranslator (http://localhost:3000/_next/static/chunks/db2ad__pnpm_bc426aec._.js:3642:29)
    at useTranslationsImpl.useMemo[translate] (http://localhost:3000/_next/static/chunks/db2ad__pnpm_bc426aec._.js:4163:378)
    at mountMemo (http://localhost:3000/_next/static/chunks/509c2_next_dist_compiled_react-dom_1698bfa6._.js:5424:25)
    at Object.useMemo (http://localhost:3000/_next/static/chunks/509c2_next_dist_compiled_react-dom_1698bfa6._.js:15003:24)
    at exports.useMemo (http://localhost:3000/_next/static/chunks/509c2_next_dist_compiled_9044104d._.js:1742:36)
    at useTranslationsImpl (http://localhost:3000/_next/static/chunks/db2ad__pnpm_bc426aec._.js:4162:416)
    at useTranslations (http://localhost:3000/_next/static/chunks/db2ad__pnpm_bc426aec._.js:4201:12)
    at http://localhost:3000/_next/static/chunks/db2ad__pnpm_6cafc622._.js:70:20
    at DashboardPage (http://localhost:3000/_next/static/chunks/pi-cwd-20260601_admin-platform_d7a92737._.js:987:432)
    at Object.react_stack_bottom_frame (http://localhost:3000/_next/static/chunks/509c2_next_dist_compiled_react-dom_1698bfa6._.js:14826:24)
    at renderWithHooks (http://localhost:3000/_next/static/chunks/509c2_next_dist_compiled_react-dom_1698bfa6._.js:4651:24)
    at updateFunctionComponent (http://localhost:3000/_next/static/chunks/509c2_next_dist_compiled_react-dom_1698bfa6._.js:6112:21)
    at beginWork (http://localhost:3000/_next/static/chunks/509c2_next_dist_compiled_react-dom_1698bfa6._.js:6708:24)
    at runWithFiberInDEV (http://localhost:3000/_next/static/chunks/509c2_next_dist_compiled_react-dom_1698bfa6._.js:965:74)
    at performUnitOfWork (http://localhost:3000/_next/static/chunks/509c2_next_dist_compiled_react-dom_1698bfa6._.js:9562:97)
    at workLoopConcurrentByScheduler (http://localhost:3000/_next/static/chunks/509c2_next_dist_compiled_react-dom_1698bfa6._.js:9558:58)
    at renderRootConcurrent (http://localhost:3000/_next/static/chunks/509c2_next_dist_compiled_react-dom_1698bfa6._.js:9541:71)
    at performWorkOnRoot (http://localhost:3000/_next/static/chunks/509c2_next_dist_compiled_react-dom_1698bfa6._.js:9068:150)
    at performWorkOnRootViaSchedulerTask (http://localhost:3000/_next/static/chunks/509c2_next_dist_compiled_react-dom_1698bfa6._.js:10230:9)
    at MessagePort.performWorkUntilDeadline (http://localhost:3000/_next/static/chunks/509c2_next_dist_compiled_9044104d._.js:2647:64) @ http://localhost:3000/_next/static/chunks/509c2_next_dist_512df543._.js:3127
[ 2132851ms] [ERROR] IntlError: MISSING_MESSAGE: Could not resolve `modules.dashboard` in messages for locale `login`.
    at getMessagesOrError (http://localhost:3000/_next/static/chunks/db2ad__pnpm_bc426aec._.js:3637:27)
    at createBaseTranslator (http://localhost:3000/_next/static/chunks/db2ad__pnpm_bc426aec._.js:3642:29)
    at useTranslationsImpl.useMemo[translate] (http://localhost:3000/_next/static/chunks/db2ad__pnpm_bc426aec._.js:4163:378)
    at mountMemo (http://localhost:3000/_next/static/chunks/509c2_next_dist_compiled_react-dom_1698bfa6._.js:5424:25)
    at Object.useMemo (http://localhost:3000/_next/static/chunks/509c2_next_dist_compiled_react-dom_1698bfa6._.js:15003:24)
    at exports.useMemo (http://localhost:3000/_next/static/chunks/509c2_next_dist_compiled_9044104d._.js:1742:36)
    at useTranslationsImpl (http://localhost:3000/_next/static/chunks/db2ad__pnpm_bc426aec._.js:4162:416)
    at useTranslations (http://localhost:3000/_next/static/chunks/db2ad__pnpm_bc426aec._.js:4201:12)
    at http://localhost:3000/_next/static/chunks/db2ad__pnpm_6cafc622._.js:70:20
    at DashboardPage (http://localhost:3000/_next/static/chunks/pi-cwd-20260601_admin-platform_d7a92737._.js:987:432)
    at Object.react_stack_bottom_frame (http://localhost:3000/_next/static/chunks/509c2_next_dist_compiled_react-dom_1698bfa6._.js:14826:24)
    at renderWithHooks (http://localhost:3000/_next/static/chunks/509c2_next_dist_compiled_react-dom_1698bfa6._.js:4651:24)
    at updateFunctionComponent (http://localhost:3000/_next/static/chunks/509c2_next_dist_compiled_react-dom_1698bfa6._.js:6112:21)
    at beginWork (http://localhost:3000/_next/static/chunks/509c2_next_dist_compiled_react-dom_1698bfa6._.js:6708:24)
    at runWithFiberInDEV (http://localhost:3000/_next/static/chunks/509c2_next_dist_compiled_react-dom_1698bfa6._.js:965:74)
    at performUnitOfWork (http://localhost:3000/_next/static/chunks/509c2_next_dist_compiled_react-dom_1698bfa6._.js:9562:97)
    at workLoopConcurrentByScheduler (http://localhost:3000/_next/static/chunks/509c2_next_dist_compiled_react-dom_1698bfa6._.js:9558:58)
    at renderRootConcurrent (http://localhost:3000/_next/static/chunks/509c2_next_dist_compiled_react-dom_1698bfa6._.js:9541:71)
    at performWorkOnRoot (http://localhost:3000/_next/static/chunks/509c2_next_dist_compiled_react-dom_1698bfa6._.js:9068:150)
    at performWorkOnRootViaSchedulerTask (http://localhost:3000/_next/static/chunks/509c2_next_dist_compiled_react-dom_1698bfa6._.js:10230:9)
    at MessagePort.performWorkUntilDeadline (http://localhost:3000/_next/static/chunks/509c2_next_dist_compiled_9044104d._.js:2647:64) @ http://localhost:3000/_next/static/chunks/509c2_next_dist_512df543._.js:3127
[ 2132851ms] [ERROR] IntlError: MISSING_MESSAGE: Could not resolve `modules.dashboard` in messages for locale `login`.
    at getMessagesOrError (http://localhost:3000/_next/static/chunks/db2ad__pnpm_bc426aec._.js:3637:27)
    at createBaseTranslator (http://localhost:3000/_next/static/chunks/db2ad__pnpm_bc426aec._.js:3642:29)
    at useTranslationsImpl.useMemo[translate] (http://localhost:3000/_next/static/chunks/db2ad__pnpm_bc426aec._.js:4163:378)
    at mountMemo (http://localhost:3000/_next/static/chunks/509c2_next_dist_compiled_react-dom_1698bfa6._.js:5424:25)
    at Object.useMemo (http://localhost:3000/_next/static/chunks/509c2_next_dist_compiled_react-dom_1698bfa6._.js:15003:24)
    at exports.useMemo (http://localhost:3000/_next/static/chunks/509c2_next_dist_compiled_9044104d._.js:1742:36)
    at useTranslationsImpl (http://localhost:3000/_next/static/chunks/db2ad__pnpm_bc426aec._.js:4162:416)
    at useTranslations (http://localhost:3000/_next/static/chunks/db2ad__pnpm_bc426aec._.js:4201:12)
    at http://localhost:3000/_next/static/chunks/db2ad__pnpm_6cafc622._.js:70:20
    at DashboardPage (http://localhost:3000/_next/static/chunks/pi-cwd-20260601_admin-platform_d7a92737._.js:987:432)
    at Object.react_stack_bottom_frame (http://localhost:3000/_next/static/chunks/509c2_next_dist_compiled_react-dom_1698bfa6._.js:14826:24)
    at renderWithHooks (http://localhost:3000/_next/static/chunks/509c2_next_dist_compiled_react-dom_1698bfa6._.js:4651:24)
    at updateFunctionComponent (http://localhost:3000/_next/static/chunks/509c2_next_dist_compiled_react-dom_1698bfa6._.js:6112:21)
    at beginWork (http://localhost:3000/_next/static/chunks/509c2_next_dist_compiled_react-dom_1698bfa6._.js:6708:24)
    at runWithFiberInDEV (http://localhost:3000/_next/static/chunks/509c2_next_dist_compiled_react-dom_1698bfa6._.js:965:74)
    at performUnitOfWork (http://localhost:3000/_next/static/chunks/509c2_next_dist_compiled_react-dom_1698bfa6._.js:9562:97)
    at workLoopConcurrentByScheduler (http://localhost:3000/_next/static/chunks/509c2_next_dist_compiled_react-dom_1698bfa6._.js:9558:58)
    at renderRootConcurrent (http://localhost:3000/_next/static/chunks/509c2_next_dist_compiled_react-dom_1698bfa6._.js:9541:71)
    at performWorkOnRoot (http://localhost:3000/_next/static/chunks/509c2_next_dist_compiled_react-dom_1698bfa6._.js:9068:150)
    at performWorkOnRootViaSchedulerTask (http://localhost:3000/_next/static/chunks/509c2_next_dist_compiled_react-dom_1698bfa6._.js:10230:9)
    at MessagePort.performWorkUntilDeadline (http://localhost:3000/_next/static/chunks/509c2_next_dist_compiled_9044104d._.js:2647:64) @ http://localhost:3000/_next/static/chunks/509c2_next_dist_512df543._.js:3127
[ 2132852ms] [ERROR] IntlError: MISSING_MESSAGE: Could not resolve `modules.dashboard` in messages for locale `login`.
    at getMessagesOrError (http://localhost:3000/_next/static/chunks/db2ad__pnpm_bc426aec._.js:3637:27)
    at createBaseTranslator (http://localhost:3000/_next/static/chunks/db2ad__pnpm_bc426aec._.js:3642:29)
    at useTranslationsImpl.useMemo[translate] (http://localhost:3000/_next/static/chunks/db2ad__pnpm_bc426aec._.js:4163:378)
    at mountMemo (http://localhost:3000/_next/static/chunks/509c2_next_dist_compiled_react-dom_1698bfa6._.js:5424:25)
    at Object.useMemo (http://localhost:3000/_next/static/chunks/509c2_next_dist_compiled_react-dom_1698bfa6._.js:15003:24)
    at exports.useMemo (http://localhost:3000/_next/static/chunks/509c2_next_dist_compiled_9044104d._.js:1742:36)
    at useTranslationsImpl (http://localhost:3000/_next/static/chunks/db2ad__pnpm_bc426aec._.js:4162:416)
    at useTranslations (http://localhost:3000/_next/static/chunks/db2ad__pnpm_bc426aec._.js:4201:12)
    at http://localhost:3000/_next/static/chunks/db2ad__pnpm_6cafc622._.js:70:20
    at DashboardPage (http://localhost:3000/_next/static/chunks/pi-cwd-20260601_admin-platform_d7a92737._.js:987:432)
    at Object.react_stack_bottom_frame (http://localhost:3000/_next/static/chunks/509c2_next_dist_compiled_react-dom_1698bfa6._.js:14826:24)
    at renderWithHooks (http://localhost:3000/_next/static/chunks/509c2_next_dist_compiled_react-dom_1698bfa6._.js:4651:24)
    at updateFunctionComponent (http://localhost:3000/_next/static/chunks/509c2_next_dist_compiled_react-dom_1698bfa6._.js:6112:21)
    at beginWork (http://localhost:3000/_next/static/chunks/509c2_next_dist_compiled_react-dom_1698bfa6._.js:6708:24)
    at runWithFiberInDEV (http://localhost:3000/_next/static/chunks/509c2_next_dist_compiled_react-dom_1698bfa6._.js:965:74)
    at performUnitOfWork (http://localhost:3000/_next/static/chunks/509c2_next_dist_compiled_react-dom_1698bfa6._.js:9562:97)
    at workLoopConcurrentByScheduler (http://localhost:3000/_next/static/chunks/509c2_next_dist_compiled_react-dom_1698bfa6._.js:9558:58)
    at renderRootConcurrent (http://localhost:3000/_next/static/chunks/509c2_next_dist_compiled_react-dom_1698bfa6._.js:9541:71)
    at performWorkOnRoot (http://localhost:3000/_next/static/chunks/509c2_next_dist_compiled_react-dom_1698bfa6._.js:9068:150)
    at performWorkOnRootViaSchedulerTask (http://localhost:3000/_next/static/chunks/509c2_next_dist_compiled_react-dom_1698bfa6._.js:10230:9)
    at MessagePort.performWorkUntilDeadline (http://localhost:3000/_next/static/chunks/509c2_next_dist_compiled_9044104d._.js:2647:64) @ http://localhost:3000/_next/static/chunks/509c2_next_dist_512df543._.js:3127
[ 2132852ms] [ERROR] IntlError: MISSING_MESSAGE: Could not resolve `modules.dashboard` in messages for locale `login`.
    at getMessagesOrError (http://localhost:3000/_next/static/chunks/db2ad__pnpm_bc426aec._.js:3637:27)
    at createBaseTranslator (http://localhost:3000/_next/static/chunks/db2ad__pnpm_bc426aec._.js:3642:29)
    at useTranslationsImpl.useMemo[translate] (http://localhost:3000/_next/static/chunks/db2ad__pnpm_bc426aec._.js:4163:378)
    at mountMemo (http://localhost:3000/_next/static/chunks/509c2_next_dist_compiled_react-dom_1698bfa6._.js:5424:25)
    at Object.useMemo (http://localhost:3000/_next/static/chunks/509c2_next_dist_compiled_react-dom_1698bfa6._.js:15003:24)
    at exports.useMemo (http://localhost:3000/_next/static/chunks/509c2_next_dist_compiled_9044104d._.js:1742:36)
    at useTranslationsImpl (http://localhost:3000/_next/static/chunks/db2ad__pnpm_bc426aec._.js:4162:416)
    at useTranslations (http://localhost:3000/_next/static/chunks/db2ad__pnpm_bc426aec._.js:4201:12)
    at http://localhost:3000/_next/static/chunks/db2ad__pnpm_6cafc622._.js:70:20
    at DashboardPage (http://localhost:3000/_next/static/chunks/pi-cwd-20260601_admin-platform_d7a92737._.js:987:432)
    at Object.react_stack_bottom_frame (http://localhost:3000/_next/static/chunks/509c2_next_dist_compiled_react-dom_1698bfa6._.js:14826:24)
    at renderWithHooks (http://localhost:3000/_next/static/chunks/509c2_next_dist_compiled_react-dom_1698bfa6._.js:4651:24)
    at updateFunctionComponent (http://localhost:3000/_next/static/chunks/509c2_next_dist_compiled_react-dom_1698bfa6._.js:6112:21)
    at beginWork (http://localhost:3000/_next/static/chunks/509c2_next_dist_compiled_react-dom_1698bfa6._.js:6708:24)
    at runWithFiberInDEV (http://localhost:3000/_next/static/chunks/509c2_next_dist_compiled_react-dom_1698bfa6._.js:965:74)
    at performUnitOfWork (http://localhost:3000/_next/static/chunks/509c2_next_dist_compiled_react-dom_1698bfa6._.js:9562:97)
    at workLoopConcurrentByScheduler (http://localhost:3000/_next/static/chunks/509c2_next_dist_compiled_react-dom_1698bfa6._.js:9558:58)
    at renderRootConcurrent (http://localhost:3000/_next/static/chunks/509c2_next_dist_compiled_react-dom_1698bfa6._.js:9541:71)
    at performWorkOnRoot (http://localhost:3000/_next/static/chunks/509c2_next_dist_compiled_react-dom_1698bfa6._.js:9068:150)
    at performWorkOnRootViaSchedulerTask (http://localhost:3000/_next/static/chunks/509c2_next_dist_compiled_react-dom_1698bfa6._.js:10230:9)
    at MessagePort.performWorkUntilDeadline (http://localhost:3000/_next/static/chunks/509c2_next_dist_compiled_9044104d._.js:2647:64) @ http://localhost:3000/_next/static/chunks/509c2_next_dist_512df543._.js:3127
[ 2132852ms] [ERROR] IntlError: MISSING_MESSAGE: Could not resolve `modules.dashboard` in messages for locale `login`.
    at getMessagesOrError (http://localhost:3000/_next/static/chunks/db2ad__pnpm_bc426aec._.js:3637:27)
    at createBaseTranslator (http://localhost:3000/_next/static/chunks/db2ad__pnpm_bc426aec._.js:3642:29)
    at useTranslationsImpl.useMemo[translate] (http://localhost:3000/_next/static/chunks/db2ad__pnpm_bc426aec._.js:4163:378)
    at mountMemo (http://localhost:3000/_next/static/chunks/509c2_next_dist_compiled_react-dom_1698bfa6._.js:5424:25)
    at Object.useMemo (http://localhost:3000/_next/static/chunks/509c2_next_dist_compiled_react-dom_1698bfa6._.js:15003:24)
    at exports.useMemo (http://localhost:3000/_next/static/chunks/509c2_next_dist_compiled_9044104d._.js:1742:36)
    at useTranslationsImpl (http://localhost:3000/_next/static/chunks/db2ad__pnpm_bc426aec._.js:4162:416)
    at useTranslations (http://localhost:3000/_next/static/chunks/db2ad__pnpm_bc426aec._.js:4201:12)
    at http://localhost:3000/_next/static/chunks/db2ad__pnpm_6cafc622._.js:70:20
    at DashboardPage (http://localhost:3000/_next/static/chunks/pi-cwd-20260601_admin-platform_d7a92737._.js:987:432)
    at Object.react_stack_bottom_frame (http://localhost:3000/_next/static/chunks/509c2_next_dist_compiled_react-dom_1698bfa6._.js:14826:24)
    at renderWithHooks (http://localhost:3000/_next/static/chunks/509c2_next_dist_compiled_react-dom_1698bfa6._.js:4651:24)
    at updateFunctionComponent (http://localhost:3000/_next/static/chunks/509c2_next_dist_compiled_react-dom_1698bfa6._.js:6112:21)
    at beginWork (http://localhost:3000/_next/static/chunks/509c2_next_dist_compiled_react-dom_1698bfa6._.js:6708:24)
    at runWithFiberInDEV (http://localhost:3000/_next/static/chunks/509c2_next_dist_compiled_react-dom_1698bfa6._.js:965:74)
    at performUnitOfWork (http://localhost:3000/_next/static/chunks/509c2_next_dist_compiled_react-dom_1698bfa6._.js:9562:97)
    at workLoopConcurrentByScheduler (http://localhost:3000/_next/static/chunks/509c2_next_dist_compiled_react-dom_1698bfa6._.js:9558:58)
    at renderRootConcurrent (http://localhost:3000/_next/static/chunks/509c2_next_dist_compiled_react-dom_1698bfa6._.js:9541:71)
    at performWorkOnRoot (http://localhost:3000/_next/static/chunks/509c2_next_dist_compiled_react-dom_1698bfa6._.js:9068:150)
    at performWorkOnRootViaSchedulerTask (http://localhost:3000/_next/static/chunks/509c2_next_dist_compiled_react-dom_1698bfa6._.js:10230:9)
    at MessagePort.performWorkUntilDeadline (http://localhost:3000/_next/static/chunks/509c2_next_dist_compiled_9044104d._.js:2647:64) @ http://localhost:3000/_next/static/chunks/509c2_next_dist_512df543._.js:3127
[ 2132852ms] [ERROR] IntlError: MISSING_MESSAGE: Could not resolve `modules.dashboard` in messages for locale `login`.
    at getMessagesOrError (http://localhost:3000/_next/static/chunks/db2ad__pnpm_bc426aec._.js:3637:27)
    at createBaseTranslator (http://localhost:3000/_next/static/chunks/db2ad__pnpm_bc426aec._.js:3642:29)
    at useTranslationsImpl.useMemo[translate] (http://localhost:3000/_next/static/chunks/db2ad__pnpm_bc426aec._.js:4163:378)
    at mountMemo (http://localhost:3000/_next/static/chunks/509c2_next_dist_compiled_react-dom_1698bfa6._.js:5424:25)
    at Object.useMemo (http://localhost:3000/_next/static/chunks/509c2_next_dist_compiled_react-dom_1698bfa6._.js:15003:24)
    at exports.useMemo (http://localhost:3000/_next/static/chunks/509c2_next_dist_compiled_9044104d._.js:1742:36)
    at useTranslationsImpl (http://localhost:3000/_next/static/chunks/db2ad__pnpm_bc426aec._.js:4162:416)
    at useTranslations (http://localhost:3000/_next/static/chunks/db2ad__pnpm_bc426aec._.js:4201:12)
    at http://localhost:3000/_next/static/chunks/db2ad__pnpm_6cafc622._.js:70:20
    at DashboardPage (http://localhost:3000/_next/static/chunks/pi-cwd-20260601_admin-platform_d7a92737._.js:987:432)
    at Object.react_stack_bottom_frame (http://localhost:3000/_next/static/chunks/509c2_next_dist_compiled_react-dom_1698bfa6._.js:14826:24)
    at renderWithHooks (http://localhost:3000/_next/static/chunks/509c2_next_dist_compiled_react-dom_1698bfa6._.js:4651:24)
    at updateFunctionComponent (http://localhost:3000/_next/static/chunks/509c2_next_dist_compiled_react-dom_1698bfa6._.js:6112:21)
    at beginWork (http://localhost:3000/_next/static/chunks/509c2_next_dist_compiled_react-dom_1698bfa6._.js:6708:24)
    at runWithFiberInDEV (http://localhost:3000/_next/static/chunks/509c2_next_dist_compiled_react-dom_1698bfa6._.js:965:74)
    at performUnitOfWork (http://localhost:3000/_next/static/chunks/509c2_next_dist_compiled_react-dom_1698bfa6._.js:9562:97)
    at workLoopConcurrentByScheduler (http://localhost:3000/_next/static/chunks/509c2_next_dist_compiled_react-dom_1698bfa6._.js:9558:58)
    at renderRootConcurrent (http://localhost:3000/_next/static/chunks/509c2_next_dist_compiled_react-dom_1698bfa6._.js:9541:71)
    at performWorkOnRoot (http://localhost:3000/_next/static/chunks/509c2_next_dist_compiled_react-dom_1698bfa6._.js:9068:150)
    at performWorkOnRootViaSchedulerTask (http://localhost:3000/_next/static/chunks/509c2_next_dist_compiled_react-dom_1698bfa6._.js:10230:9)
    at MessagePort.performWorkUntilDeadline (http://localhost:3000/_next/static/chunks/509c2_next_dist_compiled_9044104d._.js:2647:64) @ http://localhost:3000/_next/static/chunks/509c2_next_dist_512df543._.js:3127
[ 2132853ms] [ERROR] IntlError: MISSING_MESSAGE: Could not resolve `modules.dashboard` in messages for locale `login`.
    at getMessagesOrError (http://localhost:3000/_next/static/chunks/db2ad__pnpm_bc426aec._.js:3637:27)
    at createBaseTranslator (http://localhost:3000/_next/static/chunks/db2ad__pnpm_bc426aec._.js:3642:29)
    at useTranslationsImpl.useMemo[translate] (http://localhost:3000/_next/static/chunks/db2ad__pnpm_bc426aec._.js:4163:378)
    at mountMemo (http://localhost:3000/_next/static/chunks/509c2_next_dist_compiled_react-dom_1698bfa6._.js:5424:25)
    at Object.useMemo (http://localhost:3000/_next/static/chunks/509c2_next_dist_compiled_react-dom_1698bfa6._.js:15003:24)
    at exports.useMemo (http://localhost:3000/_next/static/chunks/509c2_next_dist_compiled_9044104d._.js:1742:36)
    at useTranslationsImpl (http://localhost:3000/_next/static/chunks/db2ad__pnpm_bc426aec._.js:4162:416)
    at useTranslations (http://localhost:3000/_next/static/chunks/db2ad__pnpm_bc426aec._.js:4201:12)
    at http://localhost:3000/_next/static/chunks/db2ad__pnpm_6cafc622._.js:70:20
    at DashboardPage (http://localhost:3000/_next/static/chunks/pi-cwd-20260601_admin-platform_d7a92737._.js:987:432)
    at Object.react_stack_bottom_frame (http://localhost:3000/_next/static/chunks/509c2_next_dist_compiled_react-dom_1698bfa6._.js:14826:24)
    at renderWithHooks (http://localhost:3000/_next/static/chunks/509c2_next_dist_compiled_react-dom_1698bfa6._.js:4651:24)
    at updateFunctionComponent (http://localhost:3000/_next/static/chunks/509c2_next_dist_compiled_react-dom_1698bfa6._.js:6112:21)
    at beginWork (http://localhost:3000/_next/static/chunks/509c2_next_dist_compiled_react-dom_1698bfa6._.js:6708:24)
    at runWithFiberInDEV (http://localhost:3000/_next/static/chunks/509c2_next_dist_compiled_react-dom_1698bfa6._.js:965:74)
    at performUnitOfWork (http://localhost:3000/_next/static/chunks/509c2_next_dist_compiled_react-dom_1698bfa6._.js:9562:97)
    at workLoopConcurrentByScheduler (http://localhost:3000/_next/static/chunks/509c2_next_dist_compiled_react-dom_1698bfa6._.js:9558:58)
    at renderRootConcurrent (http://localhost:3000/_next/static/chunks/509c2_next_dist_compiled_react-dom_1698bfa6._.js:9541:71)
    at performWorkOnRoot (http://localhost:3000/_next/static/chunks/509c2_next_dist_compiled_react-dom_1698bfa6._.js:9068:150)
    at performWorkOnRootViaSchedulerTask (http://localhost:3000/_next/static/chunks/509c2_next_dist_compiled_react-dom_1698bfa6._.js:10230:9)
    at MessagePort.performWorkUntilDeadline (http://localhost:3000/_next/static/chunks/509c2_next_dist_compiled_9044104d._.js:2647:64) @ http://localhost:3000/_next/static/chunks/509c2_next_dist_512df543._.js:3127
[ 2132853ms] [ERROR] IntlError: MISSING_MESSAGE: Could not resolve `modules.dashboard` in messages for locale `login`.
    at getMessagesOrError (http://localhost:3000/_next/static/chunks/db2ad__pnpm_bc426aec._.js:3637:27)
    at createBaseTranslator (http://localhost:3000/_next/static/chunks/db2ad__pnpm_bc426aec._.js:3642:29)
    at useTranslationsImpl.useMemo[translate] (http://localhost:3000/_next/static/chunks/db2ad__pnpm_bc426aec._.js:4163:378)
    at mountMemo (http://localhost:3000/_next/static/chunks/509c2_next_dist_compiled_react-dom_1698bfa6._.js:5424:25)
    at Object.useMemo (http://localhost:3000/_next/static/chunks/509c2_next_dist_compiled_react-dom_1698bfa6._.js:15003:24)
    at exports.useMemo (http://localhost:3000/_next/static/chunks/509c2_next_dist_compiled_9044104d._.js:1742:36)
    at useTranslationsImpl (http://localhost:3000/_next/static/chunks/db2ad__pnpm_bc426aec._.js:4162:416)
    at useTranslations (http://localhost:3000/_next/static/chunks/db2ad__pnpm_bc426aec._.js:4201:12)
    at http://localhost:3000/_next/static/chunks/db2ad__pnpm_6cafc622._.js:70:20
    at DashboardPage (http://localhost:3000/_next/static/chunks/pi-cwd-20260601_admin-platform_d7a92737._.js:987:432)
    at Object.react_stack_bottom_frame (http://localhost:3000/_next/static/chunks/509c2_next_dist_compiled_react-dom_1698bfa6._.js:14826:24)
    at renderWithHooks (http://localhost:3000/_next/static/chunks/509c2_next_dist_compiled_react-dom_1698bfa6._.js:4651:24)
    at updateFunctionComponent (http://localhost:3000/_next/static/chunks/509c2_next_dist_compiled_react-dom_1698bfa6._.js:6112:21)
    at beginWork (http://localhost:3000/_next/static/chunks/509c2_next_dist_compiled_react-dom_1698bfa6._.js:6708:24)
    at runWithFiberInDEV (http://localhost:3000/_next/static/chunks/509c2_next_dist_compiled_react-dom_1698bfa6._.js:965:74)
    at performUnitOfWork (http://localhost:3000/_next/static/chunks/509c2_next_dist_compiled_react-dom_1698bfa6._.js:9562:97)
    at workLoopConcurrentByScheduler (http://localhost:3000/_next/static/chunks/509c2_next_dist_compiled_react-dom_1698bfa6._.js:9558:58)
    at renderRootConcurrent (http://localhost:3000/_next/static/chunks/509c2_next_dist_compiled_react-dom_1698bfa6._.js:9541:71)
    at performWorkOnRoot (http://localhost:3000/_next/static/chunks/509c2_next_dist_compiled_react-dom_1698bfa6._.js:9068:150)
    at performWorkOnRootViaSchedulerTask (http://localhost:3000/_next/static/chunks/509c2_next_dist_compiled_react-dom_1698bfa6._.js:10230:9)
    at MessagePort.performWorkUntilDeadline (http://localhost:3000/_next/static/chunks/509c2_next_dist_compiled_9044104d._.js:2647:64) @ http://localhost:3000/_next/static/chunks/509c2_next_dist_512df543._.js:3127
[ 2132853ms] [ERROR] IntlError: MISSING_MESSAGE: Could not resolve `modules.dashboard` in messages for locale `login`.
    at getMessagesOrError (http://localhost:3000/_next/static/chunks/db2ad__pnpm_bc426aec._.js:3637:27)
    at createBaseTranslator (http://localhost:3000/_next/static/chunks/db2ad__pnpm_bc426aec._.js:3642:29)
    at useTranslationsImpl.useMemo[translate] (http://localhost:3000/_next/static/chunks/db2ad__pnpm_bc426aec._.js:4163:378)
    at mountMemo (http://localhost:3000/_next/static/chunks/509c2_next_dist_compiled_react-dom_1698bfa6._.js:5424:25)
    at Object.useMemo (http://localhost:3000/_next/static/chunks/509c2_next_dist_compiled_react-dom_1698bfa6._.js:15003:24)
    at exports.useMemo (http://localhost:3000/_next/static/chunks/509c2_next_dist_compiled_9044104d._.js:1742:36)
    at useTranslationsImpl (http://localhost:3000/_next/static/chunks/db2ad__pnpm_bc426aec._.js:4162:416)
    at useTranslations (http://localhost:3000/_next/static/chunks/db2ad__pnpm_bc426aec._.js:4201:12)
    at http://localhost:3000/_next/static/chunks/db2ad__pnpm_6cafc622._.js:70:20
    at DashboardPage (http://localhost:3000/_next/static/chunks/pi-cwd-20260601_admin-platform_d7a92737._.js:987:432)
    at Object.react_stack_bottom_frame (http://localhost:3000/_next/static/chunks/509c2_next_dist_compiled_react-dom_1698bfa6._.js:14826:24)
    at renderWithHooks (http://localhost:3000/_next/static/chunks/509c2_next_dist_compiled_react-dom_1698bfa6._.js:4651:24)
    at updateFunctionComponent (http://localhost:3000/_next/static/chunks/509c2_next_dist_compiled_react-dom_1698bfa6._.js:6112:21)
    at beginWork (http://localhost:3000/_next/static/chunks/509c2_next_dist_compiled_react-dom_1698bfa6._.js:6708:24)
    at runWithFiberInDEV (http://localhost:3000/_next/static/chunks/509c2_next_dist_compiled_react-dom_1698bfa6._.js:965:74)
    at performUnitOfWork (http://localhost:3000/_next/static/chunks/509c2_next_dist_compiled_react-dom_1698bfa6._.js:9562:97)
    at workLoopConcurrentByScheduler (http://localhost:3000/_next/static/chunks/509c2_next_dist_compiled_react-dom_1698bfa6._.js:9558:58)
    at renderRootConcurrent (http://localhost:3000/_next/static/chunks/509c2_next_dist_compiled_react-dom_1698bfa6._.js:9541:71)
    at performWorkOnRoot (http://localhost:3000/_next/static/chunks/509c2_next_dist_compiled_react-dom_1698bfa6._.js:9068:150)
    at performWorkOnRootViaSchedulerTask (http://localhost:3000/_next/static/chunks/509c2_next_dist_compiled_react-dom_1698bfa6._.js:10230:9)
    at MessagePort.performWorkUntilDeadline (http://localhost:3000/_next/static/chunks/509c2_next_dist_compiled_9044104d._.js:2647:64) @ http://localhost:3000/_next/static/chunks/509c2_next_dist_512df543._.js:3127
[ 2132854ms] [ERROR] IntlError: MISSING_MESSAGE: Could not resolve `modules.dashboard` in messages for locale `login`.
    at getMessagesOrError (http://localhost:3000/_next/static/chunks/db2ad__pnpm_bc426aec._.js:3637:27)
    at createBaseTranslator (http://localhost:3000/_next/static/chunks/db2ad__pnpm_bc426aec._.js:3642:29)
    at useTranslationsImpl.useMemo[translate] (http://localhost:3000/_next/static/chunks/db2ad__pnpm_bc426aec._.js:4163:378)
    at mountMemo (http://localhost:3000/_next/static/chunks/509c2_next_dist_compiled_react-dom_1698bfa6._.js:5424:25)
    at Object.useMemo (http://localhost:3000/_next/static/chunks/509c2_next_dist_compiled_react-dom_1698bfa6._.js:15003:24)
    at exports.useMemo (http://localhost:3000/_next/static/chunks/509c2_next_dist_compiled_9044104d._.js:1742:36)
    at useTranslationsImpl (http://localhost:3000/_next/static/chunks/db2ad__pnpm_bc426aec._.js:4162:416)
    at useTranslations (http://localhost:3000/_next/static/chunks/db2ad__pnpm_bc426aec._.js:4201:12)
    at http://localhost:3000/_next/static/chunks/db2ad__pnpm_6cafc622._.js:70:20
    at DashboardPage (http://localhost:3000/_next/static/chunks/pi-cwd-20260601_admin-platform_d7a92737._.js:987:432)
    at Object.react_stack_bottom_frame (http://localhost:3000/_next/static/chunks/509c2_next_dist_compiled_react-dom_1698bfa6._.js:14826:24)
    at renderWithHooks (http://localhost:3000/_next/static/chunks/509c2_next_dist_compiled_react-dom_1698bfa6._.js:4651:24)
    at updateFunctionComponent (http://localhost:3000/_next/static/chunks/509c2_next_dist_compiled_react-dom_1698bfa6._.js:6112:21)
    at beginWork (http://localhost:3000/_next/static/chunks/509c2_next_dist_compiled_react-dom_1698bfa6._.js:6708:24)
    at runWithFiberInDEV (http://localhost:3000/_next/static/chunks/509c2_next_dist_compiled_react-dom_1698bfa6._.js:965:74)
    at performUnitOfWork (http://localhost:3000/_next/static/chunks/509c2_next_dist_compiled_react-dom_1698bfa6._.js:9562:97)
    at workLoopConcurrentByScheduler (http://localhost:3000/_next/static/chunks/509c2_next_dist_compiled_react-dom_1698bfa6._.js:9558:58)
    at renderRootConcurrent (http://localhost:3000/_next/static/chunks/509c2_next_dist_compiled_react-dom_1698bfa6._.js:9541:71)
    at performWorkOnRoot (http://localhost:3000/_next/static/chunks/509c2_next_dist_compiled_react-dom_1698bfa6._.js:9068:150)
    at performWorkOnRootViaSchedulerTask (http://localhost:3000/_next/static/chunks/509c2_next_dist_compiled_react-dom_1698bfa6._.js:10230:9)
    at MessagePort.performWorkUntilDeadline (http://localhost:3000/_next/static/chunks/509c2_next_dist_compiled_9044104d._.js:2647:64) @ http://localhost:3000/_next/static/chunks/509c2_next_dist_512df543._.js:3127
[ 2132854ms] [ERROR] IntlError: MISSING_MESSAGE: Could not resolve `modules.dashboard` in messages for locale `login`.
    at getMessagesOrError (http://localhost:3000/_next/static/chunks/db2ad__pnpm_bc426aec._.js:3637:27)
    at createBaseTranslator (http://localhost:3000/_next/static/chunks/db2ad__pnpm_bc426aec._.js:3642:29)
    at useTranslationsImpl.useMemo[translate] (http://localhost:3000/_next/static/chunks/db2ad__pnpm_bc426aec._.js:4163:378)
    at mountMemo (http://localhost:3000/_next/static/chunks/509c2_next_dist_compiled_react-dom_1698bfa6._.js:5424:25)
    at Object.useMemo (http://localhost:3000/_next/static/chunks/509c2_next_dist_compiled_react-dom_1698bfa6._.js:15003:24)
    at exports.useMemo (http://localhost:3000/_next/static/chunks/509c2_next_dist_compiled_9044104d._.js:1742:36)
    at useTranslationsImpl (http://localhost:3000/_next/static/chunks/db2ad__pnpm_bc426aec._.js:4162:416)
    at useTranslations (http://localhost:3000/_next/static/chunks/db2ad__pnpm_bc426aec._.js:4201:12)
    at http://localhost:3000/_next/static/chunks/db2ad__pnpm_6cafc622._.js:70:20
    at DashboardPage (http://localhost:3000/_next/static/chunks/pi-cwd-20260601_admin-platform_d7a92737._.js:987:432)
    at Object.react_stack_bottom_frame (http://localhost:3000/_next/static/chunks/509c2_next_dist_compiled_react-dom_1698bfa6._.js:14826:24)
    at renderWithHooks (http://localhost:3000/_next/static/chunks/509c2_next_dist_compiled_react-dom_1698bfa6._.js:4651:24)
    at updateFunctionComponent (http://localhost:3000/_next/static/chunks/509c2_next_dist_compiled_react-dom_1698bfa6._.js:6112:21)
    at beginWork (http://localhost:3000/_next/static/chunks/509c2_next_dist_compiled_react-dom_1698bfa6._.js:6708:24)
    at runWithFiberInDEV (http://localhost:3000/_next/static/chunks/509c2_next_dist_compiled_react-dom_1698bfa6._.js:965:74)
    at performUnitOfWork (http://localhost:3000/_next/static/chunks/509c2_next_dist_compiled_react-dom_1698bfa6._.js:9562:97)
    at workLoopConcurrentByScheduler (http://localhost:3000/_next/static/chunks/509c2_next_dist_compiled_react-dom_1698bfa6._.js:9558:58)
    at renderRootConcurrent (http://localhost:3000/_next/static/chunks/509c2_next_dist_compiled_react-dom_1698bfa6._.js:9541:71)
    at performWorkOnRoot (http://localhost:3000/_next/static/chunks/509c2_next_dist_compiled_react-dom_1698bfa6._.js:9068:150)
    at performWorkOnRootViaSchedulerTask (http://localhost:3000/_next/static/chunks/509c2_next_dist_compiled_react-dom_1698bfa6._.js:10230:9)
    at MessagePort.performWorkUntilDeadline (http://localhost:3000/_next/static/chunks/509c2_next_dist_compiled_9044104d._.js:2647:64) @ http://localhost:3000/_next/static/chunks/509c2_next_dist_512df543._.js:3127
[ 2132857ms] [ERROR] IntlError: MISSING_MESSAGE: Could not resolve `modules.dashboard` in messages for locale `login`.
    at getMessagesOrError (http://localhost:3000/_next/static/chunks/db2ad__pnpm_bc426aec._.js:3637:27)
    at createBaseTranslator (http://localhost:3000/_next/static/chunks/db2ad__pnpm_bc426aec._.js:3642:29)
    at useTranslationsImpl.useMemo[translate] (http://localhost:3000/_next/static/chunks/db2ad__pnpm_bc426aec._.js:4163:378)
    at mountMemo (http://localhost:3000/_next/static/chunks/509c2_next_dist_compiled_react-dom_1698bfa6._.js:5424:25)
    at Object.useMemo (http://localhost:3000/_next/static/chunks/509c2_next_dist_compiled_react-dom_1698bfa6._.js:15003:24)
    at exports.useMemo (http://localhost:3000/_next/static/chunks/509c2_next_dist_compiled_9044104d._.js:1742:36)
    at useTranslationsImpl (http://localhost:3000/_next/static/chunks/db2ad__pnpm_bc426aec._.js:4162:416)
    at useTranslations (http://localhost:3000/_next/static/chunks/db2ad__pnpm_bc426aec._.js:4201:12)
    at http://localhost:3000/_next/static/chunks/db2ad__pnpm_6cafc622._.js:70:20
    at DashboardPage (http://localhost:3000/_next/static/chunks/pi-cwd-20260601_admin-platform_d7a92737._.js:987:432)
    at Object.react_stack_bottom_frame (http://localhost:3000/_next/static/chunks/509c2_next_dist_compiled_react-dom_1698bfa6._.js:14826:24)
    at renderWithHooks (http://localhost:3000/_next/static/chunks/509c2_next_dist_compiled_react-dom_1698bfa6._.js:4651:24)
    at updateFunctionComponent (http://localhost:3000/_next/static/chunks/509c2_next_dist_compiled_react-dom_1698bfa6._.js:6112:21)
    at beginWork (http://localhost:3000/_next/static/chunks/509c2_next_dist_compiled_react-dom_1698bfa6._.js:6708:24)
    at runWithFiberInDEV (http://localhost:3000/_next/static/chunks/509c2_next_dist_compiled_react-dom_1698bfa6._.js:965:74)
    at performUnitOfWork (http://localhost:3000/_next/static/chunks/509c2_next_dist_compiled_react-dom_1698bfa6._.js:9562:97)
    at workLoopConcurrentByScheduler (http://localhost:3000/_next/static/chunks/509c2_next_dist_compiled_react-dom_1698bfa6._.js:9558:58)
    at renderRootConcurrent (http://localhost:3000/_next/static/chunks/509c2_next_dist_compiled_react-dom_1698bfa6._.js:9541:71)
    at performWorkOnRoot (http://localhost:3000/_next/static/chunks/509c2_next_dist_compiled_react-dom_1698bfa6._.js:9068:150)
    at performWorkOnRootViaSchedulerTask (http://localhost:3000/_next/static/chunks/509c2_next_dist_compiled_react-dom_1698bfa6._.js:10230:9)
    at MessagePort.performWorkUntilDeadline (http://localhost:3000/_next/static/chunks/509c2_next_dist_compiled_9044104d._.js:2647:64) @ http://localhost:3000/_next/static/chunks/509c2_next_dist_512df543._.js:3127
[ 2132857ms] [ERROR] IntlError: MISSING_MESSAGE: Could not resolve `modules.dashboard` in messages for locale `login`.
    at getMessagesOrError (http://localhost:3000/_next/static/chunks/db2ad__pnpm_bc426aec._.js:3637:27)
    at createBaseTranslator (http://localhost:3000/_next/static/chunks/db2ad__pnpm_bc426aec._.js:3642:29)
    at useTranslationsImpl.useMemo[translate] (http://localhost:3000/_next/static/chunks/db2ad__pnpm_bc426aec._.js:4163:378)
    at mountMemo (http://localhost:3000/_next/static/chunks/509c2_next_dist_compiled_react-dom_1698bfa6._.js:5424:25)
    at Object.useMemo (http://localhost:3000/_next/static/chunks/509c2_next_dist_compiled_react-dom_1698bfa6._.js:15003:24)
    at exports.useMemo (http://localhost:3000/_next/static/chunks/509c2_next_dist_compiled_9044104d._.js:1742:36)
    at useTranslationsImpl (http://localhost:3000/_next/static/chunks/db2ad__pnpm_bc426aec._.js:4162:416)
    at useTranslations (http://localhost:3000/_next/static/chunks/db2ad__pnpm_bc426aec._.js:4201:12)
    at http://localhost:3000/_next/static/chunks/db2ad__pnpm_6cafc622._.js:70:20
    at DashboardPage (http://localhost:3000/_next/static/chunks/pi-cwd-20260601_admin-platform_d7a92737._.js:987:432)
    at Object.react_stack_bottom_frame (http://localhost:3000/_next/static/chunks/509c2_next_dist_compiled_react-dom_1698bfa6._.js:14826:24)
    at renderWithHooks (http://localhost:3000/_next/static/chunks/509c2_next_dist_compiled_react-dom_1698bfa6._.js:4651:24)
    at updateFunctionComponent (http://localhost:3000/_next/static/chunks/509c2_next_dist_compiled_react-dom_1698bfa6._.js:6112:21)
    at beginWork (http://localhost:3000/_next/static/chunks/509c2_next_dist_compiled_react-dom_1698bfa6._.js:6708:24)
    at runWithFiberInDEV (http://localhost:3000/_next/static/chunks/509c2_next_dist_compiled_react-dom_1698bfa6._.js:965:74)
    at performUnitOfWork (http://localhost:3000/_next/static/chunks/509c2_next_dist_compiled_react-dom_1698bfa6._.js:9562:97)
    at workLoopConcurrentByScheduler (http://localhost:3000/_next/static/chunks/509c2_next_dist_compiled_react-dom_1698bfa6._.js:9558:58)
    at renderRootConcurrent (http://localhost:3000/_next/static/chunks/509c2_next_dist_compiled_react-dom_1698bfa6._.js:9541:71)
    at performWorkOnRoot (http://localhost:3000/_next/static/chunks/509c2_next_dist_compiled_react-dom_1698bfa6._.js:9068:150)
    at performWorkOnRootViaSchedulerTask (http://localhost:3000/_next/static/chunks/509c2_next_dist_compiled_react-dom_1698bfa6._.js:10230:9)
    at MessagePort.performWorkUntilDeadline (http://localhost:3000/_next/static/chunks/509c2_next_dist_compiled_9044104d._.js:2647:64) @ http://localhost:3000/_next/static/chunks/509c2_next_dist_512df543._.js:3127
[ 2132858ms] [ERROR] IntlError: MISSING_MESSAGE: Could not resolve `modules.dashboard` in messages for locale `login`.
    at getMessagesOrError (http://localhost:3000/_next/static/chunks/db2ad__pnpm_bc426aec._.js:3637:27)
    at createBaseTranslator (http://localhost:3000/_next/static/chunks/db2ad__pnpm_bc426aec._.js:3642:29)
    at useTranslationsImpl.useMemo[translate] (http://localhost:3000/_next/static/chunks/db2ad__pnpm_bc426aec._.js:4163:378)
    at mountMemo (http://localhost:3000/_next/static/chunks/509c2_next_dist_compiled_react-dom_1698bfa6._.js:5424:25)
    at Object.useMemo (http://localhost:3000/_next/static/chunks/509c2_next_dist_compiled_react-dom_1698bfa6._.js:15003:24)
    at exports.useMemo (http://localhost:3000/_next/static/chunks/509c2_next_dist_compiled_9044104d._.js:1742:36)
    at useTranslationsImpl (http://localhost:3000/_next/static/chunks/db2ad__pnpm_bc426aec._.js:4162:416)
    at useTranslations (http://localhost:3000/_next/static/chunks/db2ad__pnpm_bc426aec._.js:4201:12)
    at http://localhost:3000/_next/static/chunks/db2ad__pnpm_6cafc622._.js:70:20
    at DashboardPage (http://localhost:3000/_next/static/chunks/pi-cwd-20260601_admin-platform_d7a92737._.js:987:432)
    at Object.react_stack_bottom_frame (http://localhost:3000/_next/static/chunks/509c2_next_dist_compiled_react-dom_1698bfa6._.js:14826:24)
    at renderWithHooks (http://localhost:3000/_next/static/chunks/509c2_next_dist_compiled_react-dom_1698bfa6._.js:4651:24)
    at updateFunctionComponent (http://localhost:3000/_next/static/chunks/509c2_next_dist_compiled_react-dom_1698bfa6._.js:6112:21)
    at beginWork (http://localhost:3000/_next/static/chunks/509c2_next_dist_compiled_react-dom_1698bfa6._.js:6708:24)
    at runWithFiberInDEV (http://localhost:3000/_next/static/chunks/509c2_next_dist_compiled_react-dom_1698bfa6._.js:965:74)
    at performUnitOfWork (http://localhost:3000/_next/static/chunks/509c2_next_dist_compiled_react-dom_1698bfa6._.js:9562:97)
    at workLoopConcurrentByScheduler (http://localhost:3000/_next/static/chunks/509c2_next_dist_compiled_react-dom_1698bfa6._.js:9558:58)
    at renderRootConcurrent (http://localhost:3000/_next/static/chunks/509c2_next_dist_compiled_react-dom_1698bfa6._.js:9541:71)
    at performWorkOnRoot (http://localhost:3000/_next/static/chunks/509c2_next_dist_compiled_react-dom_1698bfa6._.js:9068:150)
    at performWorkOnRootViaSchedulerTask (http://localhost:3000/_next/static/chunks/509c2_next_dist_compiled_react-dom_1698bfa6._.js:10230:9)
    at MessagePort.performWorkUntilDeadline (http://localhost:3000/_next/static/chunks/509c2_next_dist_compiled_9044104d._.js:2647:64) @ http://localhost:3000/_next/static/chunks/509c2_next_dist_512df543._.js:3127
[ 2132858ms] [ERROR] IntlError: MISSING_MESSAGE: Could not resolve `modules.dashboard` in messages for locale `login`.
    at getMessagesOrError (http://localhost:3000/_next/static/chunks/db2ad__pnpm_bc426aec._.js:3637:27)
    at createBaseTranslator (http://localhost:3000/_next/static/chunks/db2ad__pnpm_bc426aec._.js:3642:29)
    at useTranslationsImpl.useMemo[translate] (http://localhost:3000/_next/static/chunks/db2ad__pnpm_bc426aec._.js:4163:378)
    at mountMemo (http://localhost:3000/_next/static/chunks/509c2_next_dist_compiled_react-dom_1698bfa6._.js:5424:25)
    at Object.useMemo (http://localhost:3000/_next/static/chunks/509c2_next_dist_compiled_react-dom_1698bfa6._.js:15003:24)
    at exports.useMemo (http://localhost:3000/_next/static/chunks/509c2_next_dist_compiled_9044104d._.js:1742:36)
    at useTranslationsImpl (http://localhost:3000/_next/static/chunks/db2ad__pnpm_bc426aec._.js:4162:416)
    at useTranslations (http://localhost:3000/_next/static/chunks/db2ad__pnpm_bc426aec._.js:4201:12)
    at http://localhost:3000/_next/static/chunks/db2ad__pnpm_6cafc622._.js:70:20
    at DashboardPage (http://localhost:3000/_next/static/chunks/pi-cwd-20260601_admin-platform_d7a92737._.js:987:432)
    at Object.react_stack_bottom_frame (http://localhost:3000/_next/static/chunks/509c2_next_dist_compiled_react-dom_1698bfa6._.js:14826:24)
    at renderWithHooks (http://localhost:3000/_next/static/chunks/509c2_next_dist_compiled_react-dom_1698bfa6._.js:4651:24)
    at updateFunctionComponent (http://localhost:3000/_next/static/chunks/509c2_next_dist_compiled_react-dom_1698bfa6._.js:6112:21)
    at beginWork (http://localhost:3000/_next/static/chunks/509c2_next_dist_compiled_react-dom_1698bfa6._.js:6708:24)
    at runWithFiberInDEV (http://localhost:3000/_next/static/chunks/509c2_next_dist_compiled_react-dom_1698bfa6._.js:965:74)
    at performUnitOfWork (http://localhost:3000/_next/static/chunks/509c2_next_dist_compiled_react-dom_1698bfa6._.js:9562:97)
    at workLoopConcurrentByScheduler (http://localhost:3000/_next/static/chunks/509c2_next_dist_compiled_react-dom_1698bfa6._.js:9558:58)
    at renderRootConcurrent (http://localhost:3000/_next/static/chunks/509c2_next_dist_compiled_react-dom_1698bfa6._.js:9541:71)
    at performWorkOnRoot (http://localhost:3000/_next/static/chunks/509c2_next_dist_compiled_react-dom_1698bfa6._.js:9068:150)
    at performWorkOnRootViaSchedulerTask (http://localhost:3000/_next/static/chunks/509c2_next_dist_compiled_react-dom_1698bfa6._.js:10230:9)
    at MessagePort.performWorkUntilDeadline (http://localhost:3000/_next/static/chunks/509c2_next_dist_compiled_9044104d._.js:2647:64) @ http://localhost:3000/_next/static/chunks/509c2_next_dist_512df543._.js:3127
[ 2132858ms] [ERROR] IntlError: MISSING_MESSAGE: Could not resolve `modules.dashboard` in messages for locale `login`.
    at getMessagesOrError (http://localhost:3000/_next/static/chunks/db2ad__pnpm_bc426aec._.js:3637:27)
    at createBaseTranslator (http://localhost:3000/_next/static/chunks/db2ad__pnpm_bc426aec._.js:3642:29)
    at useTranslationsImpl.useMemo[translate] (http://localhost:3000/_next/static/chunks/db2ad__pnpm_bc426aec._.js:4163:378)
    at mountMemo (http://localhost:3000/_next/static/chunks/509c2_next_dist_compiled_react-dom_1698bfa6._.js:5424:25)
    at Object.useMemo (http://localhost:3000/_next/static/chunks/509c2_next_dist_compiled_react-dom_1698bfa6._.js:15003:24)
    at exports.useMemo (http://localhost:3000/_next/static/chunks/509c2_next_dist_compiled_9044104d._.js:1742:36)
    at useTranslationsImpl (http://localhost:3000/_next/static/chunks/db2ad__pnpm_bc426aec._.js:4162:416)
    at useTranslations (http://localhost:3000/_next/static/chunks/db2ad__pnpm_bc426aec._.js:4201:12)
    at http://localhost:3000/_next/static/chunks/db2ad__pnpm_6cafc622._.js:70:20
    at DashboardPage (http://localhost:3000/_next/static/chunks/pi-cwd-20260601_admin-platform_d7a92737._.js:987:432)
    at Object.react_stack_bottom_frame (http://localhost:3000/_next/static/chunks/509c2_next_dist_compiled_react-dom_1698bfa6._.js:14826:24)
    at renderWithHooks (http://localhost:3000/_next/static/chunks/509c2_next_dist_compiled_react-dom_1698bfa6._.js:4651:24)
    at updateFunctionComponent (http://localhost:3000/_next/static/chunks/509c2_next_dist_compiled_react-dom_1698bfa6._.js:6112:21)
    at beginWork (http://localhost:3000/_next/static/chunks/509c2_next_dist_compiled_react-dom_1698bfa6._.js:6708:24)
    at runWithFiberInDEV (http://localhost:3000/_next/static/chunks/509c2_next_dist_compiled_react-dom_1698bfa6._.js:965:74)
    at performUnitOfWork (http://localhost:3000/_next/static/chunks/509c2_next_dist_compiled_react-dom_1698bfa6._.js:9562:97)
    at workLoopConcurrentByScheduler (http://localhost:3000/_next/static/chunks/509c2_next_dist_compiled_react-dom_1698bfa6._.js:9558:58)
    at renderRootConcurrent (http://localhost:3000/_next/static/chunks/509c2_next_dist_compiled_react-dom_1698bfa6._.js:9541:71)
    at performWorkOnRoot (http://localhost:3000/_next/static/chunks/509c2_next_dist_compiled_react-dom_1698bfa6._.js:9068:150)
    at performWorkOnRootViaSchedulerTask (http://localhost:3000/_next/static/chunks/509c2_next_dist_compiled_react-dom_1698bfa6._.js:10230:9)
    at MessagePort.performWorkUntilDeadline (http://localhost:3000/_next/static/chunks/509c2_next_dist_compiled_9044104d._.js:2647:64) @ http://localhost:3000/_next/static/chunks/509c2_next_dist_512df543._.js:3127
[ 2132859ms] [ERROR] IntlError: MISSING_MESSAGE: Could not resolve `modules.dashboard` in messages for locale `login`.
    at getMessagesOrError (http://localhost:3000/_next/static/chunks/db2ad__pnpm_bc426aec._.js:3637:27)
    at createBaseTranslator (http://localhost:3000/_next/static/chunks/db2ad__pnpm_bc426aec._.js:3642:29)
    at useTranslationsImpl.useMemo[translate] (http://localhost:3000/_next/static/chunks/db2ad__pnpm_bc426aec._.js:4163:378)
    at mountMemo (http://localhost:3000/_next/static/chunks/509c2_next_dist_compiled_react-dom_1698bfa6._.js:5424:25)
    at Object.useMemo (http://localhost:3000/_next/static/chunks/509c2_next_dist_compiled_react-dom_1698bfa6._.js:15003:24)
    at exports.useMemo (http://localhost:3000/_next/static/chunks/509c2_next_dist_compiled_9044104d._.js:1742:36)
    at useTranslationsImpl (http://localhost:3000/_next/static/chunks/db2ad__pnpm_bc426aec._.js:4162:416)
    at useTranslations (http://localhost:3000/_next/static/chunks/db2ad__pnpm_bc426aec._.js:4201:12)
    at http://localhost:3000/_next/static/chunks/db2ad__pnpm_6cafc622._.js:70:20
    at DashboardPage (http://localhost:3000/_next/static/chunks/pi-cwd-20260601_admin-platform_d7a92737._.js:987:432)
    at Object.react_stack_bottom_frame (http://localhost:3000/_next/static/chunks/509c2_next_dist_compiled_react-dom_1698bfa6._.js:14826:24)
    at renderWithHooks (http://localhost:3000/_next/static/chunks/509c2_next_dist_compiled_react-dom_1698bfa6._.js:4651:24)
    at updateFunctionComponent (http://localhost:3000/_next/static/chunks/509c2_next_dist_compiled_react-dom_1698bfa6._.js:6112:21)
    at beginWork (http://localhost:3000/_next/static/chunks/509c2_next_dist_compiled_react-dom_1698bfa6._.js:6708:24)
    at runWithFiberInDEV (http://localhost:3000/_next/static/chunks/509c2_next_dist_compiled_react-dom_1698bfa6._.js:965:74)
    at performUnitOfWork (http://localhost:3000/_next/static/chunks/509c2_next_dist_compiled_react-dom_1698bfa6._.js:9562:97)
    at workLoopConcurrentByScheduler (http://localhost:3000/_next/static/chunks/509c2_next_dist_compiled_react-dom_1698bfa6._.js:9558:58)
    at renderRootConcurrent (http://localhost:3000/_next/static/chunks/509c2_next_dist_compiled_react-dom_1698bfa6._.js:9541:71)
    at performWorkOnRoot (http://localhost:3000/_next/static/chunks/509c2_next_dist_compiled_react-dom_1698bfa6._.js:9068:150)
    at performWorkOnRootViaSchedulerTask (http://localhost:3000/_next/static/chunks/509c2_next_dist_compiled_react-dom_1698bfa6._.js:10230:9)
    at MessagePort.performWorkUntilDeadline (http://localhost:3000/_next/static/chunks/509c2_next_dist_compiled_9044104d._.js:2647:64) @ http://localhost:3000/_next/static/chunks/509c2_next_dist_512df543._.js:3127
[ 2132859ms] [ERROR] IntlError: MISSING_MESSAGE: Could not resolve `modules.dashboard` in messages for locale `login`.
    at getMessagesOrError (http://localhost:3000/_next/static/chunks/db2ad__pnpm_bc426aec._.js:3637:27)
    at createBaseTranslator (http://localhost:3000/_next/static/chunks/db2ad__pnpm_bc426aec._.js:3642:29)
    at useTranslationsImpl.useMemo[translate] (http://localhost:3000/_next/static/chunks/db2ad__pnpm_bc426aec._.js:4163:378)
    at mountMemo (http://localhost:3000/_next/static/chunks/509c2_next_dist_compiled_react-dom_1698bfa6._.js:5424:25)
    at Object.useMemo (http://localhost:3000/_next/static/chunks/509c2_next_dist_compiled_react-dom_1698bfa6._.js:15003:24)
    at exports.useMemo (http://localhost:3000/_next/static/chunks/509c2_next_dist_compiled_9044104d._.js:1742:36)
    at useTranslationsImpl (http://localhost:3000/_next/static/chunks/db2ad__pnpm_bc426aec._.js:4162:416)
    at useTranslations (http://localhost:3000/_next/static/chunks/db2ad__pnpm_bc426aec._.js:4201:12)
    at http://localhost:3000/_next/static/chunks/db2ad__pnpm_6cafc622._.js:70:20
    at DashboardPage (http://localhost:3000/_next/static/chunks/pi-cwd-20260601_admin-platform_d7a92737._.js:987:432)
    at Object.react_stack_bottom_frame (http://localhost:3000/_next/static/chunks/509c2_next_dist_compiled_react-dom_1698bfa6._.js:14826:24)
    at renderWithHooks (http://localhost:3000/_next/static/chunks/509c2_next_dist_compiled_react-dom_1698bfa6._.js:4651:24)
    at updateFunctionComponent (http://localhost:3000/_next/static/chunks/509c2_next_dist_compiled_react-dom_1698bfa6._.js:6112:21)
    at beginWork (http://localhost:3000/_next/static/chunks/509c2_next_dist_compiled_react-dom_1698bfa6._.js:6708:24)
    at runWithFiberInDEV (http://localhost:3000/_next/static/chunks/509c2_next_dist_compiled_react-dom_1698bfa6._.js:965:74)
    at performUnitOfWork (http://localhost:3000/_next/static/chunks/509c2_next_dist_compiled_react-dom_1698bfa6._.js:9562:97)
    at workLoopConcurrentByScheduler (http://localhost:3000/_next/static/chunks/509c2_next_dist_compiled_react-dom_1698bfa6._.js:9558:58)
    at renderRootConcurrent (http://localhost:3000/_next/static/chunks/509c2_next_dist_compiled_react-dom_1698bfa6._.js:9541:71)
    at performWorkOnRoot (http://localhost:3000/_next/static/chunks/509c2_next_dist_compiled_react-dom_1698bfa6._.js:9068:150)
    at performWorkOnRootViaSchedulerTask (http://localhost:3000/_next/static/chunks/509c2_next_dist_compiled_react-dom_1698bfa6._.js:10230:9)
    at MessagePort.performWorkUntilDeadline (http://localhost:3000/_next/static/chunks/509c2_next_dist_compiled_9044104d._.js:2647:64) @ http://localhost:3000/_next/static/chunks/509c2_next_dist_512df543._.js:3127
[ 2132859ms] [ERROR] IntlError: MISSING_MESSAGE: Could not resolve `modules.dashboard` in messages for locale `login`.
    at getMessagesOrError (http://localhost:3000/_next/static/chunks/db2ad__pnpm_bc426aec._.js:3637:27)
    at createBaseTranslator (http://localhost:3000/_next/static/chunks/db2ad__pnpm_bc426aec._.js:3642:29)
    at useTranslationsImpl.useMemo[translate] (http://localhost:3000/_next/static/chunks/db2ad__pnpm_bc426aec._.js:4163:378)
    at mountMemo (http://localhost:3000/_next/static/chunks/509c2_next_dist_compiled_react-dom_1698bfa6._.js:5424:25)
    at Object.useMemo (http://localhost:3000/_next/static/chunks/509c2_next_dist_compiled_react-dom_1698bfa6._.js:15003:24)
    at exports.useMemo (http://localhost:3000/_next/static/chunks/509c2_next_dist_compiled_9044104d._.js:1742:36)
    at useTranslationsImpl (http://localhost:3000/_next/static/chunks/db2ad__pnpm_bc426aec._.js:4162:416)
    at useTranslations (http://localhost:3000/_next/static/chunks/db2ad__pnpm_bc426aec._.js:4201:12)
    at http://localhost:3000/_next/static/chunks/db2ad__pnpm_6cafc622._.js:70:20
    at DashboardPage (http://localhost:3000/_next/static/chunks/pi-cwd-20260601_admin-platform_d7a92737._.js:987:432)
    at Object.react_stack_bottom_frame (http://localhost:3000/_next/static/chunks/509c2_next_dist_compiled_react-dom_1698bfa6._.js:14826:24)
    at renderWithHooks (http://localhost:3000/_next/static/chunks/509c2_next_dist_compiled_react-dom_1698bfa6._.js:4651:24)
    at updateFunctionComponent (http://localhost:3000/_next/static/chunks/509c2_next_dist_compiled_react-dom_1698bfa6._.js:6112:21)
    at beginWork (http://localhost:3000/_next/static/chunks/509c2_next_dist_compiled_react-dom_1698bfa6._.js:6708:24)
    at runWithFiberInDEV (http://localhost:3000/_next/static/chunks/509c2_next_dist_compiled_react-dom_1698bfa6._.js:965:74)
    at performUnitOfWork (http://localhost:3000/_next/static/chunks/509c2_next_dist_compiled_react-dom_1698bfa6._.js:9562:97)
    at workLoopConcurrentByScheduler (http://localhost:3000/_next/static/chunks/509c2_next_dist_compiled_react-dom_1698bfa6._.js:9558:58)
    at renderRootConcurrent (http://localhost:3000/_next/static/chunks/509c2_next_dist_compiled_react-dom_1698bfa6._.js:9541:71)
    at performWorkOnRoot (http://localhost:3000/_next/static/chunks/509c2_next_dist_compiled_react-dom_1698bfa6._.js:9068:150)
    at performWorkOnRootViaSchedulerTask (http://localhost:3000/_next/static/chunks/509c2_next_dist_compiled_react-dom_1698bfa6._.js:10230:9)
    at MessagePort.performWorkUntilDeadline (http://localhost:3000/_next/static/chunks/509c2_next_dist_compiled_9044104d._.js:2647:64) @ http://localhost:3000/_next/static/chunks/509c2_next_dist_512df543._.js:3127
[ 2132872ms] [ERROR] IntlError: MISSING_MESSAGE: Could not resolve `modules.dashboard` in messages for locale `login`.
    at getMessagesOrError (http://localhost:3000/_next/static/chunks/db2ad__pnpm_bc426aec._.js:3637:27)
    at createBaseTranslator (http://localhost:3000/_next/static/chunks/db2ad__pnpm_bc426aec._.js:3642:29)
    at useTranslationsImpl.useMemo[translate] (http://localhost:3000/_next/static/chunks/db2ad__pnpm_bc426aec._.js:4163:378)
    at mountMemo (http://localhost:3000/_next/static/chunks/509c2_next_dist_compiled_react-dom_1698bfa6._.js:5424:25)
    at Object.useMemo (http://localhost:3000/_next/static/chunks/509c2_next_dist_compiled_react-dom_1698bfa6._.js:15003:24)
    at exports.useMemo (http://localhost:3000/_next/static/chunks/509c2_next_dist_compiled_9044104d._.js:1742:36)
    at useTranslationsImpl (http://localhost:3000/_next/static/chunks/db2ad__pnpm_bc426aec._.js:4162:416)
    at useTranslations (http://localhost:3000/_next/static/chunks/db2ad__pnpm_bc426aec._.js:4201:12)
    at http://localhost:3000/_next/static/chunks/db2ad__pnpm_6cafc622._.js:70:20
    at DashboardPage (http://localhost:3000/_next/static/chunks/pi-cwd-20260601_admin-platform_d7a92737._.js:987:432)
    at Object.react_stack_bottom_frame (http://localhost:3000/_next/static/chunks/509c2_next_dist_compiled_react-dom_1698bfa6._.js:14826:24)
    at renderWithHooks (http://localhost:3000/_next/static/chunks/509c2_next_dist_compiled_react-dom_1698bfa6._.js:4651:24)
    at updateFunctionComponent (http://localhost:3000/_next/static/chunks/509c2_next_dist_compiled_react-dom_1698bfa6._.js:6112:21)
    at beginWork (http://localhost:3000/_next/static/chunks/509c2_next_dist_compiled_react-dom_1698bfa6._.js:6708:24)
    at runWithFiberInDEV (http://localhost:3000/_next/static/chunks/509c2_next_dist_compiled_react-dom_1698bfa6._.js:965:74)
    at performUnitOfWork (http://localhost:3000/_next/static/chunks/509c2_next_dist_compiled_react-dom_1698bfa6._.js:9562:97)
    at workLoopConcurrentByScheduler (http://localhost:3000/_next/static/chunks/509c2_next_dist_compiled_react-dom_1698bfa6._.js:9558:58)
    at renderRootConcurrent (http://localhost:3000/_next/static/chunks/509c2_next_dist_compiled_react-dom_1698bfa6._.js:9541:71)
    at performWorkOnRoot (http://localhost:3000/_next/static/chunks/509c2_next_dist_compiled_react-dom_1698bfa6._.js:9068:150)
    at performWorkOnRootViaSchedulerTask (http://localhost:3000/_next/static/chunks/509c2_next_dist_compiled_react-dom_1698bfa6._.js:10230:9)
    at MessagePort.performWorkUntilDeadline (http://localhost:3000/_next/static/chunks/509c2_next_dist_compiled_9044104d._.js:2647:64) @ http://localhost:3000/_next/static/chunks/509c2_next_dist_512df543._.js:3127
[ 2132872ms] [ERROR] IntlError: MISSING_MESSAGE: Could not resolve `modules.dashboard` in messages for locale `login`.
    at getMessagesOrError (http://localhost:3000/_next/static/chunks/db2ad__pnpm_bc426aec._.js:3637:27)
    at createBaseTranslator (http://localhost:3000/_next/static/chunks/db2ad__pnpm_bc426aec._.js:3642:29)
    at useTranslationsImpl.useMemo[translate] (http://localhost:3000/_next/static/chunks/db2ad__pnpm_bc426aec._.js:4163:378)
    at mountMemo (http://localhost:3000/_next/static/chunks/509c2_next_dist_compiled_react-dom_1698bfa6._.js:5424:25)
    at Object.useMemo (http://localhost:3000/_next/static/chunks/509c2_next_dist_compiled_react-dom_1698bfa6._.js:15003:24)
    at exports.useMemo (http://localhost:3000/_next/static/chunks/509c2_next_dist_compiled_9044104d._.js:1742:36)
    at useTranslationsImpl (http://localhost:3000/_next/static/chunks/db2ad__pnpm_bc426aec._.js:4162:416)
    at useTranslations (http://localhost:3000/_next/static/chunks/db2ad__pnpm_bc426aec._.js:4201:12)
    at http://localhost:3000/_next/static/chunks/db2ad__pnpm_6cafc622._.js:70:20
    at DashboardPage (http://localhost:3000/_next/static/chunks/pi-cwd-20260601_admin-platform_d7a92737._.js:987:432)
    at Object.react_stack_bottom_frame (http://localhost:3000/_next/static/chunks/509c2_next_dist_compiled_react-dom_1698bfa6._.js:14826:24)
    at renderWithHooks (http://localhost:3000/_next/static/chunks/509c2_next_dist_compiled_react-dom_1698bfa6._.js:4651:24)
    at updateFunctionComponent (http://localhost:3000/_next/static/chunks/509c2_next_dist_compiled_react-dom_1698bfa6._.js:6112:21)
    at beginWork (http://localhost:3000/_next/static/chunks/509c2_next_dist_compiled_react-dom_1698bfa6._.js:6708:24)
    at runWithFiberInDEV (http://localhost:3000/_next/static/chunks/509c2_next_dist_compiled_react-dom_1698bfa6._.js:965:74)
    at performUnitOfWork (http://localhost:3000/_next/static/chunks/509c2_next_dist_compiled_react-dom_1698bfa6._.js:9562:97)
    at workLoopConcurrentByScheduler (http://localhost:3000/_next/static/chunks/509c2_next_dist_compiled_react-dom_1698bfa6._.js:9558:58)
    at renderRootConcurrent (http://localhost:3000/_next/static/chunks/509c2_next_dist_compiled_react-dom_1698bfa6._.js:9541:71)
    at performWorkOnRoot (http://localhost:3000/_next/static/chunks/509c2_next_dist_compiled_react-dom_1698bfa6._.js:9068:150)
    at performWorkOnRootViaSchedulerTask (http://localhost:3000/_next/static/chunks/509c2_next_dist_compiled_react-dom_1698bfa6._.js:10230:9)
    at MessagePort.performWorkUntilDeadline (http://localhost:3000/_next/static/chunks/509c2_next_dist_compiled_9044104d._.js:2647:64) @ http://localhost:3000/_next/static/chunks/509c2_next_dist_512df543._.js:3127
[ 2132873ms] [ERROR] IntlError: MISSING_MESSAGE: Could not resolve `modules.dashboard` in messages for locale `login`.
    at getMessagesOrError (http://localhost:3000/_next/static/chunks/db2ad__pnpm_bc426aec._.js:3637:27)
    at createBaseTranslator (http://localhost:3000/_next/static/chunks/db2ad__pnpm_bc426aec._.js:3642:29)
    at useTranslationsImpl.useMemo[translate] (http://localhost:3000/_next/static/chunks/db2ad__pnpm_bc426aec._.js:4163:378)
    at mountMemo (http://localhost:3000/_next/static/chunks/509c2_next_dist_compiled_react-dom_1698bfa6._.js:5424:25)
    at Object.useMemo (http://localhost:3000/_next/static/chunks/509c2_next_dist_compiled_react-dom_1698bfa6._.js:15003:24)
    at exports.useMemo (http://localhost:3000/_next/static/chunks/509c2_next_dist_compiled_9044104d._.js:1742:36)
    at useTranslationsImpl (http://localhost:3000/_next/static/chunks/db2ad__pnpm_bc426aec._.js:4162:416)
    at useTranslations (http://localhost:3000/_next/static/chunks/db2ad__pnpm_bc426aec._.js:4201:12)
    at http://localhost:3000/_next/static/chunks/db2ad__pnpm_6cafc622._.js:70:20
    at DashboardPage (http://localhost:3000/_next/static/chunks/pi-cwd-20260601_admin-platform_d7a92737._.js:987:432)
    at Object.react_stack_bottom_frame (http://localhost:3000/_next/static/chunks/509c2_next_dist_compiled_react-dom_1698bfa6._.js:14826:24)
    at renderWithHooks (http://localhost:3000/_next/static/chunks/509c2_next_dist_compiled_react-dom_1698bfa6._.js:4651:24)
    at updateFunctionComponent (http://localhost:3000/_next/static/chunks/509c2_next_dist_compiled_react-dom_1698bfa6._.js:6112:21)
    at beginWork (http://localhost:3000/_next/static/chunks/509c2_next_dist_compiled_react-dom_1698bfa6._.js:6708:24)
    at runWithFiberInDEV (http://localhost:3000/_next/static/chunks/509c2_next_dist_compiled_react-dom_1698bfa6._.js:965:74)
    at performUnitOfWork (http://localhost:3000/_next/static/chunks/509c2_next_dist_compiled_react-dom_1698bfa6._.js:9562:97)
    at workLoopConcurrentByScheduler (http://localhost:3000/_next/static/chunks/509c2_next_dist_compiled_react-dom_1698bfa6._.js:9558:58)
    at renderRootConcurrent (http://localhost:3000/_next/static/chunks/509c2_next_dist_compiled_react-dom_1698bfa6._.js:9541:71)
    at performWorkOnRoot (http://localhost:3000/_next/static/chunks/509c2_next_dist_compiled_react-dom_1698bfa6._.js:9068:150)
    at performWorkOnRootViaSchedulerTask (http://localhost:3000/_next/static/chunks/509c2_next_dist_compiled_react-dom_1698bfa6._.js:10230:9)
    at MessagePort.performWorkUntilDeadline (http://localhost:3000/_next/static/chunks/509c2_next_dist_compiled_9044104d._.js:2647:64) @ http://localhost:3000/_next/static/chunks/509c2_next_dist_512df543._.js:3127
[ 2132873ms] [ERROR] IntlError: MISSING_MESSAGE: Could not resolve `modules.dashboard` in messages for locale `login`.
    at getMessagesOrError (http://localhost:3000/_next/static/chunks/db2ad__pnpm_bc426aec._.js:3637:27)
    at createBaseTranslator (http://localhost:3000/_next/static/chunks/db2ad__pnpm_bc426aec._.js:3642:29)
    at useTranslationsImpl.useMemo[translate] (http://localhost:3000/_next/static/chunks/db2ad__pnpm_bc426aec._.js:4163:378)
    at mountMemo (http://localhost:3000/_next/static/chunks/509c2_next_dist_compiled_react-dom_1698bfa6._.js:5424:25)
    at Object.useMemo (http://localhost:3000/_next/static/chunks/509c2_next_dist_compiled_react-dom_1698bfa6._.js:15003:24)
    at exports.useMemo (http://localhost:3000/_next/static/chunks/509c2_next_dist_compiled_9044104d._.js:1742:36)
    at useTranslationsImpl (http://localhost:3000/_next/static/chunks/db2ad__pnpm_bc426aec._.js:4162:416)
    at useTranslations (http://localhost:3000/_next/static/chunks/db2ad__pnpm_bc426aec._.js:4201:12)
    at http://localhost:3000/_next/static/chunks/db2ad__pnpm_6cafc622._.js:70:20
    at DashboardPage (http://localhost:3000/_next/static/chunks/pi-cwd-20260601_admin-platform_d7a92737._.js:987:432)
    at Object.react_stack_bottom_frame (http://localhost:3000/_next/static/chunks/509c2_next_dist_compiled_react-dom_1698bfa6._.js:14826:24)
    at renderWithHooks (http://localhost:3000/_next/static/chunks/509c2_next_dist_compiled_react-dom_1698bfa6._.js:4651:24)
    at updateFunctionComponent (http://localhost:3000/_next/static/chunks/509c2_next_dist_compiled_react-dom_1698bfa6._.js:6112:21)
    at beginWork (http://localhost:3000/_next/static/chunks/509c2_next_dist_compiled_react-dom_1698bfa6._.js:6708:24)
    at runWithFiberInDEV (http://localhost:3000/_next/static/chunks/509c2_next_dist_compiled_react-dom_1698bfa6._.js:965:74)
    at performUnitOfWork (http://localhost:3000/_next/static/chunks/509c2_next_dist_compiled_react-dom_1698bfa6._.js:9562:97)
    at workLoopConcurrentByScheduler (http://localhost:3000/_next/static/chunks/509c2_next_dist_compiled_react-dom_1698bfa6._.js:9558:58)
    at renderRootConcurrent (http://localhost:3000/_next/static/chunks/509c2_next_dist_compiled_react-dom_1698bfa6._.js:9541:71)
    at performWorkOnRoot (http://localhost:3000/_next/static/chunks/509c2_next_dist_compiled_react-dom_1698bfa6._.js:9068:150)
    at performWorkOnRootViaSchedulerTask (http://localhost:3000/_next/static/chunks/509c2_next_dist_compiled_react-dom_1698bfa6._.js:10230:9)
    at MessagePort.performWorkUntilDeadline (http://localhost:3000/_next/static/chunks/509c2_next_dist_compiled_9044104d._.js:2647:64) @ http://localhost:3000/_next/static/chunks/509c2_next_dist_512df543._.js:3127
[ 2132873ms] [ERROR] IntlError: MISSING_MESSAGE: Could not resolve `modules.dashboard` in messages for locale `login`.
    at getMessagesOrError (http://localhost:3000/_next/static/chunks/db2ad__pnpm_bc426aec._.js:3637:27)
    at createBaseTranslator (http://localhost:3000/_next/static/chunks/db2ad__pnpm_bc426aec._.js:3642:29)
    at useTranslationsImpl.useMemo[translate] (http://localhost:3000/_next/static/chunks/db2ad__pnpm_bc426aec._.js:4163:378)
    at mountMemo (http://localhost:3000/_next/static/chunks/509c2_next_dist_compiled_react-dom_1698bfa6._.js:5424:25)
    at Object.useMemo (http://localhost:3000/_next/static/chunks/509c2_next_dist_compiled_react-dom_1698bfa6._.js:15003:24)
    at exports.useMemo (http://localhost:3000/_next/static/chunks/509c2_next_dist_compiled_9044104d._.js:1742:36)
    at useTranslationsImpl (http://localhost:3000/_next/static/chunks/db2ad__pnpm_bc426aec._.js:4162:416)
    at useTranslations (http://localhost:3000/_next/static/chunks/db2ad__pnpm_bc426aec._.js:4201:12)
    at http://localhost:3000/_next/static/chunks/db2ad__pnpm_6cafc622._.js:70:20
    at DashboardPage (http://localhost:3000/_next/static/chunks/pi-cwd-20260601_admin-platform_d7a92737._.js:987:432)
    at Object.react_stack_bottom_frame (http://localhost:3000/_next/static/chunks/509c2_next_dist_compiled_react-dom_1698bfa6._.js:14826:24)
    at renderWithHooks (http://localhost:3000/_next/static/chunks/509c2_next_dist_compiled_react-dom_1698bfa6._.js:4651:24)
    at updateFunctionComponent (http://localhost:3000/_next/static/chunks/509c2_next_dist_compiled_react-dom_1698bfa6._.js:6112:21)
    at beginWork (http://localhost:3000/_next/static/chunks/509c2_next_dist_compiled_react-dom_1698bfa6._.js:6708:24)
    at runWithFiberInDEV (http://localhost:3000/_next/static/chunks/509c2_next_dist_compiled_react-dom_1698bfa6._.js:965:74)
    at performUnitOfWork (http://localhost:3000/_next/static/chunks/509c2_next_dist_compiled_react-dom_1698bfa6._.js:9562:97)
    at workLoopConcurrentByScheduler (http://localhost:3000/_next/static/chunks/509c2_next_dist_compiled_react-dom_1698bfa6._.js:9558:58)
    at renderRootConcurrent (http://localhost:3000/_next/static/chunks/509c2_next_dist_compiled_react-dom_1698bfa6._.js:9541:71)
    at performWorkOnRoot (http://localhost:3000/_next/static/chunks/509c2_next_dist_compiled_react-dom_1698bfa6._.js:9068:150)
    at performWorkOnRootViaSchedulerTask (http://localhost:3000/_next/static/chunks/509c2_next_dist_compiled_react-dom_1698bfa6._.js:10230:9)
    at MessagePort.performWorkUntilDeadline (http://localhost:3000/_next/static/chunks/509c2_next_dist_compiled_9044104d._.js:2647:64) @ http://localhost:3000/_next/static/chunks/509c2_next_dist_512df543._.js:3127
[ 2132874ms] [ERROR] IntlError: MISSING_MESSAGE: Could not resolve `modules.dashboard` in messages for locale `login`.
    at getMessagesOrError (http://localhost:3000/_next/static/chunks/db2ad__pnpm_bc426aec._.js:3637:27)
    at createBaseTranslator (http://localhost:3000/_next/static/chunks/db2ad__pnpm_bc426aec._.js:3642:29)
    at useTranslationsImpl.useMemo[translate] (http://localhost:3000/_next/static/chunks/db2ad__pnpm_bc426aec._.js:4163:378)
    at mountMemo (http://localhost:3000/_next/static/chunks/509c2_next_dist_compiled_react-dom_1698bfa6._.js:5424:25)
    at Object.useMemo (http://localhost:3000/_next/static/chunks/509c2_next_dist_compiled_react-dom_1698bfa6._.js:15003:24)
    at exports.useMemo (http://localhost:3000/_next/static/chunks/509c2_next_dist_compiled_9044104d._.js:1742:36)
    at useTranslationsImpl (http://localhost:3000/_next/static/chunks/db2ad__pnpm_bc426aec._.js:4162:416)
    at useTranslations (http://localhost:3000/_next/static/chunks/db2ad__pnpm_bc426aec._.js:4201:12)
    at http://localhost:3000/_next/static/chunks/db2ad__pnpm_6cafc622._.js:70:20
    at DashboardPage (http://localhost:3000/_next/static/chunks/pi-cwd-20260601_admin-platform_d7a92737._.js:987:432)
    at Object.react_stack_bottom_frame (http://localhost:3000/_next/static/chunks/509c2_next_dist_compiled_react-dom_1698bfa6._.js:14826:24)
    at renderWithHooks (http://localhost:3000/_next/static/chunks/509c2_next_dist_compiled_react-dom_1698bfa6._.js:4651:24)
    at updateFunctionComponent (http://localhost:3000/_next/static/chunks/509c2_next_dist_compiled_react-dom_1698bfa6._.js:6112:21)
    at beginWork (http://localhost:3000/_next/static/chunks/509c2_next_dist_compiled_react-dom_1698bfa6._.js:6708:24)
    at runWithFiberInDEV (http://localhost:3000/_next/static/chunks/509c2_next_dist_compiled_react-dom_1698bfa6._.js:965:74)
    at performUnitOfWork (http://localhost:3000/_next/static/chunks/509c2_next_dist_compiled_react-dom_1698bfa6._.js:9562:97)
    at workLoopConcurrentByScheduler (http://localhost:3000/_next/static/chunks/509c2_next_dist_compiled_react-dom_1698bfa6._.js:9558:58)
    at renderRootConcurrent (http://localhost:3000/_next/static/chunks/509c2_next_dist_compiled_react-dom_1698bfa6._.js:9541:71)
    at performWorkOnRoot (http://localhost:3000/_next/static/chunks/509c2_next_dist_compiled_react-dom_1698bfa6._.js:9068:150)
    at performWorkOnRootViaSchedulerTask (http://localhost:3000/_next/static/chunks/509c2_next_dist_compiled_react-dom_1698bfa6._.js:10230:9)
    at MessagePort.performWorkUntilDeadline (http://localhost:3000/_next/static/chunks/509c2_next_dist_compiled_9044104d._.js:2647:64) @ http://localhost:3000/_next/static/chunks/509c2_next_dist_512df543._.js:3127
[ 2132874ms] [ERROR] IntlError: MISSING_MESSAGE: Could not resolve `modules.dashboard` in messages for locale `login`.
    at getMessagesOrError (http://localhost:3000/_next/static/chunks/db2ad__pnpm_bc426aec._.js:3637:27)
    at createBaseTranslator (http://localhost:3000/_next/static/chunks/db2ad__pnpm_bc426aec._.js:3642:29)
    at useTranslationsImpl.useMemo[translate] (http://localhost:3000/_next/static/chunks/db2ad__pnpm_bc426aec._.js:4163:378)
    at mountMemo (http://localhost:3000/_next/static/chunks/509c2_next_dist_compiled_react-dom_1698bfa6._.js:5424:25)
    at Object.useMemo (http://localhost:3000/_next/static/chunks/509c2_next_dist_compiled_react-dom_1698bfa6._.js:15003:24)
    at exports.useMemo (http://localhost:3000/_next/static/chunks/509c2_next_dist_compiled_9044104d._.js:1742:36)
    at useTranslationsImpl (http://localhost:3000/_next/static/chunks/db2ad__pnpm_bc426aec._.js:4162:416)
    at useTranslations (http://localhost:3000/_next/static/chunks/db2ad__pnpm_bc426aec._.js:4201:12)
    at http://localhost:3000/_next/static/chunks/db2ad__pnpm_6cafc622._.js:70:20
    at DashboardPage (http://localhost:3000/_next/static/chunks/pi-cwd-20260601_admin-platform_d7a92737._.js:987:432)
    at Object.react_stack_bottom_frame (http://localhost:3000/_next/static/chunks/509c2_next_dist_compiled_react-dom_1698bfa6._.js:14826:24)
    at renderWithHooks (http://localhost:3000/_next/static/chunks/509c2_next_dist_compiled_react-dom_1698bfa6._.js:4651:24)
    at updateFunctionComponent (http://localhost:3000/_next/static/chunks/509c2_next_dist_compiled_react-dom_1698bfa6._.js:6112:21)
    at beginWork (http://localhost:3000/_next/static/chunks/509c2_next_dist_compiled_react-dom_1698bfa6._.js:6708:24)
    at runWithFiberInDEV (http://localhost:3000/_next/static/chunks/509c2_next_dist_compiled_react-dom_1698bfa6._.js:965:74)
    at performUnitOfWork (http://localhost:3000/_next/static/chunks/509c2_next_dist_compiled_react-dom_1698bfa6._.js:9562:97)
    at workLoopConcurrentByScheduler (http://localhost:3000/_next/static/chunks/509c2_next_dist_compiled_react-dom_1698bfa6._.js:9558:58)
    at renderRootConcurrent (http://localhost:3000/_next/static/chunks/509c2_next_dist_compiled_react-dom_1698bfa6._.js:9541:71)
    at performWorkOnRoot (http://localhost:3000/_next/static/chunks/509c2_next_dist_compiled_react-dom_1698bfa6._.js:9068:150)
    at performWorkOnRootViaSchedulerTask (http://localhost:3000/_next/static/chunks/509c2_next_dist_compiled_react-dom_1698bfa6._.js:10230:9)
    at MessagePort.performWorkUntilDeadline (http://localhost:3000/_next/static/chunks/509c2_next_dist_compiled_9044104d._.js:2647:64) @ http://localhost:3000/_next/static/chunks/509c2_next_dist_512df543._.js:3127
[ 2132874ms] [ERROR] IntlError: MISSING_MESSAGE: Could not resolve `modules.dashboard` in messages for locale `login`.
    at getMessagesOrError (http://localhost:3000/_next/static/chunks/db2ad__pnpm_bc426aec._.js:3637:27)
    at createBaseTranslator (http://localhost:3000/_next/static/chunks/db2ad__pnpm_bc426aec._.js:3642:29)
    at useTranslationsImpl.useMemo[translate] (http://localhost:3000/_next/static/chunks/db2ad__pnpm_bc426aec._.js:4163:378)
    at mountMemo (http://localhost:3000/_next/static/chunks/509c2_next_dist_compiled_react-dom_1698bfa6._.js:5424:25)
    at Object.useMemo (http://localhost:3000/_next/static/chunks/509c2_next_dist_compiled_react-dom_1698bfa6._.js:15003:24)
    at exports.useMemo (http://localhost:3000/_next/static/chunks/509c2_next_dist_compiled_9044104d._.js:1742:36)
    at useTranslationsImpl (http://localhost:3000/_next/static/chunks/db2ad__pnpm_bc426aec._.js:4162:416)
    at useTranslations (http://localhost:3000/_next/static/chunks/db2ad__pnpm_bc426aec._.js:4201:12)
    at http://localhost:3000/_next/static/chunks/db2ad__pnpm_6cafc622._.js:70:20
    at DashboardPage (http://localhost:3000/_next/static/chunks/pi-cwd-20260601_admin-platform_d7a92737._.js:987:432)
    at Object.react_stack_bottom_frame (http://localhost:3000/_next/static/chunks/509c2_next_dist_compiled_react-dom_1698bfa6._.js:14826:24)
    at renderWithHooks (http://localhost:3000/_next/static/chunks/509c2_next_dist_compiled_react-dom_1698bfa6._.js:4651:24)
    at updateFunctionComponent (http://localhost:3000/_next/static/chunks/509c2_next_dist_compiled_react-dom_1698bfa6._.js:6112:21)
    at beginWork (http://localhost:3000/_next/static/chunks/509c2_next_dist_compiled_react-dom_1698bfa6._.js:6708:24)
    at runWithFiberInDEV (http://localhost:3000/_next/static/chunks/509c2_next_dist_compiled_react-dom_1698bfa6._.js:965:74)
    at performUnitOfWork (http://localhost:3000/_next/static/chunks/509c2_next_dist_compiled_react-dom_1698bfa6._.js:9562:97)
    at workLoopConcurrentByScheduler (http://localhost:3000/_next/static/chunks/509c2_next_dist_compiled_react-dom_1698bfa6._.js:9558:58)
    at renderRootConcurrent (http://localhost:3000/_next/static/chunks/509c2_next_dist_compiled_react-dom_1698bfa6._.js:9541:71)
    at performWorkOnRoot (http://localhost:3000/_next/static/chunks/509c2_next_dist_compiled_react-dom_1698bfa6._.js:9068:150)
    at performWorkOnRootViaSchedulerTask (http://localhost:3000/_next/static/chunks/509c2_next_dist_compiled_react-dom_1698bfa6._.js:10230:9)
    at MessagePort.performWorkUntilDeadline (http://localhost:3000/_next/static/chunks/509c2_next_dist_compiled_9044104d._.js:2647:64) @ http://localhost:3000/_next/static/chunks/509c2_next_dist_512df543._.js:3127
[ 2132900ms] [ERROR] IntlError: MISSING_MESSAGE: Could not resolve `modules.dashboard` in messages for locale `login`.
    at getMessagesOrError (http://localhost:3000/_next/static/chunks/db2ad__pnpm_bc426aec._.js:3637:27)
    at createBaseTranslator (http://localhost:3000/_next/static/chunks/db2ad__pnpm_bc426aec._.js:3642:29)
    at useTranslationsImpl.useMemo[translate] (http://localhost:3000/_next/static/chunks/db2ad__pnpm_bc426aec._.js:4163:378)
    at mountMemo (http://localhost:3000/_next/static/chunks/509c2_next_dist_compiled_react-dom_1698bfa6._.js:5424:25)
    at Object.useMemo (http://localhost:3000/_next/static/chunks/509c2_next_dist_compiled_react-dom_1698bfa6._.js:15003:24)
    at exports.useMemo (http://localhost:3000/_next/static/chunks/509c2_next_dist_compiled_9044104d._.js:1742:36)
    at useTranslationsImpl (http://localhost:3000/_next/static/chunks/db2ad__pnpm_bc426aec._.js:4162:416)
    at useTranslations (http://localhost:3000/_next/static/chunks/db2ad__pnpm_bc426aec._.js:4201:12)
    at http://localhost:3000/_next/static/chunks/db2ad__pnpm_6cafc622._.js:70:20
    at DashboardPage (http://localhost:3000/_next/static/chunks/pi-cwd-20260601_admin-platform_d7a92737._.js:987:432)
    at Object.react_stack_bottom_frame (http://localhost:3000/_next/static/chunks/509c2_next_dist_compiled_react-dom_1698bfa6._.js:14826:24)
    at renderWithHooks (http://localhost:3000/_next/static/chunks/509c2_next_dist_compiled_react-dom_1698bfa6._.js:4651:24)
    at updateFunctionComponent (http://localhost:3000/_next/static/chunks/509c2_next_dist_compiled_react-dom_1698bfa6._.js:6112:21)
    at beginWork (http://localhost:3000/_next/static/chunks/509c2_next_dist_compiled_react-dom_1698bfa6._.js:6708:24)
    at runWithFiberInDEV (http://localhost:3000/_next/static/chunks/509c2_next_dist_compiled_react-dom_1698bfa6._.js:965:74)
    at performUnitOfWork (http://localhost:3000/_next/static/chunks/509c2_next_dist_compiled_react-dom_1698bfa6._.js:9562:97)
    at workLoopConcurrentByScheduler (http://localhost:3000/_next/static/chunks/509c2_next_dist_compiled_react-dom_1698bfa6._.js:9558:58)
    at renderRootConcurrent (http://localhost:3000/_next/static/chunks/509c2_next_dist_compiled_react-dom_1698bfa6._.js:9541:71)
    at performWorkOnRoot (http://localhost:3000/_next/static/chunks/509c2_next_dist_compiled_react-dom_1698bfa6._.js:9068:150)
    at performWorkOnRootViaSchedulerTask (http://localhost:3000/_next/static/chunks/509c2_next_dist_compiled_react-dom_1698bfa6._.js:10230:9)
    at MessagePort.performWorkUntilDeadline (http://localhost:3000/_next/static/chunks/509c2_next_dist_compiled_9044104d._.js:2647:64) @ http://localhost:3000/_next/static/chunks/509c2_next_dist_512df543._.js:3127
[ 2132900ms] [ERROR] IntlError: MISSING_MESSAGE: Could not resolve `modules.dashboard` in messages for locale `login`.
    at getMessagesOrError (http://localhost:3000/_next/static/chunks/db2ad__pnpm_bc426aec._.js:3637:27)
    at createBaseTranslator (http://localhost:3000/_next/static/chunks/db2ad__pnpm_bc426aec._.js:3642:29)
    at useTranslationsImpl.useMemo[translate] (http://localhost:3000/_next/static/chunks/db2ad__pnpm_bc426aec._.js:4163:378)
    at mountMemo (http://localhost:3000/_next/static/chunks/509c2_next_dist_compiled_react-dom_1698bfa6._.js:5424:25)
    at Object.useMemo (http://localhost:3000/_next/static/chunks/509c2_next_dist_compiled_react-dom_1698bfa6._.js:15003:24)
    at exports.useMemo (http://localhost:3000/_next/static/chunks/509c2_next_dist_compiled_9044104d._.js:1742:36)
    at useTranslationsImpl (http://localhost:3000/_next/static/chunks/db2ad__pnpm_bc426aec._.js:4162:416)
    at useTranslations (http://localhost:3000/_next/static/chunks/db2ad__pnpm_bc426aec._.js:4201:12)
    at http://localhost:3000/_next/static/chunks/db2ad__pnpm_6cafc622._.js:70:20
    at DashboardPage (http://localhost:3000/_next/static/chunks/pi-cwd-20260601_admin-platform_d7a92737._.js:987:432)
    at Object.react_stack_bottom_frame (http://localhost:3000/_next/static/chunks/509c2_next_dist_compiled_react-dom_1698bfa6._.js:14826:24)
    at renderWithHooks (http://localhost:3000/_next/static/chunks/509c2_next_dist_compiled_react-dom_1698bfa6._.js:4651:24)
    at updateFunctionComponent (http://localhost:3000/_next/static/chunks/509c2_next_dist_compiled_react-dom_1698bfa6._.js:6112:21)
    at beginWork (http://localhost:3000/_next/static/chunks/509c2_next_dist_compiled_react-dom_1698bfa6._.js:6708:24)
    at runWithFiberInDEV (http://localhost:3000/_next/static/chunks/509c2_next_dist_compiled_react-dom_1698bfa6._.js:965:74)
    at performUnitOfWork (http://localhost:3000/_next/static/chunks/509c2_next_dist_compiled_react-dom_1698bfa6._.js:9562:97)
    at workLoopConcurrentByScheduler (http://localhost:3000/_next/static/chunks/509c2_next_dist_compiled_react-dom_1698bfa6._.js:9558:58)
    at renderRootConcurrent (http://localhost:3000/_next/static/chunks/509c2_next_dist_compiled_react-dom_1698bfa6._.js:9541:71)
    at performWorkOnRoot (http://localhost:3000/_next/static/chunks/509c2_next_dist_compiled_react-dom_1698bfa6._.js:9068:150)
    at performWorkOnRootViaSchedulerTask (http://localhost:3000/_next/static/chunks/509c2_next_dist_compiled_react-dom_1698bfa6._.js:10230:9)
    at MessagePort.performWorkUntilDeadline (http://localhost:3000/_next/static/chunks/509c2_next_dist_compiled_9044104d._.js:2647:64) @ http://localhost:3000/_next/static/chunks/509c2_next_dist_512df543._.js:3127
[ 2132900ms] [ERROR] IntlError: MISSING_MESSAGE: Could not resolve `modules.dashboard` in messages for locale `login`.
    at getMessagesOrError (http://localhost:3000/_next/static/chunks/db2ad__pnpm_bc426aec._.js:3637:27)
    at createBaseTranslator (http://localhost:3000/_next/static/chunks/db2ad__pnpm_bc426aec._.js:3642:29)
    at useTranslationsImpl.useMemo[translate] (http://localhost:3000/_next/static/chunks/db2ad__pnpm_bc426aec._.js:4163:378)
    at mountMemo (http://localhost:3000/_next/static/chunks/509c2_next_dist_compiled_react-dom_1698bfa6._.js:5424:25)
    at Object.useMemo (http://localhost:3000/_next/static/chunks/509c2_next_dist_compiled_react-dom_1698bfa6._.js:15003:24)
    at exports.useMemo (http://localhost:3000/_next/static/chunks/509c2_next_dist_compiled_9044104d._.js:1742:36)
    at useTranslationsImpl (http://localhost:3000/_next/static/chunks/db2ad__pnpm_bc426aec._.js:4162:416)
    at useTranslations (http://localhost:3000/_next/static/chunks/db2ad__pnpm_bc426aec._.js:4201:12)
    at http://localhost:3000/_next/static/chunks/db2ad__pnpm_6cafc622._.js:70:20
    at DashboardPage (http://localhost:3000/_next/static/chunks/pi-cwd-20260601_admin-platform_d7a92737._.js:987:432)
    at Object.react_stack_bottom_frame (http://localhost:3000/_next/static/chunks/509c2_next_dist_compiled_react-dom_1698bfa6._.js:14826:24)
    at renderWithHooks (http://localhost:3000/_next/static/chunks/509c2_next_dist_compiled_react-dom_1698bfa6._.js:4651:24)
    at updateFunctionComponent (http://localhost:3000/_next/static/chunks/509c2_next_dist_compiled_react-dom_1698bfa6._.js:6112:21)
    at beginWork (http://localhost:3000/_next/static/chunks/509c2_next_dist_compiled_react-dom_1698bfa6._.js:6708:24)
    at runWithFiberInDEV (http://localhost:3000/_next/static/chunks/509c2_next_dist_compiled_react-dom_1698bfa6._.js:965:74)
    at performUnitOfWork (http://localhost:3000/_next/static/chunks/509c2_next_dist_compiled_react-dom_1698bfa6._.js:9562:97)
    at workLoopConcurrentByScheduler (http://localhost:3000/_next/static/chunks/509c2_next_dist_compiled_react-dom_1698bfa6._.js:9558:58)
    at renderRootConcurrent (http://localhost:3000/_next/static/chunks/509c2_next_dist_compiled_react-dom_1698bfa6._.js:9541:71)
    at performWorkOnRoot (http://localhost:3000/_next/static/chunks/509c2_next_dist_compiled_react-dom_1698bfa6._.js:9068:150)
    at performWorkOnRootViaSchedulerTask (http://localhost:3000/_next/static/chunks/509c2_next_dist_compiled_react-dom_1698bfa6._.js:10230:9)
    at MessagePort.performWorkUntilDeadline (http://localhost:3000/_next/static/chunks/509c2_next_dist_compiled_9044104d._.js:2647:64) @ http://localhost:3000/_next/static/chunks/509c2_next_dist_512df543._.js:3127
[ 2132900ms] [ERROR] IntlError: MISSING_MESSAGE: Could not resolve `modules.dashboard` in messages for locale `login`.
    at getMessagesOrError (http://localhost:3000/_next/static/chunks/db2ad__pnpm_bc426aec._.js:3637:27)
    at createBaseTranslator (http://localhost:3000/_next/static/chunks/db2ad__pnpm_bc426aec._.js:3642:29)
    at useTranslationsImpl.useMemo[translate] (http://localhost:3000/_next/static/chunks/db2ad__pnpm_bc426aec._.js:4163:378)
    at mountMemo (http://localhost:3000/_next/static/chunks/509c2_next_dist_compiled_react-dom_1698bfa6._.js:5424:25)
    at Object.useMemo (http://localhost:3000/_next/static/chunks/509c2_next_dist_compiled_react-dom_1698bfa6._.js:15003:24)
    at exports.useMemo (http://localhost:3000/_next/static/chunks/509c2_next_dist_compiled_9044104d._.js:1742:36)
    at useTranslationsImpl (http://localhost:3000/_next/static/chunks/db2ad__pnpm_bc426aec._.js:4162:416)
    at useTranslations (http://localhost:3000/_next/static/chunks/db2ad__pnpm_bc426aec._.js:4201:12)
    at http://localhost:3000/_next/static/chunks/db2ad__pnpm_6cafc622._.js:70:20
    at DashboardPage (http://localhost:3000/_next/static/chunks/pi-cwd-20260601_admin-platform_d7a92737._.js:987:432)
    at Object.react_stack_bottom_frame (http://localhost:3000/_next/static/chunks/509c2_next_dist_compiled_react-dom_1698bfa6._.js:14826:24)
    at renderWithHooks (http://localhost:3000/_next/static/chunks/509c2_next_dist_compiled_react-dom_1698bfa6._.js:4651:24)
    at updateFunctionComponent (http://localhost:3000/_next/static/chunks/509c2_next_dist_compiled_react-dom_1698bfa6._.js:6112:21)
    at beginWork (http://localhost:3000/_next/static/chunks/509c2_next_dist_compiled_react-dom_1698bfa6._.js:6708:24)
    at runWithFiberInDEV (http://localhost:3000/_next/static/chunks/509c2_next_dist_compiled_react-dom_1698bfa6._.js:965:74)
    at performUnitOfWork (http://localhost:3000/_next/static/chunks/509c2_next_dist_compiled_react-dom_1698bfa6._.js:9562:97)
    at workLoopConcurrentByScheduler (http://localhost:3000/_next/static/chunks/509c2_next_dist_compiled_react-dom_1698bfa6._.js:9558:58)
    at renderRootConcurrent (http://localhost:3000/_next/static/chunks/509c2_next_dist_compiled_react-dom_1698bfa6._.js:9541:71)
    at performWorkOnRoot (http://localhost:3000/_next/static/chunks/509c2_next_dist_compiled_react-dom_1698bfa6._.js:9068:150)
    at performWorkOnRootViaSchedulerTask (http://localhost:3000/_next/static/chunks/509c2_next_dist_compiled_react-dom_1698bfa6._.js:10230:9)
    at MessagePort.performWorkUntilDeadline (http://localhost:3000/_next/static/chunks/509c2_next_dist_compiled_9044104d._.js:2647:64) @ http://localhost:3000/_next/static/chunks/509c2_next_dist_512df543._.js:3127
[ 2132900ms] [ERROR] IntlError: MISSING_MESSAGE: Could not resolve `modules.dashboard` in messages for locale `login`.
    at getMessagesOrError (http://localhost:3000/_next/static/chunks/db2ad__pnpm_bc426aec._.js:3637:27)
    at createBaseTranslator (http://localhost:3000/_next/static/chunks/db2ad__pnpm_bc426aec._.js:3642:29)
    at useTranslationsImpl.useMemo[translate] (http://localhost:3000/_next/static/chunks/db2ad__pnpm_bc426aec._.js:4163:378)
    at mountMemo (http://localhost:3000/_next/static/chunks/509c2_next_dist_compiled_react-dom_1698bfa6._.js:5424:25)
    at Object.useMemo (http://localhost:3000/_next/static/chunks/509c2_next_dist_compiled_react-dom_1698bfa6._.js:15003:24)
    at exports.useMemo (http://localhost:3000/_next/static/chunks/509c2_next_dist_compiled_9044104d._.js:1742:36)
    at useTranslationsImpl (http://localhost:3000/_next/static/chunks/db2ad__pnpm_bc426aec._.js:4162:416)
    at useTranslations (http://localhost:3000/_next/static/chunks/db2ad__pnpm_bc426aec._.js:4201:12)
    at http://localhost:3000/_next/static/chunks/db2ad__pnpm_6cafc622._.js:70:20
    at DashboardPage (http://localhost:3000/_next/static/chunks/pi-cwd-20260601_admin-platform_d7a92737._.js:987:432)
    at Object.react_stack_bottom_frame (http://localhost:3000/_next/static/chunks/509c2_next_dist_compiled_react-dom_1698bfa6._.js:14826:24)
    at renderWithHooks (http://localhost:3000/_next/static/chunks/509c2_next_dist_compiled_react-dom_1698bfa6._.js:4651:24)
    at updateFunctionComponent (http://localhost:3000/_next/static/chunks/509c2_next_dist_compiled_react-dom_1698bfa6._.js:6112:21)
    at beginWork (http://localhost:3000/_next/static/chunks/509c2_next_dist_compiled_react-dom_1698bfa6._.js:6708:24)
    at runWithFiberInDEV (http://localhost:3000/_next/static/chunks/509c2_next_dist_compiled_react-dom_1698bfa6._.js:965:74)
    at performUnitOfWork (http://localhost:3000/_next/static/chunks/509c2_next_dist_compiled_react-dom_1698bfa6._.js:9562:97)
    at workLoopConcurrentByScheduler (http://localhost:3000/_next/static/chunks/509c2_next_dist_compiled_react-dom_1698bfa6._.js:9558:58)
    at renderRootConcurrent (http://localhost:3000/_next/static/chunks/509c2_next_dist_compiled_react-dom_1698bfa6._.js:9541:71)
    at performWorkOnRoot (http://localhost:3000/_next/static/chunks/509c2_next_dist_compiled_react-dom_1698bfa6._.js:9068:150)
    at performWorkOnRootViaSchedulerTask (http://localhost:3000/_next/static/chunks/509c2_next_dist_compiled_react-dom_1698bfa6._.js:10230:9)
    at MessagePort.performWorkUntilDeadline (http://localhost:3000/_next/static/chunks/509c2_next_dist_compiled_9044104d._.js:2647:64) @ http://localhost:3000/_next/static/chunks/509c2_next_dist_512df543._.js:3127
[ 2132901ms] [ERROR] IntlError: MISSING_MESSAGE: Could not resolve `modules.dashboard` in messages for locale `login`.
    at getMessagesOrError (http://localhost:3000/_next/static/chunks/db2ad__pnpm_bc426aec._.js:3637:27)
    at createBaseTranslator (http://localhost:3000/_next/static/chunks/db2ad__pnpm_bc426aec._.js:3642:29)
    at useTranslationsImpl.useMemo[translate] (http://localhost:3000/_next/static/chunks/db2ad__pnpm_bc426aec._.js:4163:378)
    at mountMemo (http://localhost:3000/_next/static/chunks/509c2_next_dist_compiled_react-dom_1698bfa6._.js:5424:25)
    at Object.useMemo (http://localhost:3000/_next/static/chunks/509c2_next_dist_compiled_react-dom_1698bfa6._.js:15003:24)
    at exports.useMemo (http://localhost:3000/_next/static/chunks/509c2_next_dist_compiled_9044104d._.js:1742:36)
    at useTranslationsImpl (http://localhost:3000/_next/static/chunks/db2ad__pnpm_bc426aec._.js:4162:416)
    at useTranslations (http://localhost:3000/_next/static/chunks/db2ad__pnpm_bc426aec._.js:4201:12)
    at http://localhost:3000/_next/static/chunks/db2ad__pnpm_6cafc622._.js:70:20
    at DashboardPage (http://localhost:3000/_next/static/chunks/pi-cwd-20260601_admin-platform_d7a92737._.js:987:432)
    at Object.react_stack_bottom_frame (http://localhost:3000/_next/static/chunks/509c2_next_dist_compiled_react-dom_1698bfa6._.js:14826:24)
    at renderWithHooks (http://localhost:3000/_next/static/chunks/509c2_next_dist_compiled_react-dom_1698bfa6._.js:4651:24)
    at updateFunctionComponent (http://localhost:3000/_next/static/chunks/509c2_next_dist_compiled_react-dom_1698bfa6._.js:6112:21)
    at beginWork (http://localhost:3000/_next/static/chunks/509c2_next_dist_compiled_react-dom_1698bfa6._.js:6708:24)
    at runWithFiberInDEV (http://localhost:3000/_next/static/chunks/509c2_next_dist_compiled_react-dom_1698bfa6._.js:965:74)
    at performUnitOfWork (http://localhost:3000/_next/static/chunks/509c2_next_dist_compiled_react-dom_1698bfa6._.js:9562:97)
    at workLoopConcurrentByScheduler (http://localhost:3000/_next/static/chunks/509c2_next_dist_compiled_react-dom_1698bfa6._.js:9558:58)
    at renderRootConcurrent (http://localhost:3000/_next/static/chunks/509c2_next_dist_compiled_react-dom_1698bfa6._.js:9541:71)
    at performWorkOnRoot (http://localhost:3000/_next/static/chunks/509c2_next_dist_compiled_react-dom_1698bfa6._.js:9068:150)
    at performWorkOnRootViaSchedulerTask (http://localhost:3000/_next/static/chunks/509c2_next_dist_compiled_react-dom_1698bfa6._.js:10230:9)
    at MessagePort.performWorkUntilDeadline (http://localhost:3000/_next/static/chunks/509c2_next_dist_compiled_9044104d._.js:2647:64) @ http://localhost:3000/_next/static/chunks/509c2_next_dist_512df543._.js:3127
[ 2132901ms] [ERROR] IntlError: MISSING_MESSAGE: Could not resolve `modules.dashboard` in messages for locale `login`.
    at getMessagesOrError (http://localhost:3000/_next/static/chunks/db2ad__pnpm_bc426aec._.js:3637:27)
    at createBaseTranslator (http://localhost:3000/_next/static/chunks/db2ad__pnpm_bc426aec._.js:3642:29)
    at useTranslationsImpl.useMemo[translate] (http://localhost:3000/_next/static/chunks/db2ad__pnpm_bc426aec._.js:4163:378)
    at mountMemo (http://localhost:3000/_next/static/chunks/509c2_next_dist_compiled_react-dom_1698bfa6._.js:5424:25)
    at Object.useMemo (http://localhost:3000/_next/static/chunks/509c2_next_dist_compiled_react-dom_1698bfa6._.js:15003:24)
    at exports.useMemo (http://localhost:3000/_next/static/chunks/509c2_next_dist_compiled_9044104d._.js:1742:36)
    at useTranslationsImpl (http://localhost:3000/_next/static/chunks/db2ad__pnpm_bc426aec._.js:4162:416)
    at useTranslations (http://localhost:3000/_next/static/chunks/db2ad__pnpm_bc426aec._.js:4201:12)
    at http://localhost:3000/_next/static/chunks/db2ad__pnpm_6cafc622._.js:70:20
    at DashboardPage (http://localhost:3000/_next/static/chunks/pi-cwd-20260601_admin-platform_d7a92737._.js:987:432)
    at Object.react_stack_bottom_frame (http://localhost:3000/_next/static/chunks/509c2_next_dist_compiled_react-dom_1698bfa6._.js:14826:24)
    at renderWithHooks (http://localhost:3000/_next/static/chunks/509c2_next_dist_compiled_react-dom_1698bfa6._.js:4651:24)
    at updateFunctionComponent (http://localhost:3000/_next/static/chunks/509c2_next_dist_compiled_react-dom_1698bfa6._.js:6112:21)
    at beginWork (http://localhost:3000/_next/static/chunks/509c2_next_dist_compiled_react-dom_1698bfa6._.js:6708:24)
    at runWithFiberInDEV (http://localhost:3000/_next/static/chunks/509c2_next_dist_compiled_react-dom_1698bfa6._.js:965:74)
    at performUnitOfWork (http://localhost:3000/_next/static/chunks/509c2_next_dist_compiled_react-dom_1698bfa6._.js:9562:97)
    at workLoopConcurrentByScheduler (http://localhost:3000/_next/static/chunks/509c2_next_dist_compiled_react-dom_1698bfa6._.js:9558:58)
    at renderRootConcurrent (http://localhost:3000/_next/static/chunks/509c2_next_dist_compiled_react-dom_1698bfa6._.js:9541:71)
    at performWorkOnRoot (http://localhost:3000/_next/static/chunks/509c2_next_dist_compiled_react-dom_1698bfa6._.js:9068:150)
    at performWorkOnRootViaSchedulerTask (http://localhost:3000/_next/static/chunks/509c2_next_dist_compiled_react-dom_1698bfa6._.js:10230:9)
    at MessagePort.performWorkUntilDeadline (http://localhost:3000/_next/static/chunks/509c2_next_dist_compiled_9044104d._.js:2647:64) @ http://localhost:3000/_next/static/chunks/509c2_next_dist_512df543._.js:3127
[ 2132901ms] [ERROR] IntlError: MISSING_MESSAGE: Could not resolve `modules.dashboard` in messages for locale `login`.
    at getMessagesOrError (http://localhost:3000/_next/static/chunks/db2ad__pnpm_bc426aec._.js:3637:27)
    at createBaseTranslator (http://localhost:3000/_next/static/chunks/db2ad__pnpm_bc426aec._.js:3642:29)
    at useTranslationsImpl.useMemo[translate] (http://localhost:3000/_next/static/chunks/db2ad__pnpm_bc426aec._.js:4163:378)
    at mountMemo (http://localhost:3000/_next/static/chunks/509c2_next_dist_compiled_react-dom_1698bfa6._.js:5424:25)
    at Object.useMemo (http://localhost:3000/_next/static/chunks/509c2_next_dist_compiled_react-dom_1698bfa6._.js:15003:24)
    at exports.useMemo (http://localhost:3000/_next/static/chunks/509c2_next_dist_compiled_9044104d._.js:1742:36)
    at useTranslationsImpl (http://localhost:3000/_next/static/chunks/db2ad__pnpm_bc426aec._.js:4162:416)
    at useTranslations (http://localhost:3000/_next/static/chunks/db2ad__pnpm_bc426aec._.js:4201:12)
    at http://localhost:3000/_next/static/chunks/db2ad__pnpm_6cafc622._.js:70:20
    at DashboardPage (http://localhost:3000/_next/static/chunks/pi-cwd-20260601_admin-platform_d7a92737._.js:987:432)
    at Object.react_stack_bottom_frame (http://localhost:3000/_next/static/chunks/509c2_next_dist_compiled_react-dom_1698bfa6._.js:14826:24)
    at renderWithHooks (http://localhost:3000/_next/static/chunks/509c2_next_dist_compiled_react-dom_1698bfa6._.js:4651:24)
    at updateFunctionComponent (http://localhost:3000/_next/static/chunks/509c2_next_dist_compiled_react-dom_1698bfa6._.js:6112:21)
    at beginWork (http://localhost:3000/_next/static/chunks/509c2_next_dist_compiled_react-dom_1698bfa6._.js:6708:24)
    at runWithFiberInDEV (http://localhost:3000/_next/static/chunks/509c2_next_dist_compiled_react-dom_1698bfa6._.js:965:74)
    at performUnitOfWork (http://localhost:3000/_next/static/chunks/509c2_next_dist_compiled_react-dom_1698bfa6._.js:9562:97)
    at workLoopConcurrentByScheduler (http://localhost:3000/_next/static/chunks/509c2_next_dist_compiled_react-dom_1698bfa6._.js:9558:58)
    at renderRootConcurrent (http://localhost:3000/_next/static/chunks/509c2_next_dist_compiled_react-dom_1698bfa6._.js:9541:71)
    at performWorkOnRoot (http://localhost:3000/_next/static/chunks/509c2_next_dist_compiled_react-dom_1698bfa6._.js:9068:150)
    at performWorkOnRootViaSchedulerTask (http://localhost:3000/_next/static/chunks/509c2_next_dist_compiled_react-dom_1698bfa6._.js:10230:9)
    at MessagePort.performWorkUntilDeadline (http://localhost:3000/_next/static/chunks/509c2_next_dist_compiled_9044104d._.js:2647:64) @ http://localhost:3000/_next/static/chunks/509c2_next_dist_512df543._.js:3127
[ 2132902ms] [ERROR] IntlError: MISSING_MESSAGE: Could not resolve `modules.dashboard` in messages for locale `login`.
    at getMessagesOrError (http://localhost:3000/_next/static/chunks/db2ad__pnpm_bc426aec._.js:3637:27)
    at createBaseTranslator (http://localhost:3000/_next/static/chunks/db2ad__pnpm_bc426aec._.js:3642:29)
    at useTranslationsImpl.useMemo[translate] (http://localhost:3000/_next/static/chunks/db2ad__pnpm_bc426aec._.js:4163:378)
    at mountMemo (http://localhost:3000/_next/static/chunks/509c2_next_dist_compiled_react-dom_1698bfa6._.js:5424:25)
    at Object.useMemo (http://localhost:3000/_next/static/chunks/509c2_next_dist_compiled_react-dom_1698bfa6._.js:15003:24)
    at exports.useMemo (http://localhost:3000/_next/static/chunks/509c2_next_dist_compiled_9044104d._.js:1742:36)
    at useTranslationsImpl (http://localhost:3000/_next/static/chunks/db2ad__pnpm_bc426aec._.js:4162:416)
    at useTranslations (http://localhost:3000/_next/static/chunks/db2ad__pnpm_bc426aec._.js:4201:12)
    at http://localhost:3000/_next/static/chunks/db2ad__pnpm_6cafc622._.js:70:20
    at DashboardPage (http://localhost:3000/_next/static/chunks/pi-cwd-20260601_admin-platform_d7a92737._.js:987:432)
    at Object.react_stack_bottom_frame (http://localhost:3000/_next/static/chunks/509c2_next_dist_compiled_react-dom_1698bfa6._.js:14826:24)
    at renderWithHooks (http://localhost:3000/_next/static/chunks/509c2_next_dist_compiled_react-dom_1698bfa6._.js:4651:24)
    at updateFunctionComponent (http://localhost:3000/_next/static/chunks/509c2_next_dist_compiled_react-dom_1698bfa6._.js:6112:21)
    at beginWork (http://localhost:3000/_next/static/chunks/509c2_next_dist_compiled_react-dom_1698bfa6._.js:6708:24)
    at runWithFiberInDEV (http://localhost:3000/_next/static/chunks/509c2_next_dist_compiled_react-dom_1698bfa6._.js:965:74)
    at performUnitOfWork (http://localhost:3000/_next/static/chunks/509c2_next_dist_compiled_react-dom_1698bfa6._.js:9562:97)
    at workLoopConcurrentByScheduler (http://localhost:3000/_next/static/chunks/509c2_next_dist_compiled_react-dom_1698bfa6._.js:9558:58)
    at renderRootConcurrent (http://localhost:3000/_next/static/chunks/509c2_next_dist_compiled_react-dom_1698bfa6._.js:9541:71)
    at performWorkOnRoot (http://localhost:3000/_next/static/chunks/509c2_next_dist_compiled_react-dom_1698bfa6._.js:9068:150)
    at performWorkOnRootViaSchedulerTask (http://localhost:3000/_next/static/chunks/509c2_next_dist_compiled_react-dom_1698bfa6._.js:10230:9)
    at MessagePort.performWorkUntilDeadline (http://localhost:3000/_next/static/chunks/509c2_next_dist_compiled_9044104d._.js:2647:64) @ http://localhost:3000/_next/static/chunks/509c2_next_dist_512df543._.js:3127
[ 2132902ms] [ERROR] IntlError: MISSING_MESSAGE: Could not resolve `modules.dashboard` in messages for locale `login`.
    at getMessagesOrError (http://localhost:3000/_next/static/chunks/db2ad__pnpm_bc426aec._.js:3637:27)
    at createBaseTranslator (http://localhost:3000/_next/static/chunks/db2ad__pnpm_bc426aec._.js:3642:29)
    at useTranslationsImpl.useMemo[translate] (http://localhost:3000/_next/static/chunks/db2ad__pnpm_bc426aec._.js:4163:378)
    at mountMemo (http://localhost:3000/_next/static/chunks/509c2_next_dist_compiled_react-dom_1698bfa6._.js:5424:25)
    at Object.useMemo (http://localhost:3000/_next/static/chunks/509c2_next_dist_compiled_react-dom_1698bfa6._.js:15003:24)
    at exports.useMemo (http://localhost:3000/_next/static/chunks/509c2_next_dist_compiled_9044104d._.js:1742:36)
    at useTranslationsImpl (http://localhost:3000/_next/static/chunks/db2ad__pnpm_bc426aec._.js:4162:416)
    at useTranslations (http://localhost:3000/_next/static/chunks/db2ad__pnpm_bc426aec._.js:4201:12)
    at http://localhost:3000/_next/static/chunks/db2ad__pnpm_6cafc622._.js:70:20
    at DashboardPage (http://localhost:3000/_next/static/chunks/pi-cwd-20260601_admin-platform_d7a92737._.js:987:432)
    at Object.react_stack_bottom_frame (http://localhost:3000/_next/static/chunks/509c2_next_dist_compiled_react-dom_1698bfa6._.js:14826:24)
    at renderWithHooks (http://localhost:3000/_next/static/chunks/509c2_next_dist_compiled_react-dom_1698bfa6._.js:4651:24)
    at updateFunctionComponent (http://localhost:3000/_next/static/chunks/509c2_next_dist_compiled_react-dom_1698bfa6._.js:6112:21)
    at beginWork (http://localhost:3000/_next/static/chunks/509c2_next_dist_compiled_react-dom_1698bfa6._.js:6708:24)
    at runWithFiberInDEV (http://localhost:3000/_next/static/chunks/509c2_next_dist_compiled_react-dom_1698bfa6._.js:965:74)
    at performUnitOfWork (http://localhost:3000/_next/static/chunks/509c2_next_dist_compiled_react-dom_1698bfa6._.js:9562:97)
    at workLoopConcurrentByScheduler (http://localhost:3000/_next/static/chunks/509c2_next_dist_compiled_react-dom_1698bfa6._.js:9558:58)
    at renderRootConcurrent (http://localhost:3000/_next/static/chunks/509c2_next_dist_compiled_react-dom_1698bfa6._.js:9541:71)
    at performWorkOnRoot (http://localhost:3000/_next/static/chunks/509c2_next_dist_compiled_react-dom_1698bfa6._.js:9068:150)
    at performWorkOnRootViaSchedulerTask (http://localhost:3000/_next/static/chunks/509c2_next_dist_compiled_react-dom_1698bfa6._.js:10230:9)
    at MessagePort.performWorkUntilDeadline (http://localhost:3000/_next/static/chunks/509c2_next_dist_compiled_9044104d._.js:2647:64) @ http://localhost:3000/_next/static/chunks/509c2_next_dist_512df543._.js:3127
[ 2132903ms] [ERROR] IntlError: MISSING_MESSAGE: Could not resolve `modules.dashboard` in messages for locale `login`.
    at getMessagesOrError (http://localhost:3000/_next/static/chunks/db2ad__pnpm_bc426aec._.js:3637:27)
    at createBaseTranslator (http://localhost:3000/_next/static/chunks/db2ad__pnpm_bc426aec._.js:3642:29)
    at useTranslationsImpl.useMemo[translate] (http://localhost:3000/_next/static/chunks/db2ad__pnpm_bc426aec._.js:4163:378)
    at mountMemo (http://localhost:3000/_next/static/chunks/509c2_next_dist_compiled_react-dom_1698bfa6._.js:5424:25)
    at Object.useMemo (http://localhost:3000/_next/static/chunks/509c2_next_dist_compiled_react-dom_1698bfa6._.js:15003:24)
    at exports.useMemo (http://localhost:3000/_next/static/chunks/509c2_next_dist_compiled_9044104d._.js:1742:36)
    at useTranslationsImpl (http://localhost:3000/_next/static/chunks/db2ad__pnpm_bc426aec._.js:4162:416)
    at useTranslations (http://localhost:3000/_next/static/chunks/db2ad__pnpm_bc426aec._.js:4201:12)
    at http://localhost:3000/_next/static/chunks/db2ad__pnpm_6cafc622._.js:70:20
    at DashboardPage (http://localhost:3000/_next/static/chunks/pi-cwd-20260601_admin-platform_d7a92737._.js:987:432)
    at Object.react_stack_bottom_frame (http://localhost:3000/_next/static/chunks/509c2_next_dist_compiled_react-dom_1698bfa6._.js:14826:24)
    at renderWithHooks (http://localhost:3000/_next/static/chunks/509c2_next_dist_compiled_react-dom_1698bfa6._.js:4651:24)
    at updateFunctionComponent (http://localhost:3000/_next/static/chunks/509c2_next_dist_compiled_react-dom_1698bfa6._.js:6112:21)
    at beginWork (http://localhost:3000/_next/static/chunks/509c2_next_dist_compiled_react-dom_1698bfa6._.js:6708:24)
    at runWithFiberInDEV (http://localhost:3000/_next/static/chunks/509c2_next_dist_compiled_react-dom_1698bfa6._.js:965:74)
    at performUnitOfWork (http://localhost:3000/_next/static/chunks/509c2_next_dist_compiled_react-dom_1698bfa6._.js:9562:97)
    at workLoopConcurrentByScheduler (http://localhost:3000/_next/static/chunks/509c2_next_dist_compiled_react-dom_1698bfa6._.js:9558:58)
    at renderRootConcurrent (http://localhost:3000/_next/static/chunks/509c2_next_dist_compiled_react-dom_1698bfa6._.js:9541:71)
    at performWorkOnRoot (http://localhost:3000/_next/static/chunks/509c2_next_dist_compiled_react-dom_1698bfa6._.js:9068:150)
    at performWorkOnRootViaSchedulerTask (http://localhost:3000/_next/static/chunks/509c2_next_dist_compiled_react-dom_1698bfa6._.js:10230:9)
    at MessagePort.performWorkUntilDeadline (http://localhost:3000/_next/static/chunks/509c2_next_dist_compiled_9044104d._.js:2647:64) @ http://localhost:3000/_next/static/chunks/509c2_next_dist_512df543._.js:3127
[ 2132903ms] [ERROR] IntlError: MISSING_MESSAGE: Could not resolve `modules.dashboard` in messages for locale `login`.
    at getMessagesOrError (http://localhost:3000/_next/static/chunks/db2ad__pnpm_bc426aec._.js:3637:27)
    at createBaseTranslator (http://localhost:3000/_next/static/chunks/db2ad__pnpm_bc426aec._.js:3642:29)
    at useTranslationsImpl.useMemo[translate] (http://localhost:3000/_next/static/chunks/db2ad__pnpm_bc426aec._.js:4163:378)
    at mountMemo (http://localhost:3000/_next/static/chunks/509c2_next_dist_compiled_react-dom_1698bfa6._.js:5424:25)
    at Object.useMemo (http://localhost:3000/_next/static/chunks/509c2_next_dist_compiled_react-dom_1698bfa6._.js:15003:24)
    at exports.useMemo (http://localhost:3000/_next/static/chunks/509c2_next_dist_compiled_9044104d._.js:1742:36)
    at useTranslationsImpl (http://localhost:3000/_next/static/chunks/db2ad__pnpm_bc426aec._.js:4162:416)
    at useTranslations (http://localhost:3000/_next/static/chunks/db2ad__pnpm_bc426aec._.js:4201:12)
    at http://localhost:3000/_next/static/chunks/db2ad__pnpm_6cafc622._.js:70:20
    at DashboardPage (http://localhost:3000/_next/static/chunks/pi-cwd-20260601_admin-platform_d7a92737._.js:987:432)
    at Object.react_stack_bottom_frame (http://localhost:3000/_next/static/chunks/509c2_next_dist_compiled_react-dom_1698bfa6._.js:14826:24)
    at renderWithHooks (http://localhost:3000/_next/static/chunks/509c2_next_dist_compiled_react-dom_1698bfa6._.js:4651:24)
    at updateFunctionComponent (http://localhost:3000/_next/static/chunks/509c2_next_dist_compiled_react-dom_1698bfa6._.js:6112:21)
    at beginWork (http://localhost:3000/_next/static/chunks/509c2_next_dist_compiled_react-dom_1698bfa6._.js:6708:24)
    at runWithFiberInDEV (http://localhost:3000/_next/static/chunks/509c2_next_dist_compiled_react-dom_1698bfa6._.js:965:74)
    at performUnitOfWork (http://localhost:3000/_next/static/chunks/509c2_next_dist_compiled_react-dom_1698bfa6._.js:9562:97)
    at workLoopConcurrentByScheduler (http://localhost:3000/_next/static/chunks/509c2_next_dist_compiled_react-dom_1698bfa6._.js:9558:58)
    at renderRootConcurrent (http://localhost:3000/_next/static/chunks/509c2_next_dist_compiled_react-dom_1698bfa6._.js:9541:71)
    at performWorkOnRoot (http://localhost:3000/_next/static/chunks/509c2_next_dist_compiled_react-dom_1698bfa6._.js:9068:150)
    at performWorkOnRootViaSchedulerTask (http://localhost:3000/_next/static/chunks/509c2_next_dist_compiled_react-dom_1698bfa6._.js:10230:9)
    at MessagePort.performWorkUntilDeadline (http://localhost:3000/_next/static/chunks/509c2_next_dist_compiled_9044104d._.js:2647:64) @ http://localhost:3000/_next/static/chunks/509c2_next_dist_512df543._.js:3127
[ 2132903ms] [ERROR] IntlError: MISSING_MESSAGE: Could not resolve `modules.dashboard` in messages for locale `login`.
    at getMessagesOrError (http://localhost:3000/_next/static/chunks/db2ad__pnpm_bc426aec._.js:3637:27)
    at createBaseTranslator (http://localhost:3000/_next/static/chunks/db2ad__pnpm_bc426aec._.js:3642:29)
    at useTranslationsImpl.useMemo[translate] (http://localhost:3000/_next/static/chunks/db2ad__pnpm_bc426aec._.js:4163:378)
    at mountMemo (http://localhost:3000/_next/static/chunks/509c2_next_dist_compiled_react-dom_1698bfa6._.js:5424:25)
    at Object.useMemo (http://localhost:3000/_next/static/chunks/509c2_next_dist_compiled_react-dom_1698bfa6._.js:15003:24)
    at exports.useMemo (http://localhost:3000/_next/static/chunks/509c2_next_dist_compiled_9044104d._.js:1742:36)
    at useTranslationsImpl (http://localhost:3000/_next/static/chunks/db2ad__pnpm_bc426aec._.js:4162:416)
    at useTranslations (http://localhost:3000/_next/static/chunks/db2ad__pnpm_bc426aec._.js:4201:12)
    at http://localhost:3000/_next/static/chunks/db2ad__pnpm_6cafc622._.js:70:20
    at DashboardPage (http://localhost:3000/_next/static/chunks/pi-cwd-20260601_admin-platform_d7a92737._.js:987:432)
    at Object.react_stack_bottom_frame (http://localhost:3000/_next/static/chunks/509c2_next_dist_compiled_react-dom_1698bfa6._.js:14826:24)
    at renderWithHooks (http://localhost:3000/_next/static/chunks/509c2_next_dist_compiled_react-dom_1698bfa6._.js:4651:24)
    at updateFunctionComponent (http://localhost:3000/_next/static/chunks/509c2_next_dist_compiled_react-dom_1698bfa6._.js:6112:21)
    at beginWork (http://localhost:3000/_next/static/chunks/509c2_next_dist_compiled_react-dom_1698bfa6._.js:6708:24)
    at runWithFiberInDEV (http://localhost:3000/_next/static/chunks/509c2_next_dist_compiled_react-dom_1698bfa6._.js:965:74)
    at performUnitOfWork (http://localhost:3000/_next/static/chunks/509c2_next_dist_compiled_react-dom_1698bfa6._.js:9562:97)
    at workLoopConcurrentByScheduler (http://localhost:3000/_next/static/chunks/509c2_next_dist_compiled_react-dom_1698bfa6._.js:9558:58)
    at renderRootConcurrent (http://localhost:3000/_next/static/chunks/509c2_next_dist_compiled_react-dom_1698bfa6._.js:9541:71)
    at performWorkOnRoot (http://localhost:3000/_next/static/chunks/509c2_next_dist_compiled_react-dom_1698bfa6._.js:9068:150)
    at performWorkOnRootViaSchedulerTask (http://localhost:3000/_next/static/chunks/509c2_next_dist_compiled_react-dom_1698bfa6._.js:10230:9)
    at MessagePort.performWorkUntilDeadline (http://localhost:3000/_next/static/chunks/509c2_next_dist_compiled_9044104d._.js:2647:64) @ http://localhost:3000/_next/static/chunks/509c2_next_dist_512df543._.js:3127
[ 2132903ms] [ERROR] IntlError: MISSING_MESSAGE: Could not resolve `modules.dashboard` in messages for locale `login`.
    at getMessagesOrError (http://localhost:3000/_next/static/chunks/db2ad__pnpm_bc426aec._.js:3637:27)
    at createBaseTranslator (http://localhost:3000/_next/static/chunks/db2ad__pnpm_bc426aec._.js:3642:29)
    at useTranslationsImpl.useMemo[translate] (http://localhost:3000/_next/static/chunks/db2ad__pnpm_bc426aec._.js:4163:378)
    at mountMemo (http://localhost:3000/_next/static/chunks/509c2_next_dist_compiled_react-dom_1698bfa6._.js:5424:25)
    at Object.useMemo (http://localhost:3000/_next/static/chunks/509c2_next_dist_compiled_react-dom_1698bfa6._.js:15003:24)
    at exports.useMemo (http://localhost:3000/_next/static/chunks/509c2_next_dist_compiled_9044104d._.js:1742:36)
    at useTranslationsImpl (http://localhost:3000/_next/static/chunks/db2ad__pnpm_bc426aec._.js:4162:416)
    at useTranslations (http://localhost:3000/_next/static/chunks/db2ad__pnpm_bc426aec._.js:4201:12)
    at http://localhost:3000/_next/static/chunks/db2ad__pnpm_6cafc622._.js:70:20
    at DashboardPage (http://localhost:3000/_next/static/chunks/pi-cwd-20260601_admin-platform_d7a92737._.js:987:432)
    at Object.react_stack_bottom_frame (http://localhost:3000/_next/static/chunks/509c2_next_dist_compiled_react-dom_1698bfa6._.js:14826:24)
    at renderWithHooks (http://localhost:3000/_next/static/chunks/509c2_next_dist_compiled_react-dom_1698bfa6._.js:4651:24)
    at updateFunctionComponent (http://localhost:3000/_next/static/chunks/509c2_next_dist_compiled_react-dom_1698bfa6._.js:6112:21)
    at beginWork (http://localhost:3000/_next/static/chunks/509c2_next_dist_compiled_react-dom_1698bfa6._.js:6708:24)
    at runWithFiberInDEV (http://localhost:3000/_next/static/chunks/509c2_next_dist_compiled_react-dom_1698bfa6._.js:965:74)
    at performUnitOfWork (http://localhost:3000/_next/static/chunks/509c2_next_dist_compiled_react-dom_1698bfa6._.js:9562:97)
    at workLoopConcurrentByScheduler (http://localhost:3000/_next/static/chunks/509c2_next_dist_compiled_react-dom_1698bfa6._.js:9558:58)
    at renderRootConcurrent (http://localhost:3000/_next/static/chunks/509c2_next_dist_compiled_react-dom_1698bfa6._.js:9541:71)
    at performWorkOnRoot (http://localhost:3000/_next/static/chunks/509c2_next_dist_compiled_react-dom_1698bfa6._.js:9068:150)
    at performWorkOnRootViaSchedulerTask (http://localhost:3000/_next/static/chunks/509c2_next_dist_compiled_react-dom_1698bfa6._.js:10230:9)
    at MessagePort.performWorkUntilDeadline (http://localhost:3000/_next/static/chunks/509c2_next_dist_compiled_9044104d._.js:2647:64) @ http://localhost:3000/_next/static/chunks/509c2_next_dist_512df543._.js:3127
[ 2132904ms] [ERROR] IntlError: MISSING_MESSAGE: Could not resolve `modules.dashboard` in messages for locale `login`.
    at getMessagesOrError (http://localhost:3000/_next/static/chunks/db2ad__pnpm_bc426aec._.js:3637:27)
    at createBaseTranslator (http://localhost:3000/_next/static/chunks/db2ad__pnpm_bc426aec._.js:3642:29)
    at useTranslationsImpl.useMemo[translate] (http://localhost:3000/_next/static/chunks/db2ad__pnpm_bc426aec._.js:4163:378)
    at mountMemo (http://localhost:3000/_next/static/chunks/509c2_next_dist_compiled_react-dom_1698bfa6._.js:5424:25)
    at Object.useMemo (http://localhost:3000/_next/static/chunks/509c2_next_dist_compiled_react-dom_1698bfa6._.js:15003:24)
    at exports.useMemo (http://localhost:3000/_next/static/chunks/509c2_next_dist_compiled_9044104d._.js:1742:36)
    at useTranslationsImpl (http://localhost:3000/_next/static/chunks/db2ad__pnpm_bc426aec._.js:4162:416)
    at useTranslations (http://localhost:3000/_next/static/chunks/db2ad__pnpm_bc426aec._.js:4201:12)
    at http://localhost:3000/_next/static/chunks/db2ad__pnpm_6cafc622._.js:70:20
    at DashboardPage (http://localhost:3000/_next/static/chunks/pi-cwd-20260601_admin-platform_d7a92737._.js:987:432)
    at Object.react_stack_bottom_frame (http://localhost:3000/_next/static/chunks/509c2_next_dist_compiled_react-dom_1698bfa6._.js:14826:24)
    at renderWithHooks (http://localhost:3000/_next/static/chunks/509c2_next_dist_compiled_react-dom_1698bfa6._.js:4651:24)
    at updateFunctionComponent (http://localhost:3000/_next/static/chunks/509c2_next_dist_compiled_react-dom_1698bfa6._.js:6112:21)
    at beginWork (http://localhost:3000/_next/static/chunks/509c2_next_dist_compiled_react-dom_1698bfa6._.js:6708:24)
    at runWithFiberInDEV (http://localhost:3000/_next/static/chunks/509c2_next_dist_compiled_react-dom_1698bfa6._.js:965:74)
    at performUnitOfWork (http://localhost:3000/_next/static/chunks/509c2_next_dist_compiled_react-dom_1698bfa6._.js:9562:97)
    at workLoopConcurrentByScheduler (http://localhost:3000/_next/static/chunks/509c2_next_dist_compiled_react-dom_1698bfa6._.js:9558:58)
    at renderRootConcurrent (http://localhost:3000/_next/static/chunks/509c2_next_dist_compiled_react-dom_1698bfa6._.js:9541:71)
    at performWorkOnRoot (http://localhost:3000/_next/static/chunks/509c2_next_dist_compiled_react-dom_1698bfa6._.js:9068:150)
    at performWorkOnRootViaSchedulerTask (http://localhost:3000/_next/static/chunks/509c2_next_dist_compiled_react-dom_1698bfa6._.js:10230:9)
    at MessagePort.performWorkUntilDeadline (http://localhost:3000/_next/static/chunks/509c2_next_dist_compiled_9044104d._.js:2647:64) @ http://localhost:3000/_next/static/chunks/509c2_next_dist_512df543._.js:3127
[ 2132904ms] [ERROR] IntlError: MISSING_MESSAGE: Could not resolve `modules.dashboard` in messages for locale `login`.
    at getMessagesOrError (http://localhost:3000/_next/static/chunks/db2ad__pnpm_bc426aec._.js:3637:27)
    at createBaseTranslator (http://localhost:3000/_next/static/chunks/db2ad__pnpm_bc426aec._.js:3642:29)
    at useTranslationsImpl.useMemo[translate] (http://localhost:3000/_next/static/chunks/db2ad__pnpm_bc426aec._.js:4163:378)
    at mountMemo (http://localhost:3000/_next/static/chunks/509c2_next_dist_compiled_react-dom_1698bfa6._.js:5424:25)
    at Object.useMemo (http://localhost:3000/_next/static/chunks/509c2_next_dist_compiled_react-dom_1698bfa6._.js:15003:24)
    at exports.useMemo (http://localhost:3000/_next/static/chunks/509c2_next_dist_compiled_9044104d._.js:1742:36)
    at useTranslationsImpl (http://localhost:3000/_next/static/chunks/db2ad__pnpm_bc426aec._.js:4162:416)
    at useTranslations (http://localhost:3000/_next/static/chunks/db2ad__pnpm_bc426aec._.js:4201:12)
    at http://localhost:3000/_next/static/chunks/db2ad__pnpm_6cafc622._.js:70:20
    at DashboardPage (http://localhost:3000/_next/static/chunks/pi-cwd-20260601_admin-platform_d7a92737._.js:987:432)
    at Object.react_stack_bottom_frame (http://localhost:3000/_next/static/chunks/509c2_next_dist_compiled_react-dom_1698bfa6._.js:14826:24)
    at renderWithHooks (http://localhost:3000/_next/static/chunks/509c2_next_dist_compiled_react-dom_1698bfa6._.js:4651:24)
    at updateFunctionComponent (http://localhost:3000/_next/static/chunks/509c2_next_dist_compiled_react-dom_1698bfa6._.js:6112:21)
    at beginWork (http://localhost:3000/_next/static/chunks/509c2_next_dist_compiled_react-dom_1698bfa6._.js:6708:24)
    at runWithFiberInDEV (http://localhost:3000/_next/static/chunks/509c2_next_dist_compiled_react-dom_1698bfa6._.js:965:74)
    at performUnitOfWork (http://localhost:3000/_next/static/chunks/509c2_next_dist_compiled_react-dom_1698bfa6._.js:9562:97)
    at workLoopConcurrentByScheduler (http://localhost:3000/_next/static/chunks/509c2_next_dist_compiled_react-dom_1698bfa6._.js:9558:58)
    at renderRootConcurrent (http://localhost:3000/_next/static/chunks/509c2_next_dist_compiled_react-dom_1698bfa6._.js:9541:71)
    at performWorkOnRoot (http://localhost:3000/_next/static/chunks/509c2_next_dist_compiled_react-dom_1698bfa6._.js:9068:150)
    at performWorkOnRootViaSchedulerTask (http://localhost:3000/_next/static/chunks/509c2_next_dist_compiled_react-dom_1698bfa6._.js:10230:9)
    at MessagePort.performWorkUntilDeadline (http://localhost:3000/_next/static/chunks/509c2_next_dist_compiled_9044104d._.js:2647:64) @ http://localhost:3000/_next/static/chunks/509c2_next_dist_512df543._.js:3127
[ 2132904ms] [ERROR] IntlError: MISSING_MESSAGE: Could not resolve `modules.dashboard` in messages for locale `login`.
    at getMessagesOrError (http://localhost:3000/_next/static/chunks/db2ad__pnpm_bc426aec._.js:3637:27)
    at createBaseTranslator (http://localhost:3000/_next/static/chunks/db2ad__pnpm_bc426aec._.js:3642:29)
    at useTranslationsImpl.useMemo[translate] (http://localhost:3000/_next/static/chunks/db2ad__pnpm_bc426aec._.js:4163:378)
    at mountMemo (http://localhost:3000/_next/static/chunks/509c2_next_dist_compiled_react-dom_1698bfa6._.js:5424:25)
    at Object.useMemo (http://localhost:3000/_next/static/chunks/509c2_next_dist_compiled_react-dom_1698bfa6._.js:15003:24)
    at exports.useMemo (http://localhost:3000/_next/static/chunks/509c2_next_dist_compiled_9044104d._.js:1742:36)
    at useTranslationsImpl (http://localhost:3000/_next/static/chunks/db2ad__pnpm_bc426aec._.js:4162:416)
    at useTranslations (http://localhost:3000/_next/static/chunks/db2ad__pnpm_bc426aec._.js:4201:12)
    at http://localhost:3000/_next/static/chunks/db2ad__pnpm_6cafc622._.js:70:20
    at DashboardPage (http://localhost:3000/_next/static/chunks/pi-cwd-20260601_admin-platform_d7a92737._.js:987:432)
    at Object.react_stack_bottom_frame (http://localhost:3000/_next/static/chunks/509c2_next_dist_compiled_react-dom_1698bfa6._.js:14826:24)
    at renderWithHooks (http://localhost:3000/_next/static/chunks/509c2_next_dist_compiled_react-dom_1698bfa6._.js:4651:24)
    at updateFunctionComponent (http://localhost:3000/_next/static/chunks/509c2_next_dist_compiled_react-dom_1698bfa6._.js:6112:21)
    at beginWork (http://localhost:3000/_next/static/chunks/509c2_next_dist_compiled_react-dom_1698bfa6._.js:6708:24)
    at runWithFiberInDEV (http://localhost:3000/_next/static/chunks/509c2_next_dist_compiled_react-dom_1698bfa6._.js:965:74)
    at performUnitOfWork (http://localhost:3000/_next/static/chunks/509c2_next_dist_compiled_react-dom_1698bfa6._.js:9562:97)
    at workLoopConcurrentByScheduler (http://localhost:3000/_next/static/chunks/509c2_next_dist_compiled_react-dom_1698bfa6._.js:9558:58)
    at renderRootConcurrent (http://localhost:3000/_next/static/chunks/509c2_next_dist_compiled_react-dom_1698bfa6._.js:9541:71)
    at performWorkOnRoot (http://localhost:3000/_next/static/chunks/509c2_next_dist_compiled_react-dom_1698bfa6._.js:9068:150)
    at performWorkOnRootViaSchedulerTask (http://localhost:3000/_next/static/chunks/509c2_next_dist_compiled_react-dom_1698bfa6._.js:10230:9)
    at MessagePort.performWorkUntilDeadline (http://localhost:3000/_next/static/chunks/509c2_next_dist_compiled_9044104d._.js:2647:64) @ http://localhost:3000/_next/static/chunks/509c2_next_dist_512df543._.js:3127
[ 2132904ms] [ERROR] IntlError: MISSING_MESSAGE: Could not resolve `modules.dashboard` in messages for locale `login`.
    at getMessagesOrError (http://localhost:3000/_next/static/chunks/db2ad__pnpm_bc426aec._.js:3637:27)
    at createBaseTranslator (http://localhost:3000/_next/static/chunks/db2ad__pnpm_bc426aec._.js:3642:29)
    at useTranslationsImpl.useMemo[translate] (http://localhost:3000/_next/static/chunks/db2ad__pnpm_bc426aec._.js:4163:378)
    at mountMemo (http://localhost:3000/_next/static/chunks/509c2_next_dist_compiled_react-dom_1698bfa6._.js:5424:25)
    at Object.useMemo (http://localhost:3000/_next/static/chunks/509c2_next_dist_compiled_react-dom_1698bfa6._.js:15003:24)
    at exports.useMemo (http://localhost:3000/_next/static/chunks/509c2_next_dist_compiled_9044104d._.js:1742:36)
    at useTranslationsImpl (http://localhost:3000/_next/static/chunks/db2ad__pnpm_bc426aec._.js:4162:416)
    at useTranslations (http://localhost:3000/_next/static/chunks/db2ad__pnpm_bc426aec._.js:4201:12)
    at http://localhost:3000/_next/static/chunks/db2ad__pnpm_6cafc622._.js:70:20
    at DashboardPage (http://localhost:3000/_next/static/chunks/pi-cwd-20260601_admin-platform_d7a92737._.js:987:432)
    at Object.react_stack_bottom_frame (http://localhost:3000/_next/static/chunks/509c2_next_dist_compiled_react-dom_1698bfa6._.js:14826:24)
    at renderWithHooks (http://localhost:3000/_next/static/chunks/509c2_next_dist_compiled_react-dom_1698bfa6._.js:4651:24)
    at updateFunctionComponent (http://localhost:3000/_next/static/chunks/509c2_next_dist_compiled_react-dom_1698bfa6._.js:6112:21)
    at beginWork (http://localhost:3000/_next/static/chunks/509c2_next_dist_compiled_react-dom_1698bfa6._.js:6708:24)
    at runWithFiberInDEV (http://localhost:3000/_next/static/chunks/509c2_next_dist_compiled_react-dom_1698bfa6._.js:965:74)
    at performUnitOfWork (http://localhost:3000/_next/static/chunks/509c2_next_dist_compiled_react-dom_1698bfa6._.js:9562:97)
    at workLoopConcurrentByScheduler (http://localhost:3000/_next/static/chunks/509c2_next_dist_compiled_react-dom_1698bfa6._.js:9558:58)
    at renderRootConcurrent (http://localhost:3000/_next/static/chunks/509c2_next_dist_compiled_react-dom_1698bfa6._.js:9541:71)
    at performWorkOnRoot (http://localhost:3000/_next/static/chunks/509c2_next_dist_compiled_react-dom_1698bfa6._.js:9068:150)
    at performWorkOnRootViaSchedulerTask (http://localhost:3000/_next/static/chunks/509c2_next_dist_compiled_react-dom_1698bfa6._.js:10230:9)
    at MessagePort.performWorkUntilDeadline (http://localhost:3000/_next/static/chunks/509c2_next_dist_compiled_9044104d._.js:2647:64) @ http://localhost:3000/_next/static/chunks/509c2_next_dist_512df543._.js:3127
[ 2132904ms] [ERROR] IntlError: MISSING_MESSAGE: Could not resolve `modules.dashboard` in messages for locale `login`.
    at getMessagesOrError (http://localhost:3000/_next/static/chunks/db2ad__pnpm_bc426aec._.js:3637:27)
    at createBaseTranslator (http://localhost:3000/_next/static/chunks/db2ad__pnpm_bc426aec._.js:3642:29)
    at useTranslationsImpl.useMemo[translate] (http://localhost:3000/_next/static/chunks/db2ad__pnpm_bc426aec._.js:4163:378)
    at mountMemo (http://localhost:3000/_next/static/chunks/509c2_next_dist_compiled_react-dom_1698bfa6._.js:5424:25)
    at Object.useMemo (http://localhost:3000/_next/static/chunks/509c2_next_dist_compiled_react-dom_1698bfa6._.js:15003:24)
    at exports.useMemo (http://localhost:3000/_next/static/chunks/509c2_next_dist_compiled_9044104d._.js:1742:36)
    at useTranslationsImpl (http://localhost:3000/_next/static/chunks/db2ad__pnpm_bc426aec._.js:4162:416)
    at useTranslations (http://localhost:3000/_next/static/chunks/db2ad__pnpm_bc426aec._.js:4201:12)
    at http://localhost:3000/_next/static/chunks/db2ad__pnpm_6cafc622._.js:70:20
    at DashboardPage (http://localhost:3000/_next/static/chunks/pi-cwd-20260601_admin-platform_d7a92737._.js:987:432)
    at Object.react_stack_bottom_frame (http://localhost:3000/_next/static/chunks/509c2_next_dist_compiled_react-dom_1698bfa6._.js:14826:24)
    at renderWithHooks (http://localhost:3000/_next/static/chunks/509c2_next_dist_compiled_react-dom_1698bfa6._.js:4651:24)
    at updateFunctionComponent (http://localhost:3000/_next/static/chunks/509c2_next_dist_compiled_react-dom_1698bfa6._.js:6112:21)
    at beginWork (http://localhost:3000/_next/static/chunks/509c2_next_dist_compiled_react-dom_1698bfa6._.js:6708:24)
    at runWithFiberInDEV (http://localhost:3000/_next/static/chunks/509c2_next_dist_compiled_react-dom_1698bfa6._.js:965:74)
    at performUnitOfWork (http://localhost:3000/_next/static/chunks/509c2_next_dist_compiled_react-dom_1698bfa6._.js:9562:97)
    at workLoopConcurrentByScheduler (http://localhost:3000/_next/static/chunks/509c2_next_dist_compiled_react-dom_1698bfa6._.js:9558:58)
    at renderRootConcurrent (http://localhost:3000/_next/static/chunks/509c2_next_dist_compiled_react-dom_1698bfa6._.js:9541:71)
    at performWorkOnRoot (http://localhost:3000/_next/static/chunks/509c2_next_dist_compiled_react-dom_1698bfa6._.js:9068:150)
    at performWorkOnRootViaSchedulerTask (http://localhost:3000/_next/static/chunks/509c2_next_dist_compiled_react-dom_1698bfa6._.js:10230:9)
    at MessagePort.performWorkUntilDeadline (http://localhost:3000/_next/static/chunks/509c2_next_dist_compiled_9044104d._.js:2647:64) @ http://localhost:3000/_next/static/chunks/509c2_next_dist_512df543._.js:3127
[ 2132905ms] [ERROR] IntlError: MISSING_MESSAGE: Could not resolve `modules.dashboard` in messages for locale `login`.
    at getMessagesOrError (http://localhost:3000/_next/static/chunks/db2ad__pnpm_bc426aec._.js:3637:27)
    at createBaseTranslator (http://localhost:3000/_next/static/chunks/db2ad__pnpm_bc426aec._.js:3642:29)
    at useTranslationsImpl.useMemo[translate] (http://localhost:3000/_next/static/chunks/db2ad__pnpm_bc426aec._.js:4163:378)
    at mountMemo (http://localhost:3000/_next/static/chunks/509c2_next_dist_compiled_react-dom_1698bfa6._.js:5424:25)
    at Object.useMemo (http://localhost:3000/_next/static/chunks/509c2_next_dist_compiled_react-dom_1698bfa6._.js:15003:24)
    at exports.useMemo (http://localhost:3000/_next/static/chunks/509c2_next_dist_compiled_9044104d._.js:1742:36)
    at useTranslationsImpl (http://localhost:3000/_next/static/chunks/db2ad__pnpm_bc426aec._.js:4162:416)
    at useTranslations (http://localhost:3000/_next/static/chunks/db2ad__pnpm_bc426aec._.js:4201:12)
    at http://localhost:3000/_next/static/chunks/db2ad__pnpm_6cafc622._.js:70:20
    at DashboardPage (http://localhost:3000/_next/static/chunks/pi-cwd-20260601_admin-platform_d7a92737._.js:987:432)
    at Object.react_stack_bottom_frame (http://localhost:3000/_next/static/chunks/509c2_next_dist_compiled_react-dom_1698bfa6._.js:14826:24)
    at renderWithHooks (http://localhost:3000/_next/static/chunks/509c2_next_dist_compiled_react-dom_1698bfa6._.js:4651:24)
    at updateFunctionComponent (http://localhost:3000/_next/static/chunks/509c2_next_dist_compiled_react-dom_1698bfa6._.js:6112:21)
    at beginWork (http://localhost:3000/_next/static/chunks/509c2_next_dist_compiled_react-dom_1698bfa6._.js:6708:24)
    at runWithFiberInDEV (http://localhost:3000/_next/static/chunks/509c2_next_dist_compiled_react-dom_1698bfa6._.js:965:74)
    at performUnitOfWork (http://localhost:3000/_next/static/chunks/509c2_next_dist_compiled_react-dom_1698bfa6._.js:9562:97)
    at workLoopConcurrentByScheduler (http://localhost:3000/_next/static/chunks/509c2_next_dist_compiled_react-dom_1698bfa6._.js:9558:58)
    at renderRootConcurrent (http://localhost:3000/_next/static/chunks/509c2_next_dist_compiled_react-dom_1698bfa6._.js:9541:71)
    at performWorkOnRoot (http://localhost:3000/_next/static/chunks/509c2_next_dist_compiled_react-dom_1698bfa6._.js:9068:150)
    at performWorkOnRootViaSchedulerTask (http://localhost:3000/_next/static/chunks/509c2_next_dist_compiled_react-dom_1698bfa6._.js:10230:9)
    at MessagePort.performWorkUntilDeadline (http://localhost:3000/_next/static/chunks/509c2_next_dist_compiled_9044104d._.js:2647:64) @ http://localhost:3000/_next/static/chunks/509c2_next_dist_512df543._.js:3127
[ 2132905ms] [ERROR] IntlError: MISSING_MESSAGE: Could not resolve `modules.dashboard` in messages for locale `login`.
    at getMessagesOrError (http://localhost:3000/_next/static/chunks/db2ad__pnpm_bc426aec._.js:3637:27)
    at createBaseTranslator (http://localhost:3000/_next/static/chunks/db2ad__pnpm_bc426aec._.js:3642:29)
    at useTranslationsImpl.useMemo[translate] (http://localhost:3000/_next/static/chunks/db2ad__pnpm_bc426aec._.js:4163:378)
    at mountMemo (http://localhost:3000/_next/static/chunks/509c2_next_dist_compiled_react-dom_1698bfa6._.js:5424:25)
    at Object.useMemo (http://localhost:3000/_next/static/chunks/509c2_next_dist_compiled_react-dom_1698bfa6._.js:15003:24)
    at exports.useMemo (http://localhost:3000/_next/static/chunks/509c2_next_dist_compiled_9044104d._.js:1742:36)
    at useTranslationsImpl (http://localhost:3000/_next/static/chunks/db2ad__pnpm_bc426aec._.js:4162:416)
    at useTranslations (http://localhost:3000/_next/static/chunks/db2ad__pnpm_bc426aec._.js:4201:12)
    at http://localhost:3000/_next/static/chunks/db2ad__pnpm_6cafc622._.js:70:20
    at DashboardPage (http://localhost:3000/_next/static/chunks/pi-cwd-20260601_admin-platform_d7a92737._.js:987:432)
    at Object.react_stack_bottom_frame (http://localhost:3000/_next/static/chunks/509c2_next_dist_compiled_react-dom_1698bfa6._.js:14826:24)
    at renderWithHooks (http://localhost:3000/_next/static/chunks/509c2_next_dist_compiled_react-dom_1698bfa6._.js:4651:24)
    at updateFunctionComponent (http://localhost:3000/_next/static/chunks/509c2_next_dist_compiled_react-dom_1698bfa6._.js:6112:21)
    at beginWork (http://localhost:3000/_next/static/chunks/509c2_next_dist_compiled_react-dom_1698bfa6._.js:6708:24)
    at runWithFiberInDEV (http://localhost:3000/_next/static/chunks/509c2_next_dist_compiled_react-dom_1698bfa6._.js:965:74)
    at performUnitOfWork (http://localhost:3000/_next/static/chunks/509c2_next_dist_compiled_react-dom_1698bfa6._.js:9562:97)
    at workLoopConcurrentByScheduler (http://localhost:3000/_next/static/chunks/509c2_next_dist_compiled_react-dom_1698bfa6._.js:9558:58)
    at renderRootConcurrent (http://localhost:3000/_next/static/chunks/509c2_next_dist_compiled_react-dom_1698bfa6._.js:9541:71)
    at performWorkOnRoot (http://localhost:3000/_next/static/chunks/509c2_next_dist_compiled_react-dom_1698bfa6._.js:9068:150)
    at performWorkOnRootViaSchedulerTask (http://localhost:3000/_next/static/chunks/509c2_next_dist_compiled_react-dom_1698bfa6._.js:10230:9)
    at MessagePort.performWorkUntilDeadline (http://localhost:3000/_next/static/chunks/509c2_next_dist_compiled_9044104d._.js:2647:64) @ http://localhost:3000/_next/static/chunks/509c2_next_dist_512df543._.js:3127
[ 2132905ms] [ERROR] IntlError: MISSING_MESSAGE: Could not resolve `modules.dashboard` in messages for locale `login`.
    at getMessagesOrError (http://localhost:3000/_next/static/chunks/db2ad__pnpm_bc426aec._.js:3637:27)
    at createBaseTranslator (http://localhost:3000/_next/static/chunks/db2ad__pnpm_bc426aec._.js:3642:29)
    at useTranslationsImpl.useMemo[translate] (http://localhost:3000/_next/static/chunks/db2ad__pnpm_bc426aec._.js:4163:378)
    at mountMemo (http://localhost:3000/_next/static/chunks/509c2_next_dist_compiled_react-dom_1698bfa6._.js:5424:25)
    at Object.useMemo (http://localhost:3000/_next/static/chunks/509c2_next_dist_compiled_react-dom_1698bfa6._.js:15003:24)
    at exports.useMemo (http://localhost:3000/_next/static/chunks/509c2_next_dist_compiled_9044104d._.js:1742:36)
    at useTranslationsImpl (http://localhost:3000/_next/static/chunks/db2ad__pnpm_bc426aec._.js:4162:416)
    at useTranslations (http://localhost:3000/_next/static/chunks/db2ad__pnpm_bc426aec._.js:4201:12)
    at http://localhost:3000/_next/static/chunks/db2ad__pnpm_6cafc622._.js:70:20
    at DashboardPage (http://localhost:3000/_next/static/chunks/pi-cwd-20260601_admin-platform_d7a92737._.js:987:432)
    at Object.react_stack_bottom_frame (http://localhost:3000/_next/static/chunks/509c2_next_dist_compiled_react-dom_1698bfa6._.js:14826:24)
    at renderWithHooks (http://localhost:3000/_next/static/chunks/509c2_next_dist_compiled_react-dom_1698bfa6._.js:4651:24)
    at updateFunctionComponent (http://localhost:3000/_next/static/chunks/509c2_next_dist_compiled_react-dom_1698bfa6._.js:6112:21)
    at beginWork (http://localhost:3000/_next/static/chunks/509c2_next_dist_compiled_react-dom_1698bfa6._.js:6708:24)
    at runWithFiberInDEV (http://localhost:3000/_next/static/chunks/509c2_next_dist_compiled_react-dom_1698bfa6._.js:965:74)
    at performUnitOfWork (http://localhost:3000/_next/static/chunks/509c2_next_dist_compiled_react-dom_1698bfa6._.js:9562:97)
    at workLoopConcurrentByScheduler (http://localhost:3000/_next/static/chunks/509c2_next_dist_compiled_react-dom_1698bfa6._.js:9558:58)
    at renderRootConcurrent (http://localhost:3000/_next/static/chunks/509c2_next_dist_compiled_react-dom_1698bfa6._.js:9541:71)
    at performWorkOnRoot (http://localhost:3000/_next/static/chunks/509c2_next_dist_compiled_react-dom_1698bfa6._.js:9068:150)
    at performWorkOnRootViaSchedulerTask (http://localhost:3000/_next/static/chunks/509c2_next_dist_compiled_react-dom_1698bfa6._.js:10230:9)
    at MessagePort.performWorkUntilDeadline (http://localhost:3000/_next/static/chunks/509c2_next_dist_compiled_9044104d._.js:2647:64) @ http://localhost:3000/_next/static/chunks/509c2_next_dist_512df543._.js:3127
[ 2132905ms] [ERROR] IntlError: MISSING_MESSAGE: Could not resolve `modules.dashboard` in messages for locale `login`.
    at getMessagesOrError (http://localhost:3000/_next/static/chunks/db2ad__pnpm_bc426aec._.js:3637:27)
    at createBaseTranslator (http://localhost:3000/_next/static/chunks/db2ad__pnpm_bc426aec._.js:3642:29)
    at useTranslationsImpl.useMemo[translate] (http://localhost:3000/_next/static/chunks/db2ad__pnpm_bc426aec._.js:4163:378)
    at mountMemo (http://localhost:3000/_next/static/chunks/509c2_next_dist_compiled_react-dom_1698bfa6._.js:5424:25)
    at Object.useMemo (http://localhost:3000/_next/static/chunks/509c2_next_dist_compiled_react-dom_1698bfa6._.js:15003:24)
    at exports.useMemo (http://localhost:3000/_next/static/chunks/509c2_next_dist_compiled_9044104d._.js:1742:36)
    at useTranslationsImpl (http://localhost:3000/_next/static/chunks/db2ad__pnpm_bc426aec._.js:4162:416)
    at useTranslations (http://localhost:3000/_next/static/chunks/db2ad__pnpm_bc426aec._.js:4201:12)
    at http://localhost:3000/_next/static/chunks/db2ad__pnpm_6cafc622._.js:70:20
    at DashboardPage (http://localhost:3000/_next/static/chunks/pi-cwd-20260601_admin-platform_d7a92737._.js:987:432)
    at Object.react_stack_bottom_frame (http://localhost:3000/_next/static/chunks/509c2_next_dist_compiled_react-dom_1698bfa6._.js:14826:24)
    at renderWithHooks (http://localhost:3000/_next/static/chunks/509c2_next_dist_compiled_react-dom_1698bfa6._.js:4651:24)
    at updateFunctionComponent (http://localhost:3000/_next/static/chunks/509c2_next_dist_compiled_react-dom_1698bfa6._.js:6112:21)
    at beginWork (http://localhost:3000/_next/static/chunks/509c2_next_dist_compiled_react-dom_1698bfa6._.js:6708:24)
    at runWithFiberInDEV (http://localhost:3000/_next/static/chunks/509c2_next_dist_compiled_react-dom_1698bfa6._.js:965:74)
    at performUnitOfWork (http://localhost:3000/_next/static/chunks/509c2_next_dist_compiled_react-dom_1698bfa6._.js:9562:97)
    at workLoopConcurrentByScheduler (http://localhost:3000/_next/static/chunks/509c2_next_dist_compiled_react-dom_1698bfa6._.js:9558:58)
    at renderRootConcurrent (http://localhost:3000/_next/static/chunks/509c2_next_dist_compiled_react-dom_1698bfa6._.js:9541:71)
    at performWorkOnRoot (http://localhost:3000/_next/static/chunks/509c2_next_dist_compiled_react-dom_1698bfa6._.js:9068:150)
    at performWorkOnRootViaSchedulerTask (http://localhost:3000/_next/static/chunks/509c2_next_dist_compiled_react-dom_1698bfa6._.js:10230:9)
    at MessagePort.performWorkUntilDeadline (http://localhost:3000/_next/static/chunks/509c2_next_dist_compiled_9044104d._.js:2647:64) @ http://localhost:3000/_next/static/chunks/509c2_next_dist_512df543._.js:3127
[ 2132906ms] [ERROR] IntlError: MISSING_MESSAGE: Could not resolve `modules.dashboard` in messages for locale `login`.
    at getMessagesOrError (http://localhost:3000/_next/static/chunks/db2ad__pnpm_bc426aec._.js:3637:27)
    at createBaseTranslator (http://localhost:3000/_next/static/chunks/db2ad__pnpm_bc426aec._.js:3642:29)
    at useTranslationsImpl.useMemo[translate] (http://localhost:3000/_next/static/chunks/db2ad__pnpm_bc426aec._.js:4163:378)
    at mountMemo (http://localhost:3000/_next/static/chunks/509c2_next_dist_compiled_react-dom_1698bfa6._.js:5424:25)
    at Object.useMemo (http://localhost:3000/_next/static/chunks/509c2_next_dist_compiled_react-dom_1698bfa6._.js:15003:24)
    at exports.useMemo (http://localhost:3000/_next/static/chunks/509c2_next_dist_compiled_9044104d._.js:1742:36)
    at useTranslationsImpl (http://localhost:3000/_next/static/chunks/db2ad__pnpm_bc426aec._.js:4162:416)
    at useTranslations (http://localhost:3000/_next/static/chunks/db2ad__pnpm_bc426aec._.js:4201:12)
    at http://localhost:3000/_next/static/chunks/db2ad__pnpm_6cafc622._.js:70:20
    at DashboardPage (http://localhost:3000/_next/static/chunks/pi-cwd-20260601_admin-platform_d7a92737._.js:987:432)
    at Object.react_stack_bottom_frame (http://localhost:3000/_next/static/chunks/509c2_next_dist_compiled_react-dom_1698bfa6._.js:14826:24)
    at renderWithHooks (http://localhost:3000/_next/static/chunks/509c2_next_dist_compiled_react-dom_1698bfa6._.js:4651:24)
    at updateFunctionComponent (http://localhost:3000/_next/static/chunks/509c2_next_dist_compiled_react-dom_1698bfa6._.js:6112:21)
    at beginWork (http://localhost:3000/_next/static/chunks/509c2_next_dist_compiled_react-dom_1698bfa6._.js:6708:24)
    at runWithFiberInDEV (http://localhost:3000/_next/static/chunks/509c2_next_dist_compiled_react-dom_1698bfa6._.js:965:74)
    at performUnitOfWork (http://localhost:3000/_next/static/chunks/509c2_next_dist_compiled_react-dom_1698bfa6._.js:9562:97)
    at workLoopConcurrentByScheduler (http://localhost:3000/_next/static/chunks/509c2_next_dist_compiled_react-dom_1698bfa6._.js:9558:58)
    at renderRootConcurrent (http://localhost:3000/_next/static/chunks/509c2_next_dist_compiled_react-dom_1698bfa6._.js:9541:71)
    at performWorkOnRoot (http://localhost:3000/_next/static/chunks/509c2_next_dist_compiled_react-dom_1698bfa6._.js:9068:150)
    at performWorkOnRootViaSchedulerTask (http://localhost:3000/_next/static/chunks/509c2_next_dist_compiled_react-dom_1698bfa6._.js:10230:9)
    at MessagePort.performWorkUntilDeadline (http://localhost:3000/_next/static/chunks/509c2_next_dist_compiled_9044104d._.js:2647:64) @ http://localhost:3000/_next/static/chunks/509c2_next_dist_512df543._.js:3127
[ 2132906ms] [ERROR] IntlError: MISSING_MESSAGE: Could not resolve `modules.dashboard` in messages for locale `login`.
    at getMessagesOrError (http://localhost:3000/_next/static/chunks/db2ad__pnpm_bc426aec._.js:3637:27)
    at createBaseTranslator (http://localhost:3000/_next/static/chunks/db2ad__pnpm_bc426aec._.js:3642:29)
    at useTranslationsImpl.useMemo[translate] (http://localhost:3000/_next/static/chunks/db2ad__pnpm_bc426aec._.js:4163:378)
    at mountMemo (http://localhost:3000/_next/static/chunks/509c2_next_dist_compiled_react-dom_1698bfa6._.js:5424:25)
    at Object.useMemo (http://localhost:3000/_next/static/chunks/509c2_next_dist_compiled_react-dom_1698bfa6._.js:15003:24)
    at exports.useMemo (http://localhost:3000/_next/static/chunks/509c2_next_dist_compiled_9044104d._.js:1742:36)
    at useTranslationsImpl (http://localhost:3000/_next/static/chunks/db2ad__pnpm_bc426aec._.js:4162:416)
    at useTranslations (http://localhost:3000/_next/static/chunks/db2ad__pnpm_bc426aec._.js:4201:12)
    at http://localhost:3000/_next/static/chunks/db2ad__pnpm_6cafc622._.js:70:20
    at DashboardPage (http://localhost:3000/_next/static/chunks/pi-cwd-20260601_admin-platform_d7a92737._.js:987:432)
    at Object.react_stack_bottom_frame (http://localhost:3000/_next/static/chunks/509c2_next_dist_compiled_react-dom_1698bfa6._.js:14826:24)
    at renderWithHooks (http://localhost:3000/_next/static/chunks/509c2_next_dist_compiled_react-dom_1698bfa6._.js:4651:24)
    at updateFunctionComponent (http://localhost:3000/_next/static/chunks/509c2_next_dist_compiled_react-dom_1698bfa6._.js:6112:21)
    at beginWork (http://localhost:3000/_next/static/chunks/509c2_next_dist_compiled_react-dom_1698bfa6._.js:6708:24)
    at runWithFiberInDEV (http://localhost:3000/_next/static/chunks/509c2_next_dist_compiled_react-dom_1698bfa6._.js:965:74)
    at performUnitOfWork (http://localhost:3000/_next/static/chunks/509c2_next_dist_compiled_react-dom_1698bfa6._.js:9562:97)
    at workLoopConcurrentByScheduler (http://localhost:3000/_next/static/chunks/509c2_next_dist_compiled_react-dom_1698bfa6._.js:9558:58)
    at renderRootConcurrent (http://localhost:3000/_next/static/chunks/509c2_next_dist_compiled_react-dom_1698bfa6._.js:9541:71)
    at performWorkOnRoot (http://localhost:3000/_next/static/chunks/509c2_next_dist_compiled_react-dom_1698bfa6._.js:9068:150)
    at performWorkOnRootViaSchedulerTask (http://localhost:3000/_next/static/chunks/509c2_next_dist_compiled_react-dom_1698bfa6._.js:10230:9)
    at MessagePort.performWorkUntilDeadline (http://localhost:3000/_next/static/chunks/509c2_next_dist_compiled_9044104d._.js:2647:64) @ http://localhost:3000/_next/static/chunks/509c2_next_dist_512df543._.js:3127
[ 2132906ms] [ERROR] IntlError: MISSING_MESSAGE: Could not resolve `modules.dashboard` in messages for locale `login`.
    at getMessagesOrError (http://localhost:3000/_next/static/chunks/db2ad__pnpm_bc426aec._.js:3637:27)
    at createBaseTranslator (http://localhost:3000/_next/static/chunks/db2ad__pnpm_bc426aec._.js:3642:29)
    at useTranslationsImpl.useMemo[translate] (http://localhost:3000/_next/static/chunks/db2ad__pnpm_bc426aec._.js:4163:378)
    at mountMemo (http://localhost:3000/_next/static/chunks/509c2_next_dist_compiled_react-dom_1698bfa6._.js:5424:25)
    at Object.useMemo (http://localhost:3000/_next/static/chunks/509c2_next_dist_compiled_react-dom_1698bfa6._.js:15003:24)
    at exports.useMemo (http://localhost:3000/_next/static/chunks/509c2_next_dist_compiled_9044104d._.js:1742:36)
    at useTranslationsImpl (http://localhost:3000/_next/static/chunks/db2ad__pnpm_bc426aec._.js:4162:416)
    at useTranslations (http://localhost:3000/_next/static/chunks/db2ad__pnpm_bc426aec._.js:4201:12)
    at http://localhost:3000/_next/static/chunks/db2ad__pnpm_6cafc622._.js:70:20
    at DashboardPage (http://localhost:3000/_next/static/chunks/pi-cwd-20260601_admin-platform_d7a92737._.js:987:432)
    at Object.react_stack_bottom_frame (http://localhost:3000/_next/static/chunks/509c2_next_dist_compiled_react-dom_1698bfa6._.js:14826:24)
    at renderWithHooks (http://localhost:3000/_next/static/chunks/509c2_next_dist_compiled_react-dom_1698bfa6._.js:4651:24)
    at updateFunctionComponent (http://localhost:3000/_next/static/chunks/509c2_next_dist_compiled_react-dom_1698bfa6._.js:6112:21)
    at beginWork (http://localhost:3000/_next/static/chunks/509c2_next_dist_compiled_react-dom_1698bfa6._.js:6708:24)
    at runWithFiberInDEV (http://localhost:3000/_next/static/chunks/509c2_next_dist_compiled_react-dom_1698bfa6._.js:965:74)
    at performUnitOfWork (http://localhost:3000/_next/static/chunks/509c2_next_dist_compiled_react-dom_1698bfa6._.js:9562:97)
    at workLoopConcurrentByScheduler (http://localhost:3000/_next/static/chunks/509c2_next_dist_compiled_react-dom_1698bfa6._.js:9558:58)
    at renderRootConcurrent (http://localhost:3000/_next/static/chunks/509c2_next_dist_compiled_react-dom_1698bfa6._.js:9541:71)
    at performWorkOnRoot (http://localhost:3000/_next/static/chunks/509c2_next_dist_compiled_react-dom_1698bfa6._.js:9068:150)
    at performWorkOnRootViaSchedulerTask (http://localhost:3000/_next/static/chunks/509c2_next_dist_compiled_react-dom_1698bfa6._.js:10230:9)
    at MessagePort.performWorkUntilDeadline (http://localhost:3000/_next/static/chunks/509c2_next_dist_compiled_9044104d._.js:2647:64) @ http://localhost:3000/_next/static/chunks/509c2_next_dist_512df543._.js:3127
[ 2132906ms] [ERROR] IntlError: MISSING_MESSAGE: Could not resolve `modules.dashboard` in messages for locale `login`.
    at getMessagesOrError (http://localhost:3000/_next/static/chunks/db2ad__pnpm_bc426aec._.js:3637:27)
    at createBaseTranslator (http://localhost:3000/_next/static/chunks/db2ad__pnpm_bc426aec._.js:3642:29)
    at useTranslationsImpl.useMemo[translate] (http://localhost:3000/_next/static/chunks/db2ad__pnpm_bc426aec._.js:4163:378)
    at mountMemo (http://localhost:3000/_next/static/chunks/509c2_next_dist_compiled_react-dom_1698bfa6._.js:5424:25)
    at Object.useMemo (http://localhost:3000/_next/static/chunks/509c2_next_dist_compiled_react-dom_1698bfa6._.js:15003:24)
    at exports.useMemo (http://localhost:3000/_next/static/chunks/509c2_next_dist_compiled_9044104d._.js:1742:36)
    at useTranslationsImpl (http://localhost:3000/_next/static/chunks/db2ad__pnpm_bc426aec._.js:4162:416)
    at useTranslations (http://localhost:3000/_next/static/chunks/db2ad__pnpm_bc426aec._.js:4201:12)
    at http://localhost:3000/_next/static/chunks/db2ad__pnpm_6cafc622._.js:70:20
    at DashboardPage (http://localhost:3000/_next/static/chunks/pi-cwd-20260601_admin-platform_d7a92737._.js:987:432)
    at Object.react_stack_bottom_frame (http://localhost:3000/_next/static/chunks/509c2_next_dist_compiled_react-dom_1698bfa6._.js:14826:24)
    at renderWithHooks (http://localhost:3000/_next/static/chunks/509c2_next_dist_compiled_react-dom_1698bfa6._.js:4651:24)
    at updateFunctionComponent (http://localhost:3000/_next/static/chunks/509c2_next_dist_compiled_react-dom_1698bfa6._.js:6112:21)
    at beginWork (http://localhost:3000/_next/static/chunks/509c2_next_dist_compiled_react-dom_1698bfa6._.js:6708:24)
    at runWithFiberInDEV (http://localhost:3000/_next/static/chunks/509c2_next_dist_compiled_react-dom_1698bfa6._.js:965:74)
    at performUnitOfWork (http://localhost:3000/_next/static/chunks/509c2_next_dist_compiled_react-dom_1698bfa6._.js:9562:97)
    at workLoopConcurrentByScheduler (http://localhost:3000/_next/static/chunks/509c2_next_dist_compiled_react-dom_1698bfa6._.js:9558:58)
    at renderRootConcurrent (http://localhost:3000/_next/static/chunks/509c2_next_dist_compiled_react-dom_1698bfa6._.js:9541:71)
    at performWorkOnRoot (http://localhost:3000/_next/static/chunks/509c2_next_dist_compiled_react-dom_1698bfa6._.js:9068:150)
    at performWorkOnRootViaSchedulerTask (http://localhost:3000/_next/static/chunks/509c2_next_dist_compiled_react-dom_1698bfa6._.js:10230:9)
    at MessagePort.performWorkUntilDeadline (http://localhost:3000/_next/static/chunks/509c2_next_dist_compiled_9044104d._.js:2647:64) @ http://localhost:3000/_next/static/chunks/509c2_next_dist_512df543._.js:3127
[ 2132907ms] [ERROR] IntlError: MISSING_MESSAGE: Could not resolve `modules.dashboard` in messages for locale `login`.
    at getMessagesOrError (http://localhost:3000/_next/static/chunks/db2ad__pnpm_bc426aec._.js:3637:27)
    at createBaseTranslator (http://localhost:3000/_next/static/chunks/db2ad__pnpm_bc426aec._.js:3642:29)
    at useTranslationsImpl.useMemo[translate] (http://localhost:3000/_next/static/chunks/db2ad__pnpm_bc426aec._.js:4163:378)
    at mountMemo (http://localhost:3000/_next/static/chunks/509c2_next_dist_compiled_react-dom_1698bfa6._.js:5424:25)
    at Object.useMemo (http://localhost:3000/_next/static/chunks/509c2_next_dist_compiled_react-dom_1698bfa6._.js:15003:24)
    at exports.useMemo (http://localhost:3000/_next/static/chunks/509c2_next_dist_compiled_9044104d._.js:1742:36)
    at useTranslationsImpl (http://localhost:3000/_next/static/chunks/db2ad__pnpm_bc426aec._.js:4162:416)
    at useTranslations (http://localhost:3000/_next/static/chunks/db2ad__pnpm_bc426aec._.js:4201:12)
    at http://localhost:3000/_next/static/chunks/db2ad__pnpm_6cafc622._.js:70:20
    at DashboardPage (http://localhost:3000/_next/static/chunks/pi-cwd-20260601_admin-platform_d7a92737._.js:987:432)
    at Object.react_stack_bottom_frame (http://localhost:3000/_next/static/chunks/509c2_next_dist_compiled_react-dom_1698bfa6._.js:14826:24)
    at renderWithHooks (http://localhost:3000/_next/static/chunks/509c2_next_dist_compiled_react-dom_1698bfa6._.js:4651:24)
    at updateFunctionComponent (http://localhost:3000/_next/static/chunks/509c2_next_dist_compiled_react-dom_1698bfa6._.js:6112:21)
    at beginWork (http://localhost:3000/_next/static/chunks/509c2_next_dist_compiled_react-dom_1698bfa6._.js:6708:24)
    at runWithFiberInDEV (http://localhost:3000/_next/static/chunks/509c2_next_dist_compiled_react-dom_1698bfa6._.js:965:74)
    at performUnitOfWork (http://localhost:3000/_next/static/chunks/509c2_next_dist_compiled_react-dom_1698bfa6._.js:9562:97)
    at workLoopConcurrentByScheduler (http://localhost:3000/_next/static/chunks/509c2_next_dist_compiled_react-dom_1698bfa6._.js:9558:58)
    at renderRootConcurrent (http://localhost:3000/_next/static/chunks/509c2_next_dist_compiled_react-dom_1698bfa6._.js:9541:71)
    at performWorkOnRoot (http://localhost:3000/_next/static/chunks/509c2_next_dist_compiled_react-dom_1698bfa6._.js:9068:150)
    at performWorkOnRootViaSchedulerTask (http://localhost:3000/_next/static/chunks/509c2_next_dist_compiled_react-dom_1698bfa6._.js:10230:9)
    at MessagePort.performWorkUntilDeadline (http://localhost:3000/_next/static/chunks/509c2_next_dist_compiled_9044104d._.js:2647:64) @ http://localhost:3000/_next/static/chunks/509c2_next_dist_512df543._.js:3127
[ 2132907ms] [ERROR] IntlError: MISSING_MESSAGE: Could not resolve `modules.dashboard` in messages for locale `login`.
    at getMessagesOrError (http://localhost:3000/_next/static/chunks/db2ad__pnpm_bc426aec._.js:3637:27)
    at createBaseTranslator (http://localhost:3000/_next/static/chunks/db2ad__pnpm_bc426aec._.js:3642:29)
    at useTranslationsImpl.useMemo[translate] (http://localhost:3000/_next/static/chunks/db2ad__pnpm_bc426aec._.js:4163:378)
    at mountMemo (http://localhost:3000/_next/static/chunks/509c2_next_dist_compiled_react-dom_1698bfa6._.js:5424:25)
    at Object.useMemo (http://localhost:3000/_next/static/chunks/509c2_next_dist_compiled_react-dom_1698bfa6._.js:15003:24)
    at exports.useMemo (http://localhost:3000/_next/static/chunks/509c2_next_dist_compiled_9044104d._.js:1742:36)
    at useTranslationsImpl (http://localhost:3000/_next/static/chunks/db2ad__pnpm_bc426aec._.js:4162:416)
    at useTranslations (http://localhost:3000/_next/static/chunks/db2ad__pnpm_bc426aec._.js:4201:12)
    at http://localhost:3000/_next/static/chunks/db2ad__pnpm_6cafc622._.js:70:20
    at DashboardPage (http://localhost:3000/_next/static/chunks/pi-cwd-20260601_admin-platform_d7a92737._.js:987:432)
    at Object.react_stack_bottom_frame (http://localhost:3000/_next/static/chunks/509c2_next_dist_compiled_react-dom_1698bfa6._.js:14826:24)
    at renderWithHooks (http://localhost:3000/_next/static/chunks/509c2_next_dist_compiled_react-dom_1698bfa6._.js:4651:24)
    at updateFunctionComponent (http://localhost:3000/_next/static/chunks/509c2_next_dist_compiled_react-dom_1698bfa6._.js:6112:21)
    at beginWork (http://localhost:3000/_next/static/chunks/509c2_next_dist_compiled_react-dom_1698bfa6._.js:6708:24)
    at runWithFiberInDEV (http://localhost:3000/_next/static/chunks/509c2_next_dist_compiled_react-dom_1698bfa6._.js:965:74)
    at performUnitOfWork (http://localhost:3000/_next/static/chunks/509c2_next_dist_compiled_react-dom_1698bfa6._.js:9562:97)
    at workLoopConcurrentByScheduler (http://localhost:3000/_next/static/chunks/509c2_next_dist_compiled_react-dom_1698bfa6._.js:9558:58)
    at renderRootConcurrent (http://localhost:3000/_next/static/chunks/509c2_next_dist_compiled_react-dom_1698bfa6._.js:9541:71)
    at performWorkOnRoot (http://localhost:3000/_next/static/chunks/509c2_next_dist_compiled_react-dom_1698bfa6._.js:9068:150)
    at performWorkOnRootViaSchedulerTask (http://localhost:3000/_next/static/chunks/509c2_next_dist_compiled_react-dom_1698bfa6._.js:10230:9)
    at MessagePort.performWorkUntilDeadline (http://localhost:3000/_next/static/chunks/509c2_next_dist_compiled_9044104d._.js:2647:64) @ http://localhost:3000/_next/static/chunks/509c2_next_dist_512df543._.js:3127
[ 2132907ms] [ERROR] IntlError: MISSING_MESSAGE: Could not resolve `modules.dashboard` in messages for locale `login`.
    at getMessagesOrError (http://localhost:3000/_next/static/chunks/db2ad__pnpm_bc426aec._.js:3637:27)
    at createBaseTranslator (http://localhost:3000/_next/static/chunks/db2ad__pnpm_bc426aec._.js:3642:29)
    at useTranslationsImpl.useMemo[translate] (http://localhost:3000/_next/static/chunks/db2ad__pnpm_bc426aec._.js:4163:378)
    at mountMemo (http://localhost:3000/_next/static/chunks/509c2_next_dist_compiled_react-dom_1698bfa6._.js:5424:25)
    at Object.useMemo (http://localhost:3000/_next/static/chunks/509c2_next_dist_compiled_react-dom_1698bfa6._.js:15003:24)
    at exports.useMemo (http://localhost:3000/_next/static/chunks/509c2_next_dist_compiled_9044104d._.js:1742:36)
    at useTranslationsImpl (http://localhost:3000/_next/static/chunks/db2ad__pnpm_bc426aec._.js:4162:416)
    at useTranslations (http://localhost:3000/_next/static/chunks/db2ad__pnpm_bc426aec._.js:4201:12)
    at http://localhost:3000/_next/static/chunks/db2ad__pnpm_6cafc622._.js:70:20
    at DashboardPage (http://localhost:3000/_next/static/chunks/pi-cwd-20260601_admin-platform_d7a92737._.js:987:432)
    at Object.react_stack_bottom_frame (http://localhost:3000/_next/static/chunks/509c2_next_dist_compiled_react-dom_1698bfa6._.js:14826:24)
    at renderWithHooks (http://localhost:3000/_next/static/chunks/509c2_next_dist_compiled_react-dom_1698bfa6._.js:4651:24)
    at updateFunctionComponent (http://localhost:3000/_next/static/chunks/509c2_next_dist_compiled_react-dom_1698bfa6._.js:6112:21)
    at beginWork (http://localhost:3000/_next/static/chunks/509c2_next_dist_compiled_react-dom_1698bfa6._.js:6708:24)
    at runWithFiberInDEV (http://localhost:3000/_next/static/chunks/509c2_next_dist_compiled_react-dom_1698bfa6._.js:965:74)
    at performUnitOfWork (http://localhost:3000/_next/static/chunks/509c2_next_dist_compiled_react-dom_1698bfa6._.js:9562:97)
    at workLoopConcurrentByScheduler (http://localhost:3000/_next/static/chunks/509c2_next_dist_compiled_react-dom_1698bfa6._.js:9558:58)
    at renderRootConcurrent (http://localhost:3000/_next/static/chunks/509c2_next_dist_compiled_react-dom_1698bfa6._.js:9541:71)
    at performWorkOnRoot (http://localhost:3000/_next/static/chunks/509c2_next_dist_compiled_react-dom_1698bfa6._.js:9068:150)
    at performWorkOnRootViaSchedulerTask (http://localhost:3000/_next/static/chunks/509c2_next_dist_compiled_react-dom_1698bfa6._.js:10230:9)
    at MessagePort.performWorkUntilDeadline (http://localhost:3000/_next/static/chunks/509c2_next_dist_compiled_9044104d._.js:2647:64) @ http://localhost:3000/_next/static/chunks/509c2_next_dist_512df543._.js:3127
[ 2132908ms] [ERROR] IntlError: MISSING_MESSAGE: Could not resolve `modules.dashboard` in messages for locale `login`.
    at getMessagesOrError (http://localhost:3000/_next/static/chunks/db2ad__pnpm_bc426aec._.js:3637:27)
    at createBaseTranslator (http://localhost:3000/_next/static/chunks/db2ad__pnpm_bc426aec._.js:3642:29)
    at useTranslationsImpl.useMemo[translate] (http://localhost:3000/_next/static/chunks/db2ad__pnpm_bc426aec._.js:4163:378)
    at mountMemo (http://localhost:3000/_next/static/chunks/509c2_next_dist_compiled_react-dom_1698bfa6._.js:5424:25)
    at Object.useMemo (http://localhost:3000/_next/static/chunks/509c2_next_dist_compiled_react-dom_1698bfa6._.js:15003:24)
    at exports.useMemo (http://localhost:3000/_next/static/chunks/509c2_next_dist_compiled_9044104d._.js:1742:36)
    at useTranslationsImpl (http://localhost:3000/_next/static/chunks/db2ad__pnpm_bc426aec._.js:4162:416)
    at useTranslations (http://localhost:3000/_next/static/chunks/db2ad__pnpm_bc426aec._.js:4201:12)
    at http://localhost:3000/_next/static/chunks/db2ad__pnpm_6cafc622._.js:70:20
    at DashboardPage (http://localhost:3000/_next/static/chunks/pi-cwd-20260601_admin-platform_d7a92737._.js:987:432)
    at Object.react_stack_bottom_frame (http://localhost:3000/_next/static/chunks/509c2_next_dist_compiled_react-dom_1698bfa6._.js:14826:24)
    at renderWithHooks (http://localhost:3000/_next/static/chunks/509c2_next_dist_compiled_react-dom_1698bfa6._.js:4651:24)
    at updateFunctionComponent (http://localhost:3000/_next/static/chunks/509c2_next_dist_compiled_react-dom_1698bfa6._.js:6112:21)
    at beginWork (http://localhost:3000/_next/static/chunks/509c2_next_dist_compiled_react-dom_1698bfa6._.js:6708:24)
    at runWithFiberInDEV (http://localhost:3000/_next/static/chunks/509c2_next_dist_compiled_react-dom_1698bfa6._.js:965:74)
    at performUnitOfWork (http://localhost:3000/_next/static/chunks/509c2_next_dist_compiled_react-dom_1698bfa6._.js:9562:97)
    at workLoopConcurrentByScheduler (http://localhost:3000/_next/static/chunks/509c2_next_dist_compiled_react-dom_1698bfa6._.js:9558:58)
    at renderRootConcurrent (http://localhost:3000/_next/static/chunks/509c2_next_dist_compiled_react-dom_1698bfa6._.js:9541:71)
    at performWorkOnRoot (http://localhost:3000/_next/static/chunks/509c2_next_dist_compiled_react-dom_1698bfa6._.js:9068:150)
    at performWorkOnRootViaSchedulerTask (http://localhost:3000/_next/static/chunks/509c2_next_dist_compiled_react-dom_1698bfa6._.js:10230:9)
    at MessagePort.performWorkUntilDeadline (http://localhost:3000/_next/static/chunks/509c2_next_dist_compiled_9044104d._.js:2647:64) @ http://localhost:3000/_next/static/chunks/509c2_next_dist_512df543._.js:3127
[ 2132908ms] [ERROR] IntlError: MISSING_MESSAGE: Could not resolve `modules.dashboard` in messages for locale `login`.
    at getMessagesOrError (http://localhost:3000/_next/static/chunks/db2ad__pnpm_bc426aec._.js:3637:27)
    at createBaseTranslator (http://localhost:3000/_next/static/chunks/db2ad__pnpm_bc426aec._.js:3642:29)
    at useTranslationsImpl.useMemo[translate] (http://localhost:3000/_next/static/chunks/db2ad__pnpm_bc426aec._.js:4163:378)
    at mountMemo (http://localhost:3000/_next/static/chunks/509c2_next_dist_compiled_react-dom_1698bfa6._.js:5424:25)
    at Object.useMemo (http://localhost:3000/_next/static/chunks/509c2_next_dist_compiled_react-dom_1698bfa6._.js:15003:24)
    at exports.useMemo (http://localhost:3000/_next/static/chunks/509c2_next_dist_compiled_9044104d._.js:1742:36)
    at useTranslationsImpl (http://localhost:3000/_next/static/chunks/db2ad__pnpm_bc426aec._.js:4162:416)
    at useTranslations (http://localhost:3000/_next/static/chunks/db2ad__pnpm_bc426aec._.js:4201:12)
    at http://localhost:3000/_next/static/chunks/db2ad__pnpm_6cafc622._.js:70:20
    at DashboardPage (http://localhost:3000/_next/static/chunks/pi-cwd-20260601_admin-platform_d7a92737._.js:987:432)
    at Object.react_stack_bottom_frame (http://localhost:3000/_next/static/chunks/509c2_next_dist_compiled_react-dom_1698bfa6._.js:14826:24)
    at renderWithHooks (http://localhost:3000/_next/static/chunks/509c2_next_dist_compiled_react-dom_1698bfa6._.js:4651:24)
    at updateFunctionComponent (http://localhost:3000/_next/static/chunks/509c2_next_dist_compiled_react-dom_1698bfa6._.js:6112:21)
    at beginWork (http://localhost:3000/_next/static/chunks/509c2_next_dist_compiled_react-dom_1698bfa6._.js:6708:24)
    at runWithFiberInDEV (http://localhost:3000/_next/static/chunks/509c2_next_dist_compiled_react-dom_1698bfa6._.js:965:74)
    at performUnitOfWork (http://localhost:3000/_next/static/chunks/509c2_next_dist_compiled_react-dom_1698bfa6._.js:9562:97)
    at workLoopConcurrentByScheduler (http://localhost:3000/_next/static/chunks/509c2_next_dist_compiled_react-dom_1698bfa6._.js:9558:58)
    at renderRootConcurrent (http://localhost:3000/_next/static/chunks/509c2_next_dist_compiled_react-dom_1698bfa6._.js:9541:71)
    at performWorkOnRoot (http://localhost:3000/_next/static/chunks/509c2_next_dist_compiled_react-dom_1698bfa6._.js:9068:150)
    at performWorkOnRootViaSchedulerTask (http://localhost:3000/_next/static/chunks/509c2_next_dist_compiled_react-dom_1698bfa6._.js:10230:9)
    at MessagePort.performWorkUntilDeadline (http://localhost:3000/_next/static/chunks/509c2_next_dist_compiled_9044104d._.js:2647:64) @ http://localhost:3000/_next/static/chunks/509c2_next_dist_512df543._.js:3127
[ 2132909ms] [ERROR] IntlError: MISSING_MESSAGE: Could not resolve `modules.dashboard` in messages for locale `login`.
    at getMessagesOrError (http://localhost:3000/_next/static/chunks/db2ad__pnpm_bc426aec._.js:3637:27)
    at createBaseTranslator (http://localhost:3000/_next/static/chunks/db2ad__pnpm_bc426aec._.js:3642:29)
    at useTranslationsImpl.useMemo[translate] (http://localhost:3000/_next/static/chunks/db2ad__pnpm_bc426aec._.js:4163:378)
    at mountMemo (http://localhost:3000/_next/static/chunks/509c2_next_dist_compiled_react-dom_1698bfa6._.js:5424:25)
    at Object.useMemo (http://localhost:3000/_next/static/chunks/509c2_next_dist_compiled_react-dom_1698bfa6._.js:15003:24)
    at exports.useMemo (http://localhost:3000/_next/static/chunks/509c2_next_dist_compiled_9044104d._.js:1742:36)
    at useTranslationsImpl (http://localhost:3000/_next/static/chunks/db2ad__pnpm_bc426aec._.js:4162:416)
    at useTranslations (http://localhost:3000/_next/static/chunks/db2ad__pnpm_bc426aec._.js:4201:12)
    at http://localhost:3000/_next/static/chunks/db2ad__pnpm_6cafc622._.js:70:20
    at DashboardPage (http://localhost:3000/_next/static/chunks/pi-cwd-20260601_admin-platform_d7a92737._.js:987:432)
    at Object.react_stack_bottom_frame (http://localhost:3000/_next/static/chunks/509c2_next_dist_compiled_react-dom_1698bfa6._.js:14826:24)
    at renderWithHooks (http://localhost:3000/_next/static/chunks/509c2_next_dist_compiled_react-dom_1698bfa6._.js:4651:24)
    at updateFunctionComponent (http://localhost:3000/_next/static/chunks/509c2_next_dist_compiled_react-dom_1698bfa6._.js:6112:21)
    at beginWork (http://localhost:3000/_next/static/chunks/509c2_next_dist_compiled_react-dom_1698bfa6._.js:6708:24)
    at runWithFiberInDEV (http://localhost:3000/_next/static/chunks/509c2_next_dist_compiled_react-dom_1698bfa6._.js:965:74)
    at performUnitOfWork (http://localhost:3000/_next/static/chunks/509c2_next_dist_compiled_react-dom_1698bfa6._.js:9562:97)
    at workLoopConcurrentByScheduler (http://localhost:3000/_next/static/chunks/509c2_next_dist_compiled_react-dom_1698bfa6._.js:9558:58)
    at renderRootConcurrent (http://localhost:3000/_next/static/chunks/509c2_next_dist_compiled_react-dom_1698bfa6._.js:9541:71)
    at performWorkOnRoot (http://localhost:3000/_next/static/chunks/509c2_next_dist_compiled_react-dom_1698bfa6._.js:9068:150)
    at performWorkOnRootViaSchedulerTask (http://localhost:3000/_next/static/chunks/509c2_next_dist_compiled_react-dom_1698bfa6._.js:10230:9)
    at MessagePort.performWorkUntilDeadline (http://localhost:3000/_next/static/chunks/509c2_next_dist_compiled_9044104d._.js:2647:64) @ http://localhost:3000/_next/static/chunks/509c2_next_dist_512df543._.js:3127
[ 2132909ms] [ERROR] IntlError: MISSING_MESSAGE: Could not resolve `modules.dashboard` in messages for locale `login`.
    at getMessagesOrError (http://localhost:3000/_next/static/chunks/db2ad__pnpm_bc426aec._.js:3637:27)
    at createBaseTranslator (http://localhost:3000/_next/static/chunks/db2ad__pnpm_bc426aec._.js:3642:29)
    at useTranslationsImpl.useMemo[translate] (http://localhost:3000/_next/static/chunks/db2ad__pnpm_bc426aec._.js:4163:378)
    at mountMemo (http://localhost:3000/_next/static/chunks/509c2_next_dist_compiled_react-dom_1698bfa6._.js:5424:25)
    at Object.useMemo (http://localhost:3000/_next/static/chunks/509c2_next_dist_compiled_react-dom_1698bfa6._.js:15003:24)
    at exports.useMemo (http://localhost:3000/_next/static/chunks/509c2_next_dist_compiled_9044104d._.js:1742:36)
    at useTranslationsImpl (http://localhost:3000/_next/static/chunks/db2ad__pnpm_bc426aec._.js:4162:416)
    at useTranslations (http://localhost:3000/_next/static/chunks/db2ad__pnpm_bc426aec._.js:4201:12)
    at http://localhost:3000/_next/static/chunks/db2ad__pnpm_6cafc622._.js:70:20
    at DashboardPage (http://localhost:3000/_next/static/chunks/pi-cwd-20260601_admin-platform_d7a92737._.js:987:432)
    at Object.react_stack_bottom_frame (http://localhost:3000/_next/static/chunks/509c2_next_dist_compiled_react-dom_1698bfa6._.js:14826:24)
    at renderWithHooks (http://localhost:3000/_next/static/chunks/509c2_next_dist_compiled_react-dom_1698bfa6._.js:4651:24)
    at updateFunctionComponent (http://localhost:3000/_next/static/chunks/509c2_next_dist_compiled_react-dom_1698bfa6._.js:6112:21)
    at beginWork (http://localhost:3000/_next/static/chunks/509c2_next_dist_compiled_react-dom_1698bfa6._.js:6708:24)
    at runWithFiberInDEV (http://localhost:3000/_next/static/chunks/509c2_next_dist_compiled_react-dom_1698bfa6._.js:965:74)
    at performUnitOfWork (http://localhost:3000/_next/static/chunks/509c2_next_dist_compiled_react-dom_1698bfa6._.js:9562:97)
    at workLoopConcurrentByScheduler (http://localhost:3000/_next/static/chunks/509c2_next_dist_compiled_react-dom_1698bfa6._.js:9558:58)
    at renderRootConcurrent (http://localhost:3000/_next/static/chunks/509c2_next_dist_compiled_react-dom_1698bfa6._.js:9541:71)
    at performWorkOnRoot (http://localhost:3000/_next/static/chunks/509c2_next_dist_compiled_react-dom_1698bfa6._.js:9068:150)
    at performWorkOnRootViaSchedulerTask (http://localhost:3000/_next/static/chunks/509c2_next_dist_compiled_react-dom_1698bfa6._.js:10230:9)
    at MessagePort.performWorkUntilDeadline (http://localhost:3000/_next/static/chunks/509c2_next_dist_compiled_9044104d._.js:2647:64) @ http://localhost:3000/_next/static/chunks/509c2_next_dist_512df543._.js:3127
[ 2132909ms] [ERROR] IntlError: MISSING_MESSAGE: Could not resolve `modules.dashboard` in messages for locale `login`.
    at getMessagesOrError (http://localhost:3000/_next/static/chunks/db2ad__pnpm_bc426aec._.js:3637:27)
    at createBaseTranslator (http://localhost:3000/_next/static/chunks/db2ad__pnpm_bc426aec._.js:3642:29)
    at useTranslationsImpl.useMemo[translate] (http://localhost:3000/_next/static/chunks/db2ad__pnpm_bc426aec._.js:4163:378)
    at mountMemo (http://localhost:3000/_next/static/chunks/509c2_next_dist_compiled_react-dom_1698bfa6._.js:5424:25)
    at Object.useMemo (http://localhost:3000/_next/static/chunks/509c2_next_dist_compiled_react-dom_1698bfa6._.js:15003:24)
    at exports.useMemo (http://localhost:3000/_next/static/chunks/509c2_next_dist_compiled_9044104d._.js:1742:36)
    at useTranslationsImpl (http://localhost:3000/_next/static/chunks/db2ad__pnpm_bc426aec._.js:4162:416)
    at useTranslations (http://localhost:3000/_next/static/chunks/db2ad__pnpm_bc426aec._.js:4201:12)
    at http://localhost:3000/_next/static/chunks/db2ad__pnpm_6cafc622._.js:70:20
    at DashboardPage (http://localhost:3000/_next/static/chunks/pi-cwd-20260601_admin-platform_d7a92737._.js:987:432)
    at Object.react_stack_bottom_frame (http://localhost:3000/_next/static/chunks/509c2_next_dist_compiled_react-dom_1698bfa6._.js:14826:24)
    at renderWithHooks (http://localhost:3000/_next/static/chunks/509c2_next_dist_compiled_react-dom_1698bfa6._.js:4651:24)
    at updateFunctionComponent (http://localhost:3000/_next/static/chunks/509c2_next_dist_compiled_react-dom_1698bfa6._.js:6112:21)
    at beginWork (http://localhost:3000/_next/static/chunks/509c2_next_dist_compiled_react-dom_1698bfa6._.js:6708:24)
    at runWithFiberInDEV (http://localhost:3000/_next/static/chunks/509c2_next_dist_compiled_react-dom_1698bfa6._.js:965:74)
    at performUnitOfWork (http://localhost:3000/_next/static/chunks/509c2_next_dist_compiled_react-dom_1698bfa6._.js:9562:97)
    at workLoopConcurrentByScheduler (http://localhost:3000/_next/static/chunks/509c2_next_dist_compiled_react-dom_1698bfa6._.js:9558:58)
    at renderRootConcurrent (http://localhost:3000/_next/static/chunks/509c2_next_dist_compiled_react-dom_1698bfa6._.js:9541:71)
    at performWorkOnRoot (http://localhost:3000/_next/static/chunks/509c2_next_dist_compiled_react-dom_1698bfa6._.js:9068:150)
    at performWorkOnRootViaSchedulerTask (http://localhost:3000/_next/static/chunks/509c2_next_dist_compiled_react-dom_1698bfa6._.js:10230:9)
    at MessagePort.performWorkUntilDeadline (http://localhost:3000/_next/static/chunks/509c2_next_dist_compiled_9044104d._.js:2647:64) @ http://localhost:3000/_next/static/chunks/509c2_next_dist_512df543._.js:3127
[ 2132909ms] [ERROR] IntlError: MISSING_MESSAGE: Could not resolve `modules.dashboard` in messages for locale `login`.
    at getMessagesOrError (http://localhost:3000/_next/static/chunks/db2ad__pnpm_bc426aec._.js:3637:27)
    at createBaseTranslator (http://localhost:3000/_next/static/chunks/db2ad__pnpm_bc426aec._.js:3642:29)
    at useTranslationsImpl.useMemo[translate] (http://localhost:3000/_next/static/chunks/db2ad__pnpm_bc426aec._.js:4163:378)
    at mountMemo (http://localhost:3000/_next/static/chunks/509c2_next_dist_compiled_react-dom_1698bfa6._.js:5424:25)
    at Object.useMemo (http://localhost:3000/_next/static/chunks/509c2_next_dist_compiled_react-dom_1698bfa6._.js:15003:24)
    at exports.useMemo (http://localhost:3000/_next/static/chunks/509c2_next_dist_compiled_9044104d._.js:1742:36)
    at useTranslationsImpl (http://localhost:3000/_next/static/chunks/db2ad__pnpm_bc426aec._.js:4162:416)
    at useTranslations (http://localhost:3000/_next/static/chunks/db2ad__pnpm_bc426aec._.js:4201:12)
    at http://localhost:3000/_next/static/chunks/db2ad__pnpm_6cafc622._.js:70:20
    at DashboardPage (http://localhost:3000/_next/static/chunks/pi-cwd-20260601_admin-platform_d7a92737._.js:987:432)
    at Object.react_stack_bottom_frame (http://localhost:3000/_next/static/chunks/509c2_next_dist_compiled_react-dom_1698bfa6._.js:14826:24)
    at renderWithHooks (http://localhost:3000/_next/static/chunks/509c2_next_dist_compiled_react-dom_1698bfa6._.js:4651:24)
    at updateFunctionComponent (http://localhost:3000/_next/static/chunks/509c2_next_dist_compiled_react-dom_1698bfa6._.js:6112:21)
    at beginWork (http://localhost:3000/_next/static/chunks/509c2_next_dist_compiled_react-dom_1698bfa6._.js:6708:24)
    at runWithFiberInDEV (http://localhost:3000/_next/static/chunks/509c2_next_dist_compiled_react-dom_1698bfa6._.js:965:74)
    at performUnitOfWork (http://localhost:3000/_next/static/chunks/509c2_next_dist_compiled_react-dom_1698bfa6._.js:9562:97)
    at workLoopConcurrentByScheduler (http://localhost:3000/_next/static/chunks/509c2_next_dist_compiled_react-dom_1698bfa6._.js:9558:58)
    at renderRootConcurrent (http://localhost:3000/_next/static/chunks/509c2_next_dist_compiled_react-dom_1698bfa6._.js:9541:71)
    at performWorkOnRoot (http://localhost:3000/_next/static/chunks/509c2_next_dist_compiled_react-dom_1698bfa6._.js:9068:150)
    at performWorkOnRootViaSchedulerTask (http://localhost:3000/_next/static/chunks/509c2_next_dist_compiled_react-dom_1698bfa6._.js:10230:9)
    at MessagePort.performWorkUntilDeadline (http://localhost:3000/_next/static/chunks/509c2_next_dist_compiled_9044104d._.js:2647:64) @ http://localhost:3000/_next/static/chunks/509c2_next_dist_512df543._.js:3127
[ 2132909ms] [ERROR] IntlError: MISSING_MESSAGE: Could not resolve `modules.dashboard` in messages for locale `login`.
    at getMessagesOrError (http://localhost:3000/_next/static/chunks/db2ad__pnpm_bc426aec._.js:3637:27)
    at createBaseTranslator (http://localhost:3000/_next/static/chunks/db2ad__pnpm_bc426aec._.js:3642:29)
    at useTranslationsImpl.useMemo[translate] (http://localhost:3000/_next/static/chunks/db2ad__pnpm_bc426aec._.js:4163:378)
    at mountMemo (http://localhost:3000/_next/static/chunks/509c2_next_dist_compiled_react-dom_1698bfa6._.js:5424:25)
    at Object.useMemo (http://localhost:3000/_next/static/chunks/509c2_next_dist_compiled_react-dom_1698bfa6._.js:15003:24)
    at exports.useMemo (http://localhost:3000/_next/static/chunks/509c2_next_dist_compiled_9044104d._.js:1742:36)
    at useTranslationsImpl (http://localhost:3000/_next/static/chunks/db2ad__pnpm_bc426aec._.js:4162:416)
    at useTranslations (http://localhost:3000/_next/static/chunks/db2ad__pnpm_bc426aec._.js:4201:12)
    at http://localhost:3000/_next/static/chunks/db2ad__pnpm_6cafc622._.js:70:20
    at DashboardPage (http://localhost:3000/_next/static/chunks/pi-cwd-20260601_admin-platform_d7a92737._.js:987:432)
    at Object.react_stack_bottom_frame (http://localhost:3000/_next/static/chunks/509c2_next_dist_compiled_react-dom_1698bfa6._.js:14826:24)
    at renderWithHooks (http://localhost:3000/_next/static/chunks/509c2_next_dist_compiled_react-dom_1698bfa6._.js:4651:24)
    at updateFunctionComponent (http://localhost:3000/_next/static/chunks/509c2_next_dist_compiled_react-dom_1698bfa6._.js:6112:21)
    at beginWork (http://localhost:3000/_next/static/chunks/509c2_next_dist_compiled_react-dom_1698bfa6._.js:6708:24)
    at runWithFiberInDEV (http://localhost:3000/_next/static/chunks/509c2_next_dist_compiled_react-dom_1698bfa6._.js:965:74)
    at performUnitOfWork (http://localhost:3000/_next/static/chunks/509c2_next_dist_compiled_react-dom_1698bfa6._.js:9562:97)
    at workLoopConcurrentByScheduler (http://localhost:3000/_next/static/chunks/509c2_next_dist_compiled_react-dom_1698bfa6._.js:9558:58)
    at renderRootConcurrent (http://localhost:3000/_next/static/chunks/509c2_next_dist_compiled_react-dom_1698bfa6._.js:9541:71)
    at performWorkOnRoot (http://localhost:3000/_next/static/chunks/509c2_next_dist_compiled_react-dom_1698bfa6._.js:9068:150)
    at performWorkOnRootViaSchedulerTask (http://localhost:3000/_next/static/chunks/509c2_next_dist_compiled_react-dom_1698bfa6._.js:10230:9)
    at MessagePort.performWorkUntilDeadline (http://localhost:3000/_next/static/chunks/509c2_next_dist_compiled_9044104d._.js:2647:64) @ http://localhost:3000/_next/static/chunks/509c2_next_dist_512df543._.js:3127
[ 2132910ms] [ERROR] IntlError: MISSING_MESSAGE: Could not resolve `modules.dashboard` in messages for locale `login`.
    at getMessagesOrError (http://localhost:3000/_next/static/chunks/db2ad__pnpm_bc426aec._.js:3637:27)
    at createBaseTranslator (http://localhost:3000/_next/static/chunks/db2ad__pnpm_bc426aec._.js:3642:29)
    at useTranslationsImpl.useMemo[translate] (http://localhost:3000/_next/static/chunks/db2ad__pnpm_bc426aec._.js:4163:378)
    at mountMemo (http://localhost:3000/_next/static/chunks/509c2_next_dist_compiled_react-dom_1698bfa6._.js:5424:25)
    at Object.useMemo (http://localhost:3000/_next/static/chunks/509c2_next_dist_compiled_react-dom_1698bfa6._.js:15003:24)
    at exports.useMemo (http://localhost:3000/_next/static/chunks/509c2_next_dist_compiled_9044104d._.js:1742:36)
    at useTranslationsImpl (http://localhost:3000/_next/static/chunks/db2ad__pnpm_bc426aec._.js:4162:416)
    at useTranslations (http://localhost:3000/_next/static/chunks/db2ad__pnpm_bc426aec._.js:4201:12)
    at http://localhost:3000/_next/static/chunks/db2ad__pnpm_6cafc622._.js:70:20
    at DashboardPage (http://localhost:3000/_next/static/chunks/pi-cwd-20260601_admin-platform_d7a92737._.js:987:432)
    at Object.react_stack_bottom_frame (http://localhost:3000/_next/static/chunks/509c2_next_dist_compiled_react-dom_1698bfa6._.js:14826:24)
    at renderWithHooks (http://localhost:3000/_next/static/chunks/509c2_next_dist_compiled_react-dom_1698bfa6._.js:4651:24)
    at updateFunctionComponent (http://localhost:3000/_next/static/chunks/509c2_next_dist_compiled_react-dom_1698bfa6._.js:6112:21)
    at beginWork (http://localhost:3000/_next/static/chunks/509c2_next_dist_compiled_react-dom_1698bfa6._.js:6708:24)
    at runWithFiberInDEV (http://localhost:3000/_next/static/chunks/509c2_next_dist_compiled_react-dom_1698bfa6._.js:965:74)
    at performUnitOfWork (http://localhost:3000/_next/static/chunks/509c2_next_dist_compiled_react-dom_1698bfa6._.js:9562:97)
    at workLoopConcurrentByScheduler (http://localhost:3000/_next/static/chunks/509c2_next_dist_compiled_react-dom_1698bfa6._.js:9558:58)
    at renderRootConcurrent (http://localhost:3000/_next/static/chunks/509c2_next_dist_compiled_react-dom_1698bfa6._.js:9541:71)
    at performWorkOnRoot (http://localhost:3000/_next/static/chunks/509c2_next_dist_compiled_react-dom_1698bfa6._.js:9068:150)
    at performWorkOnRootViaSchedulerTask (http://localhost:3000/_next/static/chunks/509c2_next_dist_compiled_react-dom_1698bfa6._.js:10230:9)
    at MessagePort.performWorkUntilDeadline (http://localhost:3000/_next/static/chunks/509c2_next_dist_compiled_9044104d._.js:2647:64) @ http://localhost:3000/_next/static/chunks/509c2_next_dist_512df543._.js:3127
[ 2132910ms] [ERROR] IntlError: MISSING_MESSAGE: Could not resolve `modules.dashboard` in messages for locale `login`.
    at getMessagesOrError (http://localhost:3000/_next/static/chunks/db2ad__pnpm_bc426aec._.js:3637:27)
    at createBaseTranslator (http://localhost:3000/_next/static/chunks/db2ad__pnpm_bc426aec._.js:3642:29)
    at useTranslationsImpl.useMemo[translate] (http://localhost:3000/_next/static/chunks/db2ad__pnpm_bc426aec._.js:4163:378)
    at mountMemo (http://localhost:3000/_next/static/chunks/509c2_next_dist_compiled_react-dom_1698bfa6._.js:5424:25)
    at Object.useMemo (http://localhost:3000/_next/static/chunks/509c2_next_dist_compiled_react-dom_1698bfa6._.js:15003:24)
    at exports.useMemo (http://localhost:3000/_next/static/chunks/509c2_next_dist_compiled_9044104d._.js:1742:36)
    at useTranslationsImpl (http://localhost:3000/_next/static/chunks/db2ad__pnpm_bc426aec._.js:4162:416)
    at useTranslations (http://localhost:3000/_next/static/chunks/db2ad__pnpm_bc426aec._.js:4201:12)
    at http://localhost:3000/_next/static/chunks/db2ad__pnpm_6cafc622._.js:70:20
    at DashboardPage (http://localhost:3000/_next/static/chunks/pi-cwd-20260601_admin-platform_d7a92737._.js:987:432)
    at Object.react_stack_bottom_frame (http://localhost:3000/_next/static/chunks/509c2_next_dist_compiled_react-dom_1698bfa6._.js:14826:24)
    at renderWithHooks (http://localhost:3000/_next/static/chunks/509c2_next_dist_compiled_react-dom_1698bfa6._.js:4651:24)
    at updateFunctionComponent (http://localhost:3000/_next/static/chunks/509c2_next_dist_compiled_react-dom_1698bfa6._.js:6112:21)
    at beginWork (http://localhost:3000/_next/static/chunks/509c2_next_dist_compiled_react-dom_1698bfa6._.js:6708:24)
    at runWithFiberInDEV (http://localhost:3000/_next/static/chunks/509c2_next_dist_compiled_react-dom_1698bfa6._.js:965:74)
    at performUnitOfWork (http://localhost:3000/_next/static/chunks/509c2_next_dist_compiled_react-dom_1698bfa6._.js:9562:97)
    at workLoopConcurrentByScheduler (http://localhost:3000/_next/static/chunks/509c2_next_dist_compiled_react-dom_1698bfa6._.js:9558:58)
    at renderRootConcurrent (http://localhost:3000/_next/static/chunks/509c2_next_dist_compiled_react-dom_1698bfa6._.js:9541:71)
    at performWorkOnRoot (http://localhost:3000/_next/static/chunks/509c2_next_dist_compiled_react-dom_1698bfa6._.js:9068:150)
    at performWorkOnRootViaSchedulerTask (http://localhost:3000/_next/static/chunks/509c2_next_dist_compiled_react-dom_1698bfa6._.js:10230:9)
    at MessagePort.performWorkUntilDeadline (http://localhost:3000/_next/static/chunks/509c2_next_dist_compiled_9044104d._.js:2647:64) @ http://localhost:3000/_next/static/chunks/509c2_next_dist_512df543._.js:3127
[ 2132910ms] [ERROR] IntlError: MISSING_MESSAGE: Could not resolve `modules.dashboard` in messages for locale `login`.
    at getMessagesOrError (http://localhost:3000/_next/static/chunks/db2ad__pnpm_bc426aec._.js:3637:27)
    at createBaseTranslator (http://localhost:3000/_next/static/chunks/db2ad__pnpm_bc426aec._.js:3642:29)
    at useTranslationsImpl.useMemo[translate] (http://localhost:3000/_next/static/chunks/db2ad__pnpm_bc426aec._.js:4163:378)
    at mountMemo (http://localhost:3000/_next/static/chunks/509c2_next_dist_compiled_react-dom_1698bfa6._.js:5424:25)
    at Object.useMemo (http://localhost:3000/_next/static/chunks/509c2_next_dist_compiled_react-dom_1698bfa6._.js:15003:24)
    at exports.useMemo (http://localhost:3000/_next/static/chunks/509c2_next_dist_compiled_9044104d._.js:1742:36)
    at useTranslationsImpl (http://localhost:3000/_next/static/chunks/db2ad__pnpm_bc426aec._.js:4162:416)
    at useTranslations (http://localhost:3000/_next/static/chunks/db2ad__pnpm_bc426aec._.js:4201:12)
    at http://localhost:3000/_next/static/chunks/db2ad__pnpm_6cafc622._.js:70:20
    at DashboardPage (http://localhost:3000/_next/static/chunks/pi-cwd-20260601_admin-platform_d7a92737._.js:987:432)
    at Object.react_stack_bottom_frame (http://localhost:3000/_next/static/chunks/509c2_next_dist_compiled_react-dom_1698bfa6._.js:14826:24)
    at renderWithHooks (http://localhost:3000/_next/static/chunks/509c2_next_dist_compiled_react-dom_1698bfa6._.js:4651:24)
    at updateFunctionComponent (http://localhost:3000/_next/static/chunks/509c2_next_dist_compiled_react-dom_1698bfa6._.js:6112:21)
    at beginWork (http://localhost:3000/_next/static/chunks/509c2_next_dist_compiled_react-dom_1698bfa6._.js:6708:24)
    at runWithFiberInDEV (http://localhost:3000/_next/static/chunks/509c2_next_dist_compiled_react-dom_1698bfa6._.js:965:74)
    at performUnitOfWork (http://localhost:3000/_next/static/chunks/509c2_next_dist_compiled_react-dom_1698bfa6._.js:9562:97)
    at workLoopConcurrentByScheduler (http://localhost:3000/_next/static/chunks/509c2_next_dist_compiled_react-dom_1698bfa6._.js:9558:58)
    at renderRootConcurrent (http://localhost:3000/_next/static/chunks/509c2_next_dist_compiled_react-dom_1698bfa6._.js:9541:71)
    at performWorkOnRoot (http://localhost:3000/_next/static/chunks/509c2_next_dist_compiled_react-dom_1698bfa6._.js:9068:150)
    at performWorkOnRootViaSchedulerTask (http://localhost:3000/_next/static/chunks/509c2_next_dist_compiled_react-dom_1698bfa6._.js:10230:9)
    at MessagePort.performWorkUntilDeadline (http://localhost:3000/_next/static/chunks/509c2_next_dist_compiled_9044104d._.js:2647:64) @ http://localhost:3000/_next/static/chunks/509c2_next_dist_512df543._.js:3127
[ 2132910ms] [ERROR] IntlError: MISSING_MESSAGE: Could not resolve `modules.dashboard` in messages for locale `login`.
    at getMessagesOrError (http://localhost:3000/_next/static/chunks/db2ad__pnpm_bc426aec._.js:3637:27)
    at createBaseTranslator (http://localhost:3000/_next/static/chunks/db2ad__pnpm_bc426aec._.js:3642:29)
    at useTranslationsImpl.useMemo[translate] (http://localhost:3000/_next/static/chunks/db2ad__pnpm_bc426aec._.js:4163:378)
    at mountMemo (http://localhost:3000/_next/static/chunks/509c2_next_dist_compiled_react-dom_1698bfa6._.js:5424:25)
    at Object.useMemo (http://localhost:3000/_next/static/chunks/509c2_next_dist_compiled_react-dom_1698bfa6._.js:15003:24)
    at exports.useMemo (http://localhost:3000/_next/static/chunks/509c2_next_dist_compiled_9044104d._.js:1742:36)
    at useTranslationsImpl (http://localhost:3000/_next/static/chunks/db2ad__pnpm_bc426aec._.js:4162:416)
    at useTranslations (http://localhost:3000/_next/static/chunks/db2ad__pnpm_bc426aec._.js:4201:12)
    at http://localhost:3000/_next/static/chunks/db2ad__pnpm_6cafc622._.js:70:20
    at DashboardPage (http://localhost:3000/_next/static/chunks/pi-cwd-20260601_admin-platform_d7a92737._.js:987:432)
    at Object.react_stack_bottom_frame (http://localhost:3000/_next/static/chunks/509c2_next_dist_compiled_react-dom_1698bfa6._.js:14826:24)
    at renderWithHooks (http://localhost:3000/_next/static/chunks/509c2_next_dist_compiled_react-dom_1698bfa6._.js:4651:24)
    at updateFunctionComponent (http://localhost:3000/_next/static/chunks/509c2_next_dist_compiled_react-dom_1698bfa6._.js:6112:21)
    at beginWork (http://localhost:3000/_next/static/chunks/509c2_next_dist_compiled_react-dom_1698bfa6._.js:6708:24)
    at runWithFiberInDEV (http://localhost:3000/_next/static/chunks/509c2_next_dist_compiled_react-dom_1698bfa6._.js:965:74)
    at performUnitOfWork (http://localhost:3000/_next/static/chunks/509c2_next_dist_compiled_react-dom_1698bfa6._.js:9562:97)
    at workLoopConcurrentByScheduler (http://localhost:3000/_next/static/chunks/509c2_next_dist_compiled_react-dom_1698bfa6._.js:9558:58)
    at renderRootConcurrent (http://localhost:3000/_next/static/chunks/509c2_next_dist_compiled_react-dom_1698bfa6._.js:9541:71)
    at performWorkOnRoot (http://localhost:3000/_next/static/chunks/509c2_next_dist_compiled_react-dom_1698bfa6._.js:9068:150)
    at performWorkOnRootViaSchedulerTask (http://localhost:3000/_next/static/chunks/509c2_next_dist_compiled_react-dom_1698bfa6._.js:10230:9)
    at MessagePort.performWorkUntilDeadline (http://localhost:3000/_next/static/chunks/509c2_next_dist_compiled_9044104d._.js:2647:64) @ http://localhost:3000/_next/static/chunks/509c2_next_dist_512df543._.js:3127
[ 2132910ms] [ERROR] IntlError: MISSING_MESSAGE: Could not resolve `modules.dashboard` in messages for locale `login`.
    at getMessagesOrError (http://localhost:3000/_next/static/chunks/db2ad__pnpm_bc426aec._.js:3637:27)
    at createBaseTranslator (http://localhost:3000/_next/static/chunks/db2ad__pnpm_bc426aec._.js:3642:29)
    at useTranslationsImpl.useMemo[translate] (http://localhost:3000/_next/static/chunks/db2ad__pnpm_bc426aec._.js:4163:378)
    at mountMemo (http://localhost:3000/_next/static/chunks/509c2_next_dist_compiled_react-dom_1698bfa6._.js:5424:25)
    at Object.useMemo (http://localhost:3000/_next/static/chunks/509c2_next_dist_compiled_react-dom_1698bfa6._.js:15003:24)
    at exports.useMemo (http://localhost:3000/_next/static/chunks/509c2_next_dist_compiled_9044104d._.js:1742:36)
    at useTranslationsImpl (http://localhost:3000/_next/static/chunks/db2ad__pnpm_bc426aec._.js:4162:416)
    at useTranslations (http://localhost:3000/_next/static/chunks/db2ad__pnpm_bc426aec._.js:4201:12)
    at http://localhost:3000/_next/static/chunks/db2ad__pnpm_6cafc622._.js:70:20
    at DashboardPage (http://localhost:3000/_next/static/chunks/pi-cwd-20260601_admin-platform_d7a92737._.js:987:432)
    at Object.react_stack_bottom_frame (http://localhost:3000/_next/static/chunks/509c2_next_dist_compiled_react-dom_1698bfa6._.js:14826:24)
    at renderWithHooks (http://localhost:3000/_next/static/chunks/509c2_next_dist_compiled_react-dom_1698bfa6._.js:4651:24)
    at updateFunctionComponent (http://localhost:3000/_next/static/chunks/509c2_next_dist_compiled_react-dom_1698bfa6._.js:6112:21)
    at beginWork (http://localhost:3000/_next/static/chunks/509c2_next_dist_compiled_react-dom_1698bfa6._.js:6708:24)
    at runWithFiberInDEV (http://localhost:3000/_next/static/chunks/509c2_next_dist_compiled_react-dom_1698bfa6._.js:965:74)
    at performUnitOfWork (http://localhost:3000/_next/static/chunks/509c2_next_dist_compiled_react-dom_1698bfa6._.js:9562:97)
    at workLoopConcurrentByScheduler (http://localhost:3000/_next/static/chunks/509c2_next_dist_compiled_react-dom_1698bfa6._.js:9558:58)
    at renderRootConcurrent (http://localhost:3000/_next/static/chunks/509c2_next_dist_compiled_react-dom_1698bfa6._.js:9541:71)
    at performWorkOnRoot (http://localhost:3000/_next/static/chunks/509c2_next_dist_compiled_react-dom_1698bfa6._.js:9068:150)
    at performWorkOnRootViaSchedulerTask (http://localhost:3000/_next/static/chunks/509c2_next_dist_compiled_react-dom_1698bfa6._.js:10230:9)
    at MessagePort.performWorkUntilDeadline (http://localhost:3000/_next/static/chunks/509c2_next_dist_compiled_9044104d._.js:2647:64) @ http://localhost:3000/_next/static/chunks/509c2_next_dist_512df543._.js:3127
[ 2132912ms] [ERROR] IntlError: MISSING_MESSAGE: Could not resolve `modules.dashboard` in messages for locale `login`.
    at getMessagesOrError (http://localhost:3000/_next/static/chunks/db2ad__pnpm_bc426aec._.js:3637:27)
    at createBaseTranslator (http://localhost:3000/_next/static/chunks/db2ad__pnpm_bc426aec._.js:3642:29)
    at useTranslationsImpl.useMemo[translate] (http://localhost:3000/_next/static/chunks/db2ad__pnpm_bc426aec._.js:4163:378)
    at mountMemo (http://localhost:3000/_next/static/chunks/509c2_next_dist_compiled_react-dom_1698bfa6._.js:5424:25)
    at Object.useMemo (http://localhost:3000/_next/static/chunks/509c2_next_dist_compiled_react-dom_1698bfa6._.js:15003:24)
    at exports.useMemo (http://localhost:3000/_next/static/chunks/509c2_next_dist_compiled_9044104d._.js:1742:36)
    at useTranslationsImpl (http://localhost:3000/_next/static/chunks/db2ad__pnpm_bc426aec._.js:4162:416)
    at useTranslations (http://localhost:3000/_next/static/chunks/db2ad__pnpm_bc426aec._.js:4201:12)
    at http://localhost:3000/_next/static/chunks/db2ad__pnpm_6cafc622._.js:70:20
    at DashboardPage (http://localhost:3000/_next/static/chunks/pi-cwd-20260601_admin-platform_d7a92737._.js:987:432)
    at Object.react_stack_bottom_frame (http://localhost:3000/_next/static/chunks/509c2_next_dist_compiled_react-dom_1698bfa6._.js:14826:24)
    at renderWithHooks (http://localhost:3000/_next/static/chunks/509c2_next_dist_compiled_react-dom_1698bfa6._.js:4651:24)
    at updateFunctionComponent (http://localhost:3000/_next/static/chunks/509c2_next_dist_compiled_react-dom_1698bfa6._.js:6112:21)
    at beginWork (http://localhost:3000/_next/static/chunks/509c2_next_dist_compiled_react-dom_1698bfa6._.js:6708:24)
    at runWithFiberInDEV (http://localhost:3000/_next/static/chunks/509c2_next_dist_compiled_react-dom_1698bfa6._.js:965:74)
    at performUnitOfWork (http://localhost:3000/_next/static/chunks/509c2_next_dist_compiled_react-dom_1698bfa6._.js:9562:97)
    at workLoopConcurrentByScheduler (http://localhost:3000/_next/static/chunks/509c2_next_dist_compiled_react-dom_1698bfa6._.js:9558:58)
    at renderRootConcurrent (http://localhost:3000/_next/static/chunks/509c2_next_dist_compiled_react-dom_1698bfa6._.js:9541:71)
    at performWorkOnRoot (http://localhost:3000/_next/static/chunks/509c2_next_dist_compiled_react-dom_1698bfa6._.js:9068:150)
    at performWorkOnRootViaSchedulerTask (http://localhost:3000/_next/static/chunks/509c2_next_dist_compiled_react-dom_1698bfa6._.js:10230:9)
    at MessagePort.performWorkUntilDeadline (http://localhost:3000/_next/static/chunks/509c2_next_dist_compiled_9044104d._.js:2647:64) @ http://localhost:3000/_next/static/chunks/509c2_next_dist_512df543._.js:3127
[ 2132913ms] [ERROR] IntlError: MISSING_MESSAGE: Could not resolve `modules.dashboard` in messages for locale `login`.
    at getMessagesOrError (http://localhost:3000/_next/static/chunks/db2ad__pnpm_bc426aec._.js:3637:27)
    at createBaseTranslator (http://localhost:3000/_next/static/chunks/db2ad__pnpm_bc426aec._.js:3642:29)
    at useTranslationsImpl.useMemo[translate] (http://localhost:3000/_next/static/chunks/db2ad__pnpm_bc426aec._.js:4163:378)
    at mountMemo (http://localhost:3000/_next/static/chunks/509c2_next_dist_compiled_react-dom_1698bfa6._.js:5424:25)
    at Object.useMemo (http://localhost:3000/_next/static/chunks/509c2_next_dist_compiled_react-dom_1698bfa6._.js:15003:24)
    at exports.useMemo (http://localhost:3000/_next/static/chunks/509c2_next_dist_compiled_9044104d._.js:1742:36)
    at useTranslationsImpl (http://localhost:3000/_next/static/chunks/db2ad__pnpm_bc426aec._.js:4162:416)
    at useTranslations (http://localhost:3000/_next/static/chunks/db2ad__pnpm_bc426aec._.js:4201:12)
    at http://localhost:3000/_next/static/chunks/db2ad__pnpm_6cafc622._.js:70:20
    at DashboardPage (http://localhost:3000/_next/static/chunks/pi-cwd-20260601_admin-platform_d7a92737._.js:987:432)
    at Object.react_stack_bottom_frame (http://localhost:3000/_next/static/chunks/509c2_next_dist_compiled_react-dom_1698bfa6._.js:14826:24)
    at renderWithHooks (http://localhost:3000/_next/static/chunks/509c2_next_dist_compiled_react-dom_1698bfa6._.js:4651:24)
    at updateFunctionComponent (http://localhost:3000/_next/static/chunks/509c2_next_dist_compiled_react-dom_1698bfa6._.js:6112:21)
    at beginWork (http://localhost:3000/_next/static/chunks/509c2_next_dist_compiled_react-dom_1698bfa6._.js:6708:24)
    at runWithFiberInDEV (http://localhost:3000/_next/static/chunks/509c2_next_dist_compiled_react-dom_1698bfa6._.js:965:74)
    at performUnitOfWork (http://localhost:3000/_next/static/chunks/509c2_next_dist_compiled_react-dom_1698bfa6._.js:9562:97)
    at workLoopConcurrentByScheduler (http://localhost:3000/_next/static/chunks/509c2_next_dist_compiled_react-dom_1698bfa6._.js:9558:58)
    at renderRootConcurrent (http://localhost:3000/_next/static/chunks/509c2_next_dist_compiled_react-dom_1698bfa6._.js:9541:71)
    at performWorkOnRoot (http://localhost:3000/_next/static/chunks/509c2_next_dist_compiled_react-dom_1698bfa6._.js:9068:150)
    at performWorkOnRootViaSchedulerTask (http://localhost:3000/_next/static/chunks/509c2_next_dist_compiled_react-dom_1698bfa6._.js:10230:9)
    at MessagePort.performWorkUntilDeadline (http://localhost:3000/_next/static/chunks/509c2_next_dist_compiled_9044104d._.js:2647:64) @ http://localhost:3000/_next/static/chunks/509c2_next_dist_512df543._.js:3127
[ 2132913ms] [ERROR] IntlError: MISSING_MESSAGE: Could not resolve `modules.dashboard` in messages for locale `login`.
    at getMessagesOrError (http://localhost:3000/_next/static/chunks/db2ad__pnpm_bc426aec._.js:3637:27)
    at createBaseTranslator (http://localhost:3000/_next/static/chunks/db2ad__pnpm_bc426aec._.js:3642:29)
    at useTranslationsImpl.useMemo[translate] (http://localhost:3000/_next/static/chunks/db2ad__pnpm_bc426aec._.js:4163:378)
    at mountMemo (http://localhost:3000/_next/static/chunks/509c2_next_dist_compiled_react-dom_1698bfa6._.js:5424:25)
    at Object.useMemo (http://localhost:3000/_next/static/chunks/509c2_next_dist_compiled_react-dom_1698bfa6._.js:15003:24)
    at exports.useMemo (http://localhost:3000/_next/static/chunks/509c2_next_dist_compiled_9044104d._.js:1742:36)
    at useTranslationsImpl (http://localhost:3000/_next/static/chunks/db2ad__pnpm_bc426aec._.js:4162:416)
    at useTranslations (http://localhost:3000/_next/static/chunks/db2ad__pnpm_bc426aec._.js:4201:12)
    at http://localhost:3000/_next/static/chunks/db2ad__pnpm_6cafc622._.js:70:20
    at DashboardPage (http://localhost:3000/_next/static/chunks/pi-cwd-20260601_admin-platform_d7a92737._.js:987:432)
    at Object.react_stack_bottom_frame (http://localhost:3000/_next/static/chunks/509c2_next_dist_compiled_react-dom_1698bfa6._.js:14826:24)
    at renderWithHooks (http://localhost:3000/_next/static/chunks/509c2_next_dist_compiled_react-dom_1698bfa6._.js:4651:24)
    at updateFunctionComponent (http://localhost:3000/_next/static/chunks/509c2_next_dist_compiled_react-dom_1698bfa6._.js:6112:21)
    at beginWork (http://localhost:3000/_next/static/chunks/509c2_next_dist_compiled_react-dom_1698bfa6._.js:6708:24)
    at runWithFiberInDEV (http://localhost:3000/_next/static/chunks/509c2_next_dist_compiled_react-dom_1698bfa6._.js:965:74)
    at performUnitOfWork (http://localhost:3000/_next/static/chunks/509c2_next_dist_compiled_react-dom_1698bfa6._.js:9562:97)
    at workLoopConcurrentByScheduler (http://localhost:3000/_next/static/chunks/509c2_next_dist_compiled_react-dom_1698bfa6._.js:9558:58)
    at renderRootConcurrent (http://localhost:3000/_next/static/chunks/509c2_next_dist_compiled_react-dom_1698bfa6._.js:9541:71)
    at performWorkOnRoot (http://localhost:3000/_next/static/chunks/509c2_next_dist_compiled_react-dom_1698bfa6._.js:9068:150)
    at performWorkOnRootViaSchedulerTask (http://localhost:3000/_next/static/chunks/509c2_next_dist_compiled_react-dom_1698bfa6._.js:10230:9)
    at MessagePort.performWorkUntilDeadline (http://localhost:3000/_next/static/chunks/509c2_next_dist_compiled_9044104d._.js:2647:64) @ http://localhost:3000/_next/static/chunks/509c2_next_dist_512df543._.js:3127
[ 2132913ms] [ERROR] IntlError: MISSING_MESSAGE: Could not resolve `modules.dashboard` in messages for locale `login`.
    at getMessagesOrError (http://localhost:3000/_next/static/chunks/db2ad__pnpm_bc426aec._.js:3637:27)
    at createBaseTranslator (http://localhost:3000/_next/static/chunks/db2ad__pnpm_bc426aec._.js:3642:29)
    at useTranslationsImpl.useMemo[translate] (http://localhost:3000/_next/static/chunks/db2ad__pnpm_bc426aec._.js:4163:378)
    at mountMemo (http://localhost:3000/_next/static/chunks/509c2_next_dist_compiled_react-dom_1698bfa6._.js:5424:25)
    at Object.useMemo (http://localhost:3000/_next/static/chunks/509c2_next_dist_compiled_react-dom_1698bfa6._.js:15003:24)
    at exports.useMemo (http://localhost:3000/_next/static/chunks/509c2_next_dist_compiled_9044104d._.js:1742:36)
    at useTranslationsImpl (http://localhost:3000/_next/static/chunks/db2ad__pnpm_bc426aec._.js:4162:416)
    at useTranslations (http://localhost:3000/_next/static/chunks/db2ad__pnpm_bc426aec._.js:4201:12)
    at http://localhost:3000/_next/static/chunks/db2ad__pnpm_6cafc622._.js:70:20
    at DashboardPage (http://localhost:3000/_next/static/chunks/pi-cwd-20260601_admin-platform_d7a92737._.js:987:432)
    at Object.react_stack_bottom_frame (http://localhost:3000/_next/static/chunks/509c2_next_dist_compiled_react-dom_1698bfa6._.js:14826:24)
    at renderWithHooks (http://localhost:3000/_next/static/chunks/509c2_next_dist_compiled_react-dom_1698bfa6._.js:4651:24)
    at updateFunctionComponent (http://localhost:3000/_next/static/chunks/509c2_next_dist_compiled_react-dom_1698bfa6._.js:6112:21)
    at beginWork (http://localhost:3000/_next/static/chunks/509c2_next_dist_compiled_react-dom_1698bfa6._.js:6708:24)
    at runWithFiberInDEV (http://localhost:3000/_next/static/chunks/509c2_next_dist_compiled_react-dom_1698bfa6._.js:965:74)
    at performUnitOfWork (http://localhost:3000/_next/static/chunks/509c2_next_dist_compiled_react-dom_1698bfa6._.js:9562:97)
    at workLoopConcurrentByScheduler (http://localhost:3000/_next/static/chunks/509c2_next_dist_compiled_react-dom_1698bfa6._.js:9558:58)
    at renderRootConcurrent (http://localhost:3000/_next/static/chunks/509c2_next_dist_compiled_react-dom_1698bfa6._.js:9541:71)
    at performWorkOnRoot (http://localhost:3000/_next/static/chunks/509c2_next_dist_compiled_react-dom_1698bfa6._.js:9068:150)
    at performWorkOnRootViaSchedulerTask (http://localhost:3000/_next/static/chunks/509c2_next_dist_compiled_react-dom_1698bfa6._.js:10230:9)
    at MessagePort.performWorkUntilDeadline (http://localhost:3000/_next/static/chunks/509c2_next_dist_compiled_9044104d._.js:2647:64) @ http://localhost:3000/_next/static/chunks/509c2_next_dist_512df543._.js:3127
[ 2132914ms] [ERROR] IntlError: MISSING_MESSAGE: Could not resolve `modules.dashboard` in messages for locale `login`.
    at getMessagesOrError (http://localhost:3000/_next/static/chunks/db2ad__pnpm_bc426aec._.js:3637:27)
    at createBaseTranslator (http://localhost:3000/_next/static/chunks/db2ad__pnpm_bc426aec._.js:3642:29)
    at useTranslationsImpl.useMemo[translate] (http://localhost:3000/_next/static/chunks/db2ad__pnpm_bc426aec._.js:4163:378)
    at mountMemo (http://localhost:3000/_next/static/chunks/509c2_next_dist_compiled_react-dom_1698bfa6._.js:5424:25)
    at Object.useMemo (http://localhost:3000/_next/static/chunks/509c2_next_dist_compiled_react-dom_1698bfa6._.js:15003:24)
    at exports.useMemo (http://localhost:3000/_next/static/chunks/509c2_next_dist_compiled_9044104d._.js:1742:36)
    at useTranslationsImpl (http://localhost:3000/_next/static/chunks/db2ad__pnpm_bc426aec._.js:4162:416)
    at useTranslations (http://localhost:3000/_next/static/chunks/db2ad__pnpm_bc426aec._.js:4201:12)
    at http://localhost:3000/_next/static/chunks/db2ad__pnpm_6cafc622._.js:70:20
    at DashboardPage (http://localhost:3000/_next/static/chunks/pi-cwd-20260601_admin-platform_d7a92737._.js:987:432)
    at Object.react_stack_bottom_frame (http://localhost:3000/_next/static/chunks/509c2_next_dist_compiled_react-dom_1698bfa6._.js:14826:24)
    at renderWithHooks (http://localhost:3000/_next/static/chunks/509c2_next_dist_compiled_react-dom_1698bfa6._.js:4651:24)
    at updateFunctionComponent (http://localhost:3000/_next/static/chunks/509c2_next_dist_compiled_react-dom_1698bfa6._.js:6112:21)
    at beginWork (http://localhost:3000/_next/static/chunks/509c2_next_dist_compiled_react-dom_1698bfa6._.js:6708:24)
    at runWithFiberInDEV (http://localhost:3000/_next/static/chunks/509c2_next_dist_compiled_react-dom_1698bfa6._.js:965:74)
    at performUnitOfWork (http://localhost:3000/_next/static/chunks/509c2_next_dist_compiled_react-dom_1698bfa6._.js:9562:97)
    at workLoopConcurrentByScheduler (http://localhost:3000/_next/static/chunks/509c2_next_dist_compiled_react-dom_1698bfa6._.js:9558:58)
    at renderRootConcurrent (http://localhost:3000/_next/static/chunks/509c2_next_dist_compiled_react-dom_1698bfa6._.js:9541:71)
    at performWorkOnRoot (http://localhost:3000/_next/static/chunks/509c2_next_dist_compiled_react-dom_1698bfa6._.js:9068:150)
    at performWorkOnRootViaSchedulerTask (http://localhost:3000/_next/static/chunks/509c2_next_dist_compiled_react-dom_1698bfa6._.js:10230:9)
    at MessagePort.performWorkUntilDeadline (http://localhost:3000/_next/static/chunks/509c2_next_dist_compiled_9044104d._.js:2647:64) @ http://localhost:3000/_next/static/chunks/509c2_next_dist_512df543._.js:3127
[ 2132914ms] [ERROR] IntlError: MISSING_MESSAGE: Could not resolve `modules.dashboard` in messages for locale `login`.
    at getMessagesOrError (http://localhost:3000/_next/static/chunks/db2ad__pnpm_bc426aec._.js:3637:27)
    at createBaseTranslator (http://localhost:3000/_next/static/chunks/db2ad__pnpm_bc426aec._.js:3642:29)
    at useTranslationsImpl.useMemo[translate] (http://localhost:3000/_next/static/chunks/db2ad__pnpm_bc426aec._.js:4163:378)
    at mountMemo (http://localhost:3000/_next/static/chunks/509c2_next_dist_compiled_react-dom_1698bfa6._.js:5424:25)
    at Object.useMemo (http://localhost:3000/_next/static/chunks/509c2_next_dist_compiled_react-dom_1698bfa6._.js:15003:24)
    at exports.useMemo (http://localhost:3000/_next/static/chunks/509c2_next_dist_compiled_9044104d._.js:1742:36)
    at useTranslationsImpl (http://localhost:3000/_next/static/chunks/db2ad__pnpm_bc426aec._.js:4162:416)
    at useTranslations (http://localhost:3000/_next/static/chunks/db2ad__pnpm_bc426aec._.js:4201:12)
    at http://localhost:3000/_next/static/chunks/db2ad__pnpm_6cafc622._.js:70:20
    at DashboardPage (http://localhost:3000/_next/static/chunks/pi-cwd-20260601_admin-platform_d7a92737._.js:987:432)
    at Object.react_stack_bottom_frame (http://localhost:3000/_next/static/chunks/509c2_next_dist_compiled_react-dom_1698bfa6._.js:14826:24)
    at renderWithHooks (http://localhost:3000/_next/static/chunks/509c2_next_dist_compiled_react-dom_1698bfa6._.js:4651:24)
    at updateFunctionComponent (http://localhost:3000/_next/static/chunks/509c2_next_dist_compiled_react-dom_1698bfa6._.js:6112:21)
    at beginWork (http://localhost:3000/_next/static/chunks/509c2_next_dist_compiled_react-dom_1698bfa6._.js:6708:24)
    at runWithFiberInDEV (http://localhost:3000/_next/static/chunks/509c2_next_dist_compiled_react-dom_1698bfa6._.js:965:74)
    at performUnitOfWork (http://localhost:3000/_next/static/chunks/509c2_next_dist_compiled_react-dom_1698bfa6._.js:9562:97)
    at workLoopConcurrentByScheduler (http://localhost:3000/_next/static/chunks/509c2_next_dist_compiled_react-dom_1698bfa6._.js:9558:58)
    at renderRootConcurrent (http://localhost:3000/_next/static/chunks/509c2_next_dist_compiled_react-dom_1698bfa6._.js:9541:71)
    at performWorkOnRoot (http://localhost:3000/_next/static/chunks/509c2_next_dist_compiled_react-dom_1698bfa6._.js:9068:150)
    at performWorkOnRootViaSchedulerTask (http://localhost:3000/_next/static/chunks/509c2_next_dist_compiled_react-dom_1698bfa6._.js:10230:9)
    at MessagePort.performWorkUntilDeadline (http://localhost:3000/_next/static/chunks/509c2_next_dist_compiled_9044104d._.js:2647:64) @ http://localhost:3000/_next/static/chunks/509c2_next_dist_512df543._.js:3127
[ 2132914ms] [ERROR] IntlError: MISSING_MESSAGE: Could not resolve `modules.dashboard` in messages for locale `login`.
    at getMessagesOrError (http://localhost:3000/_next/static/chunks/db2ad__pnpm_bc426aec._.js:3637:27)
    at createBaseTranslator (http://localhost:3000/_next/static/chunks/db2ad__pnpm_bc426aec._.js:3642:29)
    at useTranslationsImpl.useMemo[translate] (http://localhost:3000/_next/static/chunks/db2ad__pnpm_bc426aec._.js:4163:378)
    at mountMemo (http://localhost:3000/_next/static/chunks/509c2_next_dist_compiled_react-dom_1698bfa6._.js:5424:25)
    at Object.useMemo (http://localhost:3000/_next/static/chunks/509c2_next_dist_compiled_react-dom_1698bfa6._.js:15003:24)
    at exports.useMemo (http://localhost:3000/_next/static/chunks/509c2_next_dist_compiled_9044104d._.js:1742:36)
    at useTranslationsImpl (http://localhost:3000/_next/static/chunks/db2ad__pnpm_bc426aec._.js:4162:416)
    at useTranslations (http://localhost:3000/_next/static/chunks/db2ad__pnpm_bc426aec._.js:4201:12)
    at http://localhost:3000/_next/static/chunks/db2ad__pnpm_6cafc622._.js:70:20
    at DashboardPage (http://localhost:3000/_next/static/chunks/pi-cwd-20260601_admin-platform_d7a92737._.js:987:432)
    at Object.react_stack_bottom_frame (http://localhost:3000/_next/static/chunks/509c2_next_dist_compiled_react-dom_1698bfa6._.js:14826:24)
    at renderWithHooks (http://localhost:3000/_next/static/chunks/509c2_next_dist_compiled_react-dom_1698bfa6._.js:4651:24)
    at updateFunctionComponent (http://localhost:3000/_next/static/chunks/509c2_next_dist_compiled_react-dom_1698bfa6._.js:6112:21)
    at beginWork (http://localhost:3000/_next/static/chunks/509c2_next_dist_compiled_react-dom_1698bfa6._.js:6708:24)
    at runWithFiberInDEV (http://localhost:3000/_next/static/chunks/509c2_next_dist_compiled_react-dom_1698bfa6._.js:965:74)
    at performUnitOfWork (http://localhost:3000/_next/static/chunks/509c2_next_dist_compiled_react-dom_1698bfa6._.js:9562:97)
    at workLoopConcurrentByScheduler (http://localhost:3000/_next/static/chunks/509c2_next_dist_compiled_react-dom_1698bfa6._.js:9558:58)
    at renderRootConcurrent (http://localhost:3000/_next/static/chunks/509c2_next_dist_compiled_react-dom_1698bfa6._.js:9541:71)
    at performWorkOnRoot (http://localhost:3000/_next/static/chunks/509c2_next_dist_compiled_react-dom_1698bfa6._.js:9068:150)
    at performWorkOnRootViaSchedulerTask (http://localhost:3000/_next/static/chunks/509c2_next_dist_compiled_react-dom_1698bfa6._.js:10230:9)
    at MessagePort.performWorkUntilDeadline (http://localhost:3000/_next/static/chunks/509c2_next_dist_compiled_9044104d._.js:2647:64) @ http://localhost:3000/_next/static/chunks/509c2_next_dist_512df543._.js:3127
[ 2132914ms] [ERROR] IntlError: MISSING_MESSAGE: Could not resolve `modules.dashboard` in messages for locale `login`.
    at getMessagesOrError (http://localhost:3000/_next/static/chunks/db2ad__pnpm_bc426aec._.js:3637:27)
    at createBaseTranslator (http://localhost:3000/_next/static/chunks/db2ad__pnpm_bc426aec._.js:3642:29)
    at useTranslationsImpl.useMemo[translate] (http://localhost:3000/_next/static/chunks/db2ad__pnpm_bc426aec._.js:4163:378)
    at mountMemo (http://localhost:3000/_next/static/chunks/509c2_next_dist_compiled_react-dom_1698bfa6._.js:5424:25)
    at Object.useMemo (http://localhost:3000/_next/static/chunks/509c2_next_dist_compiled_react-dom_1698bfa6._.js:15003:24)
    at exports.useMemo (http://localhost:3000/_next/static/chunks/509c2_next_dist_compiled_9044104d._.js:1742:36)
    at useTranslationsImpl (http://localhost:3000/_next/static/chunks/db2ad__pnpm_bc426aec._.js:4162:416)
    at useTranslations (http://localhost:3000/_next/static/chunks/db2ad__pnpm_bc426aec._.js:4201:12)
    at http://localhost:3000/_next/static/chunks/db2ad__pnpm_6cafc622._.js:70:20
    at DashboardPage (http://localhost:3000/_next/static/chunks/pi-cwd-20260601_admin-platform_d7a92737._.js:987:432)
    at Object.react_stack_bottom_frame (http://localhost:3000/_next/static/chunks/509c2_next_dist_compiled_react-dom_1698bfa6._.js:14826:24)
    at renderWithHooks (http://localhost:3000/_next/static/chunks/509c2_next_dist_compiled_react-dom_1698bfa6._.js:4651:24)
    at updateFunctionComponent (http://localhost:3000/_next/static/chunks/509c2_next_dist_compiled_react-dom_1698bfa6._.js:6112:21)
    at beginWork (http://localhost:3000/_next/static/chunks/509c2_next_dist_compiled_react-dom_1698bfa6._.js:6708:24)
    at runWithFiberInDEV (http://localhost:3000/_next/static/chunks/509c2_next_dist_compiled_react-dom_1698bfa6._.js:965:74)
    at performUnitOfWork (http://localhost:3000/_next/static/chunks/509c2_next_dist_compiled_react-dom_1698bfa6._.js:9562:97)
    at workLoopConcurrentByScheduler (http://localhost:3000/_next/static/chunks/509c2_next_dist_compiled_react-dom_1698bfa6._.js:9558:58)
    at renderRootConcurrent (http://localhost:3000/_next/static/chunks/509c2_next_dist_compiled_react-dom_1698bfa6._.js:9541:71)
    at performWorkOnRoot (http://localhost:3000/_next/static/chunks/509c2_next_dist_compiled_react-dom_1698bfa6._.js:9068:150)
    at performWorkOnRootViaSchedulerTask (http://localhost:3000/_next/static/chunks/509c2_next_dist_compiled_react-dom_1698bfa6._.js:10230:9)
    at MessagePort.performWorkUntilDeadline (http://localhost:3000/_next/static/chunks/509c2_next_dist_compiled_9044104d._.js:2647:64) @ http://localhost:3000/_next/static/chunks/509c2_next_dist_512df543._.js:3127
[ 2132924ms] [ERROR] IntlError: MISSING_MESSAGE: Could not resolve `modules.dashboard` in messages for locale `login`.
    at getMessagesOrError (http://localhost:3000/_next/static/chunks/db2ad__pnpm_bc426aec._.js:3637:27)
    at createBaseTranslator (http://localhost:3000/_next/static/chunks/db2ad__pnpm_bc426aec._.js:3642:29)
    at useTranslationsImpl.useMemo[translate] (http://localhost:3000/_next/static/chunks/db2ad__pnpm_bc426aec._.js:4163:378)
    at mountMemo (http://localhost:3000/_next/static/chunks/509c2_next_dist_compiled_react-dom_1698bfa6._.js:5424:25)
    at Object.useMemo (http://localhost:3000/_next/static/chunks/509c2_next_dist_compiled_react-dom_1698bfa6._.js:15003:24)
    at exports.useMemo (http://localhost:3000/_next/static/chunks/509c2_next_dist_compiled_9044104d._.js:1742:36)
    at useTranslationsImpl (http://localhost:3000/_next/static/chunks/db2ad__pnpm_bc426aec._.js:4162:416)
    at useTranslations (http://localhost:3000/_next/static/chunks/db2ad__pnpm_bc426aec._.js:4201:12)
    at http://localhost:3000/_next/static/chunks/db2ad__pnpm_6cafc622._.js:70:20
    at DashboardPage (http://localhost:3000/_next/static/chunks/pi-cwd-20260601_admin-platform_d7a92737._.js:987:432)
    at Object.react_stack_bottom_frame (http://localhost:3000/_next/static/chunks/509c2_next_dist_compiled_react-dom_1698bfa6._.js:14826:24)
    at renderWithHooks (http://localhost:3000/_next/static/chunks/509c2_next_dist_compiled_react-dom_1698bfa6._.js:4651:24)
    at updateFunctionComponent (http://localhost:3000/_next/static/chunks/509c2_next_dist_compiled_react-dom_1698bfa6._.js:6112:21)
    at beginWork (http://localhost:3000/_next/static/chunks/509c2_next_dist_compiled_react-dom_1698bfa6._.js:6708:24)
    at runWithFiberInDEV (http://localhost:3000/_next/static/chunks/509c2_next_dist_compiled_react-dom_1698bfa6._.js:965:74)
    at performUnitOfWork (http://localhost:3000/_next/static/chunks/509c2_next_dist_compiled_react-dom_1698bfa6._.js:9562:97)
    at workLoopConcurrentByScheduler (http://localhost:3000/_next/static/chunks/509c2_next_dist_compiled_react-dom_1698bfa6._.js:9558:58)
    at renderRootConcurrent (http://localhost:3000/_next/static/chunks/509c2_next_dist_compiled_react-dom_1698bfa6._.js:9541:71)
    at performWorkOnRoot (http://localhost:3000/_next/static/chunks/509c2_next_dist_compiled_react-dom_1698bfa6._.js:9068:150)
    at performWorkOnRootViaSchedulerTask (http://localhost:3000/_next/static/chunks/509c2_next_dist_compiled_react-dom_1698bfa6._.js:10230:9)
    at MessagePort.performWorkUntilDeadline (http://localhost:3000/_next/static/chunks/509c2_next_dist_compiled_9044104d._.js:2647:64) @ http://localhost:3000/_next/static/chunks/509c2_next_dist_512df543._.js:3127
[ 2132924ms] [ERROR] IntlError: MISSING_MESSAGE: Could not resolve `modules.dashboard` in messages for locale `login`.
    at getMessagesOrError (http://localhost:3000/_next/static/chunks/db2ad__pnpm_bc426aec._.js:3637:27)
    at createBaseTranslator (http://localhost:3000/_next/static/chunks/db2ad__pnpm_bc426aec._.js:3642:29)
    at useTranslationsImpl.useMemo[translate] (http://localhost:3000/_next/static/chunks/db2ad__pnpm_bc426aec._.js:4163:378)
    at mountMemo (http://localhost:3000/_next/static/chunks/509c2_next_dist_compiled_react-dom_1698bfa6._.js:5424:25)
    at Object.useMemo (http://localhost:3000/_next/static/chunks/509c2_next_dist_compiled_react-dom_1698bfa6._.js:15003:24)
    at exports.useMemo (http://localhost:3000/_next/static/chunks/509c2_next_dist_compiled_9044104d._.js:1742:36)
    at useTranslationsImpl (http://localhost:3000/_next/static/chunks/db2ad__pnpm_bc426aec._.js:4162:416)
    at useTranslations (http://localhost:3000/_next/static/chunks/db2ad__pnpm_bc426aec._.js:4201:12)
    at http://localhost:3000/_next/static/chunks/db2ad__pnpm_6cafc622._.js:70:20
    at DashboardPage (http://localhost:3000/_next/static/chunks/pi-cwd-20260601_admin-platform_d7a92737._.js:987:432)
    at Object.react_stack_bottom_frame (http://localhost:3000/_next/static/chunks/509c2_next_dist_compiled_react-dom_1698bfa6._.js:14826:24)
    at renderWithHooks (http://localhost:3000/_next/static/chunks/509c2_next_dist_compiled_react-dom_1698bfa6._.js:4651:24)
    at updateFunctionComponent (http://localhost:3000/_next/static/chunks/509c2_next_dist_compiled_react-dom_1698bfa6._.js:6112:21)
    at beginWork (http://localhost:3000/_next/static/chunks/509c2_next_dist_compiled_react-dom_1698bfa6._.js:6708:24)
    at runWithFiberInDEV (http://localhost:3000/_next/static/chunks/509c2_next_dist_compiled_react-dom_1698bfa6._.js:965:74)
    at performUnitOfWork (http://localhost:3000/_next/static/chunks/509c2_next_dist_compiled_react-dom_1698bfa6._.js:9562:97)
    at workLoopConcurrentByScheduler (http://localhost:3000/_next/static/chunks/509c2_next_dist_compiled_react-dom_1698bfa6._.js:9558:58)
    at renderRootConcurrent (http://localhost:3000/_next/static/chunks/509c2_next_dist_compiled_react-dom_1698bfa6._.js:9541:71)
    at performWorkOnRoot (http://localhost:3000/_next/static/chunks/509c2_next_dist_compiled_react-dom_1698bfa6._.js:9068:150)
    at performWorkOnRootViaSchedulerTask (http://localhost:3000/_next/static/chunks/509c2_next_dist_compiled_react-dom_1698bfa6._.js:10230:9)
    at MessagePort.performWorkUntilDeadline (http://localhost:3000/_next/static/chunks/509c2_next_dist_compiled_9044104d._.js:2647:64) @ http://localhost:3000/_next/static/chunks/509c2_next_dist_512df543._.js:3127
[ 2132924ms] [ERROR] IntlError: MISSING_MESSAGE: Could not resolve `modules.dashboard` in messages for locale `login`.
    at getMessagesOrError (http://localhost:3000/_next/static/chunks/db2ad__pnpm_bc426aec._.js:3637:27)
    at createBaseTranslator (http://localhost:3000/_next/static/chunks/db2ad__pnpm_bc426aec._.js:3642:29)
    at useTranslationsImpl.useMemo[translate] (http://localhost:3000/_next/static/chunks/db2ad__pnpm_bc426aec._.js:4163:378)
    at mountMemo (http://localhost:3000/_next/static/chunks/509c2_next_dist_compiled_react-dom_1698bfa6._.js:5424:25)
    at Object.useMemo (http://localhost:3000/_next/static/chunks/509c2_next_dist_compiled_react-dom_1698bfa6._.js:15003:24)
    at exports.useMemo (http://localhost:3000/_next/static/chunks/509c2_next_dist_compiled_9044104d._.js:1742:36)
    at useTranslationsImpl (http://localhost:3000/_next/static/chunks/db2ad__pnpm_bc426aec._.js:4162:416)
    at useTranslations (http://localhost:3000/_next/static/chunks/db2ad__pnpm_bc426aec._.js:4201:12)
    at http://localhost:3000/_next/static/chunks/db2ad__pnpm_6cafc622._.js:70:20
    at DashboardPage (http://localhost:3000/_next/static/chunks/pi-cwd-20260601_admin-platform_d7a92737._.js:987:432)
    at Object.react_stack_bottom_frame (http://localhost:3000/_next/static/chunks/509c2_next_dist_compiled_react-dom_1698bfa6._.js:14826:24)
    at renderWithHooks (http://localhost:3000/_next/static/chunks/509c2_next_dist_compiled_react-dom_1698bfa6._.js:4651:24)
    at updateFunctionComponent (http://localhost:3000/_next/static/chunks/509c2_next_dist_compiled_react-dom_1698bfa6._.js:6112:21)
    at beginWork (http://localhost:3000/_next/static/chunks/509c2_next_dist_compiled_react-dom_1698bfa6._.js:6708:24)
    at runWithFiberInDEV (http://localhost:3000/_next/static/chunks/509c2_next_dist_compiled_react-dom_1698bfa6._.js:965:74)
    at performUnitOfWork (http://localhost:3000/_next/static/chunks/509c2_next_dist_compiled_react-dom_1698bfa6._.js:9562:97)
    at workLoopConcurrentByScheduler (http://localhost:3000/_next/static/chunks/509c2_next_dist_compiled_react-dom_1698bfa6._.js:9558:58)
    at renderRootConcurrent (http://localhost:3000/_next/static/chunks/509c2_next_dist_compiled_react-dom_1698bfa6._.js:9541:71)
    at performWorkOnRoot (http://localhost:3000/_next/static/chunks/509c2_next_dist_compiled_react-dom_1698bfa6._.js:9068:150)
    at performWorkOnRootViaSchedulerTask (http://localhost:3000/_next/static/chunks/509c2_next_dist_compiled_react-dom_1698bfa6._.js:10230:9)
    at MessagePort.performWorkUntilDeadline (http://localhost:3000/_next/static/chunks/509c2_next_dist_compiled_9044104d._.js:2647:64) @ http://localhost:3000/_next/static/chunks/509c2_next_dist_512df543._.js:3127
[ 2132925ms] [ERROR] IntlError: MISSING_MESSAGE: Could not resolve `modules.dashboard` in messages for locale `login`.
    at getMessagesOrError (http://localhost:3000/_next/static/chunks/db2ad__pnpm_bc426aec._.js:3637:27)
    at createBaseTranslator (http://localhost:3000/_next/static/chunks/db2ad__pnpm_bc426aec._.js:3642:29)
    at useTranslationsImpl.useMemo[translate] (http://localhost:3000/_next/static/chunks/db2ad__pnpm_bc426aec._.js:4163:378)
    at mountMemo (http://localhost:3000/_next/static/chunks/509c2_next_dist_compiled_react-dom_1698bfa6._.js:5424:25)
    at Object.useMemo (http://localhost:3000/_next/static/chunks/509c2_next_dist_compiled_react-dom_1698bfa6._.js:15003:24)
    at exports.useMemo (http://localhost:3000/_next/static/chunks/509c2_next_dist_compiled_9044104d._.js:1742:36)
    at useTranslationsImpl (http://localhost:3000/_next/static/chunks/db2ad__pnpm_bc426aec._.js:4162:416)
    at useTranslations (http://localhost:3000/_next/static/chunks/db2ad__pnpm_bc426aec._.js:4201:12)
    at http://localhost:3000/_next/static/chunks/db2ad__pnpm_6cafc622._.js:70:20
    at DashboardPage (http://localhost:3000/_next/static/chunks/pi-cwd-20260601_admin-platform_d7a92737._.js:987:432)
    at Object.react_stack_bottom_frame (http://localhost:3000/_next/static/chunks/509c2_next_dist_compiled_react-dom_1698bfa6._.js:14826:24)
    at renderWithHooks (http://localhost:3000/_next/static/chunks/509c2_next_dist_compiled_react-dom_1698bfa6._.js:4651:24)
    at updateFunctionComponent (http://localhost:3000/_next/static/chunks/509c2_next_dist_compiled_react-dom_1698bfa6._.js:6112:21)
    at beginWork (http://localhost:3000/_next/static/chunks/509c2_next_dist_compiled_react-dom_1698bfa6._.js:6708:24)
    at runWithFiberInDEV (http://localhost:3000/_next/static/chunks/509c2_next_dist_compiled_react-dom_1698bfa6._.js:965:74)
    at performUnitOfWork (http://localhost:3000/_next/static/chunks/509c2_next_dist_compiled_react-dom_1698bfa6._.js:9562:97)
    at workLoopConcurrentByScheduler (http://localhost:3000/_next/static/chunks/509c2_next_dist_compiled_react-dom_1698bfa6._.js:9558:58)
    at renderRootConcurrent (http://localhost:3000/_next/static/chunks/509c2_next_dist_compiled_react-dom_1698bfa6._.js:9541:71)
    at performWorkOnRoot (http://localhost:3000/_next/static/chunks/509c2_next_dist_compiled_react-dom_1698bfa6._.js:9068:150)
    at performWorkOnRootViaSchedulerTask (http://localhost:3000/_next/static/chunks/509c2_next_dist_compiled_react-dom_1698bfa6._.js:10230:9)
    at MessagePort.performWorkUntilDeadline (http://localhost:3000/_next/static/chunks/509c2_next_dist_compiled_9044104d._.js:2647:64) @ http://localhost:3000/_next/static/chunks/509c2_next_dist_512df543._.js:3127
[ 2132925ms] [ERROR] IntlError: MISSING_MESSAGE: Could not resolve `modules.dashboard` in messages for locale `login`.
    at getMessagesOrError (http://localhost:3000/_next/static/chunks/db2ad__pnpm_bc426aec._.js:3637:27)
    at createBaseTranslator (http://localhost:3000/_next/static/chunks/db2ad__pnpm_bc426aec._.js:3642:29)
    at useTranslationsImpl.useMemo[translate] (http://localhost:3000/_next/static/chunks/db2ad__pnpm_bc426aec._.js:4163:378)
    at mountMemo (http://localhost:3000/_next/static/chunks/509c2_next_dist_compiled_react-dom_1698bfa6._.js:5424:25)
    at Object.useMemo (http://localhost:3000/_next/static/chunks/509c2_next_dist_compiled_react-dom_1698bfa6._.js:15003:24)
    at exports.useMemo (http://localhost:3000/_next/static/chunks/509c2_next_dist_compiled_9044104d._.js:1742:36)
    at useTranslationsImpl (http://localhost:3000/_next/static/chunks/db2ad__pnpm_bc426aec._.js:4162:416)
    at useTranslations (http://localhost:3000/_next/static/chunks/db2ad__pnpm_bc426aec._.js:4201:12)
    at http://localhost:3000/_next/static/chunks/db2ad__pnpm_6cafc622._.js:70:20
    at DashboardPage (http://localhost:3000/_next/static/chunks/pi-cwd-20260601_admin-platform_d7a92737._.js:987:432)
    at Object.react_stack_bottom_frame (http://localhost:3000/_next/static/chunks/509c2_next_dist_compiled_react-dom_1698bfa6._.js:14826:24)
    at renderWithHooks (http://localhost:3000/_next/static/chunks/509c2_next_dist_compiled_react-dom_1698bfa6._.js:4651:24)
    at updateFunctionComponent (http://localhost:3000/_next/static/chunks/509c2_next_dist_compiled_react-dom_1698bfa6._.js:6112:21)
    at beginWork (http://localhost:3000/_next/static/chunks/509c2_next_dist_compiled_react-dom_1698bfa6._.js:6708:24)
    at runWithFiberInDEV (http://localhost:3000/_next/static/chunks/509c2_next_dist_compiled_react-dom_1698bfa6._.js:965:74)
    at performUnitOfWork (http://localhost:3000/_next/static/chunks/509c2_next_dist_compiled_react-dom_1698bfa6._.js:9562:97)
    at workLoopConcurrentByScheduler (http://localhost:3000/_next/static/chunks/509c2_next_dist_compiled_react-dom_1698bfa6._.js:9558:58)
    at renderRootConcurrent (http://localhost:3000/_next/static/chunks/509c2_next_dist_compiled_react-dom_1698bfa6._.js:9541:71)
    at performWorkOnRoot (http://localhost:3000/_next/static/chunks/509c2_next_dist_compiled_react-dom_1698bfa6._.js:9068:150)
    at performWorkOnRootViaSchedulerTask (http://localhost:3000/_next/static/chunks/509c2_next_dist_compiled_react-dom_1698bfa6._.js:10230:9)
    at MessagePort.performWorkUntilDeadline (http://localhost:3000/_next/static/chunks/509c2_next_dist_compiled_9044104d._.js:2647:64) @ http://localhost:3000/_next/static/chunks/509c2_next_dist_512df543._.js:3127
[ 2132925ms] [ERROR] IntlError: MISSING_MESSAGE: Could not resolve `modules.dashboard` in messages for locale `login`.
    at getMessagesOrError (http://localhost:3000/_next/static/chunks/db2ad__pnpm_bc426aec._.js:3637:27)
    at createBaseTranslator (http://localhost:3000/_next/static/chunks/db2ad__pnpm_bc426aec._.js:3642:29)
    at useTranslationsImpl.useMemo[translate] (http://localhost:3000/_next/static/chunks/db2ad__pnpm_bc426aec._.js:4163:378)
    at mountMemo (http://localhost:3000/_next/static/chunks/509c2_next_dist_compiled_react-dom_1698bfa6._.js:5424:25)
    at Object.useMemo (http://localhost:3000/_next/static/chunks/509c2_next_dist_compiled_react-dom_1698bfa6._.js:15003:24)
    at exports.useMemo (http://localhost:3000/_next/static/chunks/509c2_next_dist_compiled_9044104d._.js:1742:36)
    at useTranslationsImpl (http://localhost:3000/_next/static/chunks/db2ad__pnpm_bc426aec._.js:4162:416)
    at useTranslations (http://localhost:3000/_next/static/chunks/db2ad__pnpm_bc426aec._.js:4201:12)
    at http://localhost:3000/_next/static/chunks/db2ad__pnpm_6cafc622._.js:70:20
    at DashboardPage (http://localhost:3000/_next/static/chunks/pi-cwd-20260601_admin-platform_d7a92737._.js:987:432)
    at Object.react_stack_bottom_frame (http://localhost:3000/_next/static/chunks/509c2_next_dist_compiled_react-dom_1698bfa6._.js:14826:24)
    at renderWithHooks (http://localhost:3000/_next/static/chunks/509c2_next_dist_compiled_react-dom_1698bfa6._.js:4651:24)
    at updateFunctionComponent (http://localhost:3000/_next/static/chunks/509c2_next_dist_compiled_react-dom_1698bfa6._.js:6112:21)
    at beginWork (http://localhost:3000/_next/static/chunks/509c2_next_dist_compiled_react-dom_1698bfa6._.js:6708:24)
    at runWithFiberInDEV (http://localhost:3000/_next/static/chunks/509c2_next_dist_compiled_react-dom_1698bfa6._.js:965:74)
    at performUnitOfWork (http://localhost:3000/_next/static/chunks/509c2_next_dist_compiled_react-dom_1698bfa6._.js:9562:97)
    at workLoopConcurrentByScheduler (http://localhost:3000/_next/static/chunks/509c2_next_dist_compiled_react-dom_1698bfa6._.js:9558:58)
    at renderRootConcurrent (http://localhost:3000/_next/static/chunks/509c2_next_dist_compiled_react-dom_1698bfa6._.js:9541:71)
    at performWorkOnRoot (http://localhost:3000/_next/static/chunks/509c2_next_dist_compiled_react-dom_1698bfa6._.js:9068:150)
    at performWorkOnRootViaSchedulerTask (http://localhost:3000/_next/static/chunks/509c2_next_dist_compiled_react-dom_1698bfa6._.js:10230:9)
    at MessagePort.performWorkUntilDeadline (http://localhost:3000/_next/static/chunks/509c2_next_dist_compiled_9044104d._.js:2647:64) @ http://localhost:3000/_next/static/chunks/509c2_next_dist_512df543._.js:3127
[ 2132926ms] [ERROR] IntlError: MISSING_MESSAGE: Could not resolve `modules.dashboard` in messages for locale `login`.
    at getMessagesOrError (http://localhost:3000/_next/static/chunks/db2ad__pnpm_bc426aec._.js:3637:27)
    at createBaseTranslator (http://localhost:3000/_next/static/chunks/db2ad__pnpm_bc426aec._.js:3642:29)
    at useTranslationsImpl.useMemo[translate] (http://localhost:3000/_next/static/chunks/db2ad__pnpm_bc426aec._.js:4163:378)
    at mountMemo (http://localhost:3000/_next/static/chunks/509c2_next_dist_compiled_react-dom_1698bfa6._.js:5424:25)
    at Object.useMemo (http://localhost:3000/_next/static/chunks/509c2_next_dist_compiled_react-dom_1698bfa6._.js:15003:24)
    at exports.useMemo (http://localhost:3000/_next/static/chunks/509c2_next_dist_compiled_9044104d._.js:1742:36)
    at useTranslationsImpl (http://localhost:3000/_next/static/chunks/db2ad__pnpm_bc426aec._.js:4162:416)
    at useTranslations (http://localhost:3000/_next/static/chunks/db2ad__pnpm_bc426aec._.js:4201:12)
    at http://localhost:3000/_next/static/chunks/db2ad__pnpm_6cafc622._.js:70:20
    at DashboardPage (http://localhost:3000/_next/static/chunks/pi-cwd-20260601_admin-platform_d7a92737._.js:987:432)
    at Object.react_stack_bottom_frame (http://localhost:3000/_next/static/chunks/509c2_next_dist_compiled_react-dom_1698bfa6._.js:14826:24)
    at renderWithHooks (http://localhost:3000/_next/static/chunks/509c2_next_dist_compiled_react-dom_1698bfa6._.js:4651:24)
    at updateFunctionComponent (http://localhost:3000/_next/static/chunks/509c2_next_dist_compiled_react-dom_1698bfa6._.js:6112:21)
    at beginWork (http://localhost:3000/_next/static/chunks/509c2_next_dist_compiled_react-dom_1698bfa6._.js:6708:24)
    at runWithFiberInDEV (http://localhost:3000/_next/static/chunks/509c2_next_dist_compiled_react-dom_1698bfa6._.js:965:74)
    at performUnitOfWork (http://localhost:3000/_next/static/chunks/509c2_next_dist_compiled_react-dom_1698bfa6._.js:9562:97)
    at workLoopConcurrentByScheduler (http://localhost:3000/_next/static/chunks/509c2_next_dist_compiled_react-dom_1698bfa6._.js:9558:58)
    at renderRootConcurrent (http://localhost:3000/_next/static/chunks/509c2_next_dist_compiled_react-dom_1698bfa6._.js:9541:71)
    at performWorkOnRoot (http://localhost:3000/_next/static/chunks/509c2_next_dist_compiled_react-dom_1698bfa6._.js:9068:150)
    at performWorkOnRootViaSchedulerTask (http://localhost:3000/_next/static/chunks/509c2_next_dist_compiled_react-dom_1698bfa6._.js:10230:9)
    at MessagePort.performWorkUntilDeadline (http://localhost:3000/_next/static/chunks/509c2_next_dist_compiled_9044104d._.js:2647:64) @ http://localhost:3000/_next/static/chunks/509c2_next_dist_512df543._.js:3127
[ 2132926ms] [ERROR] IntlError: MISSING_MESSAGE: Could not resolve `modules.dashboard` in messages for locale `login`.
    at getMessagesOrError (http://localhost:3000/_next/static/chunks/db2ad__pnpm_bc426aec._.js:3637:27)
    at createBaseTranslator (http://localhost:3000/_next/static/chunks/db2ad__pnpm_bc426aec._.js:3642:29)
    at useTranslationsImpl.useMemo[translate] (http://localhost:3000/_next/static/chunks/db2ad__pnpm_bc426aec._.js:4163:378)
    at mountMemo (http://localhost:3000/_next/static/chunks/509c2_next_dist_compiled_react-dom_1698bfa6._.js:5424:25)
    at Object.useMemo (http://localhost:3000/_next/static/chunks/509c2_next_dist_compiled_react-dom_1698bfa6._.js:15003:24)
    at exports.useMemo (http://localhost:3000/_next/static/chunks/509c2_next_dist_compiled_9044104d._.js:1742:36)
    at useTranslationsImpl (http://localhost:3000/_next/static/chunks/db2ad__pnpm_bc426aec._.js:4162:416)
    at useTranslations (http://localhost:3000/_next/static/chunks/db2ad__pnpm_bc426aec._.js:4201:12)
    at http://localhost:3000/_next/static/chunks/db2ad__pnpm_6cafc622._.js:70:20
    at DashboardPage (http://localhost:3000/_next/static/chunks/pi-cwd-20260601_admin-platform_d7a92737._.js:987:432)
    at Object.react_stack_bottom_frame (http://localhost:3000/_next/static/chunks/509c2_next_dist_compiled_react-dom_1698bfa6._.js:14826:24)
    at renderWithHooks (http://localhost:3000/_next/static/chunks/509c2_next_dist_compiled_react-dom_1698bfa6._.js:4651:24)
    at updateFunctionComponent (http://localhost:3000/_next/static/chunks/509c2_next_dist_compiled_react-dom_1698bfa6._.js:6112:21)
    at beginWork (http://localhost:3000/_next/static/chunks/509c2_next_dist_compiled_react-dom_1698bfa6._.js:6708:24)
    at runWithFiberInDEV (http://localhost:3000/_next/static/chunks/509c2_next_dist_compiled_react-dom_1698bfa6._.js:965:74)
    at performUnitOfWork (http://localhost:3000/_next/static/chunks/509c2_next_dist_compiled_react-dom_1698bfa6._.js:9562:97)
    at workLoopConcurrentByScheduler (http://localhost:3000/_next/static/chunks/509c2_next_dist_compiled_react-dom_1698bfa6._.js:9558:58)
    at renderRootConcurrent (http://localhost:3000/_next/static/chunks/509c2_next_dist_compiled_react-dom_1698bfa6._.js:9541:71)
    at performWorkOnRoot (http://localhost:3000/_next/static/chunks/509c2_next_dist_compiled_react-dom_1698bfa6._.js:9068:150)
    at performWorkOnRootViaSchedulerTask (http://localhost:3000/_next/static/chunks/509c2_next_dist_compiled_react-dom_1698bfa6._.js:10230:9)
    at MessagePort.performWorkUntilDeadline (http://localhost:3000/_next/static/chunks/509c2_next_dist_compiled_9044104d._.js:2647:64) @ http://localhost:3000/_next/static/chunks/509c2_next_dist_512df543._.js:3127
[ 2135900ms] [WARNING] The resource http://localhost:3000/_next/static/chunks/%5Broot-of-the-server%5D__e4da2690._.css was preloaded using link preload but not used within a few seconds from the window's load event. Please make sure it has an appropriate `as` value and it is preloaded intentionally. @ http://localhost:3000/login:0
[ 2145599ms] [WARNING] The resource http://localhost:3000/_next/static/chunks/%5Broot-of-the-server%5D__e4da2690._.css was preloaded using link preload but not used within a few seconds from the window's load event. Please make sure it has an appropriate `as` value and it is preloaded intentionally. @ http://localhost:3000/login:0
