[    1148ms] [INFO] %cDownload the React DevTools for a better development experience: https://react.dev/link/react-devtools font-weight:bold @ webpack-internal:///(app-pages-browser)/../../node_modules/.pnpm/next@16.1.7_@babel+core@7.29.7_@playwright+test@1.60.0_react-dom@19.2.7_react@19.2.7/node_modules/next/dist/next-devtools/shared/forward-logs-shared.js:27
[    1387ms] [LOG] [HMR] connected @ webpack-internal:///(app-pages-browser)/../../node_modules/.pnpm/next@16.1.7_@babel+core@7.29.7_@playwright+test@1.60.0_react-dom@19.2.7_react@19.2.7/node_modules/next/dist/next-devtools/shared/forward-logs-shared.js:27
[    1419ms] [WARNING] ../../libs/modules/user/data-access/src/index.ts
export 'ResultInfo' (reexported as 'ResultInfo') was not found in './lib/user.api' (possible exports: deleteUser, getRoleOptions, getTdOptions, getUserDetail, getUserList, resetUserPassword, saveUser, updateUser, updateUserStatus) @ webpack-internal:///(app-pages-browser)/../../node_modules/.pnpm/next@16.1.7_@babel+core@7.29.7_@playwright+test@1.60.0_react-dom@19.2.7_react@19.2.7/node_modules/next/dist/next-devtools/shared/forward-logs-shared.js:27
[   13001ms] [LOG] [Fast Refresh] rebuilding @ webpack-internal:///(app-pages-browser)/../../node_modules/.pnpm/next@16.1.7_@babel+core@7.29.7_@playwright+test@1.60.0_react-dom@19.2.7_react@19.2.7/node_modules/next/dist/next-devtools/shared/forward-logs-shared.js:27
[   14839ms] [WARNING] ../../libs/modules/user/data-access/src/index.ts
export 'ResultInfo' (reexported as 'ResultInfo') was not found in './lib/user.api' (possible exports: deleteUser, getRoleOptions, getTdOptions, getUserDetail, getUserList, resetUserPassword, saveUser, updateUser, updateUserStatus)

Import trace for requested module:
../../libs/modules/user/data-access/src/index.ts
../../libs/modules/user/feature/src/lib/user-list-page.tsx
../../libs/modules/user/feature/src/index.ts
../../libs/shared/util-config/src/lib/module-registry.ts @ webpack-internal:///(app-pages-browser)/../../node_modules/.pnpm/next@16.1.7_@babel+core@7.29.7_@playwright+test@1.60.0_react-dom@19.2.7_react@19.2.7/node_modules/next/dist/next-devtools/shared/forward-logs-shared.js:27
[   14887ms] [LOG] [Fast Refresh] done in 1886ms @ webpack-internal:///(app-pages-browser)/../../node_modules/.pnpm/next@16.1.7_@babel+core@7.29.7_@playwright+test@1.60.0_react-dom@19.2.7_react@19.2.7/node_modules/next/dist/next-devtools/shared/forward-logs-shared.js:27
[   73377ms] [LOG] [Fast Refresh] rebuilding @ webpack-internal:///(app-pages-browser)/../../node_modules/.pnpm/next@16.1.7_@babel+core@7.29.7_@playwright+test@1.60.0_react-dom@19.2.7_react@19.2.7/node_modules/next/dist/next-devtools/shared/forward-logs-shared.js:27
[   75317ms] [WARNING] ../../libs/modules/user/data-access/src/index.ts
export 'ResultInfo' (reexported as 'ResultInfo') was not found in './lib/user.api' (possible exports: deleteUser, getRoleOptions, getTdOptions, getUserDetail, getUserList, resetUserPassword, saveUser, updateUser, updateUserStatus)

Import trace for requested module:
../../libs/modules/user/data-access/src/index.ts
../../libs/modules/user/feature/src/lib/user-list-page.tsx
../../libs/modules/user/feature/src/index.ts
../../libs/shared/util-config/src/lib/module-registry.ts @ webpack-internal:///(app-pages-browser)/../../node_modules/.pnpm/next@16.1.7_@babel+core@7.29.7_@playwright+test@1.60.0_react-dom@19.2.7_react@19.2.7/node_modules/next/dist/next-devtools/shared/forward-logs-shared.js:27
[   75358ms] [LOG] [Fast Refresh] done in 1980ms @ webpack-internal:///(app-pages-browser)/../../node_modules/.pnpm/next@16.1.7_@babel+core@7.29.7_@playwright+test@1.60.0_react-dom@19.2.7_react@19.2.7/node_modules/next/dist/next-devtools/shared/forward-logs-shared.js:27
[  133775ms] [LOG] [Fast Refresh] rebuilding @ webpack-internal:///(app-pages-browser)/../../node_modules/.pnpm/next@16.1.7_@babel+core@7.29.7_@playwright+test@1.60.0_react-dom@19.2.7_react@19.2.7/node_modules/next/dist/next-devtools/shared/forward-logs-shared.js:27
[  136079ms] [WARNING] ../../libs/modules/user/data-access/src/index.ts
export 'ResultInfo' (reexported as 'ResultInfo') was not found in './lib/user.api' (possible exports: deleteUser, getRoleOptions, getTdOptions, getUserDetail, getUserList, resetUserPassword, saveUser, updateUser, updateUserStatus)

Import trace for requested module:
../../libs/modules/user/data-access/src/index.ts
../../libs/modules/user/feature/src/lib/user-list-page.tsx
../../libs/modules/user/feature/src/index.ts
../../libs/shared/util-config/src/lib/module-registry.ts @ webpack-internal:///(app-pages-browser)/../../node_modules/.pnpm/next@16.1.7_@babel+core@7.29.7_@playwright+test@1.60.0_react-dom@19.2.7_react@19.2.7/node_modules/next/dist/next-devtools/shared/forward-logs-shared.js:27
[  136128ms] [LOG] [Fast Refresh] done in 2352ms @ webpack-internal:///(app-pages-browser)/../../node_modules/.pnpm/next@16.1.7_@babel+core@7.29.7_@playwright+test@1.60.0_react-dom@19.2.7_react@19.2.7/node_modules/next/dist/next-devtools/shared/forward-logs-shared.js:27
[  194198ms] [LOG] [Fast Refresh] rebuilding @ webpack-internal:///(app-pages-browser)/../../node_modules/.pnpm/next@16.1.7_@babel+core@7.29.7_@playwright+test@1.60.0_react-dom@19.2.7_react@19.2.7/node_modules/next/dist/next-devtools/shared/forward-logs-shared.js:27
[  196884ms] [WARNING] ../../libs/modules/user/data-access/src/index.ts
export 'ResultInfo' (reexported as 'ResultInfo') was not found in './lib/user.api' (possible exports: deleteUser, getRoleOptions, getTdOptions, getUserDetail, getUserList, resetUserPassword, saveUser, updateUser, updateUserStatus)

Import trace for requested module:
../../libs/modules/user/data-access/src/index.ts
../../libs/modules/user/feature/src/lib/user-list-page.tsx
../../libs/modules/user/feature/src/index.ts
../../libs/shared/util-config/src/lib/module-registry.ts @ webpack-internal:///(app-pages-browser)/../../node_modules/.pnpm/next@16.1.7_@babel+core@7.29.7_@playwright+test@1.60.0_react-dom@19.2.7_react@19.2.7/node_modules/next/dist/next-devtools/shared/forward-logs-shared.js:27
[  196931ms] [LOG] [Fast Refresh] done in 2733ms @ webpack-internal:///(app-pages-browser)/../../node_modules/.pnpm/next@16.1.7_@babel+core@7.29.7_@playwright+test@1.60.0_react-dom@19.2.7_react@19.2.7/node_modules/next/dist/next-devtools/shared/forward-logs-shared.js:27
[  254612ms] [LOG] [Fast Refresh] rebuilding @ webpack-internal:///(app-pages-browser)/../../node_modules/.pnpm/next@16.1.7_@babel+core@7.29.7_@playwright+test@1.60.0_react-dom@19.2.7_react@19.2.7/node_modules/next/dist/next-devtools/shared/forward-logs-shared.js:27
[  256965ms] [WARNING] ../../libs/modules/user/data-access/src/index.ts
export 'ResultInfo' (reexported as 'ResultInfo') was not found in './lib/user.api' (possible exports: deleteUser, getRoleOptions, getTdOptions, getUserDetail, getUserList, resetUserPassword, saveUser, updateUser, updateUserStatus)

Import trace for requested module:
../../libs/modules/user/data-access/src/index.ts
../../libs/modules/user/feature/src/lib/user-list-page.tsx
../../libs/modules/user/feature/src/index.ts
../../libs/shared/util-config/src/lib/module-registry.ts @ webpack-internal:///(app-pages-browser)/../../node_modules/.pnpm/next@16.1.7_@babel+core@7.29.7_@playwright+test@1.60.0_react-dom@19.2.7_react@19.2.7/node_modules/next/dist/next-devtools/shared/forward-logs-shared.js:27
[  257019ms] [LOG] [Fast Refresh] done in 2406ms @ webpack-internal:///(app-pages-browser)/../../node_modules/.pnpm/next@16.1.7_@babel+core@7.29.7_@playwright+test@1.60.0_react-dom@19.2.7_react@19.2.7/node_modules/next/dist/next-devtools/shared/forward-logs-shared.js:27
[  315011ms] [LOG] [Fast Refresh] rebuilding @ webpack-internal:///(app-pages-browser)/../../node_modules/.pnpm/next@16.1.7_@babel+core@7.29.7_@playwright+test@1.60.0_react-dom@19.2.7_react@19.2.7/node_modules/next/dist/next-devtools/shared/forward-logs-shared.js:27
[  317661ms] [WARNING] ../../libs/modules/user/data-access/src/index.ts
export 'ResultInfo' (reexported as 'ResultInfo') was not found in './lib/user.api' (possible exports: deleteUser, getRoleOptions, getTdOptions, getUserDetail, getUserList, resetUserPassword, saveUser, updateUser, updateUserStatus)

Import trace for requested module:
../../libs/modules/user/data-access/src/index.ts
../../libs/modules/user/feature/src/lib/user-list-page.tsx
../../libs/modules/user/feature/src/index.ts
../../libs/shared/util-config/src/lib/module-registry.ts @ webpack-internal:///(app-pages-browser)/../../node_modules/.pnpm/next@16.1.7_@babel+core@7.29.7_@playwright+test@1.60.0_react-dom@19.2.7_react@19.2.7/node_modules/next/dist/next-devtools/shared/forward-logs-shared.js:27
[  317688ms] [LOG] [Fast Refresh] done in 2677ms @ webpack-internal:///(app-pages-browser)/../../node_modules/.pnpm/next@16.1.7_@babel+core@7.29.7_@playwright+test@1.60.0_react-dom@19.2.7_react@19.2.7/node_modules/next/dist/next-devtools/shared/forward-logs-shared.js:27
[  375403ms] [LOG] [Fast Refresh] rebuilding @ webpack-internal:///(app-pages-browser)/../../node_modules/.pnpm/next@16.1.7_@babel+core@7.29.7_@playwright+test@1.60.0_react-dom@19.2.7_react@19.2.7/node_modules/next/dist/next-devtools/shared/forward-logs-shared.js:27
[  378081ms] [WARNING] ../../libs/modules/user/data-access/src/index.ts
export 'ResultInfo' (reexported as 'ResultInfo') was not found in './lib/user.api' (possible exports: deleteUser, getRoleOptions, getTdOptions, getUserDetail, getUserList, resetUserPassword, saveUser, updateUser, updateUserStatus)

Import trace for requested module:
../../libs/modules/user/data-access/src/index.ts
../../libs/modules/user/feature/src/lib/user-list-page.tsx
../../libs/modules/user/feature/src/index.ts
../../libs/shared/util-config/src/lib/module-registry.ts @ webpack-internal:///(app-pages-browser)/../../node_modules/.pnpm/next@16.1.7_@babel+core@7.29.7_@playwright+test@1.60.0_react-dom@19.2.7_react@19.2.7/node_modules/next/dist/next-devtools/shared/forward-logs-shared.js:27
[  378109ms] [LOG] [Fast Refresh] done in 2706ms @ webpack-internal:///(app-pages-browser)/../../node_modules/.pnpm/next@16.1.7_@babel+core@7.29.7_@playwright+test@1.60.0_react-dom@19.2.7_react@19.2.7/node_modules/next/dist/next-devtools/shared/forward-logs-shared.js:27
[  381383ms] [LOG] [Fast Refresh] rebuilding @ webpack-internal:///(app-pages-browser)/../../node_modules/.pnpm/next@16.1.7_@babel+core@7.29.7_@playwright+test@1.60.0_react-dom@19.2.7_react@19.2.7/node_modules/next/dist/next-devtools/shared/forward-logs-shared.js:27
[  384279ms] [WARNING] ../../libs/modules/user/data-access/src/index.ts
export 'ResultInfo' (reexported as 'ResultInfo') was not found in './lib/user.api' (possible exports: deleteUser, getRoleOptions, getTdOptions, getUserDetail, getUserList, resetUserPassword, saveUser, updateUser, updateUserStatus)

Import trace for requested module:
../../libs/modules/user/data-access/src/index.ts
../../libs/modules/user/feature/src/lib/user-list-page.tsx
../../libs/modules/user/feature/src/index.ts
../../libs/shared/util-config/src/lib/module-registry.ts @ webpack-internal:///(app-pages-browser)/../../node_modules/.pnpm/next@16.1.7_@babel+core@7.29.7_@playwright+test@1.60.0_react-dom@19.2.7_react@19.2.7/node_modules/next/dist/next-devtools/shared/forward-logs-shared.js:27
[  384314ms] [LOG] [Fast Refresh] done in 2931ms @ webpack-internal:///(app-pages-browser)/../../node_modules/.pnpm/next@16.1.7_@babel+core@7.29.7_@playwright+test@1.60.0_react-dom@19.2.7_react@19.2.7/node_modules/next/dist/next-devtools/shared/forward-logs-shared.js:27
[  386292ms] [LOG] [Fast Refresh] rebuilding @ webpack-internal:///(app-pages-browser)/../../node_modules/.pnpm/next@16.1.7_@babel+core@7.29.7_@playwright+test@1.60.0_react-dom@19.2.7_react@19.2.7/node_modules/next/dist/next-devtools/shared/forward-logs-shared.js:27
[  390086ms] [WARNING] ../../libs/modules/user/data-access/src/index.ts
export 'ResultInfo' (reexported as 'ResultInfo') was not found in './lib/user.api' (possible exports: deleteUser, getRoleOptions, getTdOptions, getUserDetail, getUserList, resetUserPassword, saveUser, updateUser, updateUserStatus)

Import trace for requested module:
../../libs/modules/user/data-access/src/index.ts
../../libs/modules/user/feature/src/lib/user-list-page.tsx
../../libs/modules/user/feature/src/index.ts
../../libs/shared/util-config/src/lib/module-registry.ts @ webpack-internal:///(app-pages-browser)/../../node_modules/.pnpm/next@16.1.7_@babel+core@7.29.7_@playwright+test@1.60.0_react-dom@19.2.7_react@19.2.7/node_modules/next/dist/next-devtools/shared/forward-logs-shared.js:27
[  390086ms] [LOG] [Fast Refresh] done in 3795ms @ webpack-internal:///(app-pages-browser)/../../node_modules/.pnpm/next@16.1.7_@babel+core@7.29.7_@playwright+test@1.60.0_react-dom@19.2.7_react@19.2.7/node_modules/next/dist/next-devtools/shared/forward-logs-shared.js:27
[  390456ms] [ERROR] Failed to load resource: the server responded with a status of 500 (Internal Server Error) @ http://localhost:3001/zh-CN/tokenized-deposit/edit?code=SMOKE_TEST_INVALID&_rsc=1d3i9:0
[  393950ms] [INFO] %cDownload the React DevTools for a better development experience: https://react.dev/link/react-devtools font-weight:bold @ webpack-internal:///(app-pages-browser)/../../node_modules/.pnpm/next@16.1.7_@babel+core@7.29.7_@playwright+test@1.60.0_react-dom@19.2.7_react@19.2.7/node_modules/next/dist/next-devtools/shared/forward-logs-shared.js:27
[  394394ms] [LOG] [HMR] connected @ webpack-internal:///(app-pages-browser)/../../node_modules/.pnpm/next@16.1.7_@babel+core@7.29.7_@playwright+test@1.60.0_react-dom@19.2.7_react@19.2.7/node_modules/next/dist/next-devtools/shared/forward-logs-shared.js:27
[  394444ms] [WARNING] ../../libs/modules/user/data-access/src/index.ts
export 'ResultInfo' (reexported as 'ResultInfo') was not found in './lib/user.api' (possible exports: deleteUser, getRoleOptions, getTdOptions, getUserDetail, getUserList, resetUserPassword, saveUser, updateUser, updateUserStatus) @ webpack-internal:///(app-pages-browser)/../../node_modules/.pnpm/next@16.1.7_@babel+core@7.29.7_@playwright+test@1.60.0_react-dom@19.2.7_react@19.2.7/node_modules/next/dist/next-devtools/shared/forward-logs-shared.js:27
[  435944ms] [LOG] [Fast Refresh] rebuilding @ webpack-internal:///(app-pages-browser)/../../node_modules/.pnpm/next@16.1.7_@babel+core@7.29.7_@playwright+test@1.60.0_react-dom@19.2.7_react@19.2.7/node_modules/next/dist/next-devtools/shared/forward-logs-shared.js:27
[  437470ms] [WARNING] ../../libs/modules/user/data-access/src/index.ts
export 'ResultInfo' (reexported as 'ResultInfo') was not found in './lib/user.api' (possible exports: deleteUser, getRoleOptions, getTdOptions, getUserDetail, getUserList, resetUserPassword, saveUser, updateUser, updateUserStatus)

Import trace for requested module:
../../libs/modules/user/data-access/src/index.ts
../../libs/modules/user/feature/src/lib/user-list-page.tsx
../../libs/modules/user/feature/src/index.ts
../../libs/shared/util-config/src/lib/module-registry.ts @ webpack-internal:///(app-pages-browser)/../../node_modules/.pnpm/next@16.1.7_@babel+core@7.29.7_@playwright+test@1.60.0_react-dom@19.2.7_react@19.2.7/node_modules/next/dist/next-devtools/shared/forward-logs-shared.js:27
[  437511ms] [LOG] [Fast Refresh] done in 1567ms @ webpack-internal:///(app-pages-browser)/../../node_modules/.pnpm/next@16.1.7_@babel+core@7.29.7_@playwright+test@1.60.0_react-dom@19.2.7_react@19.2.7/node_modules/next/dist/next-devtools/shared/forward-logs-shared.js:27
[  496445ms] [LOG] [Fast Refresh] rebuilding @ webpack-internal:///(app-pages-browser)/../../node_modules/.pnpm/next@16.1.7_@babel+core@7.29.7_@playwright+test@1.60.0_react-dom@19.2.7_react@19.2.7/node_modules/next/dist/next-devtools/shared/forward-logs-shared.js:27
[  498661ms] [WARNING] ../../libs/modules/user/data-access/src/index.ts
export 'ResultInfo' (reexported as 'ResultInfo') was not found in './lib/user.api' (possible exports: deleteUser, getRoleOptions, getTdOptions, getUserDetail, getUserList, resetUserPassword, saveUser, updateUser, updateUserStatus)

Import trace for requested module:
../../libs/modules/user/data-access/src/index.ts
../../libs/modules/user/feature/src/lib/user-list-page.tsx
../../libs/modules/user/feature/src/index.ts
../../libs/shared/util-config/src/lib/module-registry.ts @ webpack-internal:///(app-pages-browser)/../../node_modules/.pnpm/next@16.1.7_@babel+core@7.29.7_@playwright+test@1.60.0_react-dom@19.2.7_react@19.2.7/node_modules/next/dist/next-devtools/shared/forward-logs-shared.js:27
[  498703ms] [LOG] [Fast Refresh] done in 2258ms @ webpack-internal:///(app-pages-browser)/../../node_modules/.pnpm/next@16.1.7_@babel+core@7.29.7_@playwright+test@1.60.0_react-dom@19.2.7_react@19.2.7/node_modules/next/dist/next-devtools/shared/forward-logs-shared.js:27
[  557060ms] [LOG] [Fast Refresh] rebuilding @ webpack-internal:///(app-pages-browser)/../../node_modules/.pnpm/next@16.1.7_@babel+core@7.29.7_@playwright+test@1.60.0_react-dom@19.2.7_react@19.2.7/node_modules/next/dist/next-devtools/shared/forward-logs-shared.js:27
[  560274ms] [WARNING] ../../libs/modules/user/data-access/src/index.ts
export 'ResultInfo' (reexported as 'ResultInfo') was not found in './lib/user.api' (possible exports: deleteUser, getRoleOptions, getTdOptions, getUserDetail, getUserList, resetUserPassword, saveUser, updateUser, updateUserStatus)

Import trace for requested module:
../../libs/modules/user/data-access/src/index.ts
../../libs/modules/user/feature/src/lib/user-list-page.tsx
../../libs/modules/user/feature/src/index.ts
../../libs/shared/util-config/src/lib/module-registry.ts @ webpack-internal:///(app-pages-browser)/../../node_modules/.pnpm/next@16.1.7_@babel+core@7.29.7_@playwright+test@1.60.0_react-dom@19.2.7_react@19.2.7/node_modules/next/dist/next-devtools/shared/forward-logs-shared.js:27
[  560317ms] [LOG] [Fast Refresh] done in 3256ms @ webpack-internal:///(app-pages-browser)/../../node_modules/.pnpm/next@16.1.7_@babel+core@7.29.7_@playwright+test@1.60.0_react-dom@19.2.7_react@19.2.7/node_modules/next/dist/next-devtools/shared/forward-logs-shared.js:27
[  617580ms] [LOG] [Fast Refresh] rebuilding @ webpack-internal:///(app-pages-browser)/../../node_modules/.pnpm/next@16.1.7_@babel+core@7.29.7_@playwright+test@1.60.0_react-dom@19.2.7_react@19.2.7/node_modules/next/dist/next-devtools/shared/forward-logs-shared.js:27
[  619574ms] [WARNING] ../../libs/modules/user/data-access/src/index.ts
export 'ResultInfo' (reexported as 'ResultInfo') was not found in './lib/user.api' (possible exports: deleteUser, getRoleOptions, getTdOptions, getUserDetail, getUserList, resetUserPassword, saveUser, updateUser, updateUserStatus)

Import trace for requested module:
../../libs/modules/user/data-access/src/index.ts
../../libs/modules/user/feature/src/lib/user-list-page.tsx
../../libs/modules/user/feature/src/index.ts
../../libs/shared/util-config/src/lib/module-registry.ts @ webpack-internal:///(app-pages-browser)/../../node_modules/.pnpm/next@16.1.7_@babel+core@7.29.7_@playwright+test@1.60.0_react-dom@19.2.7_react@19.2.7/node_modules/next/dist/next-devtools/shared/forward-logs-shared.js:27
[  619625ms] [LOG] [Fast Refresh] done in 2045ms @ webpack-internal:///(app-pages-browser)/../../node_modules/.pnpm/next@16.1.7_@babel+core@7.29.7_@playwright+test@1.60.0_react-dom@19.2.7_react@19.2.7/node_modules/next/dist/next-devtools/shared/forward-logs-shared.js:27
[  678182ms] [LOG] [Fast Refresh] rebuilding @ webpack-internal:///(app-pages-browser)/../../node_modules/.pnpm/next@16.1.7_@babel+core@7.29.7_@playwright+test@1.60.0_react-dom@19.2.7_react@19.2.7/node_modules/next/dist/next-devtools/shared/forward-logs-shared.js:27
[  680903ms] [WARNING] ../../libs/modules/user/data-access/src/index.ts
export 'ResultInfo' (reexported as 'ResultInfo') was not found in './lib/user.api' (possible exports: deleteUser, getRoleOptions, getTdOptions, getUserDetail, getUserList, resetUserPassword, saveUser, updateUser, updateUserStatus)

Import trace for requested module:
../../libs/modules/user/data-access/src/index.ts
../../libs/modules/user/feature/src/lib/user-list-page.tsx
../../libs/modules/user/feature/src/index.ts
../../libs/shared/util-config/src/lib/module-registry.ts @ webpack-internal:///(app-pages-browser)/../../node_modules/.pnpm/next@16.1.7_@babel+core@7.29.7_@playwright+test@1.60.0_react-dom@19.2.7_react@19.2.7/node_modules/next/dist/next-devtools/shared/forward-logs-shared.js:27
[  680940ms] [LOG] [Fast Refresh] done in 2758ms @ webpack-internal:///(app-pages-browser)/../../node_modules/.pnpm/next@16.1.7_@babel+core@7.29.7_@playwright+test@1.60.0_react-dom@19.2.7_react@19.2.7/node_modules/next/dist/next-devtools/shared/forward-logs-shared.js:27
[  738754ms] [LOG] [Fast Refresh] rebuilding @ webpack-internal:///(app-pages-browser)/../../node_modules/.pnpm/next@16.1.7_@babel+core@7.29.7_@playwright+test@1.60.0_react-dom@19.2.7_react@19.2.7/node_modules/next/dist/next-devtools/shared/forward-logs-shared.js:27
[  740723ms] [WARNING] ../../libs/modules/user/data-access/src/index.ts
export 'ResultInfo' (reexported as 'ResultInfo') was not found in './lib/user.api' (possible exports: deleteUser, getRoleOptions, getTdOptions, getUserDetail, getUserList, resetUserPassword, saveUser, updateUser, updateUserStatus)

Import trace for requested module:
../../libs/modules/user/data-access/src/index.ts
../../libs/modules/user/feature/src/lib/user-list-page.tsx
../../libs/modules/user/feature/src/index.ts
../../libs/shared/util-config/src/lib/module-registry.ts @ webpack-internal:///(app-pages-browser)/../../node_modules/.pnpm/next@16.1.7_@babel+core@7.29.7_@playwright+test@1.60.0_react-dom@19.2.7_react@19.2.7/node_modules/next/dist/next-devtools/shared/forward-logs-shared.js:27
[  740772ms] [LOG] [Fast Refresh] done in 2019ms @ webpack-internal:///(app-pages-browser)/../../node_modules/.pnpm/next@16.1.7_@babel+core@7.29.7_@playwright+test@1.60.0_react-dom@19.2.7_react@19.2.7/node_modules/next/dist/next-devtools/shared/forward-logs-shared.js:27
[  799363ms] [LOG] [Fast Refresh] rebuilding @ webpack-internal:///(app-pages-browser)/../../node_modules/.pnpm/next@16.1.7_@babel+core@7.29.7_@playwright+test@1.60.0_react-dom@19.2.7_react@19.2.7/node_modules/next/dist/next-devtools/shared/forward-logs-shared.js:27
[  801920ms] [WARNING] ../../libs/modules/user/data-access/src/index.ts
export 'ResultInfo' (reexported as 'ResultInfo') was not found in './lib/user.api' (possible exports: deleteUser, getRoleOptions, getTdOptions, getUserDetail, getUserList, resetUserPassword, saveUser, updateUser, updateUserStatus)

Import trace for requested module:
../../libs/modules/user/data-access/src/index.ts
../../libs/modules/user/feature/src/lib/user-list-page.tsx
../../libs/modules/user/feature/src/index.ts
../../libs/shared/util-config/src/lib/module-registry.ts @ webpack-internal:///(app-pages-browser)/../../node_modules/.pnpm/next@16.1.7_@babel+core@7.29.7_@playwright+test@1.60.0_react-dom@19.2.7_react@19.2.7/node_modules/next/dist/next-devtools/shared/forward-logs-shared.js:27
[  801951ms] [LOG] [Fast Refresh] done in 2588ms @ webpack-internal:///(app-pages-browser)/../../node_modules/.pnpm/next@16.1.7_@babel+core@7.29.7_@playwright+test@1.60.0_react-dom@19.2.7_react@19.2.7/node_modules/next/dist/next-devtools/shared/forward-logs-shared.js:27
[  859895ms] [LOG] [Fast Refresh] rebuilding @ webpack-internal:///(app-pages-browser)/../../node_modules/.pnpm/next@16.1.7_@babel+core@7.29.7_@playwright+test@1.60.0_react-dom@19.2.7_react@19.2.7/node_modules/next/dist/next-devtools/shared/forward-logs-shared.js:27
[  861853ms] [WARNING] ../../libs/modules/user/data-access/src/index.ts
export 'ResultInfo' (reexported as 'ResultInfo') was not found in './lib/user.api' (possible exports: deleteUser, getRoleOptions, getTdOptions, getUserDetail, getUserList, resetUserPassword, saveUser, updateUser, updateUserStatus)

Import trace for requested module:
../../libs/modules/user/data-access/src/index.ts
../../libs/modules/user/feature/src/lib/user-list-page.tsx
../../libs/modules/user/feature/src/index.ts
../../libs/shared/util-config/src/lib/module-registry.ts @ webpack-internal:///(app-pages-browser)/../../node_modules/.pnpm/next@16.1.7_@babel+core@7.29.7_@playwright+test@1.60.0_react-dom@19.2.7_react@19.2.7/node_modules/next/dist/next-devtools/shared/forward-logs-shared.js:27
[  861890ms] [LOG] [Fast Refresh] done in 1995ms @ webpack-internal:///(app-pages-browser)/../../node_modules/.pnpm/next@16.1.7_@babel+core@7.29.7_@playwright+test@1.60.0_react-dom@19.2.7_react@19.2.7/node_modules/next/dist/next-devtools/shared/forward-logs-shared.js:27
[  920423ms] [LOG] [Fast Refresh] rebuilding @ webpack-internal:///(app-pages-browser)/../../node_modules/.pnpm/next@16.1.7_@babel+core@7.29.7_@playwright+test@1.60.0_react-dom@19.2.7_react@19.2.7/node_modules/next/dist/next-devtools/shared/forward-logs-shared.js:27
[  923452ms] [WARNING] ../../libs/modules/user/data-access/src/index.ts
export 'ResultInfo' (reexported as 'ResultInfo') was not found in './lib/user.api' (possible exports: deleteUser, getRoleOptions, getTdOptions, getUserDetail, getUserList, resetUserPassword, saveUser, updateUser, updateUserStatus)

Import trace for requested module:
../../libs/modules/user/data-access/src/index.ts
../../libs/modules/user/feature/src/lib/user-list-page.tsx
../../libs/modules/user/feature/src/index.ts
../../libs/shared/util-config/src/lib/module-registry.ts @ webpack-internal:///(app-pages-browser)/../../node_modules/.pnpm/next@16.1.7_@babel+core@7.29.7_@playwright+test@1.60.0_react-dom@19.2.7_react@19.2.7/node_modules/next/dist/next-devtools/shared/forward-logs-shared.js:27
[  923491ms] [LOG] [Fast Refresh] done in 3069ms @ webpack-internal:///(app-pages-browser)/../../node_modules/.pnpm/next@16.1.7_@babel+core@7.29.7_@playwright+test@1.60.0_react-dom@19.2.7_react@19.2.7/node_modules/next/dist/next-devtools/shared/forward-logs-shared.js:27
[  981012ms] [LOG] [Fast Refresh] rebuilding @ webpack-internal:///(app-pages-browser)/../../node_modules/.pnpm/next@16.1.7_@babel+core@7.29.7_@playwright+test@1.60.0_react-dom@19.2.7_react@19.2.7/node_modules/next/dist/next-devtools/shared/forward-logs-shared.js:27
[  982988ms] [WARNING] ../../libs/modules/user/data-access/src/index.ts
export 'ResultInfo' (reexported as 'ResultInfo') was not found in './lib/user.api' (possible exports: deleteUser, getRoleOptions, getTdOptions, getUserDetail, getUserList, resetUserPassword, saveUser, updateUser, updateUserStatus)

Import trace for requested module:
../../libs/modules/user/data-access/src/index.ts
../../libs/modules/user/feature/src/lib/user-list-page.tsx
../../libs/modules/user/feature/src/index.ts
../../libs/shared/util-config/src/lib/module-registry.ts @ webpack-internal:///(app-pages-browser)/../../node_modules/.pnpm/next@16.1.7_@babel+core@7.29.7_@playwright+test@1.60.0_react-dom@19.2.7_react@19.2.7/node_modules/next/dist/next-devtools/shared/forward-logs-shared.js:27
[  983056ms] [LOG] [Fast Refresh] done in 2043ms @ webpack-internal:///(app-pages-browser)/../../node_modules/.pnpm/next@16.1.7_@babel+core@7.29.7_@playwright+test@1.60.0_react-dom@19.2.7_react@19.2.7/node_modules/next/dist/next-devtools/shared/forward-logs-shared.js:27
[ 1041550ms] [LOG] [Fast Refresh] rebuilding @ webpack-internal:///(app-pages-browser)/../../node_modules/.pnpm/next@16.1.7_@babel+core@7.29.7_@playwright+test@1.60.0_react-dom@19.2.7_react@19.2.7/node_modules/next/dist/next-devtools/shared/forward-logs-shared.js:27
[ 1044293ms] [WARNING] ../../libs/modules/user/data-access/src/index.ts
export 'ResultInfo' (reexported as 'ResultInfo') was not found in './lib/user.api' (possible exports: deleteUser, getRoleOptions, getTdOptions, getUserDetail, getUserList, resetUserPassword, saveUser, updateUser, updateUserStatus)

Import trace for requested module:
../../libs/modules/user/data-access/src/index.ts
../../libs/modules/user/feature/src/lib/user-list-page.tsx
../../libs/modules/user/feature/src/index.ts
../../libs/shared/util-config/src/lib/module-registry.ts @ webpack-internal:///(app-pages-browser)/../../node_modules/.pnpm/next@16.1.7_@babel+core@7.29.7_@playwright+test@1.60.0_react-dom@19.2.7_react@19.2.7/node_modules/next/dist/next-devtools/shared/forward-logs-shared.js:27
[ 1044321ms] [LOG] [Fast Refresh] done in 2772ms @ webpack-internal:///(app-pages-browser)/../../node_modules/.pnpm/next@16.1.7_@babel+core@7.29.7_@playwright+test@1.60.0_react-dom@19.2.7_react@19.2.7/node_modules/next/dist/next-devtools/shared/forward-logs-shared.js:27
[ 1102071ms] [LOG] [Fast Refresh] rebuilding @ webpack-internal:///(app-pages-browser)/../../node_modules/.pnpm/next@16.1.7_@babel+core@7.29.7_@playwright+test@1.60.0_react-dom@19.2.7_react@19.2.7/node_modules/next/dist/next-devtools/shared/forward-logs-shared.js:27
[ 1104226ms] [WARNING] ../../libs/modules/user/data-access/src/index.ts
export 'ResultInfo' (reexported as 'ResultInfo') was not found in './lib/user.api' (possible exports: deleteUser, getRoleOptions, getTdOptions, getUserDetail, getUserList, resetUserPassword, saveUser, updateUser, updateUserStatus)

Import trace for requested module:
../../libs/modules/user/data-access/src/index.ts
../../libs/modules/user/feature/src/lib/user-list-page.tsx
../../libs/modules/user/feature/src/index.ts
../../libs/shared/util-config/src/lib/module-registry.ts @ webpack-internal:///(app-pages-browser)/../../node_modules/.pnpm/next@16.1.7_@babel+core@7.29.7_@playwright+test@1.60.0_react-dom@19.2.7_react@19.2.7/node_modules/next/dist/next-devtools/shared/forward-logs-shared.js:27
[ 1104269ms] [LOG] [Fast Refresh] done in 2199ms @ webpack-internal:///(app-pages-browser)/../../node_modules/.pnpm/next@16.1.7_@babel+core@7.29.7_@playwright+test@1.60.0_react-dom@19.2.7_react@19.2.7/node_modules/next/dist/next-devtools/shared/forward-logs-shared.js:27
[ 1162728ms] [LOG] [Fast Refresh] rebuilding @ webpack-internal:///(app-pages-browser)/../../node_modules/.pnpm/next@16.1.7_@babel+core@7.29.7_@playwright+test@1.60.0_react-dom@19.2.7_react@19.2.7/node_modules/next/dist/next-devtools/shared/forward-logs-shared.js:27
[ 1165326ms] [WARNING] ../../libs/modules/user/data-access/src/index.ts
export 'ResultInfo' (reexported as 'ResultInfo') was not found in './lib/user.api' (possible exports: deleteUser, getRoleOptions, getTdOptions, getUserDetail, getUserList, resetUserPassword, saveUser, updateUser, updateUserStatus)

Import trace for requested module:
../../libs/modules/user/data-access/src/index.ts
../../libs/modules/user/feature/src/lib/user-list-page.tsx
../../libs/modules/user/feature/src/index.ts
../../libs/shared/util-config/src/lib/module-registry.ts @ webpack-internal:///(app-pages-browser)/../../node_modules/.pnpm/next@16.1.7_@babel+core@7.29.7_@playwright+test@1.60.0_react-dom@19.2.7_react@19.2.7/node_modules/next/dist/next-devtools/shared/forward-logs-shared.js:27
[ 1165367ms] [LOG] [Fast Refresh] done in 2639ms @ webpack-internal:///(app-pages-browser)/../../node_modules/.pnpm/next@16.1.7_@babel+core@7.29.7_@playwright+test@1.60.0_react-dom@19.2.7_react@19.2.7/node_modules/next/dist/next-devtools/shared/forward-logs-shared.js:27
[ 1223282ms] [LOG] [Fast Refresh] rebuilding @ webpack-internal:///(app-pages-browser)/../../node_modules/.pnpm/next@16.1.7_@babel+core@7.29.7_@playwright+test@1.60.0_react-dom@19.2.7_react@19.2.7/node_modules/next/dist/next-devtools/shared/forward-logs-shared.js:27
[ 1225420ms] [WARNING] ../../libs/modules/user/data-access/src/index.ts
export 'ResultInfo' (reexported as 'ResultInfo') was not found in './lib/user.api' (possible exports: deleteUser, getRoleOptions, getTdOptions, getUserDetail, getUserList, resetUserPassword, saveUser, updateUser, updateUserStatus)

Import trace for requested module:
../../libs/modules/user/data-access/src/index.ts
../../libs/modules/user/feature/src/lib/user-list-page.tsx
../../libs/modules/user/feature/src/index.ts
../../libs/shared/util-config/src/lib/module-registry.ts @ webpack-internal:///(app-pages-browser)/../../node_modules/.pnpm/next@16.1.7_@babel+core@7.29.7_@playwright+test@1.60.0_react-dom@19.2.7_react@19.2.7/node_modules/next/dist/next-devtools/shared/forward-logs-shared.js:27
[ 1225480ms] [LOG] [Fast Refresh] done in 2197ms @ webpack-internal:///(app-pages-browser)/../../node_modules/.pnpm/next@16.1.7_@babel+core@7.29.7_@playwright+test@1.60.0_react-dom@19.2.7_react@19.2.7/node_modules/next/dist/next-devtools/shared/forward-logs-shared.js:27
[ 1226607ms] [LOG] [Fast Refresh] rebuilding @ webpack-internal:///(app-pages-browser)/../../node_modules/.pnpm/next@16.1.7_@babel+core@7.29.7_@playwright+test@1.60.0_react-dom@19.2.7_react@19.2.7/node_modules/next/dist/next-devtools/shared/forward-logs-shared.js:27
[ 1230328ms] [WARNING] ../../libs/modules/user/data-access/src/index.ts
export 'ResultInfo' (reexported as 'ResultInfo') was not found in './lib/user.api' (possible exports: deleteUser, getRoleOptions, getTdOptions, getUserDetail, getUserList, resetUserPassword, saveUser, updateUser, updateUserStatus)

Import trace for requested module:
../../libs/modules/user/data-access/src/index.ts
../../libs/modules/user/feature/src/lib/user-list-page.tsx
../../libs/modules/user/feature/src/index.ts
../../libs/shared/util-config/src/lib/module-registry.ts @ webpack-internal:///(app-pages-browser)/../../node_modules/.pnpm/next@16.1.7_@babel+core@7.29.7_@playwright+test@1.60.0_react-dom@19.2.7_react@19.2.7/node_modules/next/dist/next-devtools/shared/forward-logs-shared.js:27
[ 1230371ms] [LOG] [Fast Refresh] done in 3764ms @ webpack-internal:///(app-pages-browser)/../../node_modules/.pnpm/next@16.1.7_@babel+core@7.29.7_@playwright+test@1.60.0_react-dom@19.2.7_react@19.2.7/node_modules/next/dist/next-devtools/shared/forward-logs-shared.js:27
[ 1230517ms] [LOG] [Fast Refresh] rebuilding @ webpack-internal:///(app-pages-browser)/../../node_modules/.pnpm/next@16.1.7_@babel+core@7.29.7_@playwright+test@1.60.0_react-dom@19.2.7_react@19.2.7/node_modules/next/dist/next-devtools/shared/forward-logs-shared.js:27
[ 1235342ms] [WARNING] ../../libs/modules/user/data-access/src/index.ts
export 'ResultInfo' (reexported as 'ResultInfo') was not found in './lib/user.api' (possible exports: deleteUser, getRoleOptions, getTdOptions, getUserDetail, getUserList, resetUserPassword, saveUser, updateUser, updateUserStatus)

Import trace for requested module:
../../libs/modules/user/data-access/src/index.ts
../../libs/modules/user/feature/src/lib/user-list-page.tsx
../../libs/modules/user/feature/src/index.ts
../../libs/shared/util-config/src/lib/module-registry.ts @ webpack-internal:///(app-pages-browser)/../../node_modules/.pnpm/next@16.1.7_@babel+core@7.29.7_@playwright+test@1.60.0_react-dom@19.2.7_react@19.2.7/node_modules/next/dist/next-devtools/shared/forward-logs-shared.js:27
[ 1235343ms] [LOG] [Fast Refresh] done in 4825ms @ webpack-internal:///(app-pages-browser)/../../node_modules/.pnpm/next@16.1.7_@babel+core@7.29.7_@playwright+test@1.60.0_react-dom@19.2.7_react@19.2.7/node_modules/next/dist/next-devtools/shared/forward-logs-shared.js:27
[ 1235442ms] [ERROR] Failed to load resource: the server responded with a status of 500 (Internal Server Error) @ http://localhost:3001/zh-CN/tokenized-deposit/edit?code=SMOKE_TEST_INVALID&_rsc=1d3i9:0
[ 1237615ms] [INFO] %cDownload the React DevTools for a better development experience: https://react.dev/link/react-devtools font-weight:bold @ webpack-internal:///(app-pages-browser)/../../node_modules/.pnpm/next@16.1.7_@babel+core@7.29.7_@playwright+test@1.60.0_react-dom@19.2.7_react@19.2.7/node_modules/next/dist/next-devtools/shared/forward-logs-shared.js:27
[ 1237991ms] [LOG] [HMR] connected @ webpack-internal:///(app-pages-browser)/../../node_modules/.pnpm/next@16.1.7_@babel+core@7.29.7_@playwright+test@1.60.0_react-dom@19.2.7_react@19.2.7/node_modules/next/dist/next-devtools/shared/forward-logs-shared.js:27
[ 1238022ms] [WARNING] ../../libs/modules/user/data-access/src/index.ts
export 'ResultInfo' (reexported as 'ResultInfo') was not found in './lib/user.api' (possible exports: deleteUser, getRoleOptions, getTdOptions, getUserDetail, getUserList, resetUserPassword, saveUser, updateUser, updateUserStatus) @ webpack-internal:///(app-pages-browser)/../../node_modules/.pnpm/next@16.1.7_@babel+core@7.29.7_@playwright+test@1.60.0_react-dom@19.2.7_react@19.2.7/node_modules/next/dist/next-devtools/shared/forward-logs-shared.js:27
[ 1257970ms] [LOG] [Fast Refresh] rebuilding @ webpack-internal:///(app-pages-browser)/../../node_modules/.pnpm/next@16.1.7_@babel+core@7.29.7_@playwright+test@1.60.0_react-dom@19.2.7_react@19.2.7/node_modules/next/dist/next-devtools/shared/forward-logs-shared.js:27
[ 1264730ms] [WARNING] ../../libs/modules/user/data-access/src/index.ts
export 'ResultInfo' (reexported as 'ResultInfo') was not found in './lib/user.api' (possible exports: deleteUser, getRoleOptions, getTdOptions, getUserDetail, getUserList, resetUserPassword, saveUser, updateUser, updateUserStatus)

Import trace for requested module:
../../libs/modules/user/data-access/src/index.ts
../../libs/modules/user/feature/src/lib/user-list-page.tsx
../../libs/modules/user/feature/src/index.ts
../../libs/shared/util-config/src/lib/module-registry.ts @ webpack-internal:///(app-pages-browser)/../../node_modules/.pnpm/next@16.1.7_@babel+core@7.29.7_@playwright+test@1.60.0_react-dom@19.2.7_react@19.2.7/node_modules/next/dist/next-devtools/shared/forward-logs-shared.js:27
[ 1264763ms] [LOG] [Fast Refresh] done in 6794ms @ webpack-internal:///(app-pages-browser)/../../node_modules/.pnpm/next@16.1.7_@babel+core@7.29.7_@playwright+test@1.60.0_react-dom@19.2.7_react@19.2.7/node_modules/next/dist/next-devtools/shared/forward-logs-shared.js:27
[ 1284169ms] [LOG] [Fast Refresh] rebuilding @ webpack-internal:///(app-pages-browser)/../../node_modules/.pnpm/next@16.1.7_@babel+core@7.29.7_@playwright+test@1.60.0_react-dom@19.2.7_react@19.2.7/node_modules/next/dist/next-devtools/shared/forward-logs-shared.js:27
[ 1285944ms] [WARNING] ../../libs/modules/user/data-access/src/index.ts
export 'ResultInfo' (reexported as 'ResultInfo') was not found in './lib/user.api' (possible exports: deleteUser, getRoleOptions, getTdOptions, getUserDetail, getUserList, resetUserPassword, saveUser, updateUser, updateUserStatus)

Import trace for requested module:
../../libs/modules/user/data-access/src/index.ts
../../libs/modules/user/feature/src/lib/user-list-page.tsx
../../libs/modules/user/feature/src/index.ts
../../libs/shared/util-config/src/lib/module-registry.ts @ webpack-internal:///(app-pages-browser)/../../node_modules/.pnpm/next@16.1.7_@babel+core@7.29.7_@playwright+test@1.60.0_react-dom@19.2.7_react@19.2.7/node_modules/next/dist/next-devtools/shared/forward-logs-shared.js:27
[ 1285983ms] [LOG] [Fast Refresh] done in 1813ms @ webpack-internal:///(app-pages-browser)/../../node_modules/.pnpm/next@16.1.7_@babel+core@7.29.7_@playwright+test@1.60.0_react-dom@19.2.7_react@19.2.7/node_modules/next/dist/next-devtools/shared/forward-logs-shared.js:27
[ 1344739ms] [LOG] [Fast Refresh] rebuilding @ webpack-internal:///(app-pages-browser)/../../node_modules/.pnpm/next@16.1.7_@babel+core@7.29.7_@playwright+test@1.60.0_react-dom@19.2.7_react@19.2.7/node_modules/next/dist/next-devtools/shared/forward-logs-shared.js:27
[ 1346855ms] [WARNING] ../../libs/modules/user/data-access/src/index.ts
export 'ResultInfo' (reexported as 'ResultInfo') was not found in './lib/user.api' (possible exports: deleteUser, getRoleOptions, getTdOptions, getUserDetail, getUserList, resetUserPassword, saveUser, updateUser, updateUserStatus)

Import trace for requested module:
../../libs/modules/user/data-access/src/index.ts
../../libs/modules/user/feature/src/lib/user-list-page.tsx
../../libs/modules/user/feature/src/index.ts
../../libs/shared/util-config/src/lib/module-registry.ts @ webpack-internal:///(app-pages-browser)/../../node_modules/.pnpm/next@16.1.7_@babel+core@7.29.7_@playwright+test@1.60.0_react-dom@19.2.7_react@19.2.7/node_modules/next/dist/next-devtools/shared/forward-logs-shared.js:27
[ 1346895ms] [LOG] [Fast Refresh] done in 2156ms @ webpack-internal:///(app-pages-browser)/../../node_modules/.pnpm/next@16.1.7_@babel+core@7.29.7_@playwright+test@1.60.0_react-dom@19.2.7_react@19.2.7/node_modules/next/dist/next-devtools/shared/forward-logs-shared.js:27
[ 1405233ms] [LOG] [Fast Refresh] rebuilding @ webpack-internal:///(app-pages-browser)/../../node_modules/.pnpm/next@16.1.7_@babel+core@7.29.7_@playwright+test@1.60.0_react-dom@19.2.7_react@19.2.7/node_modules/next/dist/next-devtools/shared/forward-logs-shared.js:27
[ 1407923ms] [WARNING] ../../libs/modules/user/data-access/src/index.ts
export 'ResultInfo' (reexported as 'ResultInfo') was not found in './lib/user.api' (possible exports: deleteUser, getRoleOptions, getTdOptions, getUserDetail, getUserList, resetUserPassword, saveUser, updateUser, updateUserStatus)

Import trace for requested module:
../../libs/modules/user/data-access/src/index.ts
../../libs/modules/user/feature/src/lib/user-list-page.tsx
../../libs/modules/user/feature/src/index.ts
../../libs/shared/util-config/src/lib/module-registry.ts @ webpack-internal:///(app-pages-browser)/../../node_modules/.pnpm/next@16.1.7_@babel+core@7.29.7_@playwright+test@1.60.0_react-dom@19.2.7_react@19.2.7/node_modules/next/dist/next-devtools/shared/forward-logs-shared.js:27
[ 1407954ms] [LOG] [Fast Refresh] done in 2721ms @ webpack-internal:///(app-pages-browser)/../../node_modules/.pnpm/next@16.1.7_@babel+core@7.29.7_@playwright+test@1.60.0_react-dom@19.2.7_react@19.2.7/node_modules/next/dist/next-devtools/shared/forward-logs-shared.js:27
[ 1465890ms] [LOG] [Fast Refresh] rebuilding @ webpack-internal:///(app-pages-browser)/../../node_modules/.pnpm/next@16.1.7_@babel+core@7.29.7_@playwright+test@1.60.0_react-dom@19.2.7_react@19.2.7/node_modules/next/dist/next-devtools/shared/forward-logs-shared.js:27
[ 1467962ms] [WARNING] ../../libs/modules/user/data-access/src/index.ts
export 'ResultInfo' (reexported as 'ResultInfo') was not found in './lib/user.api' (possible exports: deleteUser, getRoleOptions, getTdOptions, getUserDetail, getUserList, resetUserPassword, saveUser, updateUser, updateUserStatus)

Import trace for requested module:
../../libs/modules/user/data-access/src/index.ts
../../libs/modules/user/feature/src/lib/user-list-page.tsx
../../libs/modules/user/feature/src/index.ts
../../libs/shared/util-config/src/lib/module-registry.ts @ webpack-internal:///(app-pages-browser)/../../node_modules/.pnpm/next@16.1.7_@babel+core@7.29.7_@playwright+test@1.60.0_react-dom@19.2.7_react@19.2.7/node_modules/next/dist/next-devtools/shared/forward-logs-shared.js:27
[ 1467999ms] [LOG] [Fast Refresh] done in 2110ms @ webpack-internal:///(app-pages-browser)/../../node_modules/.pnpm/next@16.1.7_@babel+core@7.29.7_@playwright+test@1.60.0_react-dom@19.2.7_react@19.2.7/node_modules/next/dist/next-devtools/shared/forward-logs-shared.js:27
[ 1526336ms] [LOG] [Fast Refresh] rebuilding @ webpack-internal:///(app-pages-browser)/../../node_modules/.pnpm/next@16.1.7_@babel+core@7.29.7_@playwright+test@1.60.0_react-dom@19.2.7_react@19.2.7/node_modules/next/dist/next-devtools/shared/forward-logs-shared.js:27
[ 1529173ms] [WARNING] ../../libs/modules/user/data-access/src/index.ts
export 'ResultInfo' (reexported as 'ResultInfo') was not found in './lib/user.api' (possible exports: deleteUser, getRoleOptions, getTdOptions, getUserDetail, getUserList, resetUserPassword, saveUser, updateUser, updateUserStatus)

Import trace for requested module:
../../libs/modules/user/data-access/src/index.ts
../../libs/modules/user/feature/src/lib/user-list-page.tsx
../../libs/modules/user/feature/src/index.ts
../../libs/shared/util-config/src/lib/module-registry.ts @ webpack-internal:///(app-pages-browser)/../../node_modules/.pnpm/next@16.1.7_@babel+core@7.29.7_@playwright+test@1.60.0_react-dom@19.2.7_react@19.2.7/node_modules/next/dist/next-devtools/shared/forward-logs-shared.js:27
[ 1529210ms] [LOG] [Fast Refresh] done in 2874ms @ webpack-internal:///(app-pages-browser)/../../node_modules/.pnpm/next@16.1.7_@babel+core@7.29.7_@playwright+test@1.60.0_react-dom@19.2.7_react@19.2.7/node_modules/next/dist/next-devtools/shared/forward-logs-shared.js:27
[ 1586935ms] [LOG] [Fast Refresh] rebuilding @ webpack-internal:///(app-pages-browser)/../../node_modules/.pnpm/next@16.1.7_@babel+core@7.29.7_@playwright+test@1.60.0_react-dom@19.2.7_react@19.2.7/node_modules/next/dist/next-devtools/shared/forward-logs-shared.js:27
[ 1588914ms] [WARNING] ../../libs/modules/user/data-access/src/index.ts
export 'ResultInfo' (reexported as 'ResultInfo') was not found in './lib/user.api' (possible exports: deleteUser, getRoleOptions, getTdOptions, getUserDetail, getUserList, resetUserPassword, saveUser, updateUser, updateUserStatus)

Import trace for requested module:
../../libs/modules/user/data-access/src/index.ts
../../libs/modules/user/feature/src/lib/user-list-page.tsx
../../libs/modules/user/feature/src/index.ts
../../libs/shared/util-config/src/lib/module-registry.ts @ webpack-internal:///(app-pages-browser)/../../node_modules/.pnpm/next@16.1.7_@babel+core@7.29.7_@playwright+test@1.60.0_react-dom@19.2.7_react@19.2.7/node_modules/next/dist/next-devtools/shared/forward-logs-shared.js:27
[ 1588956ms] [LOG] [Fast Refresh] done in 2021ms @ webpack-internal:///(app-pages-browser)/../../node_modules/.pnpm/next@16.1.7_@babel+core@7.29.7_@playwright+test@1.60.0_react-dom@19.2.7_react@19.2.7/node_modules/next/dist/next-devtools/shared/forward-logs-shared.js:27
[ 1647511ms] [LOG] [Fast Refresh] rebuilding @ webpack-internal:///(app-pages-browser)/../../node_modules/.pnpm/next@16.1.7_@babel+core@7.29.7_@playwright+test@1.60.0_react-dom@19.2.7_react@19.2.7/node_modules/next/dist/next-devtools/shared/forward-logs-shared.js:27
[ 1650312ms] [WARNING] ../../libs/modules/user/data-access/src/index.ts
export 'ResultInfo' (reexported as 'ResultInfo') was not found in './lib/user.api' (possible exports: deleteUser, getRoleOptions, getTdOptions, getUserDetail, getUserList, resetUserPassword, saveUser, updateUser, updateUserStatus)

Import trace for requested module:
../../libs/modules/user/data-access/src/index.ts
../../libs/modules/user/feature/src/lib/user-list-page.tsx
../../libs/modules/user/feature/src/index.ts
../../libs/shared/util-config/src/lib/module-registry.ts @ webpack-internal:///(app-pages-browser)/../../node_modules/.pnpm/next@16.1.7_@babel+core@7.29.7_@playwright+test@1.60.0_react-dom@19.2.7_react@19.2.7/node_modules/next/dist/next-devtools/shared/forward-logs-shared.js:27
[ 1650334ms] [LOG] [Fast Refresh] done in 2824ms @ webpack-internal:///(app-pages-browser)/../../node_modules/.pnpm/next@16.1.7_@babel+core@7.29.7_@playwright+test@1.60.0_react-dom@19.2.7_react@19.2.7/node_modules/next/dist/next-devtools/shared/forward-logs-shared.js:27
[ 1708104ms] [LOG] [Fast Refresh] rebuilding @ webpack-internal:///(app-pages-browser)/../../node_modules/.pnpm/next@16.1.7_@babel+core@7.29.7_@playwright+test@1.60.0_react-dom@19.2.7_react@19.2.7/node_modules/next/dist/next-devtools/shared/forward-logs-shared.js:27
[ 1710245ms] [WARNING] ../../libs/modules/user/data-access/src/index.ts
export 'ResultInfo' (reexported as 'ResultInfo') was not found in './lib/user.api' (possible exports: deleteUser, getRoleOptions, getTdOptions, getUserDetail, getUserList, resetUserPassword, saveUser, updateUser, updateUserStatus)

Import trace for requested module:
../../libs/modules/user/data-access/src/index.ts
../../libs/modules/user/feature/src/lib/user-list-page.tsx
../../libs/modules/user/feature/src/index.ts
../../libs/shared/util-config/src/lib/module-registry.ts @ webpack-internal:///(app-pages-browser)/../../node_modules/.pnpm/next@16.1.7_@babel+core@7.29.7_@playwright+test@1.60.0_react-dom@19.2.7_react@19.2.7/node_modules/next/dist/next-devtools/shared/forward-logs-shared.js:27
[ 1710295ms] [LOG] [Fast Refresh] done in 2191ms @ webpack-internal:///(app-pages-browser)/../../node_modules/.pnpm/next@16.1.7_@babel+core@7.29.7_@playwright+test@1.60.0_react-dom@19.2.7_react@19.2.7/node_modules/next/dist/next-devtools/shared/forward-logs-shared.js:27
[ 1768653ms] [LOG] [Fast Refresh] rebuilding @ webpack-internal:///(app-pages-browser)/../../node_modules/.pnpm/next@16.1.7_@babel+core@7.29.7_@playwright+test@1.60.0_react-dom@19.2.7_react@19.2.7/node_modules/next/dist/next-devtools/shared/forward-logs-shared.js:27
[ 1771229ms] [WARNING] ../../libs/modules/user/data-access/src/index.ts
export 'ResultInfo' (reexported as 'ResultInfo') was not found in './lib/user.api' (possible exports: deleteUser, getRoleOptions, getTdOptions, getUserDetail, getUserList, resetUserPassword, saveUser, updateUser, updateUserStatus)

Import trace for requested module:
../../libs/modules/user/data-access/src/index.ts
../../libs/modules/user/feature/src/lib/user-list-page.tsx
../../libs/modules/user/feature/src/index.ts
../../libs/shared/util-config/src/lib/module-registry.ts @ webpack-internal:///(app-pages-browser)/../../node_modules/.pnpm/next@16.1.7_@babel+core@7.29.7_@playwright+test@1.60.0_react-dom@19.2.7_react@19.2.7/node_modules/next/dist/next-devtools/shared/forward-logs-shared.js:27
[ 1771281ms] [LOG] [Fast Refresh] done in 2628ms @ webpack-internal:///(app-pages-browser)/../../node_modules/.pnpm/next@16.1.7_@babel+core@7.29.7_@playwright+test@1.60.0_react-dom@19.2.7_react@19.2.7/node_modules/next/dist/next-devtools/shared/forward-logs-shared.js:27
[ 1829230ms] [LOG] [Fast Refresh] rebuilding @ webpack-internal:///(app-pages-browser)/../../node_modules/.pnpm/next@16.1.7_@babel+core@7.29.7_@playwright+test@1.60.0_react-dom@19.2.7_react@19.2.7/node_modules/next/dist/next-devtools/shared/forward-logs-shared.js:27
[ 1831222ms] [WARNING] ../../libs/modules/user/data-access/src/index.ts
export 'ResultInfo' (reexported as 'ResultInfo') was not found in './lib/user.api' (possible exports: deleteUser, getRoleOptions, getTdOptions, getUserDetail, getUserList, resetUserPassword, saveUser, updateUser, updateUserStatus)

Import trace for requested module:
../../libs/modules/user/data-access/src/index.ts
../../libs/modules/user/feature/src/lib/user-list-page.tsx
../../libs/modules/user/feature/src/index.ts
../../libs/shared/util-config/src/lib/module-registry.ts @ webpack-internal:///(app-pages-browser)/../../node_modules/.pnpm/next@16.1.7_@babel+core@7.29.7_@playwright+test@1.60.0_react-dom@19.2.7_react@19.2.7/node_modules/next/dist/next-devtools/shared/forward-logs-shared.js:27
[ 1831271ms] [LOG] [Fast Refresh] done in 2041ms @ webpack-internal:///(app-pages-browser)/../../node_modules/.pnpm/next@16.1.7_@babel+core@7.29.7_@playwright+test@1.60.0_react-dom@19.2.7_react@19.2.7/node_modules/next/dist/next-devtools/shared/forward-logs-shared.js:27
[ 1889800ms] [LOG] [Fast Refresh] rebuilding @ webpack-internal:///(app-pages-browser)/../../node_modules/.pnpm/next@16.1.7_@babel+core@7.29.7_@playwright+test@1.60.0_react-dom@19.2.7_react@19.2.7/node_modules/next/dist/next-devtools/shared/forward-logs-shared.js:27
[ 1892374ms] [WARNING] ../../libs/modules/user/data-access/src/index.ts
export 'ResultInfo' (reexported as 'ResultInfo') was not found in './lib/user.api' (possible exports: deleteUser, getRoleOptions, getTdOptions, getUserDetail, getUserList, resetUserPassword, saveUser, updateUser, updateUserStatus)

Import trace for requested module:
../../libs/modules/user/data-access/src/index.ts
../../libs/modules/user/feature/src/lib/user-list-page.tsx
../../libs/modules/user/feature/src/index.ts
../../libs/shared/util-config/src/lib/module-registry.ts @ webpack-internal:///(app-pages-browser)/../../node_modules/.pnpm/next@16.1.7_@babel+core@7.29.7_@playwright+test@1.60.0_react-dom@19.2.7_react@19.2.7/node_modules/next/dist/next-devtools/shared/forward-logs-shared.js:27
[ 1892417ms] [LOG] [Fast Refresh] done in 2616ms @ webpack-internal:///(app-pages-browser)/../../node_modules/.pnpm/next@16.1.7_@babel+core@7.29.7_@playwright+test@1.60.0_react-dom@19.2.7_react@19.2.7/node_modules/next/dist/next-devtools/shared/forward-logs-shared.js:27
[ 1950375ms] [LOG] [Fast Refresh] rebuilding @ webpack-internal:///(app-pages-browser)/../../node_modules/.pnpm/next@16.1.7_@babel+core@7.29.7_@playwright+test@1.60.0_react-dom@19.2.7_react@19.2.7/node_modules/next/dist/next-devtools/shared/forward-logs-shared.js:27
[ 1952235ms] [WARNING] ../../libs/modules/user/data-access/src/index.ts
export 'ResultInfo' (reexported as 'ResultInfo') was not found in './lib/user.api' (possible exports: deleteUser, getRoleOptions, getTdOptions, getUserDetail, getUserList, resetUserPassword, saveUser, updateUser, updateUserStatus)

Import trace for requested module:
../../libs/modules/user/data-access/src/index.ts
../../libs/modules/user/feature/src/lib/user-list-page.tsx
../../libs/modules/user/feature/src/index.ts
../../libs/shared/util-config/src/lib/module-registry.ts @ webpack-internal:///(app-pages-browser)/../../node_modules/.pnpm/next@16.1.7_@babel+core@7.29.7_@playwright+test@1.60.0_react-dom@19.2.7_react@19.2.7/node_modules/next/dist/next-devtools/shared/forward-logs-shared.js:27
[ 1952276ms] [LOG] [Fast Refresh] done in 1902ms @ webpack-internal:///(app-pages-browser)/../../node_modules/.pnpm/next@16.1.7_@babel+core@7.29.7_@playwright+test@1.60.0_react-dom@19.2.7_react@19.2.7/node_modules/next/dist/next-devtools/shared/forward-logs-shared.js:27
[ 2010870ms] [LOG] [Fast Refresh] rebuilding @ webpack-internal:///(app-pages-browser)/../../node_modules/.pnpm/next@16.1.7_@babel+core@7.29.7_@playwright+test@1.60.0_react-dom@19.2.7_react@19.2.7/node_modules/next/dist/next-devtools/shared/forward-logs-shared.js:27
[ 2013554ms] [WARNING] ../../libs/modules/user/data-access/src/index.ts
export 'ResultInfo' (reexported as 'ResultInfo') was not found in './lib/user.api' (possible exports: deleteUser, getRoleOptions, getTdOptions, getUserDetail, getUserList, resetUserPassword, saveUser, updateUser, updateUserStatus)

Import trace for requested module:
../../libs/modules/user/data-access/src/index.ts
../../libs/modules/user/feature/src/lib/user-list-page.tsx
../../libs/modules/user/feature/src/index.ts
../../libs/shared/util-config/src/lib/module-registry.ts @ webpack-internal:///(app-pages-browser)/../../node_modules/.pnpm/next@16.1.7_@babel+core@7.29.7_@playwright+test@1.60.0_react-dom@19.2.7_react@19.2.7/node_modules/next/dist/next-devtools/shared/forward-logs-shared.js:27
[ 2013594ms] [LOG] [Fast Refresh] done in 2724ms @ webpack-internal:///(app-pages-browser)/../../node_modules/.pnpm/next@16.1.7_@babel+core@7.29.7_@playwright+test@1.60.0_react-dom@19.2.7_react@19.2.7/node_modules/next/dist/next-devtools/shared/forward-logs-shared.js:27
[ 2022553ms] [LOG] [Fast Refresh] rebuilding @ webpack-internal:///(app-pages-browser)/../../node_modules/.pnpm/next@16.1.7_@babel+core@7.29.7_@playwright+test@1.60.0_react-dom@19.2.7_react@19.2.7/node_modules/next/dist/next-devtools/shared/forward-logs-shared.js:27
[ 2034750ms] [WARNING] ../../libs/modules/user/data-access/src/index.ts
export 'ResultInfo' (reexported as 'ResultInfo') was not found in './lib/user.api' (possible exports: deleteUser, getRoleOptions, getTdOptions, getUserDetail, getUserList, resetUserPassword, saveUser, updateUser, updateUserStatus)

Import trace for requested module:
../../libs/modules/user/data-access/src/index.ts
../../libs/modules/user/feature/src/lib/user-list-page.tsx
../../libs/modules/user/feature/src/index.ts
../../libs/shared/util-config/src/lib/module-registry.ts @ webpack-internal:///(app-pages-browser)/../../node_modules/.pnpm/next@16.1.7_@babel+core@7.29.7_@playwright+test@1.60.0_react-dom@19.2.7_react@19.2.7/node_modules/next/dist/next-devtools/shared/forward-logs-shared.js:27
[ 2034782ms] [WARNING] [Fast Refresh] performing full reload

Fast Refresh will perform a full reload when you edit a file that's imported by modules outside of the React rendering tree.
You might have a file which exports a React component but also exports a value that is imported by a non-React component file.
Consider migrating the non-React component export to a separate file and importing it into both files.

It is also possible the parent component of the component you edited is a class component, which disables Fast Refresh.
Fast Refresh requires at least one parent function component in your React tree. @ webpack-internal:///(app-pages-browser)/../../node_modules/.pnpm/next@16.1.7_@babel+core@7.29.7_@playwright+test@1.60.0_react-dom@19.2.7_react@19.2.7/node_modules/next/dist/next-devtools/shared/forward-logs-shared.js:27
[ 2038266ms] [INFO] %cDownload the React DevTools for a better development experience: https://react.dev/link/react-devtools font-weight:bold @ webpack-internal:///(app-pages-browser)/../../node_modules/.pnpm/next@16.1.7_@babel+core@7.29.7_@playwright+test@1.60.0_react-dom@19.2.7_react@19.2.7/node_modules/next/dist/next-devtools/shared/forward-logs-shared.js:27
[ 2038806ms] [LOG] [HMR] connected @ webpack-internal:///(app-pages-browser)/../../node_modules/.pnpm/next@16.1.7_@babel+core@7.29.7_@playwright+test@1.60.0_react-dom@19.2.7_react@19.2.7/node_modules/next/dist/next-devtools/shared/forward-logs-shared.js:27
[ 2038867ms] [WARNING] ../../libs/modules/user/data-access/src/index.ts
export 'ResultInfo' (reexported as 'ResultInfo') was not found in './lib/user.api' (possible exports: deleteUser, getRoleOptions, getTdOptions, getUserDetail, getUserList, resetUserPassword, saveUser, updateUser, updateUserStatus) @ webpack-internal:///(app-pages-browser)/../../node_modules/.pnpm/next@16.1.7_@babel+core@7.29.7_@playwright+test@1.60.0_react-dom@19.2.7_react@19.2.7/node_modules/next/dist/next-devtools/shared/forward-logs-shared.js:27
[ 2057896ms] [LOG] [Fast Refresh] rebuilding @ webpack-internal:///(app-pages-browser)/../../node_modules/.pnpm/next@16.1.7_@babel+core@7.29.7_@playwright+test@1.60.0_react-dom@19.2.7_react@19.2.7/node_modules/next/dist/next-devtools/shared/forward-logs-shared.js:27
[ 2064177ms] [WARNING] ../../libs/modules/user/data-access/src/index.ts
export 'ResultInfo' (reexported as 'ResultInfo') was not found in './lib/user.api' (possible exports: deleteUser, getRoleOptions, getTdOptions, getUserDetail, getUserList, resetUserPassword, saveUser, updateUser, updateUserStatus)

Import trace for requested module:
../../libs/modules/user/data-access/src/index.ts
../../libs/modules/user/feature/src/lib/user-list-page.tsx
../../libs/modules/user/feature/src/index.ts
../../libs/shared/util-config/src/lib/module-registry.ts @ webpack-internal:///(app-pages-browser)/../../node_modules/.pnpm/next@16.1.7_@babel+core@7.29.7_@playwright+test@1.60.0_react-dom@19.2.7_react@19.2.7/node_modules/next/dist/next-devtools/shared/forward-logs-shared.js:27
[ 2064207ms] [LOG] [Fast Refresh] rebuilding @ webpack-internal:///(app-pages-browser)/../../node_modules/.pnpm/next@16.1.7_@babel+core@7.29.7_@playwright+test@1.60.0_react-dom@19.2.7_react@19.2.7/node_modules/next/dist/next-devtools/shared/forward-logs-shared.js:27
[ 2064552ms] [LOG] [Fast Refresh] done in 344ms @ webpack-internal:///(app-pages-browser)/../../node_modules/.pnpm/next@16.1.7_@babel+core@7.29.7_@playwright+test@1.60.0_react-dom@19.2.7_react@19.2.7/node_modules/next/dist/next-devtools/shared/forward-logs-shared.js:27
[ 2069708ms] [WARNING] ../../libs/modules/user/data-access/src/index.ts
export 'ResultInfo' (reexported as 'ResultInfo') was not found in './lib/user.api' (possible exports: deleteUser, getRoleOptions, getTdOptions, getUserDetail, getUserList, resetUserPassword, saveUser, updateUser, updateUserStatus)

Import trace for requested module:
../../libs/modules/user/data-access/src/index.ts
../../libs/modules/user/feature/src/lib/user-list-page.tsx
../../libs/modules/user/feature/src/index.ts
../../libs/shared/util-config/src/lib/module-registry.ts @ webpack-internal:///(app-pages-browser)/../../node_modules/.pnpm/next@16.1.7_@babel+core@7.29.7_@playwright+test@1.60.0_react-dom@19.2.7_react@19.2.7/node_modules/next/dist/next-devtools/shared/forward-logs-shared.js:27
[ 2069755ms] [WARNING] [Fast Refresh] performing full reload

Fast Refresh will perform a full reload when you edit a file that's imported by modules outside of the React rendering tree.
You might have a file which exports a React component but also exports a value that is imported by a non-React component file.
Consider migrating the non-React component export to a separate file and importing it into both files.

It is also possible the parent component of the component you edited is a class component, which disables Fast Refresh.
Fast Refresh requires at least one parent function component in your React tree. @ webpack-internal:///(app-pages-browser)/../../node_modules/.pnpm/next@16.1.7_@babel+core@7.29.7_@playwright+test@1.60.0_react-dom@19.2.7_react@19.2.7/node_modules/next/dist/next-devtools/shared/forward-logs-shared.js:27
[ 2073579ms] [WARNING] The resource http://localhost:3001/_next/static/css/app/layout.css?v=1784275340276 was preloaded using link preload but not used within a few seconds from the window's load event. Please make sure it has an appropriate `as` value and it is preloaded intentionally. @ http://localhost:3001/zh-CN/tokenized-deposit/edit?code=SMOKE_TEST_INVALID:0
[ 2073668ms] [LOG] [Fast Refresh] rebuilding @ webpack-internal:///(app-pages-browser)/../../node_modules/.pnpm/next@16.1.7_@babel+core@7.29.7_@playwright+test@1.60.0_react-dom@19.2.7_react@19.2.7/node_modules/next/dist/next-devtools/shared/forward-logs-shared.js:27
[ 2082074ms] [INFO] %cDownload the React DevTools for a better development experience: https://react.dev/link/react-devtools font-weight:bold @ webpack-internal:///(app-pages-browser)/../../node_modules/.pnpm/next@16.1.7_@babel+core@7.29.7_@playwright+test@1.60.0_react-dom@19.2.7_react@19.2.7/node_modules/next/dist/next-devtools/shared/forward-logs-shared.js:27
[ 2082857ms] [LOG] [HMR] connected @ webpack-internal:///(app-pages-browser)/../../node_modules/.pnpm/next@16.1.7_@babel+core@7.29.7_@playwright+test@1.60.0_react-dom@19.2.7_react@19.2.7/node_modules/next/dist/next-devtools/shared/forward-logs-shared.js:27
[ 2082903ms] [WARNING] ../../libs/modules/user/data-access/src/index.ts
export 'ResultInfo' (reexported as 'ResultInfo') was not found in './lib/user.api' (possible exports: deleteUser, getRoleOptions, getTdOptions, getUserDetail, getUserList, resetUserPassword, saveUser, updateUser, updateUserStatus) @ webpack-internal:///(app-pages-browser)/../../node_modules/.pnpm/next@16.1.7_@babel+core@7.29.7_@playwright+test@1.60.0_react-dom@19.2.7_react@19.2.7/node_modules/next/dist/next-devtools/shared/forward-logs-shared.js:27
[ 2082992ms] [LOG] [Fast Refresh] rebuilding @ webpack-internal:///(app-pages-browser)/../../node_modules/.pnpm/next@16.1.7_@babel+core@7.29.7_@playwright+test@1.60.0_react-dom@19.2.7_react@19.2.7/node_modules/next/dist/next-devtools/shared/forward-logs-shared.js:27
[ 2088178ms] [WARNING] ../../libs/modules/user/data-access/src/index.ts
export 'ResultInfo' (reexported as 'ResultInfo') was not found in './lib/user.api' (possible exports: deleteUser, getRoleOptions, getTdOptions, getUserDetail, getUserList, resetUserPassword, saveUser, updateUser, updateUserStatus)

Import trace for requested module:
../../libs/modules/user/data-access/src/index.ts
../../libs/modules/user/feature/src/lib/user-list-page.tsx
../../libs/modules/user/feature/src/index.ts
../../libs/shared/util-config/src/lib/module-registry.ts @ webpack-internal:///(app-pages-browser)/../../node_modules/.pnpm/next@16.1.7_@babel+core@7.29.7_@playwright+test@1.60.0_react-dom@19.2.7_react@19.2.7/node_modules/next/dist/next-devtools/shared/forward-logs-shared.js:27
[ 2088230ms] [LOG] [Fast Refresh] done in 5238ms @ webpack-internal:///(app-pages-browser)/../../node_modules/.pnpm/next@16.1.7_@babel+core@7.29.7_@playwright+test@1.60.0_react-dom@19.2.7_react@19.2.7/node_modules/next/dist/next-devtools/shared/forward-logs-shared.js:27
[ 2131626ms] [LOG] [Fast Refresh] rebuilding @ webpack-internal:///(app-pages-browser)/../../node_modules/.pnpm/next@16.1.7_@babel+core@7.29.7_@playwright+test@1.60.0_react-dom@19.2.7_react@19.2.7/node_modules/next/dist/next-devtools/shared/forward-logs-shared.js:27
[ 2133790ms] [WARNING] ../../libs/modules/user/data-access/src/index.ts
export 'ResultInfo' (reexported as 'ResultInfo') was not found in './lib/user.api' (possible exports: deleteUser, getRoleOptions, getTdOptions, getUserDetail, getUserList, resetUserPassword, saveUser, updateUser, updateUserStatus)

Import trace for requested module:
../../libs/modules/user/data-access/src/index.ts
../../libs/modules/user/feature/src/lib/user-list-page.tsx
../../libs/modules/user/feature/src/index.ts
../../libs/shared/util-config/src/lib/module-registry.ts @ webpack-internal:///(app-pages-browser)/../../node_modules/.pnpm/next@16.1.7_@babel+core@7.29.7_@playwright+test@1.60.0_react-dom@19.2.7_react@19.2.7/node_modules/next/dist/next-devtools/shared/forward-logs-shared.js:27
[ 2133830ms] [LOG] [Fast Refresh] done in 2204ms @ webpack-internal:///(app-pages-browser)/../../node_modules/.pnpm/next@16.1.7_@babel+core@7.29.7_@playwright+test@1.60.0_react-dom@19.2.7_react@19.2.7/node_modules/next/dist/next-devtools/shared/forward-logs-shared.js:27
[ 2137515ms] [LOG] [Fast Refresh] rebuilding @ webpack-internal:///(app-pages-browser)/../../node_modules/.pnpm/next@16.1.7_@babel+core@7.29.7_@playwright+test@1.60.0_react-dom@19.2.7_react@19.2.7/node_modules/next/dist/next-devtools/shared/forward-logs-shared.js:27
[ 2139745ms] [WARNING] ../../libs/modules/user/data-access/src/index.ts
export 'ResultInfo' (reexported as 'ResultInfo') was not found in './lib/user.api' (possible exports: deleteUser, getRoleOptions, getTdOptions, getUserDetail, getUserList, resetUserPassword, saveUser, updateUser, updateUserStatus)

Import trace for requested module:
../../libs/modules/user/data-access/src/index.ts
../../libs/modules/user/feature/src/lib/user-list-page.tsx
../../libs/modules/user/feature/src/index.ts
../../libs/shared/util-config/src/lib/module-registry.ts @ webpack-internal:///(app-pages-browser)/../../node_modules/.pnpm/next@16.1.7_@babel+core@7.29.7_@playwright+test@1.60.0_react-dom@19.2.7_react@19.2.7/node_modules/next/dist/next-devtools/shared/forward-logs-shared.js:27
[ 2140398ms] [LOG] [Fast Refresh] done in 2884ms @ webpack-internal:///(app-pages-browser)/../../node_modules/.pnpm/next@16.1.7_@babel+core@7.29.7_@playwright+test@1.60.0_react-dom@19.2.7_react@19.2.7/node_modules/next/dist/next-devtools/shared/forward-logs-shared.js:27
[ 2157960ms] [LOG] [Fast Refresh] rebuilding @ webpack-internal:///(app-pages-browser)/../../node_modules/.pnpm/next@16.1.7_@babel+core@7.29.7_@playwright+test@1.60.0_react-dom@19.2.7_react@19.2.7/node_modules/next/dist/next-devtools/shared/forward-logs-shared.js:27
[ 2164796ms] [WARNING] ../../libs/modules/user/data-access/src/index.ts
export 'ResultInfo' (reexported as 'ResultInfo') was not found in './lib/user.api' (possible exports: deleteUser, getRoleOptions, getTdOptions, getUserDetail, getUserList, resetUserPassword, saveUser, updateUser, updateUserStatus)

Import trace for requested module:
../../libs/modules/user/data-access/src/index.ts
../../libs/modules/user/feature/src/lib/user-list-page.tsx
../../libs/modules/user/feature/src/index.ts
../../libs/shared/util-config/src/lib/module-registry.ts @ webpack-internal:///(app-pages-browser)/../../node_modules/.pnpm/next@16.1.7_@babel+core@7.29.7_@playwright+test@1.60.0_react-dom@19.2.7_react@19.2.7/node_modules/next/dist/next-devtools/shared/forward-logs-shared.js:27
[ 2165371ms] [LOG] [Fast Refresh] done in 7412ms @ webpack-internal:///(app-pages-browser)/../../node_modules/.pnpm/next@16.1.7_@babel+core@7.29.7_@playwright+test@1.60.0_react-dom@19.2.7_react@19.2.7/node_modules/next/dist/next-devtools/shared/forward-logs-shared.js:27
[ 2184436ms] [LOG] [Fast Refresh] rebuilding @ webpack-internal:///(app-pages-browser)/../../node_modules/.pnpm/next@16.1.7_@babel+core@7.29.7_@playwright+test@1.60.0_react-dom@19.2.7_react@19.2.7/node_modules/next/dist/next-devtools/shared/forward-logs-shared.js:27
[ 2188258ms] [WARNING] ../../libs/modules/user/data-access/src/index.ts
export 'ResultInfo' (reexported as 'ResultInfo') was not found in './lib/user.api' (possible exports: deleteUser, getRoleOptions, getTdOptions, getUserDetail, getUserList, resetUserPassword, saveUser, updateUser, updateUserStatus)

Import trace for requested module:
../../libs/modules/user/data-access/src/index.ts
../../libs/modules/user/feature/src/lib/user-list-page.tsx
../../libs/modules/user/feature/src/index.ts
../../libs/shared/util-config/src/lib/module-registry.ts @ webpack-internal:///(app-pages-browser)/../../node_modules/.pnpm/next@16.1.7_@babel+core@7.29.7_@playwright+test@1.60.0_react-dom@19.2.7_react@19.2.7/node_modules/next/dist/next-devtools/shared/forward-logs-shared.js:27
[ 2188500ms] [LOG] [Fast Refresh] done in 4065ms @ webpack-internal:///(app-pages-browser)/../../node_modules/.pnpm/next@16.1.7_@babel+core@7.29.7_@playwright+test@1.60.0_react-dom@19.2.7_react@19.2.7/node_modules/next/dist/next-devtools/shared/forward-logs-shared.js:27
[ 2191959ms] [LOG] [Fast Refresh] rebuilding @ webpack-internal:///(app-pages-browser)/../../node_modules/.pnpm/next@16.1.7_@babel+core@7.29.7_@playwright+test@1.60.0_react-dom@19.2.7_react@19.2.7/node_modules/next/dist/next-devtools/shared/forward-logs-shared.js:27
[ 2193939ms] [WARNING] ../../libs/modules/user/data-access/src/index.ts
export 'ResultInfo' (reexported as 'ResultInfo') was not found in './lib/user.api' (possible exports: deleteUser, getRoleOptions, getTdOptions, getUserDetail, getUserList, resetUserPassword, saveUser, updateUser, updateUserStatus)

Import trace for requested module:
../../libs/modules/user/data-access/src/index.ts
../../libs/modules/user/feature/src/lib/user-list-page.tsx
../../libs/modules/user/feature/src/index.ts
../../libs/shared/util-config/src/lib/module-registry.ts @ webpack-internal:///(app-pages-browser)/../../node_modules/.pnpm/next@16.1.7_@babel+core@7.29.7_@playwright+test@1.60.0_react-dom@19.2.7_react@19.2.7/node_modules/next/dist/next-devtools/shared/forward-logs-shared.js:27
[ 2193981ms] [LOG] [Fast Refresh] done in 2022ms @ webpack-internal:///(app-pages-browser)/../../node_modules/.pnpm/next@16.1.7_@babel+core@7.29.7_@playwright+test@1.60.0_react-dom@19.2.7_react@19.2.7/node_modules/next/dist/next-devtools/shared/forward-logs-shared.js:27
[ 2252338ms] [LOG] [Fast Refresh] rebuilding @ webpack-internal:///(app-pages-browser)/../../node_modules/.pnpm/next@16.1.7_@babel+core@7.29.7_@playwright+test@1.60.0_react-dom@19.2.7_react@19.2.7/node_modules/next/dist/next-devtools/shared/forward-logs-shared.js:27
[ 2254940ms] [WARNING] ../../libs/modules/user/data-access/src/index.ts
export 'ResultInfo' (reexported as 'ResultInfo') was not found in './lib/user.api' (possible exports: deleteUser, getRoleOptions, getTdOptions, getUserDetail, getUserList, resetUserPassword, saveUser, updateUser, updateUserStatus)

Import trace for requested module:
../../libs/modules/user/data-access/src/index.ts
../../libs/modules/user/feature/src/lib/user-list-page.tsx
../../libs/modules/user/feature/src/index.ts
../../libs/shared/util-config/src/lib/module-registry.ts @ webpack-internal:///(app-pages-browser)/../../node_modules/.pnpm/next@16.1.7_@babel+core@7.29.7_@playwright+test@1.60.0_react-dom@19.2.7_react@19.2.7/node_modules/next/dist/next-devtools/shared/forward-logs-shared.js:27
[ 2255007ms] [LOG] [Fast Refresh] done in 2670ms @ webpack-internal:///(app-pages-browser)/../../node_modules/.pnpm/next@16.1.7_@babel+core@7.29.7_@playwright+test@1.60.0_react-dom@19.2.7_react@19.2.7/node_modules/next/dist/next-devtools/shared/forward-logs-shared.js:27
[ 2261566ms] [INFO] %cDownload the React DevTools for a better development experience: https://react.dev/link/react-devtools font-weight:bold @ webpack-internal:///(app-pages-browser)/../../node_modules/.pnpm/next@16.1.7_@babel+core@7.29.7_@playwright+test@1.60.0_react-dom@19.2.7_react@19.2.7/node_modules/next/dist/next-devtools/shared/forward-logs-shared.js:27
[ 2261949ms] [LOG] [HMR] connected @ webpack-internal:///(app-pages-browser)/../../node_modules/.pnpm/next@16.1.7_@babel+core@7.29.7_@playwright+test@1.60.0_react-dom@19.2.7_react@19.2.7/node_modules/next/dist/next-devtools/shared/forward-logs-shared.js:27
[ 2261981ms] [WARNING] ../../libs/modules/user/data-access/src/index.ts
export 'ResultInfo' (reexported as 'ResultInfo') was not found in './lib/user.api' (possible exports: deleteUser, getRoleOptions, getTdOptions, getUserDetail, getUserList, resetUserPassword, saveUser, updateUser, updateUserStatus) @ webpack-internal:///(app-pages-browser)/../../node_modules/.pnpm/next@16.1.7_@babel+core@7.29.7_@playwright+test@1.60.0_react-dom@19.2.7_react@19.2.7/node_modules/next/dist/next-devtools/shared/forward-logs-shared.js:27
[ 2263062ms] [WARNING] The width(-1) and height(-1) of chart should be greater than 0,
       please check the style of container, or the props width(100%) and height(100%),
       or add a minWidth(0) or minHeight(undefined) or use aspect(undefined) to control the
       height and width. @ webpack-internal:///(app-pages-browser)/../../node_modules/.pnpm/next@16.1.7_@babel+core@7.29.7_@playwright+test@1.60.0_react-dom@19.2.7_react@19.2.7/node_modules/next/dist/next-devtools/shared/forward-logs-shared.js:27
[ 2263063ms] [WARNING] The width(-1) and height(-1) of chart should be greater than 0,
       please check the style of container, or the props width(100%) and height(100%),
       or add a minWidth(0) or minHeight(undefined) or use aspect(undefined) to control the
       height and width. @ webpack-internal:///(app-pages-browser)/../../node_modules/.pnpm/next@16.1.7_@babel+core@7.29.7_@playwright+test@1.60.0_react-dom@19.2.7_react@19.2.7/node_modules/next/dist/next-devtools/shared/forward-logs-shared.js:27
[ 2263071ms] [WARNING] The width(-1) and height(-1) of chart should be greater than 0,
       please check the style of container, or the props width(100%) and height(100%),
       or add a minWidth(0) or minHeight(undefined) or use aspect(undefined) to control the
       height and width. @ webpack-internal:///(app-pages-browser)/../../node_modules/.pnpm/next@16.1.7_@babel+core@7.29.7_@playwright+test@1.60.0_react-dom@19.2.7_react@19.2.7/node_modules/next/dist/next-devtools/shared/forward-logs-shared.js:27
[ 2263071ms] [WARNING] The width(-1) and height(-1) of chart should be greater than 0,
       please check the style of container, or the props width(100%) and height(100%),
       or add a minWidth(0) or minHeight(undefined) or use aspect(undefined) to control the
       height and width. @ webpack-internal:///(app-pages-browser)/../../node_modules/.pnpm/next@16.1.7_@babel+core@7.29.7_@playwright+test@1.60.0_react-dom@19.2.7_react@19.2.7/node_modules/next/dist/next-devtools/shared/forward-logs-shared.js:27
[ 2312791ms] [LOG] [Fast Refresh] rebuilding @ webpack-internal:///(app-pages-browser)/../../node_modules/.pnpm/next@16.1.7_@babel+core@7.29.7_@playwright+test@1.60.0_react-dom@19.2.7_react@19.2.7/node_modules/next/dist/next-devtools/shared/forward-logs-shared.js:27
[ 2314657ms] [WARNING] ../../libs/modules/user/data-access/src/index.ts
export 'ResultInfo' (reexported as 'ResultInfo') was not found in './lib/user.api' (possible exports: deleteUser, getRoleOptions, getTdOptions, getUserDetail, getUserList, resetUserPassword, saveUser, updateUser, updateUserStatus)

Import trace for requested module:
../../libs/modules/user/data-access/src/index.ts
../../libs/modules/user/feature/src/lib/user-list-page.tsx
../../libs/modules/user/feature/src/index.ts
../../libs/shared/util-config/src/lib/module-registry.ts @ webpack-internal:///(app-pages-browser)/../../node_modules/.pnpm/next@16.1.7_@babel+core@7.29.7_@playwright+test@1.60.0_react-dom@19.2.7_react@19.2.7/node_modules/next/dist/next-devtools/shared/forward-logs-shared.js:27
[ 2314902ms] [ERROR] Failed to load resource: the server responded with a status of 404 (Not Found) @ http://localhost:3001/_next/static/webpack/455a23f02d6d9744.webpack.hot-update.json:0
[ 2316418ms] [INFO] %cDownload the React DevTools for a better development experience: https://react.dev/link/react-devtools font-weight:bold @ webpack-internal:///(app-pages-browser)/../../node_modules/.pnpm/next@16.1.7_@babel+core@7.29.7_@playwright+test@1.60.0_react-dom@19.2.7_react@19.2.7/node_modules/next/dist/next-devtools/shared/forward-logs-shared.js:27
[ 2316806ms] [LOG] [HMR] connected @ webpack-internal:///(app-pages-browser)/../../node_modules/.pnpm/next@16.1.7_@babel+core@7.29.7_@playwright+test@1.60.0_react-dom@19.2.7_react@19.2.7/node_modules/next/dist/next-devtools/shared/forward-logs-shared.js:27
[ 2316832ms] [WARNING] ../../libs/modules/user/data-access/src/index.ts
export 'ResultInfo' (reexported as 'ResultInfo') was not found in './lib/user.api' (possible exports: deleteUser, getRoleOptions, getTdOptions, getUserDetail, getUserList, resetUserPassword, saveUser, updateUser, updateUserStatus) @ webpack-internal:///(app-pages-browser)/../../node_modules/.pnpm/next@16.1.7_@babel+core@7.29.7_@playwright+test@1.60.0_react-dom@19.2.7_react@19.2.7/node_modules/next/dist/next-devtools/shared/forward-logs-shared.js:27
[ 2373177ms] [LOG] [Fast Refresh] rebuilding @ webpack-internal:///(app-pages-browser)/../../node_modules/.pnpm/next@16.1.7_@babel+core@7.29.7_@playwright+test@1.60.0_react-dom@19.2.7_react@19.2.7/node_modules/next/dist/next-devtools/shared/forward-logs-shared.js:27
[ 2375409ms] [WARNING] ../../libs/modules/user/data-access/src/index.ts
export 'ResultInfo' (reexported as 'ResultInfo') was not found in './lib/user.api' (possible exports: deleteUser, getRoleOptions, getTdOptions, getUserDetail, getUserList, resetUserPassword, saveUser, updateUser, updateUserStatus)

Import trace for requested module:
../../libs/modules/user/data-access/src/index.ts
../../libs/modules/user/feature/src/lib/user-list-page.tsx
../../libs/modules/user/feature/src/index.ts
../../libs/shared/util-config/src/lib/module-registry.ts @ webpack-internal:///(app-pages-browser)/../../node_modules/.pnpm/next@16.1.7_@babel+core@7.29.7_@playwright+test@1.60.0_react-dom@19.2.7_react@19.2.7/node_modules/next/dist/next-devtools/shared/forward-logs-shared.js:27
[ 2376628ms] [ERROR] Failed to load resource: the server responded with a status of 404 (Not Found) @ http://localhost:3001/_next/static/webpack/cbd3b5016a2beffa.webpack.hot-update.json:0
[ 2378249ms] [INFO] %cDownload the React DevTools for a better development experience: https://react.dev/link/react-devtools font-weight:bold @ webpack-internal:///(app-pages-browser)/../../node_modules/.pnpm/next@16.1.7_@babel+core@7.29.7_@playwright+test@1.60.0_react-dom@19.2.7_react@19.2.7/node_modules/next/dist/next-devtools/shared/forward-logs-shared.js:27
[ 2378462ms] [LOG] [HMR] connected @ webpack-internal:///(app-pages-browser)/../../node_modules/.pnpm/next@16.1.7_@babel+core@7.29.7_@playwright+test@1.60.0_react-dom@19.2.7_react@19.2.7/node_modules/next/dist/next-devtools/shared/forward-logs-shared.js:27
[ 2378494ms] [WARNING] ../../libs/modules/user/data-access/src/index.ts
export 'ResultInfo' (reexported as 'ResultInfo') was not found in './lib/user.api' (possible exports: deleteUser, getRoleOptions, getTdOptions, getUserDetail, getUserList, resetUserPassword, saveUser, updateUser, updateUserStatus) @ webpack-internal:///(app-pages-browser)/../../node_modules/.pnpm/next@16.1.7_@babel+core@7.29.7_@playwright+test@1.60.0_react-dom@19.2.7_react@19.2.7/node_modules/next/dist/next-devtools/shared/forward-logs-shared.js:27
[ 2403523ms] [LOG] [Fast Refresh] rebuilding @ webpack-internal:///(app-pages-browser)/../../node_modules/.pnpm/next@16.1.7_@babel+core@7.29.7_@playwright+test@1.60.0_react-dom@19.2.7_react@19.2.7/node_modules/next/dist/next-devtools/shared/forward-logs-shared.js:27
[ 2408936ms] [WARNING] ../../libs/modules/user/data-access/src/index.ts
export 'ResultInfo' (reexported as 'ResultInfo') was not found in './lib/user.api' (possible exports: deleteUser, getRoleOptions, getTdOptions, getUserDetail, getUserList, resetUserPassword, saveUser, updateUser, updateUserStatus)

Import trace for requested module:
../../libs/modules/user/data-access/src/index.ts
../../libs/modules/user/feature/src/lib/user-list-page.tsx
../../libs/modules/user/feature/src/index.ts
../../libs/shared/util-config/src/lib/module-registry.ts @ webpack-internal:///(app-pages-browser)/../../node_modules/.pnpm/next@16.1.7_@babel+core@7.29.7_@playwright+test@1.60.0_react-dom@19.2.7_react@19.2.7/node_modules/next/dist/next-devtools/shared/forward-logs-shared.js:27
[ 2409664ms] [ERROR] Failed to load resource: the server responded with a status of 404 (Not Found) @ http://localhost:3001/_next/static/webpack/a0a0b69f2c4855a9.webpack.hot-update.json:0
[ 2412146ms] [INFO] %cDownload the React DevTools for a better development experience: https://react.dev/link/react-devtools font-weight:bold @ webpack-internal:///(app-pages-browser)/../../node_modules/.pnpm/next@16.1.7_@babel+core@7.29.7_@playwright+test@1.60.0_react-dom@19.2.7_react@19.2.7/node_modules/next/dist/next-devtools/shared/forward-logs-shared.js:27
[ 2412394ms] [LOG] [HMR] connected @ webpack-internal:///(app-pages-browser)/../../node_modules/.pnpm/next@16.1.7_@babel+core@7.29.7_@playwright+test@1.60.0_react-dom@19.2.7_react@19.2.7/node_modules/next/dist/next-devtools/shared/forward-logs-shared.js:27
[ 2412429ms] [WARNING] ../../libs/modules/user/data-access/src/index.ts
export 'ResultInfo' (reexported as 'ResultInfo') was not found in './lib/user.api' (possible exports: deleteUser, getRoleOptions, getTdOptions, getUserDetail, getUserList, resetUserPassword, saveUser, updateUser, updateUserStatus) @ webpack-internal:///(app-pages-browser)/../../node_modules/.pnpm/next@16.1.7_@babel+core@7.29.7_@playwright+test@1.60.0_react-dom@19.2.7_react@19.2.7/node_modules/next/dist/next-devtools/shared/forward-logs-shared.js:27
[ 2417262ms] [LOG] [Fast Refresh] rebuilding @ webpack-internal:///(app-pages-browser)/../../node_modules/.pnpm/next@16.1.7_@babel+core@7.29.7_@playwright+test@1.60.0_react-dom@19.2.7_react@19.2.7/node_modules/next/dist/next-devtools/shared/forward-logs-shared.js:27
[ 2425594ms] [WARNING] ../../libs/modules/user/data-access/src/index.ts
export 'ResultInfo' (reexported as 'ResultInfo') was not found in './lib/user.api' (possible exports: deleteUser, getRoleOptions, getTdOptions, getUserDetail, getUserList, resetUserPassword, saveUser, updateUser, updateUserStatus)

Import trace for requested module:
../../libs/modules/user/data-access/src/index.ts
../../libs/modules/user/feature/src/lib/user-list-page.tsx
../../libs/modules/user/feature/src/index.ts
../../libs/shared/util-config/src/lib/module-registry.ts @ webpack-internal:///(app-pages-browser)/../../node_modules/.pnpm/next@16.1.7_@babel+core@7.29.7_@playwright+test@1.60.0_react-dom@19.2.7_react@19.2.7/node_modules/next/dist/next-devtools/shared/forward-logs-shared.js:27
[ 2425633ms] [LOG] [Fast Refresh] rebuilding @ webpack-internal:///(app-pages-browser)/../../node_modules/.pnpm/next@16.1.7_@babel+core@7.29.7_@playwright+test@1.60.0_react-dom@19.2.7_react@19.2.7/node_modules/next/dist/next-devtools/shared/forward-logs-shared.js:27
[ 2425791ms] [LOG] [Fast Refresh] done in 158ms @ webpack-internal:///(app-pages-browser)/../../node_modules/.pnpm/next@16.1.7_@babel+core@7.29.7_@playwright+test@1.60.0_react-dom@19.2.7_react@19.2.7/node_modules/next/dist/next-devtools/shared/forward-logs-shared.js:27
[ 2430201ms] [WARNING] ../../libs/modules/user/data-access/src/index.ts
export 'ResultInfo' (reexported as 'ResultInfo') was not found in './lib/user.api' (possible exports: deleteUser, getRoleOptions, getTdOptions, getUserDetail, getUserList, resetUserPassword, saveUser, updateUser, updateUserStatus)

Import trace for requested module:
../../libs/modules/user/data-access/src/index.ts
../../libs/modules/user/feature/src/lib/user-list-page.tsx
../../libs/modules/user/feature/src/index.ts
../../libs/shared/util-config/src/lib/module-registry.ts @ webpack-internal:///(app-pages-browser)/../../node_modules/.pnpm/next@16.1.7_@babel+core@7.29.7_@playwright+test@1.60.0_react-dom@19.2.7_react@19.2.7/node_modules/next/dist/next-devtools/shared/forward-logs-shared.js:27
[ 2430230ms] [LOG] [Fast Refresh] done in 4597ms @ webpack-internal:///(app-pages-browser)/../../node_modules/.pnpm/next@16.1.7_@babel+core@7.29.7_@playwright+test@1.60.0_react-dom@19.2.7_react@19.2.7/node_modules/next/dist/next-devtools/shared/forward-logs-shared.js:27
[ 2433556ms] [LOG] [Fast Refresh] rebuilding @ webpack-internal:///(app-pages-browser)/../../node_modules/.pnpm/next@16.1.7_@babel+core@7.29.7_@playwright+test@1.60.0_react-dom@19.2.7_react@19.2.7/node_modules/next/dist/next-devtools/shared/forward-logs-shared.js:27
[ 2435683ms] [WARNING] ../../libs/modules/user/data-access/src/index.ts
export 'ResultInfo' (reexported as 'ResultInfo') was not found in './lib/user.api' (possible exports: deleteUser, getRoleOptions, getTdOptions, getUserDetail, getUserList, resetUserPassword, saveUser, updateUser, updateUserStatus)

Import trace for requested module:
../../libs/modules/user/data-access/src/index.ts
../../libs/modules/user/feature/src/lib/user-list-page.tsx
../../libs/modules/user/feature/src/index.ts
../../libs/shared/util-config/src/lib/module-registry.ts @ webpack-internal:///(app-pages-browser)/../../node_modules/.pnpm/next@16.1.7_@babel+core@7.29.7_@playwright+test@1.60.0_react-dom@19.2.7_react@19.2.7/node_modules/next/dist/next-devtools/shared/forward-logs-shared.js:27
[ 2435714ms] [LOG] [Fast Refresh] rebuilding @ webpack-internal:///(app-pages-browser)/../../node_modules/.pnpm/next@16.1.7_@babel+core@7.29.7_@playwright+test@1.60.0_react-dom@19.2.7_react@19.2.7/node_modules/next/dist/next-devtools/shared/forward-logs-shared.js:27
[ 2435751ms] [LOG] [Fast Refresh] done in 38ms @ webpack-internal:///(app-pages-browser)/../../node_modules/.pnpm/next@16.1.7_@babel+core@7.29.7_@playwright+test@1.60.0_react-dom@19.2.7_react@19.2.7/node_modules/next/dist/next-devtools/shared/forward-logs-shared.js:27
[ 2440735ms] [WARNING] ../../libs/modules/user/data-access/src/index.ts
export 'ResultInfo' (reexported as 'ResultInfo') was not found in './lib/user.api' (possible exports: deleteUser, getRoleOptions, getTdOptions, getUserDetail, getUserList, resetUserPassword, saveUser, updateUser, updateUserStatus)

Import trace for requested module:
../../libs/modules/user/data-access/src/index.ts
../../libs/modules/user/feature/src/lib/user-list-page.tsx
../../libs/modules/user/feature/src/index.ts
../../libs/shared/util-config/src/lib/module-registry.ts @ webpack-internal:///(app-pages-browser)/../../node_modules/.pnpm/next@16.1.7_@babel+core@7.29.7_@playwright+test@1.60.0_react-dom@19.2.7_react@19.2.7/node_modules/next/dist/next-devtools/shared/forward-logs-shared.js:27
[ 2440758ms] [LOG] [Fast Refresh] rebuilding @ webpack-internal:///(app-pages-browser)/../../node_modules/.pnpm/next@16.1.7_@babel+core@7.29.7_@playwright+test@1.60.0_react-dom@19.2.7_react@19.2.7/node_modules/next/dist/next-devtools/shared/forward-logs-shared.js:27
[ 2441187ms] [LOG] [Fast Refresh] done in 429ms @ webpack-internal:///(app-pages-browser)/../../node_modules/.pnpm/next@16.1.7_@babel+core@7.29.7_@playwright+test@1.60.0_react-dom@19.2.7_react@19.2.7/node_modules/next/dist/next-devtools/shared/forward-logs-shared.js:27
[ 2445872ms] [WARNING] ../../libs/modules/user/data-access/src/index.ts
export 'ResultInfo' (reexported as 'ResultInfo') was not found in './lib/user.api' (possible exports: deleteUser, getRoleOptions, getTdOptions, getUserDetail, getUserList, resetUserPassword, saveUser, updateUser, updateUserStatus)

Import trace for requested module:
../../libs/modules/user/data-access/src/index.ts
../../libs/modules/user/feature/src/lib/user-list-page.tsx
../../libs/modules/user/feature/src/index.ts
../../libs/shared/util-config/src/lib/module-registry.ts @ webpack-internal:///(app-pages-browser)/../../node_modules/.pnpm/next@16.1.7_@babel+core@7.29.7_@playwright+test@1.60.0_react-dom@19.2.7_react@19.2.7/node_modules/next/dist/next-devtools/shared/forward-logs-shared.js:27
[ 2445910ms] [LOG] [Fast Refresh] done in 5152ms @ webpack-internal:///(app-pages-browser)/../../node_modules/.pnpm/next@16.1.7_@babel+core@7.29.7_@playwright+test@1.60.0_react-dom@19.2.7_react@19.2.7/node_modules/next/dist/next-devtools/shared/forward-logs-shared.js:27
[ 2449144ms] [LOG] [Fast Refresh] rebuilding @ webpack-internal:///(app-pages-browser)/../../node_modules/.pnpm/next@16.1.7_@babel+core@7.29.7_@playwright+test@1.60.0_react-dom@19.2.7_react@19.2.7/node_modules/next/dist/next-devtools/shared/forward-logs-shared.js:27
[ 2453061ms] [WARNING] ../../libs/modules/user/data-access/src/index.ts
export 'ResultInfo' (reexported as 'ResultInfo') was not found in './lib/user.api' (possible exports: deleteUser, getRoleOptions, getTdOptions, getUserDetail, getUserList, resetUserPassword, saveUser, updateUser, updateUserStatus)

Import trace for requested module:
../../libs/modules/user/data-access/src/index.ts
../../libs/modules/user/feature/src/lib/user-list-page.tsx
../../libs/modules/user/feature/src/index.ts
../../libs/shared/util-config/src/lib/module-registry.ts @ webpack-internal:///(app-pages-browser)/../../node_modules/.pnpm/next@16.1.7_@babel+core@7.29.7_@playwright+test@1.60.0_react-dom@19.2.7_react@19.2.7/node_modules/next/dist/next-devtools/shared/forward-logs-shared.js:27
[ 2453388ms] [LOG] [Fast Refresh] done in 4244ms @ webpack-internal:///(app-pages-browser)/../../node_modules/.pnpm/next@16.1.7_@babel+core@7.29.7_@playwright+test@1.60.0_react-dom@19.2.7_react@19.2.7/node_modules/next/dist/next-devtools/shared/forward-logs-shared.js:27
[ 2457258ms] [LOG] [Fast Refresh] rebuilding @ webpack-internal:///(app-pages-browser)/../../node_modules/.pnpm/next@16.1.7_@babel+core@7.29.7_@playwright+test@1.60.0_react-dom@19.2.7_react@19.2.7/node_modules/next/dist/next-devtools/shared/forward-logs-shared.js:27
[ 2462199ms] [WARNING] ../../libs/modules/user/data-access/src/index.ts
export 'ResultInfo' (reexported as 'ResultInfo') was not found in './lib/user.api' (possible exports: deleteUser, getRoleOptions, getTdOptions, getUserDetail, getUserList, resetUserPassword, saveUser, updateUser, updateUserStatus)

Import trace for requested module:
../../libs/modules/user/data-access/src/index.ts
../../libs/modules/user/feature/src/lib/user-list-page.tsx
../../libs/modules/user/feature/src/index.ts
../../libs/shared/util-config/src/lib/module-registry.ts @ webpack-internal:///(app-pages-browser)/../../node_modules/.pnpm/next@16.1.7_@babel+core@7.29.7_@playwright+test@1.60.0_react-dom@19.2.7_react@19.2.7/node_modules/next/dist/next-devtools/shared/forward-logs-shared.js:27
[ 2463321ms] [LOG] [Fast Refresh] rebuilding @ webpack-internal:///(app-pages-browser)/../../node_modules/.pnpm/next@16.1.7_@babel+core@7.29.7_@playwright+test@1.60.0_react-dom@19.2.7_react@19.2.7/node_modules/next/dist/next-devtools/shared/forward-logs-shared.js:27
[ 2464275ms] [LOG] [Fast Refresh] done in 955ms @ webpack-internal:///(app-pages-browser)/../../node_modules/.pnpm/next@16.1.7_@babel+core@7.29.7_@playwright+test@1.60.0_react-dom@19.2.7_react@19.2.7/node_modules/next/dist/next-devtools/shared/forward-logs-shared.js:27
[ 2473389ms] [WARNING] ../../libs/modules/user/data-access/src/index.ts
export 'ResultInfo' (reexported as 'ResultInfo') was not found in './lib/user.api' (possible exports: deleteUser, getRoleOptions, getTdOptions, getUserDetail, getUserList, resetUserPassword, saveUser, updateUser, updateUserStatus)

Import trace for requested module:
../../libs/modules/user/data-access/src/index.ts
../../libs/modules/user/feature/src/lib/user-list-page.tsx
../../libs/modules/user/feature/src/index.ts
../../libs/shared/util-config/src/lib/module-registry.ts @ webpack-internal:///(app-pages-browser)/../../node_modules/.pnpm/next@16.1.7_@babel+core@7.29.7_@playwright+test@1.60.0_react-dom@19.2.7_react@19.2.7/node_modules/next/dist/next-devtools/shared/forward-logs-shared.js:27
[ 2474897ms] [LOG] [Fast Refresh] done in 11577ms @ webpack-internal:///(app-pages-browser)/../../node_modules/.pnpm/next@16.1.7_@babel+core@7.29.7_@playwright+test@1.60.0_react-dom@19.2.7_react@19.2.7/node_modules/next/dist/next-devtools/shared/forward-logs-shared.js:27
[ 2475015ms] [LOG] [Fast Refresh] rebuilding @ webpack-internal:///(app-pages-browser)/../../node_modules/.pnpm/next@16.1.7_@babel+core@7.29.7_@playwright+test@1.60.0_react-dom@19.2.7_react@19.2.7/node_modules/next/dist/next-devtools/shared/forward-logs-shared.js:27
[ 2480662ms] [WARNING] ../../libs/modules/user/data-access/src/index.ts
export 'ResultInfo' (reexported as 'ResultInfo') was not found in './lib/user.api' (possible exports: deleteUser, getRoleOptions, getTdOptions, getUserDetail, getUserList, resetUserPassword, saveUser, updateUser, updateUserStatus)

Import trace for requested module:
../../libs/modules/user/data-access/src/index.ts
../../libs/modules/user/feature/src/lib/user-list-page.tsx
../../libs/modules/user/feature/src/index.ts
../../libs/shared/util-config/src/lib/module-registry.ts @ webpack-internal:///(app-pages-browser)/../../node_modules/.pnpm/next@16.1.7_@babel+core@7.29.7_@playwright+test@1.60.0_react-dom@19.2.7_react@19.2.7/node_modules/next/dist/next-devtools/shared/forward-logs-shared.js:27
[ 2480662ms] [LOG] [Fast Refresh] done in 5647ms @ webpack-internal:///(app-pages-browser)/../../node_modules/.pnpm/next@16.1.7_@babel+core@7.29.7_@playwright+test@1.60.0_react-dom@19.2.7_react@19.2.7/node_modules/next/dist/next-devtools/shared/forward-logs-shared.js:27
[ 2485685ms] [WARNING] The resource http://localhost:3001/_next/static/css/app/layout.css?v=1784275750864 was preloaded using link preload but not used within a few seconds from the window's load event. Please make sure it has an appropriate `as` value and it is preloaded intentionally. @ http://localhost:3001/zh-CN/tokenized-deposit/onboard:0
[ 2494001ms] [LOG] [Fast Refresh] rebuilding @ webpack-internal:///(app-pages-browser)/../../node_modules/.pnpm/next@16.1.7_@babel+core@7.29.7_@playwright+test@1.60.0_react-dom@19.2.7_react@19.2.7/node_modules/next/dist/next-devtools/shared/forward-logs-shared.js:27
[ 2495890ms] [WARNING] ../../libs/modules/user/data-access/src/index.ts
export 'ResultInfo' (reexported as 'ResultInfo') was not found in './lib/user.api' (possible exports: deleteUser, getRoleOptions, getTdOptions, getUserDetail, getUserList, resetUserPassword, saveUser, updateUser, updateUserStatus)

Import trace for requested module:
../../libs/modules/user/data-access/src/index.ts
../../libs/modules/user/feature/src/lib/user-list-page.tsx
../../libs/modules/user/feature/src/index.ts
../../libs/shared/util-config/src/lib/module-registry.ts @ webpack-internal:///(app-pages-browser)/../../node_modules/.pnpm/next@16.1.7_@babel+core@7.29.7_@playwright+test@1.60.0_react-dom@19.2.7_react@19.2.7/node_modules/next/dist/next-devtools/shared/forward-logs-shared.js:27
[ 2495926ms] [LOG] [Fast Refresh] done in 1926ms @ webpack-internal:///(app-pages-browser)/../../node_modules/.pnpm/next@16.1.7_@babel+core@7.29.7_@playwright+test@1.60.0_react-dom@19.2.7_react@19.2.7/node_modules/next/dist/next-devtools/shared/forward-logs-shared.js:27
[ 2499285ms] [WARNING] The resource http://localhost:3001/_next/static/css/app/layout.css?v=1784275750864 was preloaded using link preload but not used within a few seconds from the window's load event. Please make sure it has an appropriate `as` value and it is preloaded intentionally. @ http://localhost:3001/zh-CN/tokenized-deposit/onboard:0
[ 2505682ms] [WARNING] The resource http://localhost:3001/_next/static/css/app/layout.css?v=1784275750864 was preloaded using link preload but not used within a few seconds from the window's load event. Please make sure it has an appropriate `as` value and it is preloaded intentionally. @ http://localhost:3001/zh-CN/tokenized-deposit/onboard:0
[ 2515683ms] [WARNING] The resource http://localhost:3001/_next/static/css/app/layout.css?v=1784275750864 was preloaded using link preload but not used within a few seconds from the window's load event. Please make sure it has an appropriate `as` value and it is preloaded intentionally. @ http://localhost:3001/zh-CN/tokenized-deposit/onboard:0
[ 2525681ms] [WARNING] The resource http://localhost:3001/_next/static/css/app/layout.css?v=1784275750864 was preloaded using link preload but not used within a few seconds from the window's load event. Please make sure it has an appropriate `as` value and it is preloaded intentionally. @ http://localhost:3001/zh-CN/tokenized-deposit/onboard:0
[ 2535679ms] [WARNING] The resource http://localhost:3001/_next/static/css/app/layout.css?v=1784275750864 was preloaded using link preload but not used within a few seconds from the window's load event. Please make sure it has an appropriate `as` value and it is preloaded intentionally. @ http://localhost:3001/zh-CN/tokenized-deposit/onboard:0
[ 2545694ms] [WARNING] The resource http://localhost:3001/_next/static/css/app/layout.css?v=1784275750864 was preloaded using link preload but not used within a few seconds from the window's load event. Please make sure it has an appropriate `as` value and it is preloaded intentionally. @ http://localhost:3001/zh-CN/tokenized-deposit/onboard:0
[ 2554338ms] [LOG] [Fast Refresh] rebuilding @ webpack-internal:///(app-pages-browser)/../../node_modules/.pnpm/next@16.1.7_@babel+core@7.29.7_@playwright+test@1.60.0_react-dom@19.2.7_react@19.2.7/node_modules/next/dist/next-devtools/shared/forward-logs-shared.js:27
[ 2556277ms] [WARNING] ../../libs/modules/user/data-access/src/index.ts
export 'ResultInfo' (reexported as 'ResultInfo') was not found in './lib/user.api' (possible exports: deleteUser, getRoleOptions, getTdOptions, getUserDetail, getUserList, resetUserPassword, saveUser, updateUser, updateUserStatus)

Import trace for requested module:
../../libs/modules/user/data-access/src/index.ts
../../libs/modules/user/feature/src/lib/user-list-page.tsx
../../libs/modules/user/feature/src/index.ts
../../libs/shared/util-config/src/lib/module-registry.ts @ webpack-internal:///(app-pages-browser)/../../node_modules/.pnpm/next@16.1.7_@babel+core@7.29.7_@playwright+test@1.60.0_react-dom@19.2.7_react@19.2.7/node_modules/next/dist/next-devtools/shared/forward-logs-shared.js:27
[ 2556315ms] [LOG] [Fast Refresh] done in 1978ms @ webpack-internal:///(app-pages-browser)/../../node_modules/.pnpm/next@16.1.7_@babel+core@7.29.7_@playwright+test@1.60.0_react-dom@19.2.7_react@19.2.7/node_modules/next/dist/next-devtools/shared/forward-logs-shared.js:27
[ 2559602ms] [WARNING] The resource http://localhost:3001/_next/static/css/app/layout.css?v=1784275750864 was preloaded using link preload but not used within a few seconds from the window's load event. Please make sure it has an appropriate `as` value and it is preloaded intentionally. @ http://localhost:3001/zh-CN/tokenized-deposit/onboard:0
[ 2565681ms] [WARNING] The resource http://localhost:3001/_next/static/css/app/layout.css?v=1784275750864 was preloaded using link preload but not used within a few seconds from the window's load event. Please make sure it has an appropriate `as` value and it is preloaded intentionally. @ http://localhost:3001/zh-CN/tokenized-deposit/onboard:0
[ 2575677ms] [WARNING] The resource http://localhost:3001/_next/static/css/app/layout.css?v=1784275750864 was preloaded using link preload but not used within a few seconds from the window's load event. Please make sure it has an appropriate `as` value and it is preloaded intentionally. @ http://localhost:3001/zh-CN/tokenized-deposit/onboard:0
[ 2585679ms] [WARNING] The resource http://localhost:3001/_next/static/css/app/layout.css?v=1784275750864 was preloaded using link preload but not used within a few seconds from the window's load event. Please make sure it has an appropriate `as` value and it is preloaded intentionally. @ http://localhost:3001/zh-CN/tokenized-deposit/onboard:0
[ 2595680ms] [WARNING] The resource http://localhost:3001/_next/static/css/app/layout.css?v=1784275750864 was preloaded using link preload but not used within a few seconds from the window's load event. Please make sure it has an appropriate `as` value and it is preloaded intentionally. @ http://localhost:3001/zh-CN/tokenized-deposit/onboard:0
[ 2605678ms] [WARNING] The resource http://localhost:3001/_next/static/css/app/layout.css?v=1784275750864 was preloaded using link preload but not used within a few seconds from the window's load event. Please make sure it has an appropriate `as` value and it is preloaded intentionally. @ http://localhost:3001/zh-CN/tokenized-deposit/onboard:0
[ 2614771ms] [LOG] [Fast Refresh] rebuilding @ webpack-internal:///(app-pages-browser)/../../node_modules/.pnpm/next@16.1.7_@babel+core@7.29.7_@playwright+test@1.60.0_react-dom@19.2.7_react@19.2.7/node_modules/next/dist/next-devtools/shared/forward-logs-shared.js:27
[ 2616745ms] [WARNING] ../../libs/modules/user/data-access/src/index.ts
export 'ResultInfo' (reexported as 'ResultInfo') was not found in './lib/user.api' (possible exports: deleteUser, getRoleOptions, getTdOptions, getUserDetail, getUserList, resetUserPassword, saveUser, updateUser, updateUserStatus)

Import trace for requested module:
../../libs/modules/user/data-access/src/index.ts
../../libs/modules/user/feature/src/lib/user-list-page.tsx
../../libs/modules/user/feature/src/index.ts
../../libs/shared/util-config/src/lib/module-registry.ts @ webpack-internal:///(app-pages-browser)/../../node_modules/.pnpm/next@16.1.7_@babel+core@7.29.7_@playwright+test@1.60.0_react-dom@19.2.7_react@19.2.7/node_modules/next/dist/next-devtools/shared/forward-logs-shared.js:27
[ 2616782ms] [LOG] [Fast Refresh] done in 2011ms @ webpack-internal:///(app-pages-browser)/../../node_modules/.pnpm/next@16.1.7_@babel+core@7.29.7_@playwright+test@1.60.0_react-dom@19.2.7_react@19.2.7/node_modules/next/dist/next-devtools/shared/forward-logs-shared.js:27
[ 2620382ms] [WARNING] The resource http://localhost:3001/_next/static/css/app/layout.css?v=1784275750864 was preloaded using link preload but not used within a few seconds from the window's load event. Please make sure it has an appropriate `as` value and it is preloaded intentionally. @ http://localhost:3001/zh-CN/tokenized-deposit/onboard:0
[ 2625683ms] [WARNING] The resource http://localhost:3001/_next/static/css/app/layout.css?v=1784275750864 was preloaded using link preload but not used within a few seconds from the window's load event. Please make sure it has an appropriate `as` value and it is preloaded intentionally. @ http://localhost:3001/zh-CN/tokenized-deposit/onboard:0
[ 2635682ms] [WARNING] The resource http://localhost:3001/_next/static/css/app/layout.css?v=1784275750864 was preloaded using link preload but not used within a few seconds from the window's load event. Please make sure it has an appropriate `as` value and it is preloaded intentionally. @ http://localhost:3001/zh-CN/tokenized-deposit/onboard:0
[ 2645680ms] [WARNING] The resource http://localhost:3001/_next/static/css/app/layout.css?v=1784275750864 was preloaded using link preload but not used within a few seconds from the window's load event. Please make sure it has an appropriate `as` value and it is preloaded intentionally. @ http://localhost:3001/zh-CN/tokenized-deposit/onboard:0
[ 2655680ms] [WARNING] The resource http://localhost:3001/_next/static/css/app/layout.css?v=1784275750864 was preloaded using link preload but not used within a few seconds from the window's load event. Please make sure it has an appropriate `as` value and it is preloaded intentionally. @ http://localhost:3001/zh-CN/tokenized-deposit/onboard:0
[ 2665676ms] [WARNING] The resource http://localhost:3001/_next/static/css/app/layout.css?v=1784275750864 was preloaded using link preload but not used within a few seconds from the window's load event. Please make sure it has an appropriate `as` value and it is preloaded intentionally. @ http://localhost:3001/zh-CN/tokenized-deposit/onboard:0
[ 2674824ms] [LOG] [Fast Refresh] rebuilding @ webpack-internal:///(app-pages-browser)/../../node_modules/.pnpm/next@16.1.7_@babel+core@7.29.7_@playwright+test@1.60.0_react-dom@19.2.7_react@19.2.7/node_modules/next/dist/next-devtools/shared/forward-logs-shared.js:27
[ 2677983ms] [WARNING] ../../libs/modules/user/data-access/src/index.ts
export 'ResultInfo' (reexported as 'ResultInfo') was not found in './lib/user.api' (possible exports: deleteUser, getRoleOptions, getTdOptions, getUserDetail, getUserList, resetUserPassword, saveUser, updateUser, updateUserStatus)

Import trace for requested module:
../../libs/modules/user/data-access/src/index.ts
../../libs/modules/user/feature/src/lib/user-list-page.tsx
../../libs/modules/user/feature/src/index.ts
../../libs/shared/util-config/src/lib/module-registry.ts @ webpack-internal:///(app-pages-browser)/../../node_modules/.pnpm/next@16.1.7_@babel+core@7.29.7_@playwright+test@1.60.0_react-dom@19.2.7_react@19.2.7/node_modules/next/dist/next-devtools/shared/forward-logs-shared.js:27
[ 2678021ms] [LOG] [Fast Refresh] done in 3197ms @ webpack-internal:///(app-pages-browser)/../../node_modules/.pnpm/next@16.1.7_@babel+core@7.29.7_@playwright+test@1.60.0_react-dom@19.2.7_react@19.2.7/node_modules/next/dist/next-devtools/shared/forward-logs-shared.js:27
[ 2681284ms] [WARNING] The resource http://localhost:3001/_next/static/css/app/layout.css?v=1784275750864 was preloaded using link preload but not used within a few seconds from the window's load event. Please make sure it has an appropriate `as` value and it is preloaded intentionally. @ http://localhost:3001/zh-CN/tokenized-deposit/onboard:0
[ 2685684ms] [WARNING] The resource http://localhost:3001/_next/static/css/app/layout.css?v=1784275750864 was preloaded using link preload but not used within a few seconds from the window's load event. Please make sure it has an appropriate `as` value and it is preloaded intentionally. @ http://localhost:3001/zh-CN/tokenized-deposit/onboard:0
[ 2695680ms] [WARNING] The resource http://localhost:3001/_next/static/css/app/layout.css?v=1784275750864 was preloaded using link preload but not used within a few seconds from the window's load event. Please make sure it has an appropriate `as` value and it is preloaded intentionally. @ http://localhost:3001/zh-CN/tokenized-deposit/onboard:0
[ 2705689ms] [WARNING] The resource http://localhost:3001/_next/static/css/app/layout.css?v=1784275750864 was preloaded using link preload but not used within a few seconds from the window's load event. Please make sure it has an appropriate `as` value and it is preloaded intentionally. @ http://localhost:3001/zh-CN/tokenized-deposit/onboard:0
[ 2715675ms] [WARNING] The resource http://localhost:3001/_next/static/css/app/layout.css?v=1784275750864 was preloaded using link preload but not used within a few seconds from the window's load event. Please make sure it has an appropriate `as` value and it is preloaded intentionally. @ http://localhost:3001/zh-CN/tokenized-deposit/onboard:0
[ 2725678ms] [WARNING] The resource http://localhost:3001/_next/static/css/app/layout.css?v=1784275750864 was preloaded using link preload but not used within a few seconds from the window's load event. Please make sure it has an appropriate `as` value and it is preloaded intentionally. @ http://localhost:3001/zh-CN/tokenized-deposit/onboard:0
[ 2735414ms] [LOG] [Fast Refresh] rebuilding @ webpack-internal:///(app-pages-browser)/../../node_modules/.pnpm/next@16.1.7_@babel+core@7.29.7_@playwright+test@1.60.0_react-dom@19.2.7_react@19.2.7/node_modules/next/dist/next-devtools/shared/forward-logs-shared.js:27
[ 2735678ms] [WARNING] The resource http://localhost:3001/_next/static/css/app/layout.css?v=1784275750864 was preloaded using link preload but not used within a few seconds from the window's load event. Please make sure it has an appropriate `as` value and it is preloaded intentionally. @ http://localhost:3001/zh-CN/tokenized-deposit/onboard:0
[ 2737332ms] [WARNING] ../../libs/modules/user/data-access/src/index.ts
export 'ResultInfo' (reexported as 'ResultInfo') was not found in './lib/user.api' (possible exports: deleteUser, getRoleOptions, getTdOptions, getUserDetail, getUserList, resetUserPassword, saveUser, updateUser, updateUserStatus)

Import trace for requested module:
../../libs/modules/user/data-access/src/index.ts
../../libs/modules/user/feature/src/lib/user-list-page.tsx
../../libs/modules/user/feature/src/index.ts
../../libs/shared/util-config/src/lib/module-registry.ts @ webpack-internal:///(app-pages-browser)/../../node_modules/.pnpm/next@16.1.7_@babel+core@7.29.7_@playwright+test@1.60.0_react-dom@19.2.7_react@19.2.7/node_modules/next/dist/next-devtools/shared/forward-logs-shared.js:27
[ 2737360ms] [LOG] [Fast Refresh] done in 1946ms @ webpack-internal:///(app-pages-browser)/../../node_modules/.pnpm/next@16.1.7_@babel+core@7.29.7_@playwright+test@1.60.0_react-dom@19.2.7_react@19.2.7/node_modules/next/dist/next-devtools/shared/forward-logs-shared.js:27
[ 2740646ms] [WARNING] The resource http://localhost:3001/_next/static/css/app/layout.css?v=1784275750864 was preloaded using link preload but not used within a few seconds from the window's load event. Please make sure it has an appropriate `as` value and it is preloaded intentionally. @ http://localhost:3001/zh-CN/tokenized-deposit/onboard:0
[ 2745681ms] [WARNING] The resource http://localhost:3001/_next/static/css/app/layout.css?v=1784275750864 was preloaded using link preload but not used within a few seconds from the window's load event. Please make sure it has an appropriate `as` value and it is preloaded intentionally. @ http://localhost:3001/zh-CN/tokenized-deposit/onboard:0
[ 2755682ms] [WARNING] The resource http://localhost:3001/_next/static/css/app/layout.css?v=1784275750864 was preloaded using link preload but not used within a few seconds from the window's load event. Please make sure it has an appropriate `as` value and it is preloaded intentionally. @ http://localhost:3001/zh-CN/tokenized-deposit/onboard:0
[ 2765678ms] [WARNING] The resource http://localhost:3001/_next/static/css/app/layout.css?v=1784275750864 was preloaded using link preload but not used within a few seconds from the window's load event. Please make sure it has an appropriate `as` value and it is preloaded intentionally. @ http://localhost:3001/zh-CN/tokenized-deposit/onboard:0
[ 2775682ms] [WARNING] The resource http://localhost:3001/_next/static/css/app/layout.css?v=1784275750864 was preloaded using link preload but not used within a few seconds from the window's load event. Please make sure it has an appropriate `as` value and it is preloaded intentionally. @ http://localhost:3001/zh-CN/tokenized-deposit/onboard:0
[ 2785679ms] [WARNING] The resource http://localhost:3001/_next/static/css/app/layout.css?v=1784275750864 was preloaded using link preload but not used within a few seconds from the window's load event. Please make sure it has an appropriate `as` value and it is preloaded intentionally. @ http://localhost:3001/zh-CN/tokenized-deposit/onboard:0
[ 2795679ms] [WARNING] The resource http://localhost:3001/_next/static/css/app/layout.css?v=1784275750864 was preloaded using link preload but not used within a few seconds from the window's load event. Please make sure it has an appropriate `as` value and it is preloaded intentionally. @ http://localhost:3001/zh-CN/tokenized-deposit/onboard:0
[ 2795973ms] [LOG] [Fast Refresh] rebuilding @ webpack-internal:///(app-pages-browser)/../../node_modules/.pnpm/next@16.1.7_@babel+core@7.29.7_@playwright+test@1.60.0_react-dom@19.2.7_react@19.2.7/node_modules/next/dist/next-devtools/shared/forward-logs-shared.js:27
[ 2797836ms] [WARNING] ../../libs/modules/user/data-access/src/index.ts
export 'ResultInfo' (reexported as 'ResultInfo') was not found in './lib/user.api' (possible exports: deleteUser, getRoleOptions, getTdOptions, getUserDetail, getUserList, resetUserPassword, saveUser, updateUser, updateUserStatus)

Import trace for requested module:
../../libs/modules/user/data-access/src/index.ts
../../libs/modules/user/feature/src/lib/user-list-page.tsx
../../libs/modules/user/feature/src/index.ts
../../libs/shared/util-config/src/lib/module-registry.ts @ webpack-internal:///(app-pages-browser)/../../node_modules/.pnpm/next@16.1.7_@babel+core@7.29.7_@playwright+test@1.60.0_react-dom@19.2.7_react@19.2.7/node_modules/next/dist/next-devtools/shared/forward-logs-shared.js:27
[ 2797871ms] [LOG] [Fast Refresh] done in 1897ms @ webpack-internal:///(app-pages-browser)/../../node_modules/.pnpm/next@16.1.7_@babel+core@7.29.7_@playwright+test@1.60.0_react-dom@19.2.7_react@19.2.7/node_modules/next/dist/next-devtools/shared/forward-logs-shared.js:27
[ 2801172ms] [WARNING] The resource http://localhost:3001/_next/static/css/app/layout.css?v=1784275750864 was preloaded using link preload but not used within a few seconds from the window's load event. Please make sure it has an appropriate `as` value and it is preloaded intentionally. @ http://localhost:3001/zh-CN/tokenized-deposit/onboard:0
[ 2805685ms] [WARNING] The resource http://localhost:3001/_next/static/css/app/layout.css?v=1784275750864 was preloaded using link preload but not used within a few seconds from the window's load event. Please make sure it has an appropriate `as` value and it is preloaded intentionally. @ http://localhost:3001/zh-CN/tokenized-deposit/onboard:0
[ 2815678ms] [WARNING] The resource http://localhost:3001/_next/static/css/app/layout.css?v=1784275750864 was preloaded using link preload but not used within a few seconds from the window's load event. Please make sure it has an appropriate `as` value and it is preloaded intentionally. @ http://localhost:3001/zh-CN/tokenized-deposit/onboard:0
[ 2825679ms] [WARNING] The resource http://localhost:3001/_next/static/css/app/layout.css?v=1784275750864 was preloaded using link preload but not used within a few seconds from the window's load event. Please make sure it has an appropriate `as` value and it is preloaded intentionally. @ http://localhost:3001/zh-CN/tokenized-deposit/onboard:0
[ 2835675ms] [WARNING] The resource http://localhost:3001/_next/static/css/app/layout.css?v=1784275750864 was preloaded using link preload but not used within a few seconds from the window's load event. Please make sure it has an appropriate `as` value and it is preloaded intentionally. @ http://localhost:3001/zh-CN/tokenized-deposit/onboard:0
[ 2845679ms] [WARNING] The resource http://localhost:3001/_next/static/css/app/layout.css?v=1784275750864 was preloaded using link preload but not used within a few seconds from the window's load event. Please make sure it has an appropriate `as` value and it is preloaded intentionally. @ http://localhost:3001/zh-CN/tokenized-deposit/onboard:0
[ 2855676ms] [WARNING] The resource http://localhost:3001/_next/static/css/app/layout.css?v=1784275750864 was preloaded using link preload but not used within a few seconds from the window's load event. Please make sure it has an appropriate `as` value and it is preloaded intentionally. @ http://localhost:3001/zh-CN/tokenized-deposit/onboard:0
[ 2856561ms] [LOG] [Fast Refresh] rebuilding @ webpack-internal:///(app-pages-browser)/../../node_modules/.pnpm/next@16.1.7_@babel+core@7.29.7_@playwright+test@1.60.0_react-dom@19.2.7_react@19.2.7/node_modules/next/dist/next-devtools/shared/forward-logs-shared.js:27
[ 2858185ms] [WARNING] ../../libs/modules/user/data-access/src/index.ts
export 'ResultInfo' (reexported as 'ResultInfo') was not found in './lib/user.api' (possible exports: deleteUser, getRoleOptions, getTdOptions, getUserDetail, getUserList, resetUserPassword, saveUser, updateUser, updateUserStatus)

Import trace for requested module:
../../libs/modules/user/data-access/src/index.ts
../../libs/modules/user/feature/src/lib/user-list-page.tsx
../../libs/modules/user/feature/src/index.ts
../../libs/shared/util-config/src/lib/module-registry.ts @ webpack-internal:///(app-pages-browser)/../../node_modules/.pnpm/next@16.1.7_@babel+core@7.29.7_@playwright+test@1.60.0_react-dom@19.2.7_react@19.2.7/node_modules/next/dist/next-devtools/shared/forward-logs-shared.js:27
[ 2858210ms] [LOG] [Fast Refresh] done in 1649ms @ webpack-internal:///(app-pages-browser)/../../node_modules/.pnpm/next@16.1.7_@babel+core@7.29.7_@playwright+test@1.60.0_react-dom@19.2.7_react@19.2.7/node_modules/next/dist/next-devtools/shared/forward-logs-shared.js:27
[ 2861481ms] [WARNING] The resource http://localhost:3001/_next/static/css/app/layout.css?v=1784275750864 was preloaded using link preload but not used within a few seconds from the window's load event. Please make sure it has an appropriate `as` value and it is preloaded intentionally. @ http://localhost:3001/zh-CN/tokenized-deposit/onboard:0
[ 2865678ms] [WARNING] The resource http://localhost:3001/_next/static/css/app/layout.css?v=1784275750864 was preloaded using link preload but not used within a few seconds from the window's load event. Please make sure it has an appropriate `as` value and it is preloaded intentionally. @ http://localhost:3001/zh-CN/tokenized-deposit/onboard:0
[ 2875682ms] [WARNING] The resource http://localhost:3001/_next/static/css/app/layout.css?v=1784275750864 was preloaded using link preload but not used within a few seconds from the window's load event. Please make sure it has an appropriate `as` value and it is preloaded intentionally. @ http://localhost:3001/zh-CN/tokenized-deposit/onboard:0
[ 2885677ms] [WARNING] The resource http://localhost:3001/_next/static/css/app/layout.css?v=1784275750864 was preloaded using link preload but not used within a few seconds from the window's load event. Please make sure it has an appropriate `as` value and it is preloaded intentionally. @ http://localhost:3001/zh-CN/tokenized-deposit/onboard:0
[ 2895676ms] [WARNING] The resource http://localhost:3001/_next/static/css/app/layout.css?v=1784275750864 was preloaded using link preload but not used within a few seconds from the window's load event. Please make sure it has an appropriate `as` value and it is preloaded intentionally. @ http://localhost:3001/zh-CN/tokenized-deposit/onboard:0
[ 2905676ms] [WARNING] The resource http://localhost:3001/_next/static/css/app/layout.css?v=1784275750864 was preloaded using link preload but not used within a few seconds from the window's load event. Please make sure it has an appropriate `as` value and it is preloaded intentionally. @ http://localhost:3001/zh-CN/tokenized-deposit/onboard:0
[ 2915676ms] [WARNING] The resource http://localhost:3001/_next/static/css/app/layout.css?v=1784275750864 was preloaded using link preload but not used within a few seconds from the window's load event. Please make sure it has an appropriate `as` value and it is preloaded intentionally. @ http://localhost:3001/zh-CN/tokenized-deposit/onboard:0
[ 2917153ms] [LOG] [Fast Refresh] rebuilding @ webpack-internal:///(app-pages-browser)/../../node_modules/.pnpm/next@16.1.7_@babel+core@7.29.7_@playwright+test@1.60.0_react-dom@19.2.7_react@19.2.7/node_modules/next/dist/next-devtools/shared/forward-logs-shared.js:27
[ 2920338ms] [WARNING] ../../libs/modules/user/data-access/src/index.ts
export 'ResultInfo' (reexported as 'ResultInfo') was not found in './lib/user.api' (possible exports: deleteUser, getRoleOptions, getTdOptions, getUserDetail, getUserList, resetUserPassword, saveUser, updateUser, updateUserStatus)

Import trace for requested module:
../../libs/modules/user/data-access/src/index.ts
../../libs/modules/user/feature/src/lib/user-list-page.tsx
../../libs/modules/user/feature/src/index.ts
../../libs/shared/util-config/src/lib/module-registry.ts @ webpack-internal:///(app-pages-browser)/../../node_modules/.pnpm/next@16.1.7_@babel+core@7.29.7_@playwright+test@1.60.0_react-dom@19.2.7_react@19.2.7/node_modules/next/dist/next-devtools/shared/forward-logs-shared.js:27
[ 2920362ms] [LOG] [Fast Refresh] done in 3209ms @ webpack-internal:///(app-pages-browser)/../../node_modules/.pnpm/next@16.1.7_@babel+core@7.29.7_@playwright+test@1.60.0_react-dom@19.2.7_react@19.2.7/node_modules/next/dist/next-devtools/shared/forward-logs-shared.js:27
[ 2925680ms] [WARNING] The resource http://localhost:3001/_next/static/css/app/layout.css?v=1784275750864 was preloaded using link preload but not used within a few seconds from the window's load event. Please make sure it has an appropriate `as` value and it is preloaded intentionally. @ http://localhost:3001/zh-CN/tokenized-deposit/onboard:0
[ 2935679ms] [WARNING] The resource http://localhost:3001/_next/static/css/app/layout.css?v=1784275750864 was preloaded using link preload but not used within a few seconds from the window's load event. Please make sure it has an appropriate `as` value and it is preloaded intentionally. @ http://localhost:3001/zh-CN/tokenized-deposit/onboard:0
[ 2945690ms] [WARNING] The resource http://localhost:3001/_next/static/css/app/layout.css?v=1784275750864 was preloaded using link preload but not used within a few seconds from the window's load event. Please make sure it has an appropriate `as` value and it is preloaded intentionally. @ http://localhost:3001/zh-CN/tokenized-deposit/onboard:0
[ 2955687ms] [WARNING] The resource http://localhost:3001/_next/static/css/app/layout.css?v=1784275750864 was preloaded using link preload but not used within a few seconds from the window's load event. Please make sure it has an appropriate `as` value and it is preloaded intentionally. @ http://localhost:3001/zh-CN/tokenized-deposit/onboard:0
[ 2965678ms] [WARNING] The resource http://localhost:3001/_next/static/css/app/layout.css?v=1784275750864 was preloaded using link preload but not used within a few seconds from the window's load event. Please make sure it has an appropriate `as` value and it is preloaded intentionally. @ http://localhost:3001/zh-CN/tokenized-deposit/onboard:0
[ 2975694ms] [WARNING] The resource http://localhost:3001/_next/static/css/app/layout.css?v=1784275750864 was preloaded using link preload but not used within a few seconds from the window's load event. Please make sure it has an appropriate `as` value and it is preloaded intentionally. @ http://localhost:3001/zh-CN/tokenized-deposit/onboard:0
[ 2977635ms] [LOG] [Fast Refresh] rebuilding @ webpack-internal:///(app-pages-browser)/../../node_modules/.pnpm/next@16.1.7_@babel+core@7.29.7_@playwright+test@1.60.0_react-dom@19.2.7_react@19.2.7/node_modules/next/dist/next-devtools/shared/forward-logs-shared.js:27
[ 2979168ms] [WARNING] ../../libs/modules/user/data-access/src/index.ts
export 'ResultInfo' (reexported as 'ResultInfo') was not found in './lib/user.api' (possible exports: deleteUser, getRoleOptions, getTdOptions, getUserDetail, getUserList, resetUserPassword, saveUser, updateUser, updateUserStatus)

Import trace for requested module:
../../libs/modules/user/data-access/src/index.ts
../../libs/modules/user/feature/src/lib/user-list-page.tsx
../../libs/modules/user/feature/src/index.ts
../../libs/shared/util-config/src/lib/module-registry.ts @ webpack-internal:///(app-pages-browser)/../../node_modules/.pnpm/next@16.1.7_@babel+core@7.29.7_@playwright+test@1.60.0_react-dom@19.2.7_react@19.2.7/node_modules/next/dist/next-devtools/shared/forward-logs-shared.js:27
[ 2979409ms] [LOG] [Fast Refresh] done in 1773ms @ webpack-internal:///(app-pages-browser)/../../node_modules/.pnpm/next@16.1.7_@babel+core@7.29.7_@playwright+test@1.60.0_react-dom@19.2.7_react@19.2.7/node_modules/next/dist/next-devtools/shared/forward-logs-shared.js:27
[ 2985677ms] [WARNING] The resource http://localhost:3001/_next/static/css/app/layout.css?v=1784275750864 was preloaded using link preload but not used within a few seconds from the window's load event. Please make sure it has an appropriate `as` value and it is preloaded intentionally. @ http://localhost:3001/zh-CN/tokenized-deposit/onboard:0
[ 2995676ms] [WARNING] The resource http://localhost:3001/_next/static/css/app/layout.css?v=1784275750864 was preloaded using link preload but not used within a few seconds from the window's load event. Please make sure it has an appropriate `as` value and it is preloaded intentionally. @ http://localhost:3001/zh-CN/tokenized-deposit/onboard:0
[ 3005681ms] [WARNING] The resource http://localhost:3001/_next/static/css/app/layout.css?v=1784275750864 was preloaded using link preload but not used within a few seconds from the window's load event. Please make sure it has an appropriate `as` value and it is preloaded intentionally. @ http://localhost:3001/zh-CN/tokenized-deposit/onboard:0
[ 3015679ms] [WARNING] The resource http://localhost:3001/_next/static/css/app/layout.css?v=1784275750864 was preloaded using link preload but not used within a few seconds from the window's load event. Please make sure it has an appropriate `as` value and it is preloaded intentionally. @ http://localhost:3001/zh-CN/tokenized-deposit/onboard:0
[ 3025693ms] [WARNING] The resource http://localhost:3001/_next/static/css/app/layout.css?v=1784275750864 was preloaded using link preload but not used within a few seconds from the window's load event. Please make sure it has an appropriate `as` value and it is preloaded intentionally. @ http://localhost:3001/zh-CN/tokenized-deposit/onboard:0
[ 3036157ms] [WARNING] The resource http://localhost:3001/_next/static/css/app/layout.css?v=1784275750864 was preloaded using link preload but not used within a few seconds from the window's load event. Please make sure it has an appropriate `as` value and it is preloaded intentionally. @ http://localhost:3001/zh-CN/tokenized-deposit/onboard:0
[ 3038503ms] [LOG] [Fast Refresh] rebuilding @ webpack-internal:///(app-pages-browser)/../../node_modules/.pnpm/next@16.1.7_@babel+core@7.29.7_@playwright+test@1.60.0_react-dom@19.2.7_react@19.2.7/node_modules/next/dist/next-devtools/shared/forward-logs-shared.js:27
[ 3040102ms] [WARNING] ../../libs/modules/user/data-access/src/index.ts
export 'ResultInfo' (reexported as 'ResultInfo') was not found in './lib/user.api' (possible exports: deleteUser, getRoleOptions, getTdOptions, getUserDetail, getUserList, resetUserPassword, saveUser, updateUser, updateUserStatus)

Import trace for requested module:
../../libs/modules/user/data-access/src/index.ts
../../libs/modules/user/feature/src/lib/user-list-page.tsx
../../libs/modules/user/feature/src/index.ts
../../libs/shared/util-config/src/lib/module-registry.ts @ webpack-internal:///(app-pages-browser)/../../node_modules/.pnpm/next@16.1.7_@babel+core@7.29.7_@playwright+test@1.60.0_react-dom@19.2.7_react@19.2.7/node_modules/next/dist/next-devtools/shared/forward-logs-shared.js:27
[ 3040133ms] [LOG] [Fast Refresh] done in 1630ms @ webpack-internal:///(app-pages-browser)/../../node_modules/.pnpm/next@16.1.7_@babel+core@7.29.7_@playwright+test@1.60.0_react-dom@19.2.7_react@19.2.7/node_modules/next/dist/next-devtools/shared/forward-logs-shared.js:27
[ 3046156ms] [WARNING] The resource http://localhost:3001/_next/static/css/app/layout.css?v=1784275750864 was preloaded using link preload but not used within a few seconds from the window's load event. Please make sure it has an appropriate `as` value and it is preloaded intentionally. @ http://localhost:3001/zh-CN/tokenized-deposit/onboard:0
[ 3056160ms] [WARNING] The resource http://localhost:3001/_next/static/css/app/layout.css?v=1784275750864 was preloaded using link preload but not used within a few seconds from the window's load event. Please make sure it has an appropriate `as` value and it is preloaded intentionally. @ http://localhost:3001/zh-CN/tokenized-deposit/onboard:0
[ 3066157ms] [WARNING] The resource http://localhost:3001/_next/static/css/app/layout.css?v=1784275750864 was preloaded using link preload but not used within a few seconds from the window's load event. Please make sure it has an appropriate `as` value and it is preloaded intentionally. @ http://localhost:3001/zh-CN/tokenized-deposit/onboard:0
[ 3076161ms] [WARNING] The resource http://localhost:3001/_next/static/css/app/layout.css?v=1784275750864 was preloaded using link preload but not used within a few seconds from the window's load event. Please make sure it has an appropriate `as` value and it is preloaded intentionally. @ http://localhost:3001/zh-CN/tokenized-deposit/onboard:0
[ 3086159ms] [WARNING] The resource http://localhost:3001/_next/static/css/app/layout.css?v=1784275750864 was preloaded using link preload but not used within a few seconds from the window's load event. Please make sure it has an appropriate `as` value and it is preloaded intentionally. @ http://localhost:3001/zh-CN/tokenized-deposit/onboard:0
[ 3096163ms] [WARNING] The resource http://localhost:3001/_next/static/css/app/layout.css?v=1784275750864 was preloaded using link preload but not used within a few seconds from the window's load event. Please make sure it has an appropriate `as` value and it is preloaded intentionally. @ http://localhost:3001/zh-CN/tokenized-deposit/onboard:0
[ 3098992ms] [LOG] [Fast Refresh] rebuilding @ webpack-internal:///(app-pages-browser)/../../node_modules/.pnpm/next@16.1.7_@babel+core@7.29.7_@playwright+test@1.60.0_react-dom@19.2.7_react@19.2.7/node_modules/next/dist/next-devtools/shared/forward-logs-shared.js:27
[ 3100678ms] [WARNING] ../../libs/modules/user/data-access/src/index.ts
export 'ResultInfo' (reexported as 'ResultInfo') was not found in './lib/user.api' (possible exports: deleteUser, getRoleOptions, getTdOptions, getUserDetail, getUserList, resetUserPassword, saveUser, updateUser, updateUserStatus)

Import trace for requested module:
../../libs/modules/user/data-access/src/index.ts
../../libs/modules/user/feature/src/lib/user-list-page.tsx
../../libs/modules/user/feature/src/index.ts
../../libs/shared/util-config/src/lib/module-registry.ts @ webpack-internal:///(app-pages-browser)/../../node_modules/.pnpm/next@16.1.7_@babel+core@7.29.7_@playwright+test@1.60.0_react-dom@19.2.7_react@19.2.7/node_modules/next/dist/next-devtools/shared/forward-logs-shared.js:27
[ 3100704ms] [LOG] [Fast Refresh] done in 1712ms @ webpack-internal:///(app-pages-browser)/../../node_modules/.pnpm/next@16.1.7_@babel+core@7.29.7_@playwright+test@1.60.0_react-dom@19.2.7_react@19.2.7/node_modules/next/dist/next-devtools/shared/forward-logs-shared.js:27
[ 3106158ms] [WARNING] The resource http://localhost:3001/_next/static/css/app/layout.css?v=1784275750864 was preloaded using link preload but not used within a few seconds from the window's load event. Please make sure it has an appropriate `as` value and it is preloaded intentionally. @ http://localhost:3001/zh-CN/tokenized-deposit/onboard:0
[ 3116158ms] [WARNING] The resource http://localhost:3001/_next/static/css/app/layout.css?v=1784275750864 was preloaded using link preload but not used within a few seconds from the window's load event. Please make sure it has an appropriate `as` value and it is preloaded intentionally. @ http://localhost:3001/zh-CN/tokenized-deposit/onboard:0
[ 3126160ms] [WARNING] The resource http://localhost:3001/_next/static/css/app/layout.css?v=1784275750864 was preloaded using link preload but not used within a few seconds from the window's load event. Please make sure it has an appropriate `as` value and it is preloaded intentionally. @ http://localhost:3001/zh-CN/tokenized-deposit/onboard:0
[ 3136158ms] [WARNING] The resource http://localhost:3001/_next/static/css/app/layout.css?v=1784275750864 was preloaded using link preload but not used within a few seconds from the window's load event. Please make sure it has an appropriate `as` value and it is preloaded intentionally. @ http://localhost:3001/zh-CN/tokenized-deposit/onboard:0
[ 3146160ms] [WARNING] The resource http://localhost:3001/_next/static/css/app/layout.css?v=1784275750864 was preloaded using link preload but not used within a few seconds from the window's load event. Please make sure it has an appropriate `as` value and it is preloaded intentionally. @ http://localhost:3001/zh-CN/tokenized-deposit/onboard:0
[ 3156281ms] [WARNING] The resource http://localhost:3001/_next/static/css/app/layout.css?v=1784275750864 was preloaded using link preload but not used within a few seconds from the window's load event. Please make sure it has an appropriate `as` value and it is preloaded intentionally. @ http://localhost:3001/zh-CN/tokenized-deposit/onboard:0
[ 3159346ms] [LOG] [Fast Refresh] rebuilding @ webpack-internal:///(app-pages-browser)/../../node_modules/.pnpm/next@16.1.7_@babel+core@7.29.7_@playwright+test@1.60.0_react-dom@19.2.7_react@19.2.7/node_modules/next/dist/next-devtools/shared/forward-logs-shared.js:27
[ 3162750ms] [WARNING] The resource http://localhost:3001/_next/static/css/app/layout.css?v=1784275750864 was preloaded using link preload but not used within a few seconds from the window's load event. Please make sure it has an appropriate `as` value and it is preloaded intentionally. @ http://localhost:3001/zh-CN/tokenized-deposit/onboard:0
[ 3163010ms] [WARNING] ../../libs/modules/user/data-access/src/index.ts
export 'ResultInfo' (reexported as 'ResultInfo') was not found in './lib/user.api' (possible exports: deleteUser, getRoleOptions, getTdOptions, getUserDetail, getUserList, resetUserPassword, saveUser, updateUser, updateUserStatus)

Import trace for requested module:
../../libs/modules/user/data-access/src/index.ts
../../libs/modules/user/feature/src/lib/user-list-page.tsx
../../libs/modules/user/feature/src/index.ts
../../libs/shared/util-config/src/lib/module-registry.ts @ webpack-internal:///(app-pages-browser)/../../node_modules/.pnpm/next@16.1.7_@babel+core@7.29.7_@playwright+test@1.60.0_react-dom@19.2.7_react@19.2.7/node_modules/next/dist/next-devtools/shared/forward-logs-shared.js:27
[ 3163092ms] [LOG] [Fast Refresh] done in 3746ms @ webpack-internal:///(app-pages-browser)/../../node_modules/.pnpm/next@16.1.7_@babel+core@7.29.7_@playwright+test@1.60.0_react-dom@19.2.7_react@19.2.7/node_modules/next/dist/next-devtools/shared/forward-logs-shared.js:27
[ 3166370ms] [WARNING] The resource http://localhost:3001/_next/static/css/app/layout.css?v=1784275750864 was preloaded using link preload but not used within a few seconds from the window's load event. Please make sure it has an appropriate `as` value and it is preloaded intentionally. @ http://localhost:3001/zh-CN/tokenized-deposit/onboard:0
[ 3176161ms] [WARNING] The resource http://localhost:3001/_next/static/css/app/layout.css?v=1784275750864 was preloaded using link preload but not used within a few seconds from the window's load event. Please make sure it has an appropriate `as` value and it is preloaded intentionally. @ http://localhost:3001/zh-CN/tokenized-deposit/onboard:0
[ 3186161ms] [WARNING] The resource http://localhost:3001/_next/static/css/app/layout.css?v=1784275750864 was preloaded using link preload but not used within a few seconds from the window's load event. Please make sure it has an appropriate `as` value and it is preloaded intentionally. @ http://localhost:3001/zh-CN/tokenized-deposit/onboard:0
[ 3196172ms] [WARNING] The resource http://localhost:3001/_next/static/css/app/layout.css?v=1784275750864 was preloaded using link preload but not used within a few seconds from the window's load event. Please make sure it has an appropriate `as` value and it is preloaded intentionally. @ http://localhost:3001/zh-CN/tokenized-deposit/onboard:0
[ 3206163ms] [WARNING] The resource http://localhost:3001/_next/static/css/app/layout.css?v=1784275750864 was preloaded using link preload but not used within a few seconds from the window's load event. Please make sure it has an appropriate `as` value and it is preloaded intentionally. @ http://localhost:3001/zh-CN/tokenized-deposit/onboard:0
[ 3216165ms] [WARNING] The resource http://localhost:3001/_next/static/css/app/layout.css?v=1784275750864 was preloaded using link preload but not used within a few seconds from the window's load event. Please make sure it has an appropriate `as` value and it is preloaded intentionally. @ http://localhost:3001/zh-CN/tokenized-deposit/onboard:0
[ 3219708ms] [LOG] [Fast Refresh] rebuilding @ webpack-internal:///(app-pages-browser)/../../node_modules/.pnpm/next@16.1.7_@babel+core@7.29.7_@playwright+test@1.60.0_react-dom@19.2.7_react@19.2.7/node_modules/next/dist/next-devtools/shared/forward-logs-shared.js:27
[ 3221466ms] [WARNING] ../../libs/modules/user/data-access/src/index.ts
export 'ResultInfo' (reexported as 'ResultInfo') was not found in './lib/user.api' (possible exports: deleteUser, getRoleOptions, getTdOptions, getUserDetail, getUserList, resetUserPassword, saveUser, updateUser, updateUserStatus)

Import trace for requested module:
../../libs/modules/user/data-access/src/index.ts
../../libs/modules/user/feature/src/lib/user-list-page.tsx
../../libs/modules/user/feature/src/index.ts
../../libs/shared/util-config/src/lib/module-registry.ts @ webpack-internal:///(app-pages-browser)/../../node_modules/.pnpm/next@16.1.7_@babel+core@7.29.7_@playwright+test@1.60.0_react-dom@19.2.7_react@19.2.7/node_modules/next/dist/next-devtools/shared/forward-logs-shared.js:27
[ 3221497ms] [LOG] [Fast Refresh] done in 1788ms @ webpack-internal:///(app-pages-browser)/../../node_modules/.pnpm/next@16.1.7_@babel+core@7.29.7_@playwright+test@1.60.0_react-dom@19.2.7_react@19.2.7/node_modules/next/dist/next-devtools/shared/forward-logs-shared.js:27
[ 3226168ms] [WARNING] The resource http://localhost:3001/_next/static/css/app/layout.css?v=1784275750864 was preloaded using link preload but not used within a few seconds from the window's load event. Please make sure it has an appropriate `as` value and it is preloaded intentionally. @ http://localhost:3001/zh-CN/tokenized-deposit/onboard:0
[ 3236162ms] [WARNING] The resource http://localhost:3001/_next/static/css/app/layout.css?v=1784275750864 was preloaded using link preload but not used within a few seconds from the window's load event. Please make sure it has an appropriate `as` value and it is preloaded intentionally. @ http://localhost:3001/zh-CN/tokenized-deposit/onboard:0
[ 3246165ms] [WARNING] The resource http://localhost:3001/_next/static/css/app/layout.css?v=1784275750864 was preloaded using link preload but not used within a few seconds from the window's load event. Please make sure it has an appropriate `as` value and it is preloaded intentionally. @ http://localhost:3001/zh-CN/tokenized-deposit/onboard:0
[ 3256164ms] [WARNING] The resource http://localhost:3001/_next/static/css/app/layout.css?v=1784275750864 was preloaded using link preload but not used within a few seconds from the window's load event. Please make sure it has an appropriate `as` value and it is preloaded intentionally. @ http://localhost:3001/zh-CN/tokenized-deposit/onboard:0
[ 3266164ms] [WARNING] The resource http://localhost:3001/_next/static/css/app/layout.css?v=1784275750864 was preloaded using link preload but not used within a few seconds from the window's load event. Please make sure it has an appropriate `as` value and it is preloaded intentionally. @ http://localhost:3001/zh-CN/tokenized-deposit/onboard:0
[ 3276163ms] [WARNING] The resource http://localhost:3001/_next/static/css/app/layout.css?v=1784275750864 was preloaded using link preload but not used within a few seconds from the window's load event. Please make sure it has an appropriate `as` value and it is preloaded intentionally. @ http://localhost:3001/zh-CN/tokenized-deposit/onboard:0
[ 3280127ms] [LOG] [Fast Refresh] rebuilding @ webpack-internal:///(app-pages-browser)/../../node_modules/.pnpm/next@16.1.7_@babel+core@7.29.7_@playwright+test@1.60.0_react-dom@19.2.7_react@19.2.7/node_modules/next/dist/next-devtools/shared/forward-logs-shared.js:27
[ 3282057ms] [WARNING] ../../libs/modules/user/data-access/src/index.ts
export 'ResultInfo' (reexported as 'ResultInfo') was not found in './lib/user.api' (possible exports: deleteUser, getRoleOptions, getTdOptions, getUserDetail, getUserList, resetUserPassword, saveUser, updateUser, updateUserStatus)

Import trace for requested module:
../../libs/modules/user/data-access/src/index.ts
../../libs/modules/user/feature/src/lib/user-list-page.tsx
../../libs/modules/user/feature/src/index.ts
../../libs/shared/util-config/src/lib/module-registry.ts @ webpack-internal:///(app-pages-browser)/../../node_modules/.pnpm/next@16.1.7_@babel+core@7.29.7_@playwright+test@1.60.0_react-dom@19.2.7_react@19.2.7/node_modules/next/dist/next-devtools/shared/forward-logs-shared.js:27
[ 3282098ms] [LOG] [Fast Refresh] done in 1971ms @ webpack-internal:///(app-pages-browser)/../../node_modules/.pnpm/next@16.1.7_@babel+core@7.29.7_@playwright+test@1.60.0_react-dom@19.2.7_react@19.2.7/node_modules/next/dist/next-devtools/shared/forward-logs-shared.js:27
[ 3286166ms] [WARNING] The resource http://localhost:3001/_next/static/css/app/layout.css?v=1784275750864 was preloaded using link preload but not used within a few seconds from the window's load event. Please make sure it has an appropriate `as` value and it is preloaded intentionally. @ http://localhost:3001/zh-CN/tokenized-deposit/onboard:0
[ 3294128ms] [LOG] [Fast Refresh] rebuilding @ webpack-internal:///(app-pages-browser)/../../node_modules/.pnpm/next@16.1.7_@babel+core@7.29.7_@playwright+test@1.60.0_react-dom@19.2.7_react@19.2.7/node_modules/next/dist/next-devtools/shared/forward-logs-shared.js:27
[ 3297531ms] [WARNING] The resource http://localhost:3001/_next/static/css/app/layout.css?v=1784275750864 was preloaded using link preload but not used within a few seconds from the window's load event. Please make sure it has an appropriate `as` value and it is preloaded intentionally. @ http://localhost:3001/zh-CN/tokenized-deposit/onboard:0
[ 3300199ms] [WARNING] ../../libs/modules/user/data-access/src/index.ts
export 'ResultInfo' (reexported as 'ResultInfo') was not found in './lib/user.api' (possible exports: deleteUser, getRoleOptions, getTdOptions, getUserDetail, getUserList, resetUserPassword, saveUser, updateUser, updateUserStatus)

Import trace for requested module:
../../libs/modules/user/data-access/src/index.ts
../../libs/modules/user/feature/src/lib/user-list-page.tsx
../../libs/modules/user/feature/src/index.ts
../../libs/shared/util-config/src/lib/module-registry.ts @ webpack-internal:///(app-pages-browser)/../../node_modules/.pnpm/next@16.1.7_@babel+core@7.29.7_@playwright+test@1.60.0_react-dom@19.2.7_react@19.2.7/node_modules/next/dist/next-devtools/shared/forward-logs-shared.js:27
[ 3300443ms] [LOG] [Fast Refresh] done in 6315ms @ webpack-internal:///(app-pages-browser)/../../node_modules/.pnpm/next@16.1.7_@babel+core@7.29.7_@playwright+test@1.60.0_react-dom@19.2.7_react@19.2.7/node_modules/next/dist/next-devtools/shared/forward-logs-shared.js:27
[ 3300842ms] [LOG] [Fast Refresh] rebuilding @ webpack-internal:///(app-pages-browser)/../../node_modules/.pnpm/next@16.1.7_@babel+core@7.29.7_@playwright+test@1.60.0_react-dom@19.2.7_react@19.2.7/node_modules/next/dist/next-devtools/shared/forward-logs-shared.js:27
[ 3306573ms] [WARNING] ../../libs/modules/user/data-access/src/index.ts
export 'ResultInfo' (reexported as 'ResultInfo') was not found in './lib/user.api' (possible exports: deleteUser, getRoleOptions, getTdOptions, getUserDetail, getUserList, resetUserPassword, saveUser, updateUser, updateUserStatus)

Import trace for requested module:
../../libs/modules/user/data-access/src/index.ts
../../libs/modules/user/feature/src/lib/user-list-page.tsx
../../libs/modules/user/feature/src/index.ts
../../libs/shared/util-config/src/lib/module-registry.ts @ webpack-internal:///(app-pages-browser)/../../node_modules/.pnpm/next@16.1.7_@babel+core@7.29.7_@playwright+test@1.60.0_react-dom@19.2.7_react@19.2.7/node_modules/next/dist/next-devtools/shared/forward-logs-shared.js:27
[ 3306620ms] [ERROR] The final argument passed to %s changed size between renders. The order and size of this array must remain constant.

Previous: %s
Incoming: %s useEffect [add] [add, [object Object]] @ webpack-internal:///(app-pages-browser)/../../node_modules/.pnpm/next@16.1.7_@babel+core@7.29.7_@playwright+test@1.60.0_react-dom@19.2.7_react@19.2.7/node_modules/next/dist/next-devtools/userspace/app/errors/intercept-console-error.js:51
[ 3306696ms] [LOG] [Fast Refresh] done in 5854ms @ webpack-internal:///(app-pages-browser)/../../node_modules/.pnpm/next@16.1.7_@babel+core@7.29.7_@playwright+test@1.60.0_react-dom@19.2.7_react@19.2.7/node_modules/next/dist/next-devtools/shared/forward-logs-shared.js:27
[ 3310031ms] [LOG] [Fast Refresh] rebuilding @ webpack-internal:///(app-pages-browser)/../../node_modules/.pnpm/next@16.1.7_@babel+core@7.29.7_@playwright+test@1.60.0_react-dom@19.2.7_react@19.2.7/node_modules/next/dist/next-devtools/shared/forward-logs-shared.js:27
[ 3310599ms] [WARNING] The resource http://localhost:3001/_next/static/css/app/layout.css?v=1784275750864 was preloaded using link preload but not used within a few seconds from the window's load event. Please make sure it has an appropriate `as` value and it is preloaded intentionally. @ http://localhost:3001/zh-CN/tokenized-deposit/onboard:0
[ 3312013ms] [WARNING] ../../libs/modules/user/data-access/src/index.ts
export 'ResultInfo' (reexported as 'ResultInfo') was not found in './lib/user.api' (possible exports: deleteUser, getRoleOptions, getTdOptions, getUserDetail, getUserList, resetUserPassword, saveUser, updateUser, updateUserStatus)

Import trace for requested module:
../../libs/modules/user/data-access/src/index.ts
../../libs/modules/user/feature/src/lib/user-list-page.tsx
../../libs/modules/user/feature/src/index.ts
../../libs/shared/util-config/src/lib/module-registry.ts @ webpack-internal:///(app-pages-browser)/../../node_modules/.pnpm/next@16.1.7_@babel+core@7.29.7_@playwright+test@1.60.0_react-dom@19.2.7_react@19.2.7/node_modules/next/dist/next-devtools/shared/forward-logs-shared.js:27
[ 3312076ms] [ERROR] The final argument passed to %s changed size between renders. The order and size of this array must remain constant.

Previous: %s
Incoming: %s useEffect [add, [object Object], [object Object], [object Object], true] [add, [object Object], [object Object], [object Object], [object Object], true, function translateFn(/** Use a dot to indicate a level of nesting (e.g. `namespace.nestedLabel`). */
  key, /** Key value pairs for values to interpolate into the message. */
  values, /** Custom formats for numbers, dates and times. */
  formats, _fallback) {
    const result = translateBaseFn(key, values, formats, _fallback);
    if (typeof result !== 'string') {
      return getFallbackFromErrorAndNotify(key, _formatters_r4aAmsMP_js__WEBPACK_IMPORTED_MODULE_1__.a.INVALID_MESSAGE, `The message \`${key}\` in ${namespace ? `namespace \`${namespace}\`` : 'messages'} didn't resolve to a string. If you want to format rich text, use \`t.rich\` instead.` );
    }
    return result;
  }] @ webpack-internal:///(app-pages-browser)/../../node_modules/.pnpm/next@16.1.7_@babel+core@7.29.7_@playwright+test@1.60.0_react-dom@19.2.7_react@19.2.7/node_modules/next/dist/next-devtools/userspace/app/errors/intercept-console-error.js:51
[ 3312152ms] [LOG] [Fast Refresh] done in 2121ms @ webpack-internal:///(app-pages-browser)/../../node_modules/.pnpm/next@16.1.7_@babel+core@7.29.7_@playwright+test@1.60.0_react-dom@19.2.7_react@19.2.7/node_modules/next/dist/next-devtools/shared/forward-logs-shared.js:27
[ 3312187ms] [LOG] [Fast Refresh] rebuilding @ webpack-internal:///(app-pages-browser)/../../node_modules/.pnpm/next@16.1.7_@babel+core@7.29.7_@playwright+test@1.60.0_react-dom@19.2.7_react@19.2.7/node_modules/next/dist/next-devtools/shared/forward-logs-shared.js:27
[ 3315231ms] [WARNING] ../../libs/modules/user/data-access/src/index.ts
export 'ResultInfo' (reexported as 'ResultInfo') was not found in './lib/user.api' (possible exports: deleteUser, getRoleOptions, getTdOptions, getUserDetail, getUserList, resetUserPassword, saveUser, updateUser, updateUserStatus)

Import trace for requested module:
../../libs/modules/user/data-access/src/index.ts
../../libs/modules/user/feature/src/lib/user-list-page.tsx
../../libs/modules/user/feature/src/index.ts
../../libs/shared/util-config/src/lib/module-registry.ts @ webpack-internal:///(app-pages-browser)/../../node_modules/.pnpm/next@16.1.7_@babel+core@7.29.7_@playwright+test@1.60.0_react-dom@19.2.7_react@19.2.7/node_modules/next/dist/next-devtools/shared/forward-logs-shared.js:27
[ 3315231ms] [LOG] [Fast Refresh] done in 3044ms @ webpack-internal:///(app-pages-browser)/../../node_modules/.pnpm/next@16.1.7_@babel+core@7.29.7_@playwright+test@1.60.0_react-dom@19.2.7_react@19.2.7/node_modules/next/dist/next-devtools/shared/forward-logs-shared.js:27
[ 3318575ms] [WARNING] The resource http://localhost:3001/_next/static/css/app/layout.css?v=1784275750864 was preloaded using link preload but not used within a few seconds from the window's load event. Please make sure it has an appropriate `as` value and it is preloaded intentionally. @ http://localhost:3001/zh-CN/tokenized-deposit/onboard:0
[ 3321687ms] [LOG] [Fast Refresh] rebuilding @ webpack-internal:///(app-pages-browser)/../../node_modules/.pnpm/next@16.1.7_@babel+core@7.29.7_@playwright+test@1.60.0_react-dom@19.2.7_react@19.2.7/node_modules/next/dist/next-devtools/shared/forward-logs-shared.js:27
[ 3325497ms] [WARNING] ../../libs/modules/user/data-access/src/index.ts
export 'ResultInfo' (reexported as 'ResultInfo') was not found in './lib/user.api' (possible exports: deleteUser, getRoleOptions, getTdOptions, getUserDetail, getUserList, resetUserPassword, saveUser, updateUser, updateUserStatus)

Import trace for requested module:
../../libs/modules/user/data-access/src/index.ts
../../libs/modules/user/feature/src/lib/user-list-page.tsx
../../libs/modules/user/feature/src/index.ts
../../libs/shared/util-config/src/lib/module-registry.ts @ webpack-internal:///(app-pages-browser)/../../node_modules/.pnpm/next@16.1.7_@babel+core@7.29.7_@playwright+test@1.60.0_react-dom@19.2.7_react@19.2.7/node_modules/next/dist/next-devtools/shared/forward-logs-shared.js:27
[ 3325684ms] [LOG] [Fast Refresh] done in 3998ms @ webpack-internal:///(app-pages-browser)/../../node_modules/.pnpm/next@16.1.7_@babel+core@7.29.7_@playwright+test@1.60.0_react-dom@19.2.7_react@19.2.7/node_modules/next/dist/next-devtools/shared/forward-logs-shared.js:27
[ 3328882ms] [WARNING] The resource http://localhost:3001/_next/static/css/app/layout.css?v=1784275750864 was preloaded using link preload but not used within a few seconds from the window's load event. Please make sure it has an appropriate `as` value and it is preloaded intentionally. @ http://localhost:3001/zh-CN/tokenized-deposit/onboard:0
[ 3331379ms] [LOG] [Fast Refresh] rebuilding @ webpack-internal:///(app-pages-browser)/../../node_modules/.pnpm/next@16.1.7_@babel+core@7.29.7_@playwright+test@1.60.0_react-dom@19.2.7_react@19.2.7/node_modules/next/dist/next-devtools/shared/forward-logs-shared.js:27
[ 3335632ms] [WARNING] ../../libs/modules/user/data-access/src/index.ts
export 'ResultInfo' (reexported as 'ResultInfo') was not found in './lib/user.api' (possible exports: deleteUser, getRoleOptions, getTdOptions, getUserDetail, getUserList, resetUserPassword, saveUser, updateUser, updateUserStatus)

Import trace for requested module:
../../libs/modules/user/data-access/src/index.ts
../../libs/modules/user/feature/src/lib/user-list-page.tsx
../../libs/modules/user/feature/src/index.ts
../../libs/shared/util-config/src/lib/module-registry.ts @ webpack-internal:///(app-pages-browser)/../../node_modules/.pnpm/next@16.1.7_@babel+core@7.29.7_@playwright+test@1.60.0_react-dom@19.2.7_react@19.2.7/node_modules/next/dist/next-devtools/shared/forward-logs-shared.js:27
[ 3337226ms] [LOG] [Fast Refresh] done in 5846ms @ webpack-internal:///(app-pages-browser)/../../node_modules/.pnpm/next@16.1.7_@babel+core@7.29.7_@playwright+test@1.60.0_react-dom@19.2.7_react@19.2.7/node_modules/next/dist/next-devtools/shared/forward-logs-shared.js:27
[ 3339874ms] [LOG] [Fast Refresh] rebuilding @ webpack-internal:///(app-pages-browser)/../../node_modules/.pnpm/next@16.1.7_@babel+core@7.29.7_@playwright+test@1.60.0_react-dom@19.2.7_react@19.2.7/node_modules/next/dist/next-devtools/shared/forward-logs-shared.js:27
[ 3343278ms] [WARNING] The resource http://localhost:3001/_next/static/css/app/layout.css?v=1784275750864 was preloaded using link preload but not used within a few seconds from the window's load event. Please make sure it has an appropriate `as` value and it is preloaded intentionally. @ http://localhost:3001/zh-CN/tokenized-deposit/onboard:0
[ 3344552ms] [WARNING] ../../libs/modules/user/data-access/src/index.ts
export 'ResultInfo' (reexported as 'ResultInfo') was not found in './lib/user.api' (possible exports: deleteUser, getRoleOptions, getTdOptions, getUserDetail, getUserList, resetUserPassword, saveUser, updateUser, updateUserStatus)

Import trace for requested module:
../../libs/modules/user/data-access/src/index.ts
../../libs/modules/user/feature/src/lib/user-list-page.tsx
../../libs/modules/user/feature/src/index.ts
../../libs/shared/util-config/src/lib/module-registry.ts @ webpack-internal:///(app-pages-browser)/../../node_modules/.pnpm/next@16.1.7_@babel+core@7.29.7_@playwright+test@1.60.0_react-dom@19.2.7_react@19.2.7/node_modules/next/dist/next-devtools/shared/forward-logs-shared.js:27
[ 3344759ms] [LOG] [Fast Refresh] done in 4885ms @ webpack-internal:///(app-pages-browser)/../../node_modules/.pnpm/next@16.1.7_@babel+core@7.29.7_@playwright+test@1.60.0_react-dom@19.2.7_react@19.2.7/node_modules/next/dist/next-devtools/shared/forward-logs-shared.js:27
[ 3345925ms] [LOG] [Fast Refresh] rebuilding @ webpack-internal:///(app-pages-browser)/../../node_modules/.pnpm/next@16.1.7_@babel+core@7.29.7_@playwright+test@1.60.0_react-dom@19.2.7_react@19.2.7/node_modules/next/dist/next-devtools/shared/forward-logs-shared.js:27
[ 3349328ms] [WARNING] The resource http://localhost:3001/_next/static/css/app/layout.css?v=1784275750864 was preloaded using link preload but not used within a few seconds from the window's load event. Please make sure it has an appropriate `as` value and it is preloaded intentionally. @ http://localhost:3001/zh-CN/tokenized-deposit/onboard:0
[ 3349454ms] [WARNING] ../../libs/modules/user/data-access/src/index.ts
export 'ResultInfo' (reexported as 'ResultInfo') was not found in './lib/user.api' (possible exports: deleteUser, getRoleOptions, getTdOptions, getUserDetail, getUserList, resetUserPassword, saveUser, updateUser, updateUserStatus)

Import trace for requested module:
../../libs/modules/user/data-access/src/index.ts
../../libs/modules/user/feature/src/lib/user-list-page.tsx
../../libs/modules/user/feature/src/index.ts
../../libs/shared/util-config/src/lib/module-registry.ts @ webpack-internal:///(app-pages-browser)/../../node_modules/.pnpm/next@16.1.7_@babel+core@7.29.7_@playwright+test@1.60.0_react-dom@19.2.7_react@19.2.7/node_modules/next/dist/next-devtools/shared/forward-logs-shared.js:27
[ 3349655ms] [LOG] [Fast Refresh] done in 3730ms @ webpack-internal:///(app-pages-browser)/../../node_modules/.pnpm/next@16.1.7_@babel+core@7.29.7_@playwright+test@1.60.0_react-dom@19.2.7_react@19.2.7/node_modules/next/dist/next-devtools/shared/forward-logs-shared.js:27
[ 3352663ms] [LOG] [Fast Refresh] rebuilding @ webpack-internal:///(app-pages-browser)/../../node_modules/.pnpm/next@16.1.7_@babel+core@7.29.7_@playwright+test@1.60.0_react-dom@19.2.7_react@19.2.7/node_modules/next/dist/next-devtools/shared/forward-logs-shared.js:27
[ 3356012ms] [WARNING] ../../libs/modules/user/data-access/src/index.ts
export 'ResultInfo' (reexported as 'ResultInfo') was not found in './lib/user.api' (possible exports: deleteUser, getRoleOptions, getTdOptions, getUserDetail, getUserList, resetUserPassword, saveUser, updateUser, updateUserStatus)

Import trace for requested module:
../../libs/modules/user/data-access/src/index.ts
../../libs/modules/user/feature/src/lib/user-list-page.tsx
../../libs/modules/user/feature/src/index.ts
../../libs/shared/util-config/src/lib/module-registry.ts @ webpack-internal:///(app-pages-browser)/../../node_modules/.pnpm/next@16.1.7_@babel+core@7.29.7_@playwright+test@1.60.0_react-dom@19.2.7_react@19.2.7/node_modules/next/dist/next-devtools/shared/forward-logs-shared.js:27
[ 3356218ms] [LOG] [Fast Refresh] done in 3555ms @ webpack-internal:///(app-pages-browser)/../../node_modules/.pnpm/next@16.1.7_@babel+core@7.29.7_@playwright+test@1.60.0_react-dom@19.2.7_react@19.2.7/node_modules/next/dist/next-devtools/shared/forward-logs-shared.js:27
[ 3359402ms] [WARNING] The resource http://localhost:3001/_next/static/css/app/layout.css?v=1784275750864 was preloaded using link preload but not used within a few seconds from the window's load event. Please make sure it has an appropriate `as` value and it is preloaded intentionally. @ http://localhost:3001/zh-CN/tokenized-deposit/onboard:0
[ 3366174ms] [WARNING] The resource http://localhost:3001/_next/static/css/app/layout.css?v=1784275750864 was preloaded using link preload but not used within a few seconds from the window's load event. Please make sure it has an appropriate `as` value and it is preloaded intentionally. @ http://localhost:3001/zh-CN/tokenized-deposit/onboard:0
[ 3376164ms] [WARNING] The resource http://localhost:3001/_next/static/css/app/layout.css?v=1784275750864 was preloaded using link preload but not used within a few seconds from the window's load event. Please make sure it has an appropriate `as` value and it is preloaded intentionally. @ http://localhost:3001/zh-CN/tokenized-deposit/onboard:0
[ 3379519ms] [LOG] [Fast Refresh] rebuilding @ webpack-internal:///(app-pages-browser)/../../node_modules/.pnpm/next@16.1.7_@babel+core@7.29.7_@playwright+test@1.60.0_react-dom@19.2.7_react@19.2.7/node_modules/next/dist/next-devtools/shared/forward-logs-shared.js:27
[ 3382922ms] [WARNING] The resource http://localhost:3001/_next/static/css/app/layout.css?v=1784275750864 was preloaded using link preload but not used within a few seconds from the window's load event. Please make sure it has an appropriate `as` value and it is preloaded intentionally. @ http://localhost:3001/zh-CN/tokenized-deposit/onboard:0
[ 3387480ms] [WARNING] ../../libs/modules/user/data-access/src/index.ts
export 'ResultInfo' (reexported as 'ResultInfo') was not found in './lib/user.api' (possible exports: deleteUser, getRoleOptions, getTdOptions, getUserDetail, getUserList, resetUserPassword, saveUser, updateUser, updateUserStatus)

Import trace for requested module:
../../libs/modules/user/data-access/src/index.ts
../../libs/modules/user/feature/src/lib/user-list-page.tsx
../../libs/modules/user/feature/src/index.ts
../../libs/shared/util-config/src/lib/module-registry.ts @ webpack-internal:///(app-pages-browser)/../../node_modules/.pnpm/next@16.1.7_@babel+core@7.29.7_@playwright+test@1.60.0_react-dom@19.2.7_react@19.2.7/node_modules/next/dist/next-devtools/shared/forward-logs-shared.js:27
[ 3388046ms] [LOG] [Fast Refresh] done in 8527ms @ webpack-internal:///(app-pages-browser)/../../node_modules/.pnpm/next@16.1.7_@babel+core@7.29.7_@playwright+test@1.60.0_react-dom@19.2.7_react@19.2.7/node_modules/next/dist/next-devtools/shared/forward-logs-shared.js:27
[ 3391561ms] [WARNING] The resource http://localhost:3001/_next/static/css/app/layout.css?v=1784275750864 was preloaded using link preload but not used within a few seconds from the window's load event. Please make sure it has an appropriate `as` value and it is preloaded intentionally. @ http://localhost:3001/zh-CN/tokenized-deposit/onboard:0
[ 3396167ms] [WARNING] The resource http://localhost:3001/_next/static/css/app/layout.css?v=1784275750864 was preloaded using link preload but not used within a few seconds from the window's load event. Please make sure it has an appropriate `as` value and it is preloaded intentionally. @ http://localhost:3001/zh-CN/tokenized-deposit/onboard:0
[ 3400932ms] [LOG] [Fast Refresh] rebuilding @ webpack-internal:///(app-pages-browser)/../../node_modules/.pnpm/next@16.1.7_@babel+core@7.29.7_@playwright+test@1.60.0_react-dom@19.2.7_react@19.2.7/node_modules/next/dist/next-devtools/shared/forward-logs-shared.js:27
[ 3402922ms] [WARNING] ../../libs/modules/user/data-access/src/index.ts
export 'ResultInfo' (reexported as 'ResultInfo') was not found in './lib/user.api' (possible exports: deleteUser, getRoleOptions, getTdOptions, getUserDetail, getUserList, resetUserPassword, saveUser, updateUser, updateUserStatus)

Import trace for requested module:
../../libs/modules/user/data-access/src/index.ts
../../libs/modules/user/feature/src/lib/user-list-page.tsx
../../libs/modules/user/feature/src/index.ts
../../libs/shared/util-config/src/lib/module-registry.ts @ webpack-internal:///(app-pages-browser)/../../node_modules/.pnpm/next@16.1.7_@babel+core@7.29.7_@playwright+test@1.60.0_react-dom@19.2.7_react@19.2.7/node_modules/next/dist/next-devtools/shared/forward-logs-shared.js:27
[ 3402966ms] [LOG] [Fast Refresh] done in 2033ms @ webpack-internal:///(app-pages-browser)/../../node_modules/.pnpm/next@16.1.7_@babel+core@7.29.7_@playwright+test@1.60.0_react-dom@19.2.7_react@19.2.7/node_modules/next/dist/next-devtools/shared/forward-logs-shared.js:27
[ 3406400ms] [WARNING] The resource http://localhost:3001/_next/static/css/app/layout.css?v=1784275750864 was preloaded using link preload but not used within a few seconds from the window's load event. Please make sure it has an appropriate `as` value and it is preloaded intentionally. @ http://localhost:3001/zh-CN/tokenized-deposit/onboard:0
[ 3416172ms] [WARNING] The resource http://localhost:3001/_next/static/css/app/layout.css?v=1784275750864 was preloaded using link preload but not used within a few seconds from the window's load event. Please make sure it has an appropriate `as` value and it is preloaded intentionally. @ http://localhost:3001/zh-CN/tokenized-deposit/onboard:0
[ 3426165ms] [WARNING] The resource http://localhost:3001/_next/static/css/app/layout.css?v=1784275750864 was preloaded using link preload but not used within a few seconds from the window's load event. Please make sure it has an appropriate `as` value and it is preloaded intentionally. @ http://localhost:3001/zh-CN/tokenized-deposit/onboard:0
[ 3436165ms] [WARNING] The resource http://localhost:3001/_next/static/css/app/layout.css?v=1784275750864 was preloaded using link preload but not used within a few seconds from the window's load event. Please make sure it has an appropriate `as` value and it is preloaded intentionally. @ http://localhost:3001/zh-CN/tokenized-deposit/onboard:0
[ 3440308ms] [LOG] [Fast Refresh] rebuilding @ webpack-internal:///(app-pages-browser)/../../node_modules/.pnpm/next@16.1.7_@babel+core@7.29.7_@playwright+test@1.60.0_react-dom@19.2.7_react@19.2.7/node_modules/next/dist/next-devtools/shared/forward-logs-shared.js:27
[ 3442468ms] [WARNING] ../../libs/modules/user/data-access/src/index.ts
export 'ResultInfo' (reexported as 'ResultInfo') was not found in './lib/user.api' (possible exports: deleteUser, getRoleOptions, getTdOptions, getUserDetail, getUserList, resetUserPassword, saveUser, updateUser, updateUserStatus)

Import trace for requested module:
../../libs/modules/user/data-access/src/index.ts
../../libs/modules/user/feature/src/lib/user-list-page.tsx
../../libs/modules/user/feature/src/index.ts
../../libs/shared/util-config/src/lib/module-registry.ts @ webpack-internal:///(app-pages-browser)/../../node_modules/.pnpm/next@16.1.7_@babel+core@7.29.7_@playwright+test@1.60.0_react-dom@19.2.7_react@19.2.7/node_modules/next/dist/next-devtools/shared/forward-logs-shared.js:27
[ 3442828ms] [LOG] [Fast Refresh] done in 2520ms @ webpack-internal:///(app-pages-browser)/../../node_modules/.pnpm/next@16.1.7_@babel+core@7.29.7_@playwright+test@1.60.0_react-dom@19.2.7_react@19.2.7/node_modules/next/dist/next-devtools/shared/forward-logs-shared.js:27
[ 3442846ms] [LOG] [Fast Refresh] rebuilding @ webpack-internal:///(app-pages-browser)/../../node_modules/.pnpm/next@16.1.7_@babel+core@7.29.7_@playwright+test@1.60.0_react-dom@19.2.7_react@19.2.7/node_modules/next/dist/next-devtools/shared/forward-logs-shared.js:27
[ 3446258ms] [WARNING] The resource http://localhost:3001/_next/static/css/app/layout.css?v=1784275750864 was preloaded using link preload but not used within a few seconds from the window's load event. Please make sure it has an appropriate `as` value and it is preloaded intentionally. @ http://localhost:3001/zh-CN/tokenized-deposit/onboard:0
[ 3448463ms] [WARNING] ../../libs/modules/user/data-access/src/index.ts
export 'ResultInfo' (reexported as 'ResultInfo') was not found in './lib/user.api' (possible exports: deleteUser, getRoleOptions, getTdOptions, getUserDetail, getUserList, resetUserPassword, saveUser, updateUser, updateUserStatus)

Import trace for requested module:
../../libs/modules/user/data-access/src/index.ts
../../libs/modules/user/feature/src/lib/user-list-page.tsx
../../libs/modules/user/feature/src/index.ts
../../libs/shared/util-config/src/lib/module-registry.ts @ webpack-internal:///(app-pages-browser)/../../node_modules/.pnpm/next@16.1.7_@babel+core@7.29.7_@playwright+test@1.60.0_react-dom@19.2.7_react@19.2.7/node_modules/next/dist/next-devtools/shared/forward-logs-shared.js:27
[ 3448463ms] [LOG] [Fast Refresh] done in 5616ms @ webpack-internal:///(app-pages-browser)/../../node_modules/.pnpm/next@16.1.7_@babel+core@7.29.7_@playwright+test@1.60.0_react-dom@19.2.7_react@19.2.7/node_modules/next/dist/next-devtools/shared/forward-logs-shared.js:27
[ 3448479ms] [LOG] [Fast Refresh] rebuilding @ webpack-internal:///(app-pages-browser)/../../node_modules/.pnpm/next@16.1.7_@babel+core@7.29.7_@playwright+test@1.60.0_react-dom@19.2.7_react@19.2.7/node_modules/next/dist/next-devtools/shared/forward-logs-shared.js:27
[ 3451882ms] [WARNING] The resource http://localhost:3001/_next/static/css/app/layout.css?v=1784275750864 was preloaded using link preload but not used within a few seconds from the window's load event. Please make sure it has an appropriate `as` value and it is preloaded intentionally. @ http://localhost:3001/zh-CN/tokenized-deposit/onboard:0
[ 3452445ms] [WARNING] ../../libs/modules/user/data-access/src/index.ts
export 'ResultInfo' (reexported as 'ResultInfo') was not found in './lib/user.api' (possible exports: deleteUser, getRoleOptions, getTdOptions, getUserDetail, getUserList, resetUserPassword, saveUser, updateUser, updateUserStatus)

Import trace for requested module:
../../libs/modules/user/data-access/src/index.ts
../../libs/modules/user/feature/src/lib/user-list-page.tsx
../../libs/modules/user/feature/src/index.ts
../../libs/shared/util-config/src/lib/module-registry.ts @ webpack-internal:///(app-pages-browser)/../../node_modules/.pnpm/next@16.1.7_@babel+core@7.29.7_@playwright+test@1.60.0_react-dom@19.2.7_react@19.2.7/node_modules/next/dist/next-devtools/shared/forward-logs-shared.js:27
[ 3452773ms] [LOG] [Fast Refresh] done in 4294ms @ webpack-internal:///(app-pages-browser)/../../node_modules/.pnpm/next@16.1.7_@babel+core@7.29.7_@playwright+test@1.60.0_react-dom@19.2.7_react@19.2.7/node_modules/next/dist/next-devtools/shared/forward-logs-shared.js:27
[ 3455439ms] [LOG] [Fast Refresh] rebuilding @ webpack-internal:///(app-pages-browser)/../../node_modules/.pnpm/next@16.1.7_@babel+core@7.29.7_@playwright+test@1.60.0_react-dom@19.2.7_react@19.2.7/node_modules/next/dist/next-devtools/shared/forward-logs-shared.js:27
[ 3457330ms] [WARNING] ../../libs/modules/user/data-access/src/index.ts
export 'ResultInfo' (reexported as 'ResultInfo') was not found in './lib/user.api' (possible exports: deleteUser, getRoleOptions, getTdOptions, getUserDetail, getUserList, resetUserPassword, saveUser, updateUser, updateUserStatus)

Import trace for requested module:
../../libs/modules/user/data-access/src/index.ts
../../libs/modules/user/feature/src/lib/user-list-page.tsx
../../libs/modules/user/feature/src/index.ts
../../libs/shared/util-config/src/lib/module-registry.ts @ webpack-internal:///(app-pages-browser)/../../node_modules/.pnpm/next@16.1.7_@babel+core@7.29.7_@playwright+test@1.60.0_react-dom@19.2.7_react@19.2.7/node_modules/next/dist/next-devtools/shared/forward-logs-shared.js:27
[ 3457350ms] [LOG] [Fast Refresh] rebuilding @ webpack-internal:///(app-pages-browser)/../../node_modules/.pnpm/next@16.1.7_@babel+core@7.29.7_@playwright+test@1.60.0_react-dom@19.2.7_react@19.2.7/node_modules/next/dist/next-devtools/shared/forward-logs-shared.js:27
[ 3457369ms] [LOG] [Fast Refresh] done in 19ms @ webpack-internal:///(app-pages-browser)/../../node_modules/.pnpm/next@16.1.7_@babel+core@7.29.7_@playwright+test@1.60.0_react-dom@19.2.7_react@19.2.7/node_modules/next/dist/next-devtools/shared/forward-logs-shared.js:27
[ 3460753ms] [WARNING] The resource http://localhost:3001/_next/static/css/app/layout.css?v=1784275750864 was preloaded using link preload but not used within a few seconds from the window's load event. Please make sure it has an appropriate `as` value and it is preloaded intentionally. @ http://localhost:3001/zh-CN/tokenized-deposit/onboard:0
[ 3463624ms] [WARNING] ../../libs/modules/user/data-access/src/index.ts
export 'ResultInfo' (reexported as 'ResultInfo') was not found in './lib/user.api' (possible exports: deleteUser, getRoleOptions, getTdOptions, getUserDetail, getUserList, resetUserPassword, saveUser, updateUser, updateUserStatus)

Import trace for requested module:
../../libs/modules/user/data-access/src/index.ts
../../libs/modules/user/feature/src/lib/user-list-page.tsx
../../libs/modules/user/feature/src/index.ts
../../libs/shared/util-config/src/lib/module-registry.ts @ webpack-internal:///(app-pages-browser)/../../node_modules/.pnpm/next@16.1.7_@babel+core@7.29.7_@playwright+test@1.60.0_react-dom@19.2.7_react@19.2.7/node_modules/next/dist/next-devtools/shared/forward-logs-shared.js:27
[ 3463656ms] [LOG] [Fast Refresh] rebuilding @ webpack-internal:///(app-pages-browser)/../../node_modules/.pnpm/next@16.1.7_@babel+core@7.29.7_@playwright+test@1.60.0_react-dom@19.2.7_react@19.2.7/node_modules/next/dist/next-devtools/shared/forward-logs-shared.js:27
[ 3463906ms] [LOG] [Fast Refresh] done in 250ms @ webpack-internal:///(app-pages-browser)/../../node_modules/.pnpm/next@16.1.7_@babel+core@7.29.7_@playwright+test@1.60.0_react-dom@19.2.7_react@19.2.7/node_modules/next/dist/next-devtools/shared/forward-logs-shared.js:27
[ 3467058ms] [WARNING] The resource http://localhost:3001/_next/static/css/app/layout.css?v=1784275750864 was preloaded using link preload but not used within a few seconds from the window's load event. Please make sure it has an appropriate `as` value and it is preloaded intentionally. @ http://localhost:3001/zh-CN/tokenized-deposit/onboard:0
[ 3468305ms] [WARNING] ../../libs/modules/user/data-access/src/index.ts
export 'ResultInfo' (reexported as 'ResultInfo') was not found in './lib/user.api' (possible exports: deleteUser, getRoleOptions, getTdOptions, getUserDetail, getUserList, resetUserPassword, saveUser, updateUser, updateUserStatus)

Import trace for requested module:
../../libs/modules/user/data-access/src/index.ts
../../libs/modules/user/feature/src/lib/user-list-page.tsx
../../libs/modules/user/feature/src/index.ts
../../libs/shared/util-config/src/lib/module-registry.ts @ webpack-internal:///(app-pages-browser)/../../node_modules/.pnpm/next@16.1.7_@babel+core@7.29.7_@playwright+test@1.60.0_react-dom@19.2.7_react@19.2.7/node_modules/next/dist/next-devtools/shared/forward-logs-shared.js:27
[ 3468964ms] [LOG] [Fast Refresh] rebuilding @ webpack-internal:///(app-pages-browser)/../../node_modules/.pnpm/next@16.1.7_@babel+core@7.29.7_@playwright+test@1.60.0_react-dom@19.2.7_react@19.2.7/node_modules/next/dist/next-devtools/shared/forward-logs-shared.js:27
[ 3470400ms] [LOG] [Fast Refresh] done in 1435ms @ webpack-internal:///(app-pages-browser)/../../node_modules/.pnpm/next@16.1.7_@babel+core@7.29.7_@playwright+test@1.60.0_react-dom@19.2.7_react@19.2.7/node_modules/next/dist/next-devtools/shared/forward-logs-shared.js:27
[ 3473407ms] [WARNING] The resource http://localhost:3001/_next/static/css/app/layout.css?v=1784275750864 was preloaded using link preload but not used within a few seconds from the window's load event. Please make sure it has an appropriate `as` value and it is preloaded intentionally. @ http://localhost:3001/zh-CN/tokenized-deposit/onboard:0
[ 3473801ms] [WARNING] ../../libs/modules/user/data-access/src/index.ts
export 'ResultInfo' (reexported as 'ResultInfo') was not found in './lib/user.api' (possible exports: deleteUser, getRoleOptions, getTdOptions, getUserDetail, getUserList, resetUserPassword, saveUser, updateUser, updateUserStatus)

Import trace for requested module:
../../libs/modules/user/data-access/src/index.ts
../../libs/modules/user/feature/src/lib/user-list-page.tsx
../../libs/modules/user/feature/src/index.ts
../../libs/shared/util-config/src/lib/module-registry.ts @ webpack-internal:///(app-pages-browser)/../../node_modules/.pnpm/next@16.1.7_@babel+core@7.29.7_@playwright+test@1.60.0_react-dom@19.2.7_react@19.2.7/node_modules/next/dist/next-devtools/shared/forward-logs-shared.js:27
[ 3473848ms] [LOG] [Fast Refresh] done in 4883ms @ webpack-internal:///(app-pages-browser)/../../node_modules/.pnpm/next@16.1.7_@babel+core@7.29.7_@playwright+test@1.60.0_react-dom@19.2.7_react@19.2.7/node_modules/next/dist/next-devtools/shared/forward-logs-shared.js:27
[ 3473952ms] [LOG] [Fast Refresh] rebuilding @ webpack-internal:///(app-pages-browser)/../../node_modules/.pnpm/next@16.1.7_@babel+core@7.29.7_@playwright+test@1.60.0_react-dom@19.2.7_react@19.2.7/node_modules/next/dist/next-devtools/shared/forward-logs-shared.js:27
[ 3476850ms] [WARNING] The resource http://localhost:3001/_next/static/css/app/layout.css?v=1784275750864 was preloaded using link preload but not used within a few seconds from the window's load event. Please make sure it has an appropriate `as` value and it is preloaded intentionally. @ http://localhost:3001/zh-CN/tokenized-deposit/onboard:0
[ 3483100ms] [WARNING] ../../libs/modules/user/data-access/src/index.ts
export 'ResultInfo' (reexported as 'ResultInfo') was not found in './lib/user.api' (possible exports: deleteUser, getRoleOptions, getTdOptions, getUserDetail, getUserList, resetUserPassword, saveUser, updateUser, updateUserStatus)

Import trace for requested module:
../../libs/modules/user/data-access/src/index.ts
../../libs/modules/user/feature/src/lib/user-list-page.tsx
../../libs/modules/user/feature/src/index.ts
../../libs/shared/util-config/src/lib/module-registry.ts @ webpack-internal:///(app-pages-browser)/../../node_modules/.pnpm/next@16.1.7_@babel+core@7.29.7_@playwright+test@1.60.0_react-dom@19.2.7_react@19.2.7/node_modules/next/dist/next-devtools/shared/forward-logs-shared.js:27
[ 3483440ms] [LOG] [Fast Refresh] done in 9489ms @ webpack-internal:///(app-pages-browser)/../../node_modules/.pnpm/next@16.1.7_@babel+core@7.29.7_@playwright+test@1.60.0_react-dom@19.2.7_react@19.2.7/node_modules/next/dist/next-devtools/shared/forward-logs-shared.js:27
[ 3483639ms] [LOG] [Fast Refresh] rebuilding @ webpack-internal:///(app-pages-browser)/../../node_modules/.pnpm/next@16.1.7_@babel+core@7.29.7_@playwright+test@1.60.0_react-dom@19.2.7_react@19.2.7/node_modules/next/dist/next-devtools/shared/forward-logs-shared.js:27
[ 3486495ms] [WARNING] The resource http://localhost:3001/_next/static/css/app/layout.css?v=1784275750864 was preloaded using link preload but not used within a few seconds from the window's load event. Please make sure it has an appropriate `as` value and it is preloaded intentionally. @ http://localhost:3001/zh-CN/tokenized-deposit/onboard:0
[ 3490431ms] [WARNING] ../../libs/modules/user/data-access/src/index.ts
export 'ResultInfo' (reexported as 'ResultInfo') was not found in './lib/user.api' (possible exports: deleteUser, getRoleOptions, getTdOptions, getUserDetail, getUserList, resetUserPassword, saveUser, updateUser, updateUserStatus)

Import trace for requested module:
../../libs/modules/user/data-access/src/index.ts
../../libs/modules/user/feature/src/lib/user-list-page.tsx
../../libs/modules/user/feature/src/index.ts
../../libs/shared/util-config/src/lib/module-registry.ts @ webpack-internal:///(app-pages-browser)/../../node_modules/.pnpm/next@16.1.7_@babel+core@7.29.7_@playwright+test@1.60.0_react-dom@19.2.7_react@19.2.7/node_modules/next/dist/next-devtools/shared/forward-logs-shared.js:27
[ 3490432ms] [LOG] [Fast Refresh] done in 6793ms @ webpack-internal:///(app-pages-browser)/../../node_modules/.pnpm/next@16.1.7_@babel+core@7.29.7_@playwright+test@1.60.0_react-dom@19.2.7_react@19.2.7/node_modules/next/dist/next-devtools/shared/forward-logs-shared.js:27
[ 3496169ms] [WARNING] The resource http://localhost:3001/_next/static/css/app/layout.css?v=1784275750864 was preloaded using link preload but not used within a few seconds from the window's load event. Please make sure it has an appropriate `as` value and it is preloaded intentionally. @ http://localhost:3001/zh-CN/tokenized-deposit/onboard:0
[ 3496169ms] [WARNING] The resource http://localhost:3001/_next/static/css/app/layout.css?v=1784276760756 was preloaded using link preload but not used within a few seconds from the window's load event. Please make sure it has an appropriate `as` value and it is preloaded intentionally. @ http://localhost:3001/zh-CN/tokenized-deposit/onboard:0
[ 3506169ms] [WARNING] The resource http://localhost:3001/_next/static/css/app/layout.css?v=1784275750864 was preloaded using link preload but not used within a few seconds from the window's load event. Please make sure it has an appropriate `as` value and it is preloaded intentionally. @ http://localhost:3001/zh-CN/tokenized-deposit/onboard:0
[ 3506169ms] [WARNING] The resource http://localhost:3001/_next/static/css/app/layout.css?v=1784276760756 was preloaded using link preload but not used within a few seconds from the window's load event. Please make sure it has an appropriate `as` value and it is preloaded intentionally. @ http://localhost:3001/zh-CN/tokenized-deposit/onboard:0
[ 3516184ms] [WARNING] The resource http://localhost:3001/_next/static/css/app/layout.css?v=1784275750864 was preloaded using link preload but not used within a few seconds from the window's load event. Please make sure it has an appropriate `as` value and it is preloaded intentionally. @ http://localhost:3001/zh-CN/tokenized-deposit/onboard:0
[ 3516184ms] [WARNING] The resource http://localhost:3001/_next/static/css/app/layout.css?v=1784276760756 was preloaded using link preload but not used within a few seconds from the window's load event. Please make sure it has an appropriate `as` value and it is preloaded intentionally. @ http://localhost:3001/zh-CN/tokenized-deposit/onboard:0
[ 3521732ms] [LOG] [Fast Refresh] rebuilding @ webpack-internal:///(app-pages-browser)/../../node_modules/.pnpm/next@16.1.7_@babel+core@7.29.7_@playwright+test@1.60.0_react-dom@19.2.7_react@19.2.7/node_modules/next/dist/next-devtools/shared/forward-logs-shared.js:27
[ 3524246ms] [WARNING] ../../libs/modules/user/data-access/src/index.ts
export 'ResultInfo' (reexported as 'ResultInfo') was not found in './lib/user.api' (possible exports: deleteUser, getRoleOptions, getTdOptions, getUserDetail, getUserList, resetUserPassword, saveUser, updateUser, updateUserStatus)

Import trace for requested module:
../../libs/modules/user/data-access/src/index.ts
../../libs/modules/user/feature/src/lib/user-list-page.tsx
../../libs/modules/user/feature/src/index.ts
../../libs/shared/util-config/src/lib/module-registry.ts @ webpack-internal:///(app-pages-browser)/../../node_modules/.pnpm/next@16.1.7_@babel+core@7.29.7_@playwright+test@1.60.0_react-dom@19.2.7_react@19.2.7/node_modules/next/dist/next-devtools/shared/forward-logs-shared.js:27
[ 3524278ms] [LOG] [Fast Refresh] done in 2547ms @ webpack-internal:///(app-pages-browser)/../../node_modules/.pnpm/next@16.1.7_@babel+core@7.29.7_@playwright+test@1.60.0_react-dom@19.2.7_react@19.2.7/node_modules/next/dist/next-devtools/shared/forward-logs-shared.js:27
[ 3527734ms] [WARNING] The resource http://localhost:3001/_next/static/css/app/layout.css?v=1784275750864 was preloaded using link preload but not used within a few seconds from the window's load event. Please make sure it has an appropriate `as` value and it is preloaded intentionally. @ http://localhost:3001/zh-CN/tokenized-deposit/onboard:0
[ 3527734ms] [WARNING] The resource http://localhost:3001/_next/static/css/app/layout.css?v=1784276760756 was preloaded using link preload but not used within a few seconds from the window's load event. Please make sure it has an appropriate `as` value and it is preloaded intentionally. @ http://localhost:3001/zh-CN/tokenized-deposit/onboard:0
[ 3536169ms] [WARNING] The resource http://localhost:3001/_next/static/css/app/layout.css?v=1784275750864 was preloaded using link preload but not used within a few seconds from the window's load event. Please make sure it has an appropriate `as` value and it is preloaded intentionally. @ http://localhost:3001/zh-CN/tokenized-deposit/onboard:0
[ 3536169ms] [WARNING] The resource http://localhost:3001/_next/static/css/app/layout.css?v=1784276760756 was preloaded using link preload but not used within a few seconds from the window's load event. Please make sure it has an appropriate `as` value and it is preloaded intentionally. @ http://localhost:3001/zh-CN/tokenized-deposit/onboard:0
